timestamp,generation_w,irradiance,sun_height,temperature,wind_speed,Int,generation_mw
2019-01-01 00:00:00,0.0,0.0,0.0,2.67,0.97,0.0,0.0
2019-01-01 01:00:00,0.0,0.0,0.0,1.12,1.1,0.0,0.0
2019-01-01 02:00:00,0.0,0.0,0.0,0.16,1.31,0.0,0.0
2019-01-01 03:00:00,0.0,0.0,0.0,-0.51,1.45,0.0,0.0
2019-01-01 04:00:00,0.0,0.0,0.0,-0.64,1.31,0.0,0.0
2019-01-01 05:00:00,0.0,0.0,0.0,0.23,0.9,0.0,0.0
2019-01-01 06:00:00,0.0,0.0,0.0,-0.05,0.55,0.0,0.0
2019-01-01 07:00:00,0.0,0.0,0.0,-0.9,0.69,0.0,0.0
2019-01-01 08:00:00,1808.0,57.0,8.06,-0.73,0.69,0.0,0.001808
2019-01-01 09:00:00,3047.0,85.0,14.8,1.47,0.76,0.0,0.003047
2019-01-01 10:00:00,3682.5,100.0,19.54,3.27,0.83,0.0,0.0036825
2019-01-01 11:00:00,6941.0,175.0,21.82,4.53,0.69,0.0,0.006941
2019-01-01 12:00:00,6727.0,171.0,21.41,5.4,0.34,0.0,0.006727
2019-01-01 13:00:00,11113.5,291.01,18.33,6.04,0.0,0.0,0.0111135
2019-01-01 14:00:00,6657.5,198.01,12.93,6.28,0.34,0.0,0.0066575
2019-01-01 15:00:00,678.0,28.0,5.68,5.8,0.55,0.0,0.000678
2019-01-01 16:00:00,0.0,0.0,0.0,4.24,0.83,0.0,0.0
2019-01-01 17:00:00,0.0,0.0,0.0,3.07,0.55,0.0,0.0
2019-01-01 18:00:00,0.0,0.0,0.0,2.0,0.48,0.0,0.0
2019-01-01 19:00:00,0.0,0.0,0.0,1.12,0.55,0.0,0.0
2019-01-01 20:00:00,0.0,0.0,0.0,0.63,0.28,0.0,0.0
2019-01-01 21:00:00,0.0,0.0,0.0,0.0,0.21,0.0,0.0
2019-01-01 22:00:00,0.0,0.0,0.0,-0.43,0.28,0.0,0.0
2019-01-01 23:00:00,0.0,0.0,0.0,-0.74,0.28,0.0,0.0
2019-01-02 00:00:00,0.0,0.0,0.0,-0.85,0.28,0.0,0.0
2019-01-02 01:00:00,0.0,0.0,0.0,-0.61,0.48,0.0,0.0
2019-01-02 02:00:00,0.0,0.0,0.0,-0.32,0.34,0.0,0.0
2019-01-02 03:00:00,0.0,0.0,0.0,0.03,0.14,0.0,0.0
2019-01-02 04:00:00,0.0,0.0,0.0,0.06,0.28,0.0,0.0
2019-01-02 05:00:00,0.0,0.0,0.0,-0.49,0.76,0.0,0.0
2019-01-02 06:00:00,0.0,0.0,0.0,-0.89,1.31,0.0,0.0
2019-01-02 07:00:00,0.0,0.0,0.0,-0.15,0.76,0.0,0.0
2019-01-02 08:00:00,2805.5,91.0,8.07,-0.77,1.1,0.0,0.0028055
2019-01-02 09:00:00,8423.0,229.01,14.83,2.59,0.76,0.0,0.008423
2019-01-02 10:00:00,13388.5,344.01,19.59,5.08,0.62,0.0,0.0133885
2019-01-02 11:00:00,15553.0,394.02,21.9,7.24,0.62,0.0,0.015553
2019-01-02 12:00:00,14832.5,379.02,21.51,8.47,0.55,0.0,0.0148325
2019-01-02 13:00:00,11924.0,318.01,18.44,9.02,0.21,0.0,0.011924
2019-01-02 14:00:00,7082.0,215.01,13.05,8.94,0.62,0.0,0.007082
2019-01-02 15:00:00,461.0,22.0,5.8,7.84,0.83,0.0,0.000461
2019-01-02 16:00:00,0.0,0.0,0.0,5.21,1.03,0.0,0.0
2019-01-02 17:00:00,0.0,0.0,0.0,3.71,1.1,0.0,0.0
2019-01-02 18:00:00,0.0,0.0,0.0,3.68,0.9,0.0,0.0
2019-01-02 19:00:00,0.0,0.0,0.0,6.01,0.21,0.0,0.0
2019-01-02 20:00:00,0.0,0.0,0.0,4.94,0.9,0.0,0.0
2019-01-02 21:00:00,0.0,0.0,0.0,2.46,1.31,0.0,0.0
2019-01-02 22:00:00,0.0,0.0,0.0,0.45,1.52,0.0,0.0
2019-01-02 23:00:00,0.0,0.0,0.0,1.09,1.24,0.0,0.0
2019-01-03 00:00:00,0.0,0.0,0.0,2.26,0.69,0.0,0.0
2019-01-03 01:00:00,0.0,0.0,0.0,2.11,0.34,0.0,0.0
2019-01-03 02:00:00,0.0,0.0,0.0,1.82,0.07,0.0,0.0
2019-01-03 03:00:00,0.0,0.0,0.0,1.6,0.41,0.0,0.0
2019-01-03 04:00:00,0.0,0.0,0.0,0.8,0.9,0.0,0.0
2019-01-03 05:00:00,0.0,0.0,0.0,0.19,0.9,0.0,0.0
2019-01-03 06:00:00,0.0,0.0,0.0,0.01,0.69,0.0,0.0
2019-01-03 07:00:00,0.0,0.0,0.0,0.72,0.48,0.0,0.0
2019-01-03 08:00:00,3144.5,117.01,8.09,0.89,0.28,0.0,0.0031445
2019-01-03 09:00:00,8917.5,247.01,14.87,2.18,0.14,0.0,0.0089175
2019-01-03 10:00:00,13370.5,343.01,19.65,4.25,0.21,0.0,0.0133705
2019-01-03 11:00:00,15612.0,391.02,21.99,5.44,0.83,0.0,0.015612
2019-01-03 12:00:00,15077.0,379.02,21.61,5.94,0.97,0.0,0.015077
2019-01-03 13:00:00,12252.0,320.01,18.56,6.15,1.17,0.0,0.012252
2019-01-03 14:00:00,7207.5,214.01,13.18,6.01,1.31,0.0,0.0072075
2019-01-03 15:00:00,434.5,21.0,5.94,4.98,1.03,0.0,0.0004345
2019-01-03 16:00:00,0.0,0.0,0.0,3.07,1.03,0.0,0.0
2019-01-03 17:00:00,0.0,0.0,0.0,1.59,1.17,0.0,0.0
2019-01-03 18:00:00,0.0,0.0,0.0,-0.41,1.52,0.0,0.0
2019-01-03 19:00:00,0.0,0.0,0.0,3.36,0.69,0.0,0.0
2019-01-03 20:00:00,0.0,0.0,0.0,2.86,0.48,0.0,0.0
2019-01-03 21:00:00,0.0,0.0,0.0,2.98,0.55,0.0,0.0
2019-01-03 22:00:00,0.0,0.0,0.0,2.52,0.97,0.0,0.0
2019-01-03 23:00:00,0.0,0.0,0.0,2.1,1.03,0.0,0.0
2019-01-04 00:00:00,0.0,0.0,0.0,1.65,1.03,0.0,0.0
2019-01-04 01:00:00,0.0,0.0,0.0,0.28,1.17,0.0,0.0
2019-01-04 02:00:00,0.0,0.0,0.0,0.19,1.1,0.0,0.0
2019-01-04 03:00:00,0.0,0.0,0.0,0.19,1.03,0.0,0.0
2019-01-04 04:00:00,0.0,0.0,0.0,-0.52,1.03,0.0,0.0
2019-01-04 05:00:00,0.0,0.0,0.0,-0.96,0.9,0.0,0.0
2019-01-04 06:00:00,0.0,0.0,0.0,-0.93,0.69,0.0,0.0
2019-01-04 07:00:00,0.0,0.0,0.0,-0.74,0.14,0.0,0.0
2019-01-04 08:00:00,2768.5,89.0,8.12,-0.95,0.21,0.0,0.0027685
2019-01-04 09:00:00,6260.0,163.0,14.92,0.09,0.07,0.0,0.00626
2019-01-04 10:00:00,10768.0,269.01,19.73,2.78,0.14,0.0,0.010768
2019-01-04 11:00:00,13558.0,336.01,22.08,4.71,0.41,0.0,0.013558
2019-01-04 12:00:00,15299.0,385.02,21.72,5.62,0.76,0.0,0.015299
2019-01-04 13:00:00,7612.0,194.0,18.69,5.85,0.83,0.0,0.007612
2019-01-04 14:00:00,5784.5,160.0,13.32,5.38,0.83,0.0,0.0057845
2019-01-04 15:00:00,1023.0,37.0,6.08,4.27,1.17,0.0,0.001023
2019-01-04 16:00:00,0.0,0.0,0.0,1.9,1.1,0.0,0.0
2019-01-04 17:00:00,0.0,0.0,0.0,1.61,0.34,0.0,0.0
2019-01-04 18:00:00,0.0,0.0,0.0,0.93,0.21,0.0,0.0
2019-01-04 19:00:00,0.0,0.0,0.0,0.7,0.34,0.0,0.0
2019-01-04 20:00:00,0.0,0.0,0.0,-0.14,0.62,0.0,0.0
2019-01-04 21:00:00,0.0,0.0,0.0,-0.62,0.62,0.0,0.0
2019-01-04 22:00:00,0.0,0.0,0.0,-0.65,0.41,0.0,0.0
2019-01-04 23:00:00,0.0,0.0,0.0,-0.58,0.21,0.0,0.0
2019-01-05 00:00:00,0.0,0.0,0.0,-0.49,0.28,0.0,0.0
2019-01-05 01:00:00,0.0,0.0,0.0,-1.01,0.76,0.0,0.0
2019-01-05 02:00:00,0.0,0.0,0.0,-1.29,0.76,0.0,0.0
2019-01-05 03:00:00,0.0,0.0,0.0,-1.35,0.76,0.0,0.0
2019-01-05 04:00:00,0.0,0.0,0.0,-1.6,0.83,0.0,0.0
2019-01-05 05:00:00,0.0,0.0,0.0,-2.05,0.9,0.0,0.0
2019-01-05 06:00:00,0.0,0.0,0.0,-1.8,0.9,0.0,0.0
2019-01-05 07:00:00,0.0,0.0,0.0,-1.89,0.55,0.0,0.0
2019-01-05 08:00:00,2143.5,67.0,8.16,-1.3,0.21,0.0,0.0021435
2019-01-05 09:00:00,9144.5,254.01,14.98,0.57,0.21,0.0,0.0091445
2019-01-05 10:00:00,13232.0,337.01,19.8,3.45,0.34,0.0,0.013232
2019-01-05 11:00:00,15380.5,385.02,22.18,5.32,0.55,0.0,0.0153805
2019-01-05 12:00:00,14900.0,376.01,21.84,6.63,0.62,0.0,0.0149
2019-01-05 13:00:00,12063.5,317.01,18.83,7.17,0.28,0.0,0.0120635
2019-01-05 14:00:00,7266.5,216.01,13.46,7.05,0.28,0.0,0.0072665
2019-01-05 15:00:00,398.5,20.0,6.23,5.92,0.55,0.0,0.0003985
2019-01-05 16:00:00,0.0,0.0,0.0,4.01,0.21,0.0,0.0
2019-01-05 17:00:00,0.0,0.0,0.0,2.53,0.07,0.0,0.0
2019-01-05 18:00:00,0.0,0.0,0.0,1.79,0.41,0.0,0.0
2019-01-05 19:00:00,0.0,0.0,0.0,1.66,0.62,0.0,0.0
2019-01-05 20:00:00,0.0,0.0,0.0,1.15,0.62,0.0,0.0
2019-01-05 21:00:00,0.0,0.0,0.0,0.57,0.62,0.0,0.0
2019-01-05 22:00:00,0.0,0.0,0.0,-0.02,0.69,0.0,0.0
2019-01-05 23:00:00,0.0,0.0,0.0,-0.18,0.76,0.0,0.0
2019-01-06 00:00:00,0.0,0.0,0.0,-0.15,0.9,0.0,0.0
2019-01-06 01:00:00,0.0,0.0,0.0,-0.42,0.97,0.0,0.0
2019-01-06 02:00:00,0.0,0.0,0.0,-1.0,1.1,0.0,0.0
2019-01-06 03:00:00,0.0,0.0,0.0,-0.5,0.9,0.0,0.0
2019-01-06 04:00:00,0.0,0.0,0.0,-0.53,0.76,0.0,0.0
2019-01-06 05:00:00,0.0,0.0,0.0,-0.65,0.83,0.0,0.0
2019-01-06 06:00:00,0.0,0.0,0.0,-0.58,0.83,0.0,0.0
2019-01-06 07:00:00,0.0,0.0,0.0,0.19,0.69,0.0,0.0
2019-01-06 08:00:00,3132.5,117.01,8.2,0.85,0.62,0.0,0.0031325
2019-01-06 09:00:00,8914.0,245.01,15.04,1.82,0.69,0.0,0.008914
2019-01-06 10:00:00,13380.0,342.01,19.89,5.29,0.97,0.0,0.01338
2019-01-06 11:00:00,15489.0,390.02,22.29,7.61,1.1,0.0,0.015489
2019-01-06 12:00:00,14794.0,375.01,21.97,8.69,1.03,0.0,0.014794
2019-01-06 13:00:00,12232.5,323.01,18.97,9.26,0.76,0.0,0.0122325
2019-01-06 14:00:00,7378.5,220.01,13.61,9.21,0.55,0.0,0.0073785
2019-01-06 15:00:00,393.0,20.0,6.38,8.34,0.62,0.0,0.000393
2019-01-06 16:00:00,0.0,0.0,0.0,6.75,0.83,0.0,0.0
2019-01-06 17:00:00,0.0,0.0,0.0,5.15,1.03,0.0,0.0
2019-01-06 18:00:00,0.0,0.0,0.0,3.85,1.24,0.0,0.0
2019-01-06 19:00:00,0.0,0.0,0.0,7.29,0.34,0.0,0.0
2019-01-06 20:00:00,0.0,0.0,0.0,6.6,0.41,0.0,0.0
2019-01-06 21:00:00,0.0,0.0,0.0,5.76,0.62,0.0,0.0
2019-01-06 22:00:00,0.0,0.0,0.0,4.91,0.62,0.0,0.0
2019-01-06 23:00:00,0.0,0.0,0.0,4.41,0.62,0.0,0.0
2019-01-07 00:00:00,0.0,0.0,0.0,3.57,0.83,0.0,0.0
2019-01-07 01:00:00,0.0,0.0,0.0,2.56,1.1,0.0,0.0
2019-01-07 02:00:00,0.0,0.0,0.0,1.61,1.17,0.0,0.0
2019-01-07 03:00:00,0.0,0.0,0.0,0.79,1.24,0.0,0.0
2019-01-07 04:00:00,0.0,0.0,0.0,0.07,1.31,0.0,0.0
2019-01-07 05:00:00,0.0,0.0,0.0,-0.74,1.45,0.0,0.0
2019-01-07 06:00:00,0.0,0.0,0.0,-1.06,1.45,0.0,0.0
2019-01-07 07:00:00,0.0,0.0,0.0,0.88,0.76,0.0,0.0
2019-01-07 08:00:00,3172.5,117.01,8.25,0.84,0.48,0.0,0.0031725
2019-01-07 09:00:00,8991.0,249.01,15.11,3.27,0.28,0.0,0.008991
2019-01-07 10:00:00,13345.5,343.01,19.98,6.03,0.41,0.0,0.0133455
2019-01-07 11:00:00,15421.0,391.02,22.41,8.17,0.41,0.0,0.015421
2019-01-07 12:00:00,14943.5,381.01,22.11,9.4,0.62,0.0,0.0149435
2019-01-07 13:00:00,12325.0,325.01,19.11,9.75,0.9,0.0,0.012325
2019-01-07 14:00:00,7498.0,222.01,13.76,9.52,1.03,0.0,0.007498
2019-01-07 15:00:00,460.5,22.0,6.53,8.15,1.38,0.0,0.0004605
2019-01-07 16:00:00,0.0,0.0,0.0,5.15,1.79,0.0,0.0
2019-01-07 17:00:00,0.0,0.0,0.0,3.39,1.52,0.0,0.0
2019-01-07 18:00:00,0.0,0.0,0.0,3.43,1.17,0.0,0.0
2019-01-07 19:00:00,0.0,0.0,0.0,1.96,1.45,0.0,0.0
2019-01-07 20:00:00,0.0,0.0,0.0,1.57,1.38,0.0,0.0
2019-01-07 21:00:00,0.0,0.0,0.0,1.79,1.17,0.0,0.0
2019-01-07 22:00:00,0.0,0.0,0.0,1.92,0.9,0.0,0.0
2019-01-07 23:00:00,0.0,0.0,0.0,1.52,0.62,0.0,0.0
2019-01-08 00:00:00,0.0,0.0,0.0,1.05,0.62,0.0,0.0
2019-01-08 01:00:00,0.0,0.0,0.0,0.46,0.48,0.0,0.0
2019-01-08 02:00:00,0.0,0.0,0.0,0.39,0.34,0.0,0.0
2019-01-08 03:00:00,0.0,0.0,0.0,0.03,0.76,0.0,0.0
2019-01-08 04:00:00,0.0,0.0,0.0,-0.28,0.76,0.0,0.0
2019-01-08 05:00:00,0.0,0.0,0.0,-0.35,0.21,0.0,0.0
2019-01-08 06:00:00,0.0,0.0,0.0,-0.34,0.48,0.0,0.0
2019-01-08 07:00:00,0.0,0.0,0.0,-0.55,0.28,0.0,0.0
2019-01-08 08:00:00,2456.5,77.0,8.3,-0.34,0.21,0.0,0.0024565
2019-01-08 09:00:00,7043.5,184.0,15.19,0.76,0.34,0.0,0.0070435
2019-01-08 10:00:00,11178.0,278.01,20.08,2.67,0.48,0.0,0.011178
2019-01-08 11:00:00,13316.5,327.01,22.53,4.44,0.9,0.0,0.0133165
2019-01-08 12:00:00,14849.0,369.01,22.25,5.36,1.03,0.0,0.014849
2019-01-08 13:00:00,12770.5,331.01,19.27,6.05,1.03,0.0,0.0127705
2019-01-08 14:00:00,5209.5,142.0,13.92,6.17,0.69,0.0,0.0052095
2019-01-08 15:00:00,433.5,21.0,6.7,5.47,0.48,0.0,0.0004335
2019-01-08 16:00:00,0.0,0.0,0.0,4.5,0.69,0.0,0.0
2019-01-08 17:00:00,0.0,0.0,0.0,3.62,0.41,0.0,0.0
2019-01-08 18:00:00,0.0,0.0,0.0,2.75,0.21,0.0,0.0
2019-01-08 19:00:00,0.0,0.0,0.0,3.74,0.34,0.0,0.0
2019-01-08 20:00:00,0.0,0.0,0.0,3.23,0.76,0.0,0.0
2019-01-08 21:00:00,0.0,0.0,0.0,1.46,0.97,0.0,0.0
2019-01-08 22:00:00,0.0,0.0,0.0,0.36,1.1,0.0,0.0
2019-01-08 23:00:00,0.0,0.0,0.0,0.95,0.83,0.0,0.0
2019-01-09 00:00:00,0.0,0.0,0.0,0.24,1.03,0.0,0.0
2019-01-09 01:00:00,0.0,0.0,0.0,-0.58,1.38,0.0,0.0
2019-01-09 02:00:00,0.0,0.0,0.0,-0.97,1.31,0.0,0.0
2019-01-09 03:00:00,0.0,0.0,0.0,-1.1,1.31,0.0,0.0
2019-01-09 04:00:00,0.0,0.0,0.0,-1.74,1.52,0.0,0.0
2019-01-09 05:00:00,0.0,0.0,0.0,-1.37,1.31,0.0,0.0
2019-01-09 06:00:00,0.0,0.0,0.0,-1.35,1.24,0.0,0.0
2019-01-09 07:00:00,0.0,0.0,0.0,-1.85,1.72,0.0,0.0
2019-01-09 08:00:00,3328.0,121.01,8.37,-1.3,1.59,0.0,0.003328
2019-01-09 09:00:00,9291.5,253.01,15.27,1.97,1.45,0.0,0.0092915
2019-01-09 10:00:00,14379.0,366.02,20.19,5.35,1.93,0.0,0.014379
2019-01-09 11:00:00,10821.0,267.0,22.66,7.4,2.34,0.0,0.010821
2019-01-09 12:00:00,16329.0,410.02,22.39,8.76,2.76,0.0,0.016329
2019-01-09 13:00:00,12958.5,336.01,19.43,9.4,3.17,0.0,0.0129585
2019-01-09 14:00:00,7983.0,233.01,14.09,9.1,3.1,0.0,0.007983
2019-01-09 15:00:00,495.5,23.0,6.86,7.85,2.34,0.0,0.0004955
2019-01-09 16:00:00,0.0,0.0,0.0,5.67,2.28,0.0,0.0
2019-01-09 17:00:00,0.0,0.0,0.0,2.9,2.0,0.0,0.0
2019-01-09 18:00:00,0.0,0.0,0.0,1.5,1.66,0.0,0.0
2019-01-09 19:00:00,0.0,0.0,0.0,3.29,1.1,0.0,0.0
2019-01-09 20:00:00,0.0,0.0,0.0,2.49,1.1,0.0,0.0
2019-01-09 21:00:00,0.0,0.0,0.0,0.21,1.38,0.0,0.0
2019-01-09 22:00:00,0.0,0.0,0.0,-1.55,1.66,0.0,0.0
2019-01-09 23:00:00,0.0,0.0,0.0,-2.29,1.79,0.0,0.0
2019-01-10 00:00:00,0.0,0.0,0.0,-2.46,1.86,0.0,0.0
2019-01-10 01:00:00,0.0,0.0,0.0,-2.66,1.93,0.0,0.0
2019-01-10 02:00:00,0.0,0.0,0.0,-3.01,2.0,0.0,0.0
2019-01-10 03:00:00,0.0,0.0,0.0,-3.21,2.0,0.0,0.0
2019-01-10 04:00:00,0.0,0.0,0.0,-3.05,1.72,0.0,0.0
2019-01-10 05:00:00,0.0,0.0,0.0,-2.58,1.45,0.0,0.0
2019-01-10 06:00:00,0.0,0.0,0.0,-2.39,1.38,0.0,0.0
2019-01-10 07:00:00,0.0,0.0,0.0,-0.64,1.1,0.0,0.0
2019-01-10 08:00:00,3482.0,129.01,8.44,-1.03,1.24,0.0,0.003482
2019-01-10 09:00:00,9678.5,264.01,15.36,1.45,0.9,0.0,0.0096785
2019-01-10 10:00:00,14201.5,360.01,20.31,4.38,0.83,0.0,0.0142015
2019-01-10 11:00:00,16530.0,412.02,22.8,6.11,0.97,0.0,0.01653
2019-01-10 12:00:00,15882.5,398.02,22.55,7.22,0.97,0.0,0.0158825
2019-01-10 13:00:00,13221.5,343.01,19.59,7.79,0.97,0.0,0.0132215
2019-01-10 14:00:00,8314.5,242.01,14.26,7.64,0.76,0.0,0.0083145
2019-01-10 15:00:00,567.0,25.0,7.04,6.99,0.55,0.0,0.000567
2019-01-10 16:00:00,0.0,0.0,0.0,6.67,0.55,0.0,0.0
2019-01-10 17:00:00,0.0,0.0,0.0,5.59,0.21,0.0,0.0
2019-01-10 18:00:00,0.0,0.0,0.0,4.69,0.07,0.0,0.0
2019-01-10 19:00:00,0.0,0.0,0.0,0.11,1.59,0.0,0.0
2019-01-10 20:00:00,0.0,0.0,0.0,2.3,1.1,0.0,0.0
2019-01-10 21:00:00,0.0,0.0,0.0,2.04,0.48,0.0,0.0
2019-01-10 22:00:00,0.0,0.0,0.0,1.48,0.14,0.0,0.0
2019-01-10 23:00:00,0.0,0.0,0.0,1.12,0.41,0.0,0.0
2019-01-11 00:00:00,0.0,0.0,0.0,0.72,0.55,0.0,0.0
2019-01-11 01:00:00,0.0,0.0,0.0,0.15,0.62,0.0,0.0
2019-01-11 02:00:00,0.0,0.0,0.0,-0.34,0.69,0.0,0.0
2019-01-11 03:00:00,0.0,0.0,0.0,-0.55,0.62,0.0,0.0
2019-01-11 04:00:00,0.0,0.0,0.0,-0.72,0.48,0.0,0.0
2019-01-11 05:00:00,0.0,0.0,0.0,-0.97,0.41,0.0,0.0
2019-01-11 06:00:00,0.0,0.0,0.0,-1.16,0.41,0.0,0.0
2019-01-11 07:00:00,0.0,0.0,0.0,-1.41,0.76,0.0,0.0
2019-01-11 08:00:00,3559.5,132.01,8.51,-0.9,0.48,0.0,0.0035595
2019-01-11 09:00:00,9768.5,266.01,15.46,1.05,0.21,0.0,0.0097685
2019-01-11 10:00:00,14270.5,361.01,20.43,3.74,0.34,0.0,0.0142705
2019-01-11 11:00:00,16543.0,412.02,22.94,5.44,0.48,0.0,0.016543
2019-01-11 12:00:00,16019.0,400.02,22.71,6.44,0.76,0.0,0.016019
2019-01-11 13:00:00,13512.0,348.01,19.77,6.92,1.1,0.0,0.013512
2019-01-11 14:00:00,8553.5,245.01,14.44,6.7,1.31,0.0,0.0085535
2019-01-11 15:00:00,678.0,28.0,7.21,5.88,1.24,0.0,0.000678
2019-01-11 16:00:00,0.0,0.0,0.0,3.61,1.38,0.0,0.0
2019-01-11 17:00:00,0.0,0.0,0.0,3.7,0.9,0.0,0.0
2019-01-11 18:00:00,0.0,0.0,0.0,3.41,0.14,0.0,0.0
2019-01-11 19:00:00,0.0,0.0,0.0,-0.87,1.31,0.0,0.0
2019-01-11 20:00:00,0.0,0.0,0.0,0.17,1.03,0.0,0.0
2019-01-11 21:00:00,0.0,0.0,0.0,-0.25,0.83,0.0,0.0
2019-01-11 22:00:00,0.0,0.0,0.0,-0.5,0.55,0.0,0.0
2019-01-11 23:00:00,0.0,0.0,0.0,-0.53,0.34,0.0,0.0
2019-01-12 00:00:00,0.0,0.0,0.0,-0.52,0.34,0.0,0.0
2019-01-12 01:00:00,0.0,0.0,0.0,-0.91,0.41,0.0,0.0
2019-01-12 02:00:00,0.0,0.0,0.0,-1.06,0.48,0.0,0.0
2019-01-12 03:00:00,0.0,0.0,0.0,-1.25,0.69,0.0,0.0
2019-01-12 04:00:00,0.0,0.0,0.0,-1.28,0.76,0.0,0.0
2019-01-12 05:00:00,0.0,0.0,0.0,-1.29,0.76,0.0,0.0
2019-01-12 06:00:00,0.0,0.0,0.0,-1.31,0.76,0.0,0.0
2019-01-12 07:00:00,0.0,0.0,0.0,-2.13,1.03,0.0,0.0
2019-01-12 08:00:00,3038.5,97.0,8.6,-0.63,0.76,0.0,0.0030385
2019-01-12 09:00:00,9275.5,250.01,15.57,1.17,0.55,0.0,0.0092755
2019-01-12 10:00:00,13874.5,352.01,20.56,4.78,0.48,0.0,0.0138745
2019-01-12 11:00:00,16027.5,402.02,23.09,7.03,0.41,0.0,0.0160275
2019-01-12 12:00:00,15301.5,387.01,22.88,8.48,0.21,0.0,0.0153015
2019-01-12 13:00:00,12881.5,337.01,19.94,9.3,0.14,0.0,0.0128815
2019-01-12 14:00:00,8208.0,238.01,14.62,9.34,0.41,0.0,0.008208
2019-01-12 15:00:00,634.0,27.0,7.39,8.06,0.83,0.0,0.000634
2019-01-12 16:00:00,0.0,0.0,0.0,6.74,0.97,0.0,0.0
2019-01-12 17:00:00,0.0,0.0,0.0,6.08,0.55,0.0,0.0
2019-01-12 18:00:00,0.0,0.0,0.0,4.48,0.83,0.0,0.0
2019-01-12 19:00:00,0.0,0.0,0.0,2.07,1.1,0.0,0.0
2019-01-12 20:00:00,0.0,0.0,0.0,1.19,1.1,0.0,0.0
2019-01-12 21:00:00,0.0,0.0,0.0,1.79,0.55,0.0,0.0
2019-01-12 22:00:00,0.0,0.0,0.0,1.44,0.34,0.0,0.0
2019-01-12 23:00:00,0.0,0.0,0.0,1.07,0.28,0.0,0.0
2019-01-13 00:00:00,0.0,0.0,0.0,0.24,0.62,0.0,0.0
2019-01-13 01:00:00,0.0,0.0,0.0,-0.73,0.97,0.0,0.0
2019-01-13 02:00:00,0.0,0.0,0.0,-0.98,1.17,0.0,0.0
2019-01-13 03:00:00,0.0,0.0,0.0,-0.62,1.1,0.0,0.0
2019-01-13 04:00:00,0.0,0.0,0.0,-0.53,1.03,0.0,0.0
2019-01-13 05:00:00,0.0,0.0,0.0,-0.26,0.97,0.0,0.0
2019-01-13 06:00:00,0.0,0.0,0.0,-0.96,1.24,0.0,0.0
2019-01-13 07:00:00,0.0,0.0,0.0,-0.31,0.76,0.0,0.0
2019-01-13 08:00:00,3422.0,120.01,8.69,-0.94,1.1,0.0,0.003422
2019-01-13 09:00:00,9367.5,254.01,15.68,2.06,0.83,0.0,0.0093675
2019-01-13 10:00:00,13732.0,348.01,20.69,5.68,0.97,0.0,0.013732
2019-01-13 11:00:00,15743.5,394.01,23.25,7.97,0.9,0.0,0.0157435
2019-01-13 12:00:00,14713.5,371.01,23.06,9.27,0.55,0.0,0.0147135
2019-01-13 13:00:00,12080.0,314.01,20.13,10.21,0.41,0.0,0.01208
2019-01-13 14:00:00,6842.5,190.01,14.81,10.23,0.14,0.0,0.0068425
2019-01-13 15:00:00,1545.5,51.0,7.58,8.6,0.76,0.0,0.0015455
2019-01-13 16:00:00,0.0,0.0,0.0,8.3,0.69,0.0,0.0
2019-01-13 17:00:00,0.0,0.0,0.0,6.98,0.34,0.0,0.0
2019-01-13 18:00:00,0.0,0.0,0.0,4.99,1.03,0.0,0.0
2019-01-13 19:00:00,0.0,0.0,0.0,5.8,0.97,0.0,0.0
2019-01-13 20:00:00,0.0,0.0,0.0,1.13,2.0,0.0,0.0
2019-01-13 21:00:00,0.0,0.0,0.0,0.77,2.48,0.0,0.0
2019-01-13 22:00:00,0.0,0.0,0.0,0.67,2.14,0.0,0.0
2019-01-13 23:00:00,0.0,0.0,0.0,3.57,0.55,0.0,0.0
2019-01-14 00:00:00,0.0,0.0,0.0,2.01,0.97,0.0,0.0
2019-01-14 01:00:00,0.0,0.0,0.0,0.29,2.14,0.0,0.0
2019-01-14 02:00:00,0.0,0.0,0.0,0.61,2.07,0.0,0.0
2019-01-14 03:00:00,0.0,0.0,0.0,2.21,1.52,0.0,0.0
2019-01-14 04:00:00,0.0,0.0,0.0,1.41,2.48,0.0,0.0
2019-01-14 05:00:00,0.0,0.0,0.0,2.28,2.9,0.0,0.0
2019-01-14 06:00:00,0.0,0.0,0.0,3.05,2.97,0.0,0.0
2019-01-14 07:00:00,0.0,0.0,0.0,4.36,2.9,0.0,0.0
2019-01-14 08:00:00,3514.0,131.01,8.78,3.88,2.21,0.0,0.003514
2019-01-14 09:00:00,9572.5,263.01,15.8,5.79,1.66,0.0,0.0095725
2019-01-14 10:00:00,13871.5,357.01,20.84,9.98,1.52,0.0,0.0138715
2019-01-14 11:00:00,16012.5,406.02,23.42,12.03,1.66,0.0,0.0160125
2019-01-14 12:00:00,15560.0,396.01,23.24,13.21,2.0,0.0,0.01556
2019-01-14 13:00:00,13100.5,344.01,20.32,13.6,2.0,0.0,0.0131005
2019-01-14 14:00:00,8431.5,245.01,15.0,13.41,2.0,0.0,0.0084315
2019-01-14 15:00:00,656.0,28.0,7.77,11.94,1.38,0.0,0.000656
2019-01-14 16:00:00,0.0,0.0,0.0,11.77,0.76,0.0,0.0
2019-01-14 17:00:00,0.0,0.0,0.0,10.52,0.55,0.0,0.0
2019-01-14 18:00:00,0.0,0.0,0.0,9.0,0.97,0.0,0.0
2019-01-14 19:00:00,0.0,0.0,0.0,7.31,1.38,0.0,0.0
2019-01-14 20:00:00,0.0,0.0,0.0,7.26,1.24,0.0,0.0
2019-01-14 21:00:00,0.0,0.0,0.0,3.87,1.66,0.0,0.0
2019-01-14 22:00:00,0.0,0.0,0.0,1.59,1.86,0.0,0.0
2019-01-14 23:00:00,0.0,0.0,0.0,0.75,1.86,0.0,0.0
2019-01-15 00:00:00,0.0,0.0,0.0,0.0,1.72,0.0,0.0
2019-01-15 01:00:00,0.0,0.0,0.0,-0.98,1.72,0.0,0.0
2019-01-15 02:00:00,0.0,0.0,0.0,-1.11,1.72,0.0,0.0
2019-01-15 03:00:00,0.0,0.0,0.0,-0.63,1.59,0.0,0.0
2019-01-15 04:00:00,0.0,0.0,0.0,0.75,1.17,0.0,0.0
2019-01-15 05:00:00,0.0,0.0,0.0,1.14,0.83,0.0,0.0
2019-01-15 06:00:00,0.0,0.0,0.0,1.01,0.55,0.0,0.0
2019-01-15 07:00:00,0.0,0.0,0.0,0.86,0.97,0.0,0.0
2019-01-15 08:00:00,3697.5,135.01,8.88,0.77,1.1,0.0,0.0036975
2019-01-15 09:00:00,9770.5,264.01,15.92,2.57,0.9,0.0,0.0097705
2019-01-15 10:00:00,14083.0,357.01,20.99,6.51,0.83,0.0,0.014083
2019-01-15 11:00:00,16266.0,408.01,23.59,8.56,0.69,0.0,0.016266
2019-01-15 12:00:00,15850.0,400.01,23.43,9.51,0.55,0.0,0.01585
2019-01-15 13:00:00,13549.0,352.01,20.52,10.09,0.76,0.0,0.013549
2019-01-15 14:00:00,8771.0,250.01,15.2,10.11,1.17,0.0,0.008771
2019-01-15 15:00:00,666.5,28.0,7.97,9.05,1.45,0.0,0.0006665
2019-01-15 16:00:00,0.0,0.0,0.0,6.71,1.93,0.0,0.0
2019-01-15 17:00:00,0.0,0.0,0.0,3.96,1.72,0.0,0.0
2019-01-15 18:00:00,0.0,0.0,0.0,5.35,1.03,0.0,0.0
2019-01-15 19:00:00,0.0,0.0,0.0,5.53,0.55,0.0,0.0
2019-01-15 20:00:00,0.0,0.0,0.0,4.56,0.21,0.0,0.0
2019-01-15 21:00:00,0.0,0.0,0.0,3.7,0.28,0.0,0.0
2019-01-15 22:00:00,0.0,0.0,0.0,2.84,0.41,0.0,0.0
2019-01-15 23:00:00,0.0,0.0,0.0,2.22,0.69,0.0,0.0
2019-01-16 00:00:00,0.0,0.0,0.0,1.77,0.83,0.0,0.0
2019-01-16 01:00:00,0.0,0.0,0.0,1.37,0.69,0.0,0.0
2019-01-16 02:00:00,0.0,0.0,0.0,1.17,0.48,0.0,0.0
2019-01-16 03:00:00,0.0,0.0,0.0,0.82,0.48,0.0,0.0
2019-01-16 04:00:00,0.0,0.0,0.0,0.53,0.48,0.0,0.0
2019-01-16 05:00:00,0.0,0.0,0.0,-0.12,0.48,0.0,0.0
2019-01-16 06:00:00,0.0,0.0,0.0,-0.51,0.48,0.0,0.0
2019-01-16 07:00:00,0.0,0.0,0.0,-0.11,0.34,0.0,0.0
2019-01-16 08:00:00,3703.5,131.01,8.99,0.54,0.41,0.0,0.0037035
2019-01-16 09:00:00,9701.5,260.01,16.05,1.75,0.48,0.0,0.0097015
2019-01-16 10:00:00,14319.5,359.01,21.14,3.88,0.55,0.0,0.0143195
2019-01-16 11:00:00,16543.5,409.01,23.77,5.9,0.76,0.0,0.0165435
2019-01-16 12:00:00,16041.5,399.01,23.62,7.45,0.9,0.0,0.0160415
2019-01-16 13:00:00,13585.5,348.01,20.72,8.49,1.1,0.0,0.0135855
2019-01-16 14:00:00,8872.5,249.01,15.4,8.73,1.38,0.0,0.0088725
2019-01-16 15:00:00,888.5,34.0,8.17,8.35,1.45,0.0,0.0008885
2019-01-16 16:00:00,0.0,0.0,0.0,7.03,1.79,0.0,0.0
2019-01-16 17:00:00,0.0,0.0,0.0,4.97,1.66,0.0,0.0
2019-01-16 18:00:00,0.0,0.0,0.0,4.3,1.45,0.0,0.0
2019-01-16 19:00:00,0.0,0.0,0.0,5.23,1.1,0.0,0.0
2019-01-16 20:00:00,0.0,0.0,0.0,4.7,1.17,0.0,0.0
2019-01-16 21:00:00,0.0,0.0,0.0,4.46,1.17,0.0,0.0
2019-01-16 22:00:00,0.0,0.0,0.0,4.54,1.1,0.0,0.0
2019-01-16 23:00:00,0.0,0.0,0.0,4.0,1.17,0.0,0.0
2019-01-17 00:00:00,0.0,0.0,0.0,4.25,1.03,0.0,0.0
2019-01-17 01:00:00,0.0,0.0,0.0,3.96,1.03,0.0,0.0
2019-01-17 02:00:00,0.0,0.0,0.0,4.34,0.76,0.0,0.0
2019-01-17 03:00:00,0.0,0.0,0.0,4.24,0.76,0.0,0.0
2019-01-17 04:00:00,0.0,0.0,0.0,4.1,0.69,0.0,0.0
2019-01-17 05:00:00,0.0,0.0,0.0,3.99,0.69,0.0,0.0
2019-01-17 06:00:00,0.0,0.0,0.0,3.53,0.76,0.0,0.0
2019-01-17 07:00:00,0.0,0.0,0.0,2.16,0.83,0.0,0.0
2019-01-17 08:00:00,2617.0,80.0,9.11,2.88,0.69,0.0,0.002617
2019-01-17 09:00:00,7377.0,192.0,16.19,3.71,0.69,0.0,0.007377
2019-01-17 10:00:00,13140.5,330.01,21.31,6.17,0.83,0.0,0.0131405
2019-01-17 11:00:00,15981.0,395.01,23.95,6.98,1.1,0.0,0.015981
2019-01-17 12:00:00,15838.0,393.01,23.82,7.96,1.31,0.0,0.015838
2019-01-17 13:00:00,12015.0,304.01,20.93,8.36,1.31,0.0,0.012015
2019-01-17 14:00:00,8799.5,245.01,15.61,8.49,1.24,0.0,0.0087995
2019-01-17 15:00:00,778.5,31.0,8.37,8.17,1.24,0.0,0.0007785
2019-01-17 16:00:00,0.0,0.0,0.0,7.19,1.45,0.0,0.0
2019-01-17 17:00:00,0.0,0.0,0.0,6.01,1.45,0.0,0.0
2019-01-17 18:00:00,0.0,0.0,0.0,5.03,1.03,0.0,0.0
2019-01-17 19:00:00,0.0,0.0,0.0,4.22,0.97,0.0,0.0
2019-01-17 20:00:00,0.0,0.0,0.0,4.8,0.55,0.0,0.0
2019-01-17 21:00:00,0.0,0.0,0.0,4.25,0.69,0.0,0.0
2019-01-17 22:00:00,0.0,0.0,0.0,3.78,0.69,0.0,0.0
2019-01-17 23:00:00,0.0,0.0,0.0,3.05,0.83,0.0,0.0
2019-01-18 00:00:00,0.0,0.0,0.0,1.38,1.1,0.0,0.0
2019-01-18 01:00:00,0.0,0.0,0.0,0.85,1.17,0.0,0.0
2019-01-18 02:00:00,0.0,0.0,0.0,0.67,1.17,0.0,0.0
2019-01-18 03:00:00,0.0,0.0,0.0,0.9,1.1,0.0,0.0
2019-01-18 04:00:00,0.0,0.0,0.0,0.63,1.17,0.0,0.0
2019-01-18 05:00:00,0.0,0.0,0.0,0.01,1.24,0.0,0.0
2019-01-18 06:00:00,0.0,0.0,0.0,-0.8,1.38,0.0,0.0
2019-01-18 07:00:00,0.0,0.0,0.0,-1.37,1.45,0.0,0.0
2019-01-18 08:00:00,3995.0,138.01,9.23,-0.43,1.17,0.0,0.003995
2019-01-18 09:00:00,10381.5,277.01,16.34,1.87,1.31,0.0,0.0103815
2019-01-18 10:00:00,14572.5,362.01,21.48,4.34,1.38,0.0,0.0145725
2019-01-18 11:00:00,17126.0,421.02,24.15,6.27,1.38,0.0,0.017126
2019-01-18 12:00:00,16024.0,396.01,24.03,7.82,1.38,0.0,0.016024
2019-01-18 13:00:00,13301.0,337.01,21.14,8.69,1.45,0.0,0.013301
2019-01-18 14:00:00,8993.5,247.01,15.82,8.97,1.59,0.0,0.0089935
2019-01-18 15:00:00,3245.5,124.01,8.58,8.45,1.31,0.0,0.0032455
2019-01-18 16:00:00,0.0,0.0,0.0,6.59,1.45,0.0,0.0
2019-01-18 17:00:00,0.0,0.0,0.0,4.17,1.72,0.0,0.0
2019-01-18 18:00:00,0.0,0.0,0.0,2.61,2.0,0.0,0.0
2019-01-18 19:00:00,0.0,0.0,0.0,2.15,2.0,0.0,0.0
2019-01-18 20:00:00,0.0,0.0,0.0,0.88,2.34,0.0,0.0
2019-01-18 21:00:00,0.0,0.0,0.0,0.92,2.62,0.0,0.0
2019-01-18 22:00:00,0.0,0.0,0.0,1.54,2.69,0.0,0.0
2019-01-18 23:00:00,0.0,0.0,0.0,1.71,2.41,0.0,0.0
2019-01-19 00:00:00,0.0,0.0,0.0,2.49,2.34,0.0,0.0
2019-01-19 01:00:00,0.0,0.0,0.0,2.3,2.41,0.0,0.0
2019-01-19 02:00:00,0.0,0.0,0.0,2.38,2.55,0.0,0.0
2019-01-19 03:00:00,0.0,0.0,0.0,2.45,2.48,0.0,0.0
2019-01-19 04:00:00,0.0,0.0,0.0,2.51,2.48,0.0,0.0
2019-01-19 05:00:00,0.0,0.0,0.0,2.5,2.41,0.0,0.0
2019-01-19 06:00:00,0.0,0.0,0.0,2.52,2.34,0.0,0.0
2019-01-19 07:00:00,0.0,0.0,0.0,2.35,2.14,0.0,0.0
2019-01-19 08:00:00,3238.0,100.0,9.36,2.6,2.07,0.0,0.003238
2019-01-19 09:00:00,4248.5,113.0,16.49,3.11,2.21,0.0,0.0042485
2019-01-19 10:00:00,9554.0,234.0,21.66,3.43,2.0,0.0,0.009554
2019-01-19 11:00:00,15012.0,361.01,24.35,4.06,2.34,0.0,0.015012
2019-01-19 12:00:00,8533.0,210.0,24.24,4.6,2.07,0.0,0.008533
2019-01-19 13:00:00,4889.5,128.0,21.36,4.89,1.72,0.0,0.0048895
2019-01-19 14:00:00,8120.0,214.01,16.04,4.94,1.59,0.0,0.00812
2019-01-19 15:00:00,3115.5,104.0,8.79,4.82,1.45,0.0,0.0031155
2019-01-19 16:00:00,0.0,0.0,0.0,4.36,1.03,0.0,0.0
2019-01-19 17:00:00,0.0,0.0,0.0,3.19,0.9,0.0,0.0
2019-01-19 18:00:00,0.0,0.0,0.0,3.32,0.55,0.0,0.0
2019-01-19 19:00:00,0.0,0.0,0.0,1.9,1.03,0.0,0.0
2019-01-19 20:00:00,0.0,0.0,0.0,1.72,0.97,0.0,0.0
2019-01-19 21:00:00,0.0,0.0,0.0,1.79,0.9,0.0,0.0
2019-01-19 22:00:00,0.0,0.0,0.0,1.57,0.83,0.0,0.0
2019-01-19 23:00:00,0.0,0.0,0.0,1.19,0.9,0.0,0.0
2019-01-20 00:00:00,0.0,0.0,0.0,0.88,0.97,0.0,0.0
2019-01-20 01:00:00,0.0,0.0,0.0,0.76,0.9,0.0,0.0
2019-01-20 02:00:00,0.0,0.0,0.0,1.34,0.62,0.0,0.0
2019-01-20 03:00:00,0.0,0.0,0.0,1.28,0.55,0.0,0.0
2019-01-20 04:00:00,0.0,0.0,0.0,1.14,0.62,0.0,0.0
2019-01-20 05:00:00,0.0,0.0,0.0,0.92,0.62,0.0,0.0
2019-01-20 06:00:00,0.0,0.0,0.0,0.8,0.62,0.0,0.0
2019-01-20 07:00:00,0.0,0.0,0.0,0.32,0.83,0.0,0.0
2019-01-20 08:00:00,3769.5,119.0,9.5,0.82,0.41,0.0,0.0037695
2019-01-20 09:00:00,9987.5,263.01,16.65,1.92,0.41,0.0,0.0099875
2019-01-20 10:00:00,14867.5,370.01,21.84,3.44,0.34,0.0,0.0148675
2019-01-20 11:00:00,17494.0,428.02,24.55,4.3,0.62,0.0,0.017494
2019-01-20 12:00:00,17198.0,421.01,24.46,4.98,0.9,0.0,0.017198
2019-01-20 13:00:00,14671.0,368.01,21.59,5.47,0.97,0.0,0.014671
2019-01-20 14:00:00,9840.5,268.01,16.26,5.61,1.03,0.0,0.0098405
2019-01-20 15:00:00,3538.0,128.01,9.01,5.42,0.97,0.0,0.003538
2019-01-20 16:00:00,0.0,0.0,0.0,4.66,0.69,0.0,0.0
2019-01-20 17:00:00,0.0,0.0,0.0,4.13,0.69,0.0,0.0
2019-01-20 18:00:00,0.0,0.0,0.0,3.47,0.62,0.0,0.0
2019-01-20 19:00:00,0.0,0.0,0.0,2.91,0.76,0.0,0.0
2019-01-20 20:00:00,0.0,0.0,0.0,2.21,0.9,0.0,0.0
2019-01-20 21:00:00,0.0,0.0,0.0,1.62,0.83,0.0,0.0
2019-01-20 22:00:00,0.0,0.0,0.0,1.15,0.69,0.0,0.0
2019-01-20 23:00:00,0.0,0.0,0.0,0.92,0.83,0.0,0.0
2019-01-21 00:00:00,0.0,0.0,0.0,0.62,0.97,0.0,0.0
2019-01-21 01:00:00,0.0,0.0,0.0,0.44,0.97,0.0,0.0
2019-01-21 02:00:00,0.0,0.0,0.0,0.5,0.9,0.0,0.0
2019-01-21 03:00:00,0.0,0.0,0.0,0.44,0.83,0.0,0.0
2019-01-21 04:00:00,0.0,0.0,0.0,0.23,0.9,0.0,0.0
2019-01-21 05:00:00,0.0,0.0,0.0,0.19,0.83,0.0,0.0
2019-01-21 06:00:00,0.0,0.0,0.0,0.08,0.83,0.0,0.0
2019-01-21 07:00:00,0.0,0.0,0.0,-0.81,0.83,0.0,0.0
2019-01-21 08:00:00,4176.5,140.01,9.64,-0.29,0.48,0.0,0.0041765
2019-01-21 09:00:00,10349.5,272.01,16.82,1.27,0.34,0.0,0.0103495
2019-01-21 10:00:00,14864.0,369.01,22.03,3.44,0.34,0.0,0.014864
2019-01-21 11:00:00,17336.0,425.01,24.76,4.9,0.48,0.0,0.017336
2019-01-21 12:00:00,16945.0,416.01,24.69,5.86,0.76,0.0,0.016945
2019-01-21 13:00:00,14687.5,369.01,21.82,6.48,0.97,0.0,0.0146875
2019-01-21 14:00:00,9873.5,268.01,16.49,6.66,1.03,0.0,0.0098735
2019-01-21 15:00:00,3719.0,134.01,9.23,6.35,0.9,0.0,0.003719
2019-01-21 16:00:00,0.0,0.0,0.0,4.75,0.97,0.0,0.0
2019-01-21 17:00:00,0.0,0.0,0.0,4.75,0.76,0.0,0.0
2019-01-21 18:00:00,0.0,0.0,0.0,3.98,0.28,0.0,0.0
2019-01-21 19:00:00,0.0,0.0,0.0,-0.39,1.52,0.0,0.0
2019-01-21 20:00:00,0.0,0.0,0.0,0.09,1.59,0.0,0.0
2019-01-21 21:00:00,0.0,0.0,0.0,-0.03,1.38,0.0,0.0
2019-01-21 22:00:00,0.0,0.0,0.0,0.11,1.24,0.0,0.0
2019-01-21 23:00:00,0.0,0.0,0.0,-0.03,1.17,0.0,0.0
2019-01-22 00:00:00,0.0,0.0,0.0,-0.07,1.1,0.0,0.0
2019-01-22 01:00:00,0.0,0.0,0.0,0.06,1.03,0.0,0.0
2019-01-22 02:00:00,0.0,0.0,0.0,0.35,0.76,0.0,0.0
2019-01-22 03:00:00,0.0,0.0,0.0,0.26,0.41,0.0,0.0
2019-01-22 04:00:00,0.0,0.0,0.0,0.07,0.14,0.0,0.0
2019-01-22 05:00:00,0.0,0.0,0.0,-0.02,0.07,0.0,0.0
2019-01-22 06:00:00,0.0,0.0,0.0,-0.31,0.21,0.0,0.0
2019-01-22 07:00:00,0.0,0.0,0.0,-0.98,0.41,0.0,0.0
2019-01-22 08:00:00,4400.5,147.01,9.79,-0.85,0.14,0.0,0.0044005
2019-01-22 09:00:00,10634.5,279.01,16.99,1.11,0.21,0.0,0.0106345
2019-01-22 10:00:00,15269.5,378.01,22.23,3.23,0.41,0.0,0.0152695
2019-01-22 11:00:00,17785.5,435.01,24.98,4.71,0.55,0.0,0.0177855
2019-01-22 12:00:00,17391.0,426.01,24.92,5.57,0.76,0.0,0.017391
2019-01-22 13:00:00,15036.0,376.01,22.05,5.94,0.97,0.0,0.015036
2019-01-22 14:00:00,10222.0,275.01,16.72,5.89,1.03,0.0,0.010222
2019-01-22 15:00:00,3969.0,141.01,9.45,5.42,0.9,0.0,0.003969
2019-01-22 16:00:00,0.0,0.0,0.0,3.79,1.1,0.0,0.0
2019-01-22 17:00:00,0.0,0.0,0.0,3.04,0.97,0.0,0.0
2019-01-22 18:00:00,0.0,0.0,0.0,2.63,0.48,0.0,0.0
2019-01-22 19:00:00,0.0,0.0,0.0,1.5,0.76,0.0,0.0
2019-01-22 20:00:00,0.0,0.0,0.0,0.99,0.28,0.0,0.0
2019-01-22 21:00:00,0.0,0.0,0.0,0.3,0.21,0.0,0.0
2019-01-22 22:00:00,0.0,0.0,0.0,-0.13,0.0,0.0,0.0
2019-01-22 23:00:00,0.0,0.0,0.0,-0.27,0.28,0.0,0.0
2019-01-23 00:00:00,0.0,0.0,0.0,-0.48,0.41,0.0,0.0
2019-01-23 01:00:00,0.0,0.0,0.0,-0.73,0.41,0.0,0.0
2019-01-23 02:00:00,0.0,0.0,0.0,-0.89,0.48,0.0,0.0
2019-01-23 03:00:00,0.0,0.0,0.0,-1.27,0.69,0.0,0.0
2019-01-23 04:00:00,0.0,0.0,0.0,-1.52,0.69,0.0,0.0
2019-01-23 05:00:00,0.0,0.0,0.0,-1.5,0.55,0.0,0.0
2019-01-23 06:00:00,0.0,0.0,0.0,-1.28,0.41,0.0,0.0
2019-01-23 07:00:00,0.0,0.0,0.0,-1.74,0.69,0.0,0.0
2019-01-23 08:00:00,2565.5,75.0,9.94,-1.49,0.62,0.0,0.0025655
2019-01-23 09:00:00,5785.0,147.0,17.17,-0.04,1.1,0.0,0.005785
2019-01-23 10:00:00,4135.5,109.0,22.43,0.53,1.24,0.0,0.0041355
2019-01-23 11:00:00,5780.0,146.0,25.21,1.42,1.52,0.0,0.00578
2019-01-23 12:00:00,6136.5,154.0,25.16,1.7,1.79,0.0,0.0061365
2019-01-23 13:00:00,2020.5,61.0,22.29,1.76,2.0,0.0,0.0020205
2019-01-23 14:00:00,1811.0,56.0,16.96,1.65,2.07,0.0,0.001811
2019-01-23 15:00:00,1522.0,49.0,9.68,1.27,1.31,0.0,0.001522
2019-01-23 16:00:00,0.0,0.0,0.0,0.76,1.38,0.0,0.0
2019-01-23 17:00:00,0.0,0.0,0.0,0.24,1.59,0.0,0.0
2019-01-23 18:00:00,0.0,0.0,0.0,0.08,1.86,0.0,0.0
2019-01-23 19:00:00,0.0,0.0,0.0,0.0,2.0,0.0,0.0
2019-01-23 20:00:00,0.0,0.0,0.0,0.07,2.0,0.0,0.0
2019-01-23 21:00:00,0.0,0.0,0.0,0.04,2.07,0.0,0.0
2019-01-23 22:00:00,0.0,0.0,0.0,0.0,2.14,0.0,0.0
2019-01-23 23:00:00,0.0,0.0,0.0,-0.03,2.07,0.0,0.0
2019-01-24 00:00:00,0.0,0.0,0.0,-0.07,2.0,0.0,0.0
2019-01-24 01:00:00,0.0,0.0,0.0,-0.04,1.79,0.0,0.0
2019-01-24 02:00:00,0.0,0.0,0.0,-0.13,1.66,0.0,0.0
2019-01-24 03:00:00,0.0,0.0,0.0,-0.32,1.59,0.0,0.0
2019-01-24 04:00:00,0.0,0.0,0.0,-0.58,1.59,0.0,0.0
2019-01-24 05:00:00,0.0,0.0,0.0,-1.16,1.45,0.0,0.0
2019-01-24 06:00:00,0.0,0.0,0.0,-1.52,1.31,0.0,0.0
2019-01-24 07:00:00,0.0,0.0,0.0,-2.68,1.72,0.0,0.0
2019-01-24 08:00:00,3368.0,98.0,10.1,-0.1,0.76,0.0,0.003368
2019-01-24 09:00:00,7149.5,181.0,17.35,1.13,0.28,0.0,0.0071495
2019-01-24 10:00:00,10119.0,247.0,22.64,2.87,0.69,0.0,0.010119
2019-01-24 11:00:00,12305.0,297.0,25.44,4.19,1.17,0.0,0.012305
2019-01-24 12:00:00,13273.0,321.01,25.4,5.24,1.38,0.0,0.013273
2019-01-24 13:00:00,12957.5,319.01,22.54,5.76,1.31,0.0,0.0129575
2019-01-24 14:00:00,9333.5,244.01,17.2,5.9,1.03,0.0,0.0093335
2019-01-24 15:00:00,4123.0,137.01,9.91,5.43,0.69,0.0,0.004123
2019-01-24 16:00:00,0.0,0.0,0.0,3.63,0.76,0.0,0.0
2019-01-24 17:00:00,0.0,0.0,0.0,2.14,1.03,0.0,0.0
2019-01-24 18:00:00,0.0,0.0,0.0,-0.65,1.52,0.0,0.0
2019-01-24 19:00:00,0.0,0.0,0.0,1.52,0.48,0.0,0.0
2019-01-24 20:00:00,0.0,0.0,0.0,0.13,0.62,0.0,0.0
2019-01-24 21:00:00,0.0,0.0,0.0,-0.82,0.62,0.0,0.0
2019-01-24 22:00:00,0.0,0.0,0.0,-1.47,0.62,0.0,0.0
2019-01-24 23:00:00,0.0,0.0,0.0,-2.13,0.62,0.0,0.0
2019-01-25 00:00:00,0.0,0.0,0.0,-2.68,0.69,0.0,0.0
2019-01-25 01:00:00,0.0,0.0,0.0,-3.27,0.83,0.0,0.0
2019-01-25 02:00:00,0.0,0.0,0.0,-3.7,0.9,0.0,0.0
2019-01-25 03:00:00,0.0,0.0,0.0,-4.23,0.9,0.0,0.0
2019-01-25 04:00:00,0.0,0.0,0.0,-4.57,0.9,0.0,0.0
2019-01-25 05:00:00,0.0,0.0,0.0,-4.71,0.83,0.0,0.0
2019-01-25 06:00:00,0.0,0.0,0.0,-5.0,0.9,0.0,0.0
2019-01-25 07:00:00,0.0,0.0,0.0,-5.01,0.69,0.0,0.0
2019-01-25 08:00:00,4748.0,145.01,10.27,-4.14,0.76,0.0,0.004748
2019-01-25 09:00:00,10076.5,253.01,17.54,-1.28,0.9,0.0,0.0100765
2019-01-25 10:00:00,13597.5,328.01,22.86,1.39,0.9,0.0,0.0135975
2019-01-25 11:00:00,15576.0,374.01,25.67,3.37,0.9,0.0,0.015576
2019-01-25 12:00:00,15498.0,374.01,25.65,4.65,1.03,0.0,0.015498
2019-01-25 13:00:00,14052.0,346.01,22.79,5.36,0.9,0.0,0.014052
2019-01-25 14:00:00,10221.5,268.01,17.44,5.56,0.48,0.0,0.0102215
2019-01-25 15:00:00,4513.0,150.01,10.14,5.0,0.21,0.0,0.004513
2019-01-25 16:00:00,0.0,0.0,0.0,3.67,0.41,0.0,0.0
2019-01-25 17:00:00,0.0,0.0,0.0,1.71,0.69,0.0,0.0
2019-01-25 18:00:00,0.0,0.0,0.0,-0.14,0.97,0.0,0.0
2019-01-25 19:00:00,0.0,0.0,0.0,1.1,1.03,0.0,0.0
2019-01-25 20:00:00,0.0,0.0,0.0,0.13,0.9,0.0,0.0
2019-01-25 21:00:00,0.0,0.0,0.0,-1.2,0.76,0.0,0.0
2019-01-25 22:00:00,0.0,0.0,0.0,-1.95,0.69,0.0,0.0
2019-01-25 23:00:00,0.0,0.0,0.0,-2.32,0.69,0.0,0.0
2019-01-26 00:00:00,0.0,0.0,0.0,-2.56,0.62,0.0,0.0
2019-01-26 01:00:00,0.0,0.0,0.0,-3.33,0.9,0.0,0.0
2019-01-26 02:00:00,0.0,0.0,0.0,-4.34,1.1,0.0,0.0
2019-01-26 03:00:00,0.0,0.0,0.0,-4.4,1.1,0.0,0.0
2019-01-26 04:00:00,0.0,0.0,0.0,-4.71,1.17,0.0,0.0
2019-01-26 05:00:00,0.0,0.0,0.0,-4.89,1.24,0.0,0.0
2019-01-26 06:00:00,0.0,0.0,0.0,-4.95,1.24,0.0,0.0
2019-01-26 07:00:00,0.0,0.0,0.0,-4.51,0.83,0.0,0.0
2019-01-26 08:00:00,4513.0,134.01,10.44,-3.08,0.62,0.0,0.004513
2019-01-26 09:00:00,10001.5,253.01,17.74,0.25,0.55,0.0,0.0100015
2019-01-26 10:00:00,11926.5,291.01,23.08,3.6,0.48,0.0,0.0119265
2019-01-26 11:00:00,13340.0,325.01,25.92,5.88,0.48,0.0,0.01334
2019-01-26 12:00:00,14514.5,354.01,25.91,7.21,1.1,0.0,0.0145145
2019-01-26 13:00:00,12393.0,307.01,23.05,7.8,1.24,0.0,0.012393
2019-01-26 14:00:00,8438.0,219.0,17.69,7.79,1.17,0.0,0.008438
2019-01-26 15:00:00,3652.5,110.0,10.38,6.88,1.1,0.0,0.0036525
2019-01-26 16:00:00,0.0,0.0,0.0,4.98,1.17,0.0,0.0
2019-01-26 17:00:00,0.0,0.0,0.0,3.2,0.9,0.0,0.0
2019-01-26 18:00:00,0.0,0.0,0.0,2.76,0.41,0.0,0.0
2019-01-26 19:00:00,0.0,0.0,0.0,1.24,0.55,0.0,0.0
2019-01-26 20:00:00,0.0,0.0,0.0,0.24,0.34,0.0,0.0
2019-01-26 21:00:00,0.0,0.0,0.0,-0.5,0.21,0.0,0.0
2019-01-26 22:00:00,0.0,0.0,0.0,-1.06,0.21,0.0,0.0
2019-01-26 23:00:00,0.0,0.0,0.0,-1.24,0.28,0.0,0.0
2019-01-27 00:00:00,0.0,0.0,0.0,-1.21,0.07,0.0,0.0
2019-01-27 01:00:00,0.0,0.0,0.0,-1.38,0.07,0.0,0.0
2019-01-27 02:00:00,0.0,0.0,0.0,-1.34,0.55,0.0,0.0
2019-01-27 03:00:00,0.0,0.0,0.0,-1.93,1.03,0.0,0.0
2019-01-27 04:00:00,0.0,0.0,0.0,-1.64,0.97,0.0,0.0
2019-01-27 05:00:00,0.0,0.0,0.0,-1.03,0.69,0.0,0.0
2019-01-27 06:00:00,0.0,0.0,0.0,-0.81,0.62,0.0,0.0
2019-01-27 07:00:00,0.0,0.0,0.0,-0.51,0.83,0.0,0.0
2019-01-27 08:00:00,3076.5,88.0,10.62,-0.08,0.69,0.0,0.0030765
2019-01-27 09:00:00,2675.5,76.0,17.94,0.48,0.83,0.0,0.0026755
2019-01-27 10:00:00,2194.5,65.0,23.31,1.09,0.97,0.0,0.0021945
2019-01-27 11:00:00,4857.5,126.0,26.16,2.12,0.9,0.0,0.0048575
2019-01-27 12:00:00,2052.0,62.0,26.16,2.56,0.97,0.0,0.002052
2019-01-27 13:00:00,2260.5,67.0,23.31,2.92,1.17,0.0,0.0022605
2019-01-27 14:00:00,1921.5,59.0,17.94,3.11,1.31,0.0,0.0019215
2019-01-27 15:00:00,1631.0,52.0,10.62,3.24,1.79,0.0,0.001631
2019-01-27 16:00:00,0.0,0.0,0.0,2.67,1.24,0.0,0.0
2019-01-27 17:00:00,0.0,0.0,0.0,1.86,1.1,0.0,0.0
2019-01-27 18:00:00,0.0,0.0,0.0,1.02,1.03,0.0,0.0
2019-01-27 19:00:00,0.0,0.0,0.0,-0.32,0.9,0.0,0.0
2019-01-27 20:00:00,0.0,0.0,0.0,0.25,0.14,0.0,0.0
2019-01-27 21:00:00,0.0,0.0,0.0,-0.72,0.69,0.0,0.0
2019-01-27 22:00:00,0.0,0.0,0.0,-1.22,0.83,0.0,0.0
2019-01-27 23:00:00,0.0,0.0,0.0,-1.46,0.76,0.0,0.0
2019-01-28 00:00:00,0.0,0.0,0.0,-1.46,0.69,0.0,0.0
2019-01-28 01:00:00,0.0,0.0,0.0,-1.19,0.69,0.0,0.0
2019-01-28 02:00:00,0.0,0.0,0.0,-1.59,0.76,0.0,0.0
2019-01-28 03:00:00,0.0,0.0,0.0,-2.04,1.17,0.0,0.0
2019-01-28 04:00:00,0.0,0.0,0.0,-1.81,1.93,0.0,0.0
2019-01-28 05:00:00,0.0,0.0,0.0,-1.12,2.21,0.0,0.0
2019-01-28 06:00:00,0.0,0.0,0.0,-0.89,2.28,0.0,0.0
2019-01-28 07:00:00,0.0,0.0,0.0,-0.96,2.41,0.0,0.0
2019-01-28 08:00:00,4517.5,131.0,10.81,-0.34,2.28,0.0,0.0045175
2019-01-28 09:00:00,11435.5,290.01,18.15,1.68,2.07,0.0,0.0114355
2019-01-28 10:00:00,16273.5,395.01,23.54,4.39,2.28,0.0,0.0162735
2019-01-28 11:00:00,18600.5,448.01,26.42,6.39,2.41,0.0,0.0186005
2019-01-28 12:00:00,18694.5,453.01,26.43,7.53,2.34,0.0,0.0186945
2019-01-28 13:00:00,16576.5,411.01,23.57,8.22,2.0,0.0,0.0165765
2019-01-28 14:00:00,11723.0,310.01,18.2,8.5,1.72,0.0,0.011723
2019-01-28 15:00:00,5145.0,172.01,10.86,8.0,1.31,0.0,0.005145
2019-01-28 16:00:00,0.0,0.0,0.0,5.84,1.66,0.0,0.0
2019-01-28 17:00:00,0.0,0.0,0.0,2.85,1.93,0.0,0.0
2019-01-28 18:00:00,0.0,0.0,0.0,0.37,2.21,0.0,0.0
2019-01-28 19:00:00,0.0,0.0,0.0,-0.34,2.14,0.0,0.0
2019-01-28 20:00:00,0.0,0.0,0.0,-0.63,1.93,0.0,0.0
2019-01-28 21:00:00,0.0,0.0,0.0,-0.72,1.72,0.0,0.0
2019-01-28 22:00:00,0.0,0.0,0.0,0.05,1.38,0.0,0.0
2019-01-28 23:00:00,0.0,0.0,0.0,0.3,1.1,0.0,0.0
2019-01-29 00:00:00,0.0,0.0,0.0,-0.77,1.17,0.0,0.0
2019-01-29 01:00:00,0.0,0.0,0.0,-2.5,1.24,0.0,0.0
2019-01-29 02:00:00,0.0,0.0,0.0,-2.89,1.24,0.0,0.0
2019-01-29 03:00:00,0.0,0.0,0.0,-3.01,1.17,0.0,0.0
2019-01-29 04:00:00,0.0,0.0,0.0,-3.29,1.24,0.0,0.0
2019-01-29 05:00:00,0.0,0.0,0.0,-3.52,1.24,0.0,0.0
2019-01-29 06:00:00,0.0,0.0,0.0,-3.72,1.31,0.0,0.0
2019-01-29 07:00:00,0.0,0.0,0.0,-2.13,0.97,0.0,0.0
2019-01-29 08:00:00,5518.5,175.01,11.0,-1.13,0.83,0.0,0.0055185
2019-01-29 09:00:00,12122.5,310.01,18.37,1.39,0.97,0.0,0.0121225
2019-01-29 10:00:00,16532.0,403.01,23.78,4.0,1.17,0.0,0.016532
2019-01-29 11:00:00,18860.0,457.01,26.68,5.87,1.17,0.0,0.01886
2019-01-29 12:00:00,18690.0,457.01,26.7,7.13,0.83,0.0,0.01869
2019-01-29 13:00:00,16378.0,410.01,23.84,7.85,0.28,0.0,0.016378
2019-01-29 14:00:00,11642.5,307.01,18.46,7.99,0.55,0.0,0.0116425
2019-01-29 15:00:00,4823.5,148.01,11.11,7.53,0.9,0.0,0.0048235
2019-01-29 16:00:00,0.0,0.0,0.0,5.71,1.52,0.0,0.0
2019-01-29 17:00:00,0.0,0.0,0.0,2.78,1.45,0.0,0.0
2019-01-29 18:00:00,0.0,0.0,0.0,3.23,1.1,0.0,0.0
2019-01-29 19:00:00,0.0,0.0,0.0,0.56,1.72,0.0,0.0
2019-01-29 20:00:00,0.0,0.0,0.0,0.75,1.52,0.0,0.0
2019-01-29 21:00:00,0.0,0.0,0.0,1.19,1.31,0.0,0.0
2019-01-29 22:00:00,0.0,0.0,0.0,0.4,1.38,0.0,0.0
2019-01-29 23:00:00,0.0,0.0,0.0,0.2,1.38,0.0,0.0
2019-01-30 00:00:00,0.0,0.0,0.0,0.2,1.24,0.0,0.0
2019-01-30 01:00:00,0.0,0.0,0.0,0.54,0.97,0.0,0.0
2019-01-30 02:00:00,0.0,0.0,0.0,0.18,1.03,0.0,0.0
2019-01-30 03:00:00,0.0,0.0,0.0,-0.29,1.31,0.0,0.0
2019-01-30 04:00:00,0.0,0.0,0.0,-0.23,1.38,0.0,0.0
2019-01-30 05:00:00,0.0,0.0,0.0,-0.38,1.24,0.0,0.0
2019-01-30 06:00:00,0.0,0.0,0.0,-0.25,1.03,0.0,0.0
2019-01-30 07:00:00,80.0,9.85,2.38,-0.75,1.17,0.0,8e-05
2019-01-30 08:00:00,5021.5,149.01,11.19,-0.06,0.9,0.0,0.0050215
2019-01-30 09:00:00,4367.5,115.0,18.59,1.72,0.83,0.0,0.0043675
2019-01-30 10:00:00,5957.5,151.0,24.03,2.77,1.03,0.0,0.0059575
2019-01-30 11:00:00,6891.0,172.0,26.94,3.35,1.52,0.0,0.006891
2019-01-30 12:00:00,8167.5,201.0,26.97,3.97,1.72,0.0,0.0081675
2019-01-30 13:00:00,6060.5,154.0,24.11,4.27,1.72,0.0,0.0060605
2019-01-30 14:00:00,4841.0,127.0,18.72,4.39,1.45,0.0,0.004841
2019-01-30 15:00:00,2023.0,62.0,11.36,4.4,0.97,0.0,0.002023
2019-01-30 16:00:00,74.5,9.0,2.57,3.91,0.48,0.0,7.45e-05
2019-01-30 17:00:00,0.0,0.0,0.0,1.57,1.24,0.0,0.0
2019-01-30 18:00:00,0.0,0.0,0.0,1.05,1.03,0.0,0.0
2019-01-30 19:00:00,0.0,0.0,0.0,0.46,1.03,0.0,0.0
2019-01-30 20:00:00,0.0,0.0,0.0,-1.47,1.38,0.0,0.0
2019-01-30 21:00:00,0.0,0.0,0.0,-1.77,1.17,0.0,0.0
2019-01-30 22:00:00,0.0,0.0,0.0,-2.14,1.1,0.0,0.0
2019-01-30 23:00:00,0.0,0.0,0.0,-2.94,1.24,0.0,0.0
2019-01-31 00:00:00,0.0,0.0,0.0,-2.45,0.9,0.0,0.0
2019-01-31 01:00:00,0.0,0.0,0.0,-1.98,0.41,0.0,0.0
2019-01-31 02:00:00,0.0,0.0,0.0,-1.89,0.28,0.0,0.0
2019-01-31 03:00:00,0.0,0.0,0.0,-1.71,0.76,0.0,0.0
2019-01-31 04:00:00,0.0,0.0,0.0,-2.03,0.9,0.0,0.0
2019-01-31 05:00:00,0.0,0.0,0.0,-2.42,1.03,0.0,0.0
2019-01-31 06:00:00,0.0,0.0,0.0,-2.41,1.03,0.0,0.0
2019-01-31 07:00:00,31.0,7.0,2.56,-2.15,0.83,0.0,3.1e-05
2019-01-31 08:00:00,3366.0,94.0,11.4,-1.38,0.97,0.0,0.003366
2019-01-31 09:00:00,6871.5,171.0,18.82,-0.55,0.76,0.0,0.0068715
2019-01-31 10:00:00,6582.5,164.0,24.28,0.92,0.55,0.0,0.0065825
2019-01-31 11:00:00,5480.5,140.0,27.22,2.13,0.76,0.0,0.0054805
2019-01-31 12:00:00,4658.0,122.0,27.25,3.15,1.03,0.0,0.004658
2019-01-31 13:00:00,6508.0,164.0,24.39,3.85,1.24,0.0,0.006508
2019-01-31 14:00:00,8322.0,209.0,18.99,4.0,1.59,0.0,0.008322
2019-01-31 15:00:00,4220.5,120.0,11.61,3.9,1.66,0.0,0.0042205
2019-01-31 16:00:00,0.0,3.0,2.81,3.28,1.17,0.0,0.0
2019-01-31 17:00:00,0.0,0.0,0.0,2.15,1.24,0.0,0.0
2019-01-31 18:00:00,0.0,0.0,0.0,1.11,1.24,0.0,0.0
2019-01-31 19:00:00,0.0,0.0,0.0,0.34,1.66,0.0,0.0
2019-01-31 20:00:00,0.0,0.0,0.0,0.34,1.45,0.0,0.0
2019-01-31 21:00:00,0.0,0.0,0.0,0.35,1.31,0.0,0.0
2019-01-31 22:00:00,0.0,0.0,0.0,0.32,1.17,0.0,0.0
2019-01-31 23:00:00,0.0,0.0,0.0,0.3,1.17,0.0,0.0
2019-02-01 00:00:00,0.0,0.0,0.0,0.26,1.38,0.0,0.0
2019-02-01 01:00:00,0.0,0.0,0.0,0.13,1.52,0.0,0.0
2019-02-01 02:00:00,0.0,0.0,0.0,0.12,1.45,0.0,0.0
2019-02-01 03:00:00,0.0,0.0,0.0,0.16,1.66,0.0,0.0
2019-02-01 04:00:00,0.0,0.0,0.0,0.14,1.52,0.0,0.0
2019-02-01 05:00:00,0.0,0.0,0.0,0.02,1.31,0.0,0.0
2019-02-01 06:00:00,0.0,0.0,0.0,-0.03,1.66,0.0,0.0
2019-02-01 07:00:00,30.5,7.0,2.75,-0.29,1.45,0.0,3.05e-05
2019-02-01 08:00:00,2612.0,75.0,11.6,-0.21,1.45,0.0,0.002612
2019-02-01 09:00:00,1367.5,45.0,19.05,0.06,1.66,0.0,0.0013675
2019-02-01 10:00:00,1696.0,53.0,24.54,0.39,1.72,0.0,0.001696
2019-02-01 11:00:00,5037.5,129.0,27.49,0.58,1.66,0.0,0.0050375
2019-02-01 12:00:00,3379.5,92.0,27.54,0.6,1.45,0.0,0.0033795
2019-02-01 13:00:00,3776.5,101.0,24.67,0.7,1.38,0.0,0.0037765
2019-02-01 14:00:00,3377.0,92.0,19.26,0.65,1.24,0.0,0.003377
2019-02-01 15:00:00,2516.0,73.0,11.86,0.52,1.1,0.0,0.002516
2019-02-01 16:00:00,77.0,9.0,3.05,0.4,1.1,0.0,7.7e-05
2019-02-01 17:00:00,0.0,0.0,0.0,0.23,1.31,0.0,0.0
2019-02-01 18:00:00,0.0,0.0,0.0,0.15,1.45,0.0,0.0
2019-02-01 19:00:00,0.0,0.0,0.0,-0.55,1.59,0.0,0.0
2019-02-01 20:00:00,0.0,0.0,0.0,-0.67,1.31,0.0,0.0
2019-02-01 21:00:00,0.0,0.0,0.0,-0.73,1.17,0.0,0.0
2019-02-01 22:00:00,0.0,0.0,0.0,-0.89,1.31,0.0,0.0
2019-02-01 23:00:00,0.0,0.0,0.0,-1.04,1.52,0.0,0.0
2019-02-02 00:00:00,0.0,0.0,0.0,-1.05,1.66,0.0,0.0
2019-02-02 01:00:00,0.0,0.0,0.0,-0.96,1.72,0.0,0.0
2019-02-02 02:00:00,0.0,0.0,0.0,-1.03,1.86,0.0,0.0
2019-02-02 03:00:00,0.0,0.0,0.0,-0.95,1.79,0.0,0.0
2019-02-02 04:00:00,0.0,0.0,0.0,-0.76,1.66,0.0,0.0
2019-02-02 05:00:00,0.0,0.0,0.0,-0.71,1.59,0.0,0.0
2019-02-02 06:00:00,0.0,0.0,0.0,-0.81,1.52,0.0,0.0
2019-02-02 07:00:00,0.0,5.0,2.94,-2.96,1.03,0.0,0.0
2019-02-02 08:00:00,3888.5,107.0,11.82,-2.03,0.41,0.0,0.0038885
2019-02-02 09:00:00,2776.5,78.0,19.29,-0.67,0.48,0.0,0.0027765
2019-02-02 10:00:00,6787.5,168.0,24.8,0.17,0.62,0.0,0.0067875
2019-02-02 11:00:00,2146.5,64.0,27.77,1.48,0.55,0.0,0.0021465
2019-02-02 12:00:00,2824.5,80.0,27.83,2.15,0.34,0.0,0.0028245
2019-02-02 13:00:00,2058.5,62.0,24.96,1.79,0.48,0.0,0.0020585
2019-02-02 14:00:00,2792.5,79.0,19.53,1.73,1.52,0.0,0.0027925
2019-02-02 15:00:00,921.5,34.0,12.12,1.5,1.86,0.0,0.0009215
2019-02-02 16:00:00,0.0,3.0,3.29,1.33,1.93,0.0,0.0
2019-02-02 17:00:00,0.0,0.0,0.0,1.35,1.86,0.0,0.0
2019-02-02 18:00:00,0.0,0.0,0.0,1.43,1.66,0.0,0.0
2019-02-02 19:00:00,0.0,0.0,0.0,1.32,1.24,0.0,0.0
2019-02-02 20:00:00,0.0,0.0,0.0,1.43,1.52,0.0,0.0
2019-02-02 21:00:00,0.0,0.0,0.0,1.45,2.0,0.0,0.0
2019-02-02 22:00:00,0.0,0.0,0.0,1.34,2.07,0.0,0.0
2019-02-02 23:00:00,0.0,0.0,0.0,1.24,2.0,0.0,0.0
2019-02-03 00:00:00,0.0,0.0,0.0,1.09,1.86,0.0,0.0
2019-02-03 01:00:00,0.0,0.0,0.0,1.29,1.79,0.0,0.0
2019-02-03 02:00:00,0.0,0.0,0.0,1.17,1.38,0.0,0.0
2019-02-03 03:00:00,0.0,0.0,0.0,0.99,1.45,0.0,0.0
2019-02-03 04:00:00,0.0,0.0,0.0,0.88,1.45,0.0,0.0
2019-02-03 05:00:00,0.0,0.0,0.0,0.92,1.52,0.0,0.0
2019-02-03 06:00:00,0.0,0.0,0.0,0.91,1.59,0.0,0.0
2019-02-03 07:00:00,9.0,6.0,3.14,1.11,2.07,0.0,9e-06
2019-02-03 08:00:00,2844.5,81.0,12.04,1.45,1.66,0.0,0.0028445
2019-02-03 09:00:00,2312.0,68.0,19.53,2.08,1.03,0.0,0.002312
2019-02-03 10:00:00,6812.0,170.0,25.07,2.62,1.1,0.0,0.006812
2019-02-03 11:00:00,5186.5,134.0,28.06,3.65,1.59,0.0,0.0051865
2019-02-03 12:00:00,14803.0,353.01,28.12,4.26,1.52,0.0,0.014803
2019-02-03 13:00:00,13126.5,320.01,25.24,6.35,1.1,0.0,0.0131265
2019-02-03 14:00:00,8272.5,212.0,19.81,8.68,0.55,0.0,0.0082725
2019-02-03 15:00:00,4094.5,117.0,12.38,8.32,0.21,0.0,0.0040945
2019-02-03 16:00:00,123.0,11.0,3.53,7.59,0.14,0.0,0.000123
2019-02-03 17:00:00,0.0,0.0,0.0,6.67,0.55,0.0,0.0
2019-02-03 18:00:00,0.0,0.0,0.0,5.42,1.38,0.0,0.0
2019-02-03 19:00:00,0.0,0.0,0.0,1.63,1.79,0.0,0.0
2019-02-03 20:00:00,0.0,0.0,0.0,-0.53,2.14,0.0,0.0
2019-02-03 21:00:00,0.0,0.0,0.0,-1.85,2.21,0.0,0.0
2019-02-03 22:00:00,0.0,0.0,0.0,-2.39,2.07,0.0,0.0
2019-02-03 23:00:00,0.0,0.0,0.0,-1.64,1.72,0.0,0.0
2019-02-04 00:00:00,0.0,0.0,0.0,-0.09,1.1,0.0,0.0
2019-02-04 01:00:00,0.0,0.0,0.0,-1.03,1.03,0.0,0.0
2019-02-04 02:00:00,0.0,0.0,0.0,-2.84,1.24,0.0,0.0
2019-02-04 03:00:00,0.0,0.0,0.0,-3.75,1.31,0.0,0.0
2019-02-04 04:00:00,0.0,0.0,0.0,-4.23,1.1,0.0,0.0
2019-02-04 05:00:00,0.0,0.0,0.0,-4.99,1.03,0.0,0.0
2019-02-04 06:00:00,0.0,0.0,0.0,-5.44,0.97,0.0,0.0
2019-02-04 07:00:00,291.0,16.81,3.35,-3.76,0.9,0.0,0.000291
2019-02-04 08:00:00,5862.0,165.01,12.26,-2.23,0.69,0.0,0.005862
2019-02-04 09:00:00,11148.5,276.01,19.78,0.84,0.41,0.0,0.0111485
2019-02-04 10:00:00,14722.0,356.01,25.34,3.86,0.48,0.0,0.014722
2019-02-04 11:00:00,16783.0,402.01,28.35,4.51,0.83,0.0,0.016783
2019-02-04 12:00:00,17346.0,416.01,28.42,5.17,1.03,0.0,0.017346
2019-02-04 13:00:00,16465.0,398.01,25.54,5.4,1.59,0.0,0.016465
2019-02-04 14:00:00,12377.0,311.01,20.08,5.06,1.79,0.0,0.012377
2019-02-04 15:00:00,6335.0,188.01,12.64,6.03,1.24,0.0,0.006335
2019-02-04 16:00:00,395.5,20.0,3.78,7.34,0.9,0.0,0.0003955
2019-02-04 17:00:00,0.0,0.0,0.0,6.23,0.9,0.0,0.0
2019-02-04 18:00:00,0.0,0.0,0.0,4.97,0.83,0.0,0.0
2019-02-04 19:00:00,0.0,0.0,0.0,4.78,0.41,0.0,0.0
2019-02-04 20:00:00,0.0,0.0,0.0,3.82,1.31,0.0,0.0
2019-02-04 21:00:00,0.0,0.0,0.0,-1.38,1.86,0.0,0.0
2019-02-04 22:00:00,0.0,0.0,0.0,-2.29,1.79,0.0,0.0
2019-02-04 23:00:00,0.0,0.0,0.0,-1.57,1.52,0.0,0.0
2019-02-05 00:00:00,0.0,0.0,0.0,-1.68,1.45,0.0,0.0
2019-02-05 01:00:00,0.0,0.0,0.0,-1.99,1.31,0.0,0.0
2019-02-05 02:00:00,0.0,0.0,0.0,-2.34,1.24,0.0,0.0
2019-02-05 03:00:00,0.0,0.0,0.0,-2.74,1.17,0.0,0.0
2019-02-05 04:00:00,0.0,0.0,0.0,-2.96,1.24,0.0,0.0
2019-02-05 05:00:00,0.0,0.0,0.0,-2.96,1.17,0.0,0.0
2019-02-05 06:00:00,0.0,0.0,0.0,-2.93,1.17,0.0,0.0
2019-02-05 07:00:00,423.0,33.91,3.56,-2.15,0.97,0.0,0.000423
2019-02-05 08:00:00,6454.0,185.01,12.49,-0.93,0.83,0.0,0.006454
2019-02-05 09:00:00,12589.5,313.01,20.04,1.58,0.76,0.0,0.0125895
2019-02-05 10:00:00,16477.5,398.01,25.62,4.06,0.76,0.0,0.0164775
2019-02-05 11:00:00,18980.5,458.01,28.65,5.52,0.62,0.0,0.0189805
2019-02-05 12:00:00,19249.0,470.01,28.72,7.28,0.34,0.0,0.019249
2019-02-05 13:00:00,17608.0,435.01,25.83,8.07,0.55,0.0,0.017608
2019-02-05 14:00:00,12960.5,333.01,20.36,8.44,0.69,0.0,0.0129605
2019-02-05 15:00:00,6657.5,200.01,12.9,8.36,0.69,0.0,0.0066575
2019-02-05 16:00:00,462.0,22.0,4.02,7.47,0.62,0.0,0.000462
2019-02-05 17:00:00,0.0,0.0,0.0,6.02,0.62,0.0,0.0
2019-02-05 18:00:00,0.0,0.0,0.0,4.54,0.9,0.0,0.0
2019-02-05 19:00:00,0.0,0.0,0.0,2.32,0.97,0.0,0.0
2019-02-05 20:00:00,0.0,0.0,0.0,1.52,0.76,0.0,0.0
2019-02-05 21:00:00,0.0,0.0,0.0,0.64,0.55,0.0,0.0
2019-02-05 22:00:00,0.0,0.0,0.0,-0.16,0.55,0.0,0.0
2019-02-05 23:00:00,0.0,0.0,0.0,-0.74,0.62,0.0,0.0
2019-02-06 00:00:00,0.0,0.0,0.0,-1.06,0.62,0.0,0.0
2019-02-06 01:00:00,0.0,0.0,0.0,-1.34,0.62,0.0,0.0
2019-02-06 02:00:00,0.0,0.0,0.0,-1.58,0.69,0.0,0.0
2019-02-06 03:00:00,0.0,0.0,0.0,-1.93,0.76,0.0,0.0
2019-02-06 04:00:00,0.0,0.0,0.0,-2.4,0.83,0.0,0.0
2019-02-06 05:00:00,0.0,0.0,0.0,-2.84,0.83,0.0,0.0
2019-02-06 06:00:00,0.0,0.0,0.0,-3.53,0.9,0.0,0.0
2019-02-06 07:00:00,517.0,31.05,3.77,-3.02,0.9,0.0,0.000517
2019-02-06 08:00:00,6824.5,196.01,12.73,-1.44,0.69,0.0,0.0068245
2019-02-06 09:00:00,13243.5,329.01,20.3,1.11,0.55,0.0,0.0132435
2019-02-06 10:00:00,17485.5,423.01,25.9,3.79,0.48,0.0,0.0174855
2019-02-06 11:00:00,19951.0,485.01,28.95,6.48,0.41,0.0,0.019951
2019-02-06 12:00:00,19938.0,489.01,29.03,8.17,0.34,0.0,0.019938
2019-02-06 13:00:00,18100.5,451.01,26.13,9.44,0.34,0.0,0.0181005
2019-02-06 14:00:00,13341.0,346.01,20.65,9.91,0.28,0.0,0.013341
2019-02-06 15:00:00,6885.0,208.01,13.17,9.67,0.28,0.0,0.006885
2019-02-06 16:00:00,526.5,24.0,4.27,8.87,0.62,0.0,0.0005265
2019-02-06 17:00:00,0.0,0.0,0.0,7.65,0.69,0.0,0.0
2019-02-06 18:00:00,0.0,0.0,0.0,6.43,0.83,0.0,0.0
2019-02-06 19:00:00,0.0,0.0,0.0,2.15,1.38,0.0,0.0
2019-02-06 20:00:00,0.0,0.0,0.0,1.14,1.31,0.0,0.0
2019-02-06 21:00:00,0.0,0.0,0.0,-0.03,1.24,0.0,0.0
2019-02-06 22:00:00,0.0,0.0,0.0,-1.01,1.24,0.0,0.0
2019-02-06 23:00:00,0.0,0.0,0.0,-1.3,1.17,0.0,0.0
2019-02-07 00:00:00,0.0,0.0,0.0,-1.67,1.1,0.0,0.0
2019-02-07 01:00:00,0.0,0.0,0.0,-1.9,1.1,0.0,0.0
2019-02-07 02:00:00,0.0,0.0,0.0,-2.51,1.1,0.0,0.0
2019-02-07 03:00:00,0.0,0.0,0.0,-2.69,1.03,0.0,0.0
2019-02-07 04:00:00,0.0,0.0,0.0,-2.38,0.97,0.0,0.0
2019-02-07 05:00:00,0.0,0.0,0.0,-2.57,1.03,0.0,0.0
2019-02-07 06:00:00,0.0,0.0,0.0,-2.63,1.03,0.0,0.0
2019-02-07 07:00:00,284.5,16.0,3.99,-2.42,1.1,0.0,0.0002845
2019-02-07 08:00:00,4309.5,116.0,12.97,-0.66,0.97,0.0,0.0043095
2019-02-07 09:00:00,6660.0,167.0,20.56,2.07,0.97,0.0,0.00666
2019-02-07 10:00:00,6544.5,165.0,26.19,3.98,0.9,0.0,0.0065445
2019-02-07 11:00:00,3866.5,105.0,29.26,5.18,0.83,0.0,0.0038665
2019-02-07 12:00:00,8497.0,211.0,29.34,6.15,0.76,0.0,0.008497
2019-02-07 13:00:00,11808.0,289.0,26.44,6.6,0.55,0.0,0.011808
2019-02-07 14:00:00,6158.5,159.0,20.93,6.81,0.28,0.0,0.0061585
2019-02-07 15:00:00,4810.5,133.0,13.43,6.71,0.21,0.0,0.0048105
2019-02-07 16:00:00,431.5,21.0,4.52,6.14,0.48,0.0,0.0004315
2019-02-07 17:00:00,0.0,0.0,0.0,5.27,0.69,0.0,0.0
2019-02-07 18:00:00,0.0,0.0,0.0,4.03,0.76,0.0,0.0
2019-02-07 19:00:00,0.0,0.0,0.0,3.75,0.97,0.0,0.0
2019-02-07 20:00:00,0.0,0.0,0.0,2.48,0.83,0.0,0.0
2019-02-07 21:00:00,0.0,0.0,0.0,1.55,0.83,0.0,0.0
2019-02-07 22:00:00,0.0,0.0,0.0,1.33,0.69,0.0,0.0
2019-02-07 23:00:00,0.0,0.0,0.0,0.94,0.83,0.0,0.0
2019-02-08 00:00:00,0.0,0.0,0.0,-0.16,1.03,0.0,0.0
2019-02-08 01:00:00,0.0,0.0,0.0,-0.92,1.1,0.0,0.0
2019-02-08 02:00:00,0.0,0.0,0.0,-1.15,1.03,0.0,0.0
2019-02-08 03:00:00,0.0,0.0,0.0,-2.34,1.1,0.0,0.0
2019-02-08 04:00:00,0.0,0.0,0.0,-2.53,1.1,0.0,0.0
2019-02-08 05:00:00,0.0,0.0,0.0,-2.46,1.1,0.0,0.0
2019-02-08 06:00:00,0.0,0.0,0.0,-2.77,1.03,0.0,0.0
2019-02-08 07:00:00,533.5,24.55,4.22,-1.33,0.97,0.0,0.0005335
2019-02-08 08:00:00,6543.0,182.01,13.22,0.32,0.76,0.0,0.006543
2019-02-08 09:00:00,13717.5,342.01,20.84,2.83,0.76,0.0,0.0137175
2019-02-08 10:00:00,17995.0,436.01,26.49,5.21,0.83,0.0,0.017995
2019-02-08 11:00:00,19134.5,466.01,29.57,7.63,0.48,0.0,0.0191345
2019-02-08 12:00:00,20006.0,492.01,29.66,8.92,0.28,0.0,0.020006
2019-02-08 13:00:00,17921.5,445.01,26.74,9.79,0.48,0.0,0.0179215
2019-02-08 14:00:00,13882.5,358.01,21.22,10.09,0.62,0.0,0.0138825
2019-02-08 15:00:00,6959.5,203.01,13.7,9.86,0.55,0.0,0.0069595
2019-02-08 16:00:00,629.0,27.0,4.77,9.4,0.41,0.0,0.000629
2019-02-08 17:00:00,0.0,0.0,0.0,8.53,0.21,0.0,0.0
2019-02-08 18:00:00,0.0,0.0,0.0,7.34,0.55,0.0,0.0
2019-02-08 19:00:00,0.0,0.0,0.0,6.04,1.1,0.0,0.0
2019-02-08 20:00:00,0.0,0.0,0.0,2.4,1.59,0.0,0.0
2019-02-08 21:00:00,0.0,0.0,0.0,0.7,1.59,0.0,0.0
2019-02-08 22:00:00,0.0,0.0,0.0,-0.09,1.66,0.0,0.0
2019-02-08 23:00:00,0.0,0.0,0.0,-0.35,1.66,0.0,0.0
2019-02-09 00:00:00,0.0,0.0,0.0,-0.39,1.52,0.0,0.0
2019-02-09 01:00:00,0.0,0.0,0.0,0.04,1.24,0.0,0.0
2019-02-09 02:00:00,0.0,0.0,0.0,0.6,1.03,0.0,0.0
2019-02-09 03:00:00,0.0,0.0,0.0,0.22,0.97,0.0,0.0
2019-02-09 04:00:00,0.0,0.0,0.0,0.09,0.9,0.0,0.0
2019-02-09 05:00:00,0.0,0.0,0.0,-0.5,0.97,0.0,0.0
2019-02-09 06:00:00,0.0,0.0,0.0,-0.8,1.03,0.0,0.0
2019-02-09 07:00:00,704.0,42.72,4.45,-1.03,0.62,0.0,0.000704
2019-02-09 08:00:00,7070.0,199.01,13.47,0.87,0.48,0.0,0.00707
2019-02-09 09:00:00,13734.0,343.01,21.11,3.77,0.62,0.0,0.013734
2019-02-09 10:00:00,18293.0,445.01,26.79,5.95,0.69,0.0,0.018293
2019-02-09 11:00:00,20735.0,504.01,29.88,7.16,0.55,0.0,0.020735
2019-02-09 12:00:00,20344.0,497.01,29.98,8.36,0.55,0.0,0.020344
2019-02-09 13:00:00,13577.0,335.0,27.05,9.38,0.55,0.0,0.013577
2019-02-09 14:00:00,8879.0,226.0,21.51,9.83,0.62,0.0,0.008879
2019-02-09 15:00:00,6742.0,192.01,13.97,9.81,0.83,0.0,0.006742
2019-02-09 16:00:00,740.5,30.0,5.02,8.45,1.17,0.0,0.0007405
2019-02-09 17:00:00,0.0,0.0,0.0,5.99,1.38,0.0,0.0
2019-02-09 18:00:00,0.0,0.0,0.0,5.02,1.24,0.0,0.0
2019-02-09 19:00:00,0.0,0.0,0.0,5.23,1.03,0.0,0.0
2019-02-09 20:00:00,0.0,0.0,0.0,5.11,0.97,0.0,0.0
2019-02-09 21:00:00,0.0,0.0,0.0,3.53,1.17,0.0,0.0
2019-02-09 22:00:00,0.0,0.0,0.0,2.82,1.17,0.0,0.0
2019-02-09 23:00:00,0.0,0.0,0.0,3.15,1.1,0.0,0.0
2019-02-10 00:00:00,0.0,0.0,0.0,2.69,1.24,0.0,0.0
2019-02-10 01:00:00,0.0,0.0,0.0,2.55,1.31,0.0,0.0
2019-02-10 02:00:00,0.0,0.0,0.0,2.74,1.1,0.0,0.0
2019-02-10 03:00:00,0.0,0.0,0.0,3.11,0.9,0.0,0.0
2019-02-10 04:00:00,0.0,0.0,0.0,2.79,0.97,0.0,0.0
2019-02-10 05:00:00,0.0,0.0,0.0,2.67,1.03,0.0,0.0
2019-02-10 06:00:00,0.0,0.0,0.0,2.45,1.03,0.0,0.0
2019-02-10 07:00:00,447.0,21.82,4.69,3.2,0.21,0.0,0.000447
2019-02-10 08:00:00,951.0,35.0,13.73,3.15,0.55,0.0,0.000951
2019-02-10 09:00:00,7043.0,177.0,21.39,3.83,0.76,0.0,0.007043
2019-02-10 10:00:00,6490.0,164.0,27.09,4.33,0.9,0.0,0.00649
2019-02-10 11:00:00,5414.5,140.0,30.2,4.91,1.1,0.0,0.0054145
2019-02-10 12:00:00,5935.5,152.0,30.3,5.27,1.1,0.0,0.0059355
2019-02-10 13:00:00,7469.0,187.0,27.36,5.81,1.31,0.0,0.007469
2019-02-10 14:00:00,4512.5,120.0,21.81,5.83,1.38,0.0,0.0045125
2019-02-10 15:00:00,5388.5,146.0,14.24,5.84,1.59,0.0,0.0053885
2019-02-10 16:00:00,716.0,29.0,5.27,5.39,1.24,0.0,0.000716
2019-02-10 17:00:00,0.0,0.0,0.0,4.78,1.52,0.0,0.0
2019-02-10 18:00:00,0.0,0.0,0.0,4.23,1.03,0.0,0.0
2019-02-10 19:00:00,0.0,0.0,0.0,3.04,1.24,0.0,0.0
2019-02-10 20:00:00,0.0,0.0,0.0,2.44,0.55,0.0,0.0
2019-02-10 21:00:00,0.0,0.0,0.0,2.46,0.28,0.0,0.0
2019-02-10 22:00:00,0.0,0.0,0.0,2.08,0.55,0.0,0.0
2019-02-10 23:00:00,0.0,0.0,0.0,1.34,0.83,0.0,0.0
2019-02-11 00:00:00,0.0,0.0,0.0,0.57,1.24,0.0,0.0
2019-02-11 01:00:00,0.0,0.0,0.0,0.71,1.86,0.0,0.0
2019-02-11 02:00:00,0.0,0.0,0.0,1.57,2.48,0.0,0.0
2019-02-11 03:00:00,0.0,0.0,0.0,2.21,2.76,0.0,0.0
2019-02-11 04:00:00,0.0,0.0,0.0,2.43,3.17,0.0,0.0
2019-02-11 05:00:00,0.0,0.0,0.0,2.89,3.72,0.0,0.0
2019-02-11 06:00:00,0.0,0.0,0.0,3.43,4.14,0.0,0.0
2019-02-11 07:00:00,885.5,40.66,4.93,4.83,4.62,0.0,0.0008855
2019-02-11 08:00:00,8160.5,235.01,13.99,6.4,4.9,0.0,0.0081605
2019-02-11 09:00:00,15636.0,391.01,21.68,8.37,4.62,0.0,0.015636
2019-02-11 10:00:00,20946.5,506.02,27.4,9.83,4.41,0.0,0.0209465
2019-02-11 11:00:00,23459.0,563.02,30.53,10.75,4.34,0.0,0.023459
2019-02-11 12:00:00,23535.0,568.02,30.63,11.4,3.86,0.0,0.023535
2019-02-11 13:00:00,20733.5,507.01,27.68,11.75,3.52,0.0,0.0207335
2019-02-11 14:00:00,15606.0,397.01,22.1,11.74,3.1,0.0,0.015606
2019-02-11 15:00:00,8364.0,244.01,14.52,11.36,2.41,0.0,0.008364
2019-02-11 16:00:00,593.0,26.0,5.53,9.94,2.21,0.0,0.000593
2019-02-11 17:00:00,0.0,0.0,0.0,7.78,2.48,0.0,0.0
2019-02-11 18:00:00,0.0,0.0,0.0,5.88,2.48,0.0,0.0
2019-02-11 19:00:00,0.0,0.0,0.0,4.19,1.93,0.0,0.0
2019-02-11 20:00:00,0.0,0.0,0.0,2.07,2.21,0.0,0.0
2019-02-11 21:00:00,0.0,0.0,0.0,0.63,2.14,0.0,0.0
2019-02-11 22:00:00,0.0,0.0,0.0,0.51,1.79,0.0,0.0
2019-02-11 23:00:00,0.0,0.0,0.0,1.38,1.38,0.0,0.0
2019-02-12 00:00:00,0.0,0.0,0.0,1.71,1.24,0.0,0.0
2019-02-12 01:00:00,0.0,0.0,0.0,0.55,1.24,0.0,0.0
2019-02-12 02:00:00,0.0,0.0,0.0,-0.75,1.45,0.0,0.0
2019-02-12 03:00:00,0.0,0.0,0.0,-1.46,1.59,0.0,0.0
2019-02-12 04:00:00,0.0,0.0,0.0,-1.8,1.59,0.0,0.0
2019-02-12 05:00:00,0.0,0.0,0.0,-1.78,1.52,0.0,0.0
2019-02-12 06:00:00,0.0,0.0,0.0,-0.6,1.1,0.0,0.0
2019-02-12 07:00:00,943.0,57.52,5.17,-0.18,0.97,0.0,0.000943
2019-02-12 08:00:00,8472.5,238.01,14.25,0.99,0.76,0.0,0.0084725
2019-02-12 09:00:00,15809.5,393.01,21.97,3.58,0.76,0.0,0.0158095
2019-02-12 10:00:00,20555.0,500.01,27.71,6.19,0.76,0.0,0.020555
2019-02-12 11:00:00,22642.0,555.02,30.86,8.34,0.41,0.0,0.022642
2019-02-12 12:00:00,22627.0,560.02,30.96,9.91,0.28,0.0,0.022627
2019-02-12 13:00:00,19918.5,495.01,28.0,10.89,0.69,0.0,0.0199185
2019-02-12 14:00:00,15217.0,389.01,22.4,11.35,1.03,0.0,0.015217
2019-02-12 15:00:00,8562.0,249.01,14.79,11.14,0.97,0.0,0.008562
2019-02-12 16:00:00,1031.5,38.0,5.78,9.73,0.97,0.0,0.0010315
2019-02-12 17:00:00,0.0,0.0,0.0,8.32,0.97,0.0,0.0
2019-02-12 18:00:00,0.0,0.0,0.0,7.77,0.69,0.0,0.0
2019-02-12 19:00:00,0.0,0.0,0.0,5.14,2.0,0.0,0.0
2019-02-12 20:00:00,0.0,0.0,0.0,4.87,1.79,0.0,0.0
2019-02-12 21:00:00,0.0,0.0,0.0,3.7,1.86,0.0,0.0
2019-02-12 22:00:00,0.0,0.0,0.0,2.44,2.0,0.0,0.0
2019-02-12 23:00:00,0.0,0.0,0.0,1.47,2.0,0.0,0.0
2019-02-13 00:00:00,0.0,0.0,0.0,1.1,1.79,0.0,0.0
2019-02-13 01:00:00,0.0,0.0,0.0,1.26,1.45,0.0,0.0
2019-02-13 02:00:00,0.0,0.0,0.0,2.24,0.97,0.0,0.0
2019-02-13 03:00:00,0.0,0.0,0.0,2.16,0.76,0.0,0.0
2019-02-13 04:00:00,0.0,0.0,0.0,1.79,0.83,0.0,0.0
2019-02-13 05:00:00,0.0,0.0,0.0,1.46,0.9,0.0,0.0
2019-02-13 06:00:00,0.0,0.0,0.0,1.56,0.62,0.0,0.0
2019-02-13 07:00:00,1055.0,55.6,5.42,0.45,0.34,0.0,0.001055
2019-02-13 08:00:00,8260.0,231.01,14.52,1.72,0.48,0.0,0.00826
2019-02-13 09:00:00,15338.0,382.01,22.26,4.59,0.69,0.0,0.015338
2019-02-13 10:00:00,20197.0,491.01,28.03,6.62,0.83,0.0,0.020197
2019-02-13 11:00:00,22746.0,553.02,31.19,8.05,0.83,0.0,0.022746
2019-02-13 12:00:00,22629.5,555.02,31.29,9.17,0.55,0.0,0.0226295
2019-02-13 13:00:00,20068.5,498.01,28.32,9.91,0.34,0.0,0.0200685
2019-02-13 14:00:00,15134.5,386.01,22.7,10.32,0.55,0.0,0.0151345
2019-02-13 15:00:00,8463.5,243.01,15.07,10.25,0.97,0.0,0.0084635
2019-02-13 16:00:00,1564.5,71.0,6.04,9.39,1.03,0.0,0.0015645
2019-02-13 17:00:00,0.0,0.0,0.0,6.97,1.38,0.0,0.0
2019-02-13 18:00:00,0.0,0.0,0.0,4.94,1.38,0.0,0.0
2019-02-13 19:00:00,0.0,0.0,0.0,6.25,0.41,0.0,0.0
2019-02-13 20:00:00,0.0,0.0,0.0,5.93,0.21,0.0,0.0
2019-02-13 21:00:00,0.0,0.0,0.0,5.49,0.0,0.0,0.0
2019-02-13 22:00:00,0.0,0.0,0.0,4.78,0.28,0.0,0.0
2019-02-13 23:00:00,0.0,0.0,0.0,3.68,0.48,0.0,0.0
2019-02-14 00:00:00,0.0,0.0,0.0,2.53,0.55,0.0,0.0
2019-02-14 01:00:00,0.0,0.0,0.0,1.28,0.55,0.0,0.0
2019-02-14 02:00:00,0.0,0.0,0.0,0.3,0.55,0.0,0.0
2019-02-14 03:00:00,0.0,0.0,0.0,-0.24,0.62,0.0,0.0
2019-02-14 04:00:00,0.0,0.0,0.0,-0.56,0.76,0.0,0.0
2019-02-14 05:00:00,0.0,0.0,0.0,-0.81,0.83,0.0,0.0
2019-02-14 06:00:00,0.0,0.0,0.0,-1.05,0.9,0.0,0.0
2019-02-14 07:00:00,1176.5,59.84,5.68,-1.28,1.24,0.0,0.0011765
2019-02-14 08:00:00,8566.0,237.01,14.8,1.75,0.76,0.0,0.008566
2019-02-14 09:00:00,15611.0,390.01,22.56,5.38,0.48,0.0,0.015611
2019-02-14 10:00:00,20319.0,500.01,28.35,8.34,0.41,0.0,0.020319
2019-02-14 11:00:00,22638.5,559.02,31.53,10.44,0.48,0.0,0.0226385
2019-02-14 12:00:00,22793.0,567.02,31.63,11.91,0.48,0.0,0.022793
2019-02-14 13:00:00,20130.5,507.01,28.64,12.94,0.28,0.0,0.0201305
2019-02-14 14:00:00,15359.5,398.01,23.0,13.53,0.34,0.0,0.0153595
2019-02-14 15:00:00,8642.0,251.01,15.34,13.55,0.62,0.0,0.008642
2019-02-14 16:00:00,1669.5,76.0,6.29,12.32,1.03,0.0,0.0016695
2019-02-14 17:00:00,0.0,0.0,0.0,9.15,1.45,0.0,0.0
2019-02-14 18:00:00,0.0,0.0,0.0,6.84,1.59,0.0,0.0
2019-02-14 19:00:00,0.0,0.0,0.0,8.68,0.97,0.0,0.0
2019-02-14 20:00:00,0.0,0.0,0.0,7.81,0.83,0.0,0.0
2019-02-14 21:00:00,0.0,0.0,0.0,5.37,1.38,0.0,0.0
2019-02-14 22:00:00,0.0,0.0,0.0,2.84,1.79,0.0,0.0
2019-02-14 23:00:00,0.0,0.0,0.0,3.57,1.38,0.0,0.0
2019-02-15 00:00:00,0.0,0.0,0.0,4.29,0.83,0.0,0.0
2019-02-15 01:00:00,0.0,0.0,0.0,3.71,0.41,0.0,0.0
2019-02-15 02:00:00,0.0,0.0,0.0,2.98,0.34,0.0,0.0
2019-02-15 03:00:00,0.0,0.0,0.0,2.11,0.55,0.0,0.0
2019-02-15 04:00:00,0.0,0.0,0.0,1.0,0.55,0.0,0.0
2019-02-15 05:00:00,0.0,0.0,0.0,0.31,0.55,0.0,0.0
2019-02-15 06:00:00,0.0,0.0,0.0,0.03,0.62,0.0,0.0
2019-02-15 07:00:00,1640.5,74.0,5.94,-0.97,1.1,0.0,0.0016405
2019-02-15 08:00:00,8536.0,233.01,15.08,2.51,0.34,0.0,0.008536
2019-02-15 09:00:00,15912.0,399.01,22.86,6.11,0.21,0.0,0.015912
2019-02-15 10:00:00,20639.0,509.01,28.68,9.11,0.48,0.0,0.020639
2019-02-15 11:00:00,23004.0,572.02,31.87,11.21,0.28,0.0,0.023004
2019-02-15 12:00:00,23282.5,580.02,31.97,12.75,0.69,0.0,0.0232825
2019-02-15 13:00:00,20633.5,517.01,28.96,13.7,0.97,0.0,0.0206335
2019-02-15 14:00:00,15837.0,409.01,23.3,14.13,0.83,0.0,0.015837
2019-02-15 15:00:00,8854.5,255.01,15.62,14.01,0.69,0.0,0.0088545
2019-02-15 16:00:00,1854.5,81.0,6.55,12.84,1.31,0.0,0.0018545
2019-02-15 17:00:00,0.0,0.0,0.0,10.45,2.07,0.0,0.0
2019-02-15 18:00:00,0.0,0.0,0.0,8.29,2.34,0.0,0.0
2019-02-15 19:00:00,0.0,0.0,0.0,6.88,2.0,0.0,0.0
2019-02-15 20:00:00,0.0,0.0,0.0,5.02,1.93,0.0,0.0
2019-02-15 21:00:00,0.0,0.0,0.0,4.13,1.72,0.0,0.0
2019-02-15 22:00:00,0.0,0.0,0.0,4.24,1.31,0.0,0.0
2019-02-15 23:00:00,0.0,0.0,0.0,4.8,1.1,0.0,0.0
2019-02-16 00:00:00,0.0,0.0,0.0,3.93,0.97,0.0,0.0
2019-02-16 01:00:00,0.0,0.0,0.0,3.16,0.83,0.0,0.0
2019-02-16 02:00:00,0.0,0.0,0.0,2.67,0.69,0.0,0.0
2019-02-16 03:00:00,0.0,0.0,0.0,2.2,0.55,0.0,0.0
2019-02-16 04:00:00,0.0,0.0,0.0,1.7,0.55,0.0,0.0
2019-02-16 05:00:00,0.0,0.0,0.0,1.25,0.62,0.0,0.0
2019-02-16 06:00:00,0.0,0.0,0.0,0.8,0.69,0.0,0.0
2019-02-16 07:00:00,1775.0,75.0,6.2,0.99,0.83,0.0,0.001775
2019-02-16 08:00:00,8720.5,236.01,15.36,2.97,0.69,0.0,0.0087205
2019-02-16 09:00:00,16008.0,399.01,23.17,6.54,0.69,0.0,0.016008
2019-02-16 10:00:00,20869.0,514.01,29.01,9.2,0.55,0.0,0.020869
2019-02-16 11:00:00,23173.0,577.02,32.21,11.1,0.14,0.0,0.023173
2019-02-16 12:00:00,23198.0,581.02,32.31,12.52,0.21,0.0,0.023198
2019-02-16 13:00:00,20662.0,519.01,29.29,13.43,0.55,0.0,0.020662
2019-02-16 14:00:00,15950.0,411.01,23.6,13.87,0.62,0.0,0.01595
2019-02-16 15:00:00,9039.0,258.01,15.9,13.84,0.55,0.0,0.009039
2019-02-16 16:00:00,1973.5,86.0,6.8,12.93,0.76,0.0,0.0019735
2019-02-16 17:00:00,0.0,0.0,0.0,10.25,1.1,0.0,0.0
2019-02-16 18:00:00,0.0,0.0,0.0,10.35,0.76,0.0,0.0
2019-02-16 19:00:00,0.0,0.0,0.0,9.75,0.48,0.0,0.0
2019-02-16 20:00:00,0.0,0.0,0.0,8.62,0.97,0.0,0.0
2019-02-16 21:00:00,0.0,0.0,0.0,7.25,1.17,0.0,0.0
2019-02-16 22:00:00,0.0,0.0,0.0,5.64,1.1,0.0,0.0
2019-02-16 23:00:00,0.0,0.0,0.0,4.04,0.97,0.0,0.0
2019-02-17 00:00:00,0.0,0.0,0.0,2.88,0.97,0.0,0.0
2019-02-17 01:00:00,0.0,0.0,0.0,2.03,0.83,0.0,0.0
2019-02-17 02:00:00,0.0,0.0,0.0,1.29,0.9,0.0,0.0
2019-02-17 03:00:00,0.0,0.0,0.0,0.81,0.9,0.0,0.0
2019-02-17 04:00:00,0.0,0.0,0.0,0.45,0.83,0.0,0.0
2019-02-17 05:00:00,0.0,0.0,0.0,0.11,0.83,0.0,0.0
2019-02-17 06:00:00,0.0,0.0,0.0,-0.12,0.83,0.0,0.0
2019-02-17 07:00:00,1930.5,82.0,6.47,0.14,0.97,0.0,0.0019305
2019-02-17 08:00:00,8973.5,242.01,15.65,3.25,0.69,0.0,0.0089735
2019-02-17 09:00:00,16137.0,403.01,23.48,7.23,0.55,0.0,0.016137
2019-02-17 10:00:00,20955.5,520.01,29.34,10.55,0.41,0.0,0.0209555
2019-02-17 11:00:00,23324.0,583.02,32.56,12.82,0.41,0.0,0.023324
2019-02-17 12:00:00,23199.0,584.02,32.66,14.31,0.41,0.0,0.023199
2019-02-17 13:00:00,20661.0,524.01,29.62,15.21,0.41,0.0,0.020661
2019-02-17 14:00:00,15876.0,412.01,23.91,15.64,0.48,0.0,0.015876
2019-02-17 15:00:00,9039.5,257.01,16.18,15.6,0.55,0.0,0.0090395
2019-02-17 16:00:00,2129.5,91.0,7.06,14.92,0.21,0.0,0.0021295
2019-02-17 17:00:00,0.0,0.0,0.0,13.52,0.34,0.0,0.0
2019-02-17 18:00:00,0.0,0.0,0.0,11.55,0.76,0.0,0.0
2019-02-17 19:00:00,0.0,0.0,0.0,8.12,1.66,0.0,0.0
2019-02-17 20:00:00,0.0,0.0,0.0,5.63,1.86,0.0,0.0
2019-02-17 21:00:00,0.0,0.0,0.0,4.59,2.0,0.0,0.0
2019-02-17 22:00:00,0.0,0.0,0.0,4.27,2.0,0.0,0.0
2019-02-17 23:00:00,0.0,0.0,0.0,3.72,1.93,0.0,0.0
2019-02-18 00:00:00,0.0,0.0,0.0,3.6,1.72,0.0,0.0
2019-02-18 01:00:00,0.0,0.0,0.0,3.45,1.66,0.0,0.0
2019-02-18 02:00:00,0.0,0.0,0.0,3.51,1.59,0.0,0.0
2019-02-18 03:00:00,0.0,0.0,0.0,3.48,1.52,0.0,0.0
2019-02-18 04:00:00,0.0,0.0,0.0,3.54,1.31,0.0,0.0
2019-02-18 05:00:00,0.0,0.0,0.0,3.57,1.17,0.0,0.0
2019-02-18 06:00:00,0.0,0.0,0.0,3.68,1.03,0.0,0.0
2019-02-18 07:00:00,2072.0,86.0,6.74,2.51,1.03,0.0,0.002072
2019-02-18 08:00:00,9272.5,250.01,15.94,4.04,0.97,0.0,0.0092725
2019-02-18 09:00:00,16443.5,407.01,23.8,6.56,0.97,0.0,0.0164435
2019-02-18 10:00:00,21283.0,518.01,29.68,8.44,1.1,0.0,0.021283
2019-02-18 11:00:00,23571.0,577.01,32.91,10.76,1.17,0.0,0.023571
2019-02-18 12:00:00,23738.5,585.01,33.0,12.28,1.24,0.0,0.0237385
2019-02-18 13:00:00,21110.5,525.01,29.95,13.36,1.24,0.0,0.0211105
2019-02-18 14:00:00,16308.0,416.01,24.21,13.87,1.24,0.0,0.016308
2019-02-18 15:00:00,9275.0,259.01,16.45,13.88,1.31,0.0,0.009275
2019-02-18 16:00:00,2274.5,97.0,7.32,13.1,1.03,0.0,0.0022745
2019-02-18 17:00:00,0.0,0.0,0.0,10.86,1.31,0.0,0.0
2019-02-18 18:00:00,0.0,0.0,0.0,8.12,1.79,0.0,0.0
2019-02-18 19:00:00,0.0,0.0,0.0,6.37,2.28,0.0,0.0
2019-02-18 20:00:00,0.0,0.0,0.0,5.46,2.14,0.0,0.0
2019-02-18 21:00:00,0.0,0.0,0.0,4.51,2.07,0.0,0.0
2019-02-18 22:00:00,0.0,0.0,0.0,3.62,2.07,0.0,0.0
2019-02-18 23:00:00,0.0,0.0,0.0,2.97,1.93,0.0,0.0
2019-02-19 00:00:00,0.0,0.0,0.0,2.52,1.79,0.0,0.0
2019-02-19 01:00:00,0.0,0.0,0.0,2.47,1.59,0.0,0.0
2019-02-19 02:00:00,0.0,0.0,0.0,2.43,1.45,0.0,0.0
2019-02-19 03:00:00,0.0,0.0,0.0,2.75,1.24,0.0,0.0
2019-02-19 04:00:00,0.0,0.0,0.0,3.28,1.03,0.0,0.0
2019-02-19 05:00:00,0.0,0.0,0.0,3.55,0.83,0.0,0.0
2019-02-19 06:00:00,0.0,0.0,0.0,2.61,0.69,0.0,0.0
2019-02-19 07:00:00,2217.5,91.0,7.02,1.52,0.62,0.0,0.0022175
2019-02-19 08:00:00,9516.5,254.01,16.24,2.62,0.48,0.0,0.0095165
2019-02-19 09:00:00,16702.5,414.01,24.12,6.25,0.48,0.0,0.0167025
2019-02-19 10:00:00,21418.5,524.01,30.02,8.88,0.76,0.0,0.0214185
2019-02-19 11:00:00,23796.0,583.01,33.26,10.85,1.1,0.0,0.023796
2019-02-19 12:00:00,23878.5,588.01,33.36,12.23,1.24,0.0,0.0238785
2019-02-19 13:00:00,21545.0,534.01,30.28,13.07,1.38,0.0,0.021545
2019-02-19 14:00:00,16523.5,419.01,24.52,13.49,1.52,0.0,0.0165235
2019-02-19 15:00:00,9540.0,264.01,16.73,13.4,1.72,0.0,0.00954
2019-02-19 16:00:00,2441.5,102.0,7.58,12.4,1.45,0.0,0.0024415
2019-02-19 17:00:00,0.0,0.0,0.0,10.53,1.72,0.0,0.0
2019-02-19 18:00:00,0.0,0.0,0.0,8.59,2.07,0.0,0.0
2019-02-19 19:00:00,0.0,0.0,0.0,7.2,2.14,0.0,0.0
2019-02-19 20:00:00,0.0,0.0,0.0,5.9,1.93,0.0,0.0
2019-02-19 21:00:00,0.0,0.0,0.0,4.57,1.86,0.0,0.0
2019-02-19 22:00:00,0.0,0.0,0.0,3.73,1.72,0.0,0.0
2019-02-19 23:00:00,0.0,0.0,0.0,3.16,1.66,0.0,0.0
2019-02-20 00:00:00,0.0,0.0,0.0,3.34,1.31,0.0,0.0
2019-02-20 01:00:00,0.0,0.0,0.0,4.31,0.9,0.0,0.0
2019-02-20 02:00:00,0.0,0.0,0.0,4.0,0.76,0.0,0.0
2019-02-20 03:00:00,0.0,0.0,0.0,3.5,0.76,0.0,0.0
2019-02-20 04:00:00,0.0,0.0,0.0,2.84,0.9,0.0,0.0
2019-02-20 05:00:00,0.0,0.0,0.0,2.44,0.9,0.0,0.0
2019-02-20 06:00:00,0.0,0.0,0.0,2.52,0.69,0.0,0.0
2019-02-20 07:00:00,2372.0,95.0,7.3,3.07,0.62,0.0,0.002372
2019-02-20 08:00:00,9713.0,260.01,16.54,4.05,0.48,0.0,0.009713
2019-02-20 09:00:00,16886.5,417.01,24.44,5.76,0.41,0.0,0.0168865
2019-02-20 10:00:00,21454.5,524.01,30.37,7.66,0.34,0.0,0.0214545
2019-02-20 11:00:00,23443.0,576.01,33.62,9.76,0.41,0.0,0.023443
2019-02-20 12:00:00,23462.5,581.01,33.71,11.55,0.48,0.0,0.0234625
2019-02-20 13:00:00,21304.0,531.01,30.62,12.7,0.62,0.0,0.021304
2019-02-20 14:00:00,16598.0,422.01,24.82,13.38,0.9,0.0,0.016598
2019-02-20 15:00:00,9656.5,267.01,17.01,13.54,0.97,0.0,0.0096565
2019-02-20 16:00:00,2528.5,100.0,7.83,13.03,0.69,0.0,0.0025285
2019-02-20 17:00:00,0.0,0.0,0.0,11.13,0.83,0.0,0.0
2019-02-20 18:00:00,0.0,0.0,0.0,9.75,0.83,0.0,0.0
2019-02-20 19:00:00,0.0,0.0,0.0,7.17,1.24,0.0,0.0
2019-02-20 20:00:00,0.0,0.0,0.0,7.17,1.03,0.0,0.0
2019-02-20 21:00:00,0.0,0.0,0.0,6.86,0.97,0.0,0.0
2019-02-20 22:00:00,0.0,0.0,0.0,6.2,0.9,0.0,0.0
2019-02-20 23:00:00,0.0,0.0,0.0,5.47,0.76,0.0,0.0
2019-02-21 00:00:00,0.0,0.0,0.0,4.93,0.62,0.0,0.0
2019-02-21 01:00:00,0.0,0.0,0.0,4.5,0.62,0.0,0.0
2019-02-21 02:00:00,0.0,0.0,0.0,4.16,0.62,0.0,0.0
2019-02-21 03:00:00,0.0,0.0,0.0,3.75,0.48,0.0,0.0
2019-02-21 04:00:00,0.0,0.0,0.0,3.17,0.55,0.0,0.0
2019-02-21 05:00:00,0.0,0.0,0.0,2.92,0.55,0.0,0.0
2019-02-21 06:00:00,0.0,0.0,0.0,2.63,0.55,0.0,0.0
2019-02-21 07:00:00,2554.5,101.0,7.59,2.44,0.69,0.0,0.0025545
2019-02-21 08:00:00,9840.0,261.01,16.85,3.85,0.55,0.0,0.00984
2019-02-21 09:00:00,16815.0,414.01,24.77,5.74,0.41,0.0,0.016815
2019-02-21 10:00:00,21310.5,521.01,30.72,7.92,0.28,0.0,0.0213105
2019-02-21 11:00:00,23545.0,582.01,33.98,10.18,0.14,0.0,0.023545
2019-02-21 12:00:00,23329.0,583.01,34.07,12.22,0.07,0.0,0.023329
2019-02-21 13:00:00,21198.5,533.01,30.96,13.52,0.21,0.0,0.0211985
2019-02-21 14:00:00,16609.5,425.01,25.13,14.26,0.48,0.0,0.0166095
2019-02-21 15:00:00,9776.5,271.01,17.29,14.49,0.69,0.0,0.0097765
2019-02-21 16:00:00,2690.5,108.0,8.09,13.98,0.76,0.0,0.0026905
2019-02-21 17:00:00,0.0,0.0,0.0,11.99,1.1,0.0,0.0
2019-02-21 18:00:00,0.0,0.0,0.0,11.21,0.62,0.0,0.0
2019-02-21 19:00:00,0.0,0.0,0.0,7.97,1.38,0.0,0.0
2019-02-21 20:00:00,0.0,0.0,0.0,8.89,0.97,0.0,0.0
2019-02-21 21:00:00,0.0,0.0,0.0,7.34,1.03,0.0,0.0
2019-02-21 22:00:00,0.0,0.0,0.0,5.89,1.1,0.0,0.0
2019-02-21 23:00:00,0.0,0.0,0.0,5.48,0.97,0.0,0.0
2019-02-22 00:00:00,0.0,0.0,0.0,4.39,1.03,0.0,0.0
2019-02-22 01:00:00,0.0,0.0,0.0,4.01,1.1,0.0,0.0
2019-02-22 02:00:00,0.0,0.0,0.0,4.16,0.97,0.0,0.0
2019-02-22 03:00:00,0.0,0.0,0.0,4.28,0.76,0.0,0.0
2019-02-22 04:00:00,0.0,0.0,0.0,3.08,0.97,0.0,0.0
2019-02-22 05:00:00,0.0,0.0,0.0,2.38,1.1,0.0,0.0
2019-02-22 06:00:00,0.0,0.0,0.0,2.27,1.1,0.0,0.0
2019-02-22 07:00:00,2087.5,69.0,7.88,4.07,0.9,0.0,0.0020875
2019-02-22 08:00:00,9964.5,263.01,17.15,5.08,0.97,0.0,0.0099645
2019-02-22 09:00:00,17131.0,427.01,25.1,9.2,0.69,0.0,0.017131
2019-02-22 10:00:00,21390.5,535.01,31.07,12.22,0.14,0.0,0.0213905
2019-02-22 11:00:00,23480.0,590.01,34.35,14.81,0.55,0.0,0.02348
2019-02-22 12:00:00,23163.5,585.01,34.43,16.51,0.76,0.0,0.0231635
2019-02-22 13:00:00,21273.5,541.01,31.29,17.59,0.83,0.0,0.0212735
2019-02-22 14:00:00,16654.5,432.01,25.44,18.0,0.76,0.0,0.0166545
2019-02-22 15:00:00,10112.5,283.01,17.58,17.78,1.17,0.0,0.0101125
2019-02-22 16:00:00,2876.0,115.0,8.35,16.54,1.45,0.0,0.002876
2019-02-22 17:00:00,0.0,0.0,0.0,14.13,1.52,0.0,0.0
2019-02-22 18:00:00,0.0,0.0,0.0,11.98,1.31,0.0,0.0
2019-02-22 19:00:00,0.0,0.0,0.0,12.5,1.52,0.0,0.0
2019-02-22 20:00:00,0.0,0.0,0.0,9.91,2.0,0.0,0.0
2019-02-22 21:00:00,0.0,0.0,0.0,8.15,2.21,0.0,0.0
2019-02-22 22:00:00,0.0,0.0,0.0,7.08,2.07,0.0,0.0
2019-02-22 23:00:00,0.0,0.0,0.0,6.54,1.86,0.0,0.0
2019-02-23 00:00:00,0.0,0.0,0.0,6.18,1.66,0.0,0.0
2019-02-23 01:00:00,0.0,0.0,0.0,5.77,1.45,0.0,0.0
2019-02-23 02:00:00,0.0,0.0,0.0,5.22,1.45,0.0,0.0
2019-02-23 03:00:00,0.0,0.0,0.0,3.92,1.66,0.0,0.0
2019-02-23 04:00:00,0.0,0.0,0.0,2.79,2.21,0.0,0.0
2019-02-23 05:00:00,0.0,0.0,0.0,2.93,2.62,0.0,0.0
2019-02-23 06:00:00,0.0,0.0,0.0,3.36,2.9,0.0,0.0
2019-02-23 07:00:00,2914.5,108.0,8.17,3.45,2.0,0.0,0.0029145
2019-02-23 08:00:00,4844.5,128.0,17.47,5.73,2.69,0.0,0.0048445
2019-02-23 09:00:00,17218.0,416.01,25.44,7.22,3.59,0.0,0.017218
2019-02-23 10:00:00,20576.5,488.01,31.42,8.23,3.86,0.0,0.0205765
2019-02-23 11:00:00,24913.0,589.01,34.71,9.0,4.07,0.0,0.024913
2019-02-23 12:00:00,24543.0,581.01,34.79,9.43,4.21,0.0,0.024543
2019-02-23 13:00:00,18422.0,439.01,31.63,9.34,4.28,0.0,0.018422
2019-02-23 14:00:00,9159.0,227.0,25.75,8.88,4.0,0.0,0.009159
2019-02-23 15:00:00,3779.5,104.0,17.86,8.26,3.66,0.0,0.0037795
2019-02-23 16:00:00,1490.0,50.0,8.61,7.42,3.24,0.0,0.00149
2019-02-23 17:00:00,0.0,0.0,0.0,6.25,2.83,0.0,0.0
2019-02-23 18:00:00,0.0,0.0,0.0,5.09,2.34,0.0,0.0
2019-02-23 19:00:00,0.0,0.0,0.0,5.69,1.93,0.0,0.0
2019-02-23 20:00:00,0.0,0.0,0.0,4.71,1.79,0.0,0.0
2019-02-23 21:00:00,0.0,0.0,0.0,3.98,1.79,0.0,0.0
2019-02-23 22:00:00,0.0,0.0,0.0,3.21,1.93,0.0,0.0
2019-02-23 23:00:00,0.0,0.0,0.0,2.62,1.93,0.0,0.0
2019-02-24 00:00:00,0.0,0.0,0.0,1.97,1.93,0.0,0.0
2019-02-24 01:00:00,0.0,0.0,0.0,1.19,2.0,0.0,0.0
2019-02-24 02:00:00,0.0,0.0,0.0,0.95,2.14,0.0,0.0
2019-02-24 03:00:00,0.0,0.0,0.0,0.89,2.14,0.0,0.0
2019-02-24 04:00:00,0.0,0.0,0.0,0.48,1.79,0.0,0.0
2019-02-24 05:00:00,0.0,0.0,0.0,-0.11,1.31,0.0,0.0
2019-02-24 06:00:00,0.0,0.0,0.0,0.01,0.97,0.0,0.0
2019-02-24 07:00:00,3230.0,120.0,8.46,0.8,0.62,0.0,0.00323
2019-02-24 08:00:00,11237.0,291.01,17.78,1.84,1.03,0.0,0.011237
2019-02-24 09:00:00,18402.0,442.01,25.77,3.54,1.52,0.0,0.018402
2019-02-24 10:00:00,23035.5,546.01,31.78,5.0,1.72,0.0,0.0230355
2019-02-24 11:00:00,25576.0,607.01,35.08,6.29,1.93,0.0,0.025576
2019-02-24 12:00:00,24945.5,595.01,35.15,7.27,1.86,0.0,0.0249455
2019-02-24 13:00:00,23121.5,555.01,31.97,8.11,1.93,0.0,0.0231215
2019-02-24 14:00:00,17986.0,440.01,26.06,8.53,1.93,0.0,0.017986
2019-02-24 15:00:00,10930.5,288.01,18.14,8.56,1.79,0.0,0.0109305
2019-02-24 16:00:00,3401.5,126.0,8.86,8.06,1.45,0.0,0.0034015
2019-02-24 17:00:00,0.0,0.0,0.0,6.83,1.31,0.0,0.0
2019-02-24 18:00:00,0.0,0.0,0.0,4.79,1.24,0.0,0.0
2019-02-24 19:00:00,0.0,0.0,0.0,5.79,0.21,0.0,0.0
2019-02-24 20:00:00,0.0,0.0,0.0,5.15,0.34,0.0,0.0
2019-02-24 21:00:00,0.0,0.0,0.0,3.99,0.69,0.0,0.0
2019-02-24 22:00:00,0.0,0.0,0.0,3.0,0.62,0.0,0.0
2019-02-24 23:00:00,0.0,0.0,0.0,2.27,0.48,0.0,0.0
2019-02-25 00:00:00,0.0,0.0,0.0,1.75,0.41,0.0,0.0
2019-02-25 01:00:00,0.0,0.0,0.0,1.91,0.41,0.0,0.0
2019-02-25 02:00:00,0.0,0.0,0.0,2.07,0.28,0.0,0.0
2019-02-25 03:00:00,0.0,0.0,0.0,1.84,0.34,0.0,0.0
2019-02-25 04:00:00,0.0,0.0,0.0,1.37,0.55,0.0,0.0
2019-02-25 05:00:00,0.0,0.0,0.0,0.63,0.55,0.0,0.0
2019-02-25 06:00:00,0.0,0.0,0.0,0.03,0.55,0.0,0.0
2019-02-25 07:00:00,3423.0,124.0,8.76,0.03,0.48,0.0,0.003423
2019-02-25 08:00:00,11297.5,294.01,18.1,2.66,0.07,0.0,0.0112975
2019-02-25 09:00:00,18100.0,445.01,26.11,6.74,0.41,0.0,0.0181
2019-02-25 10:00:00,22459.5,551.01,32.14,9.07,0.34,0.0,0.0224595
2019-02-25 11:00:00,24580.0,612.01,35.45,11.0,0.0,0.0,0.02458
2019-02-25 12:00:00,24241.5,603.01,35.52,12.57,0.48,0.0,0.0242415
2019-02-25 13:00:00,22445.5,559.01,32.32,13.69,0.9,0.0,0.0224455
2019-02-25 14:00:00,17701.0,447.01,26.37,14.32,1.24,0.0,0.017701
2019-02-25 15:00:00,11004.0,298.01,18.42,14.33,1.72,0.0,0.011004
2019-02-25 16:00:00,3427.5,129.0,9.12,13.36,1.72,0.0,0.0034275
2019-02-25 17:00:00,0.0,0.0,0.0,11.27,2.14,0.0,0.0
2019-02-25 18:00:00,0.0,0.0,0.0,9.21,2.0,0.0,0.0
2019-02-25 19:00:00,0.0,0.0,0.0,6.91,1.24,0.0,0.0
2019-02-25 20:00:00,0.0,0.0,0.0,6.6,1.1,0.0,0.0
2019-02-25 21:00:00,0.0,0.0,0.0,3.42,1.66,0.0,0.0
2019-02-25 22:00:00,0.0,0.0,0.0,2.53,1.86,0.0,0.0
2019-02-25 23:00:00,0.0,0.0,0.0,2.3,1.72,0.0,0.0
2019-02-26 00:00:00,0.0,0.0,0.0,2.44,1.52,0.0,0.0
2019-02-26 01:00:00,0.0,0.0,0.0,2.52,1.31,0.0,0.0
2019-02-26 02:00:00,0.0,0.0,0.0,1.93,1.31,0.0,0.0
2019-02-26 03:00:00,0.0,0.0,0.0,2.03,1.1,0.0,0.0
2019-02-26 04:00:00,0.0,0.0,0.0,2.93,0.83,0.0,0.0
2019-02-26 05:00:00,0.0,0.0,0.0,3.57,0.55,0.0,0.0
2019-02-26 06:00:00,0.0,0.0,0.0,3.96,0.41,0.0,0.0
2019-02-26 07:00:00,3640.0,130.0,9.07,2.35,0.34,0.0,0.00364
2019-02-26 08:00:00,10998.5,286.01,18.42,5.73,0.28,0.0,0.0109985
2019-02-26 09:00:00,18744.5,467.01,26.46,9.55,0.41,0.0,0.0187445
2019-02-26 10:00:00,15242.0,379.0,32.51,12.51,0.34,0.0,0.015242
2019-02-26 11:00:00,18614.0,465.01,35.83,14.97,0.76,0.0,0.018614
2019-02-26 12:00:00,24244.0,610.01,35.88,16.95,1.24,0.0,0.024244
2019-02-26 13:00:00,21844.5,554.01,32.66,18.21,1.17,0.0,0.0218445
2019-02-26 14:00:00,17515.0,452.01,26.68,18.76,1.03,0.0,0.017515
2019-02-26 15:00:00,10747.5,295.01,18.7,18.63,1.17,0.0,0.0107475
2019-02-26 16:00:00,3326.0,115.0,9.38,17.28,1.72,0.0,0.003326
2019-02-26 17:00:00,0.0,0.0,0.0,14.77,2.07,0.0,0.0
2019-02-26 18:00:00,0.0,0.0,0.0,11.76,1.31,0.0,0.0
2019-02-26 19:00:00,0.0,0.0,0.0,11.38,0.62,0.0,0.0
2019-02-26 20:00:00,0.0,0.0,0.0,9.94,0.62,0.0,0.0
2019-02-26 21:00:00,0.0,0.0,0.0,8.83,0.55,0.0,0.0
2019-02-26 22:00:00,0.0,0.0,0.0,8.08,0.48,0.0,0.0
2019-02-26 23:00:00,0.0,0.0,0.0,7.58,0.07,0.0,0.0
2019-02-27 00:00:00,0.0,0.0,0.0,6.98,0.48,0.0,0.0
2019-02-27 01:00:00,0.0,0.0,0.0,5.72,0.83,0.0,0.0
2019-02-27 02:00:00,0.0,0.0,0.0,4.27,0.9,0.0,0.0
2019-02-27 03:00:00,0.0,0.0,0.0,3.46,0.97,0.0,0.0
2019-02-27 04:00:00,0.0,0.0,0.0,3.21,0.83,0.0,0.0
2019-02-27 05:00:00,0.0,0.0,0.0,2.99,0.62,0.0,0.0
2019-02-27 06:00:00,0.0,0.0,0.0,2.58,0.55,0.0,0.0
2019-02-27 07:00:00,3810.0,134.0,9.37,3.31,0.48,0.0,0.00381
2019-02-27 08:00:00,11645.0,306.01,18.75,7.07,0.34,0.0,0.011645
2019-02-27 09:00:00,18234.5,457.01,26.81,11.18,0.34,0.0,0.0182345
2019-02-27 10:00:00,22303.5,562.01,32.88,14.56,0.28,0.0,0.0223035
2019-02-27 11:00:00,24380.5,621.01,36.21,16.89,0.34,0.0,0.0243805
2019-02-27 12:00:00,23909.5,608.01,36.25,18.39,0.9,0.0,0.0239095
2019-02-27 13:00:00,22386.0,570.01,33.0,19.26,1.24,0.0,0.022386
2019-02-27 14:00:00,17641.0,455.01,26.99,19.62,1.45,0.0,0.017641
2019-02-27 15:00:00,11169.5,308.01,18.98,19.46,1.52,0.0,0.0111695
2019-02-27 16:00:00,3707.0,138.0,9.63,18.21,1.66,0.0,0.003707
2019-02-27 17:00:00,0.0,0.0,0.0,15.82,2.07,0.0,0.0
2019-02-27 18:00:00,0.0,0.0,0.0,13.07,1.59,0.0,0.0
2019-02-27 19:00:00,0.0,0.0,0.0,12.83,0.76,0.0,0.0
2019-02-27 20:00:00,0.0,0.0,0.0,11.67,0.48,0.0,0.0
2019-02-27 21:00:00,0.0,0.0,0.0,10.52,0.62,0.0,0.0
2019-02-27 22:00:00,0.0,0.0,0.0,9.6,0.69,0.0,0.0
2019-02-27 23:00:00,0.0,0.0,0.0,8.98,0.69,0.0,0.0
2019-02-28 00:00:00,0.0,0.0,0.0,8.46,0.69,0.0,0.0
2019-02-28 01:00:00,0.0,0.0,0.0,7.81,0.76,0.0,0.0
2019-02-28 02:00:00,0.0,0.0,0.0,7.24,0.76,0.0,0.0
2019-02-28 03:00:00,0.0,0.0,0.0,6.71,0.83,0.0,0.0
2019-02-28 04:00:00,0.0,0.0,0.0,6.24,0.9,0.0,0.0
2019-02-28 05:00:00,0.0,0.0,0.0,5.21,1.1,0.0,0.0
2019-02-28 06:00:00,0.0,0.0,0.0,4.19,1.31,0.0,0.0
2019-02-28 07:00:00,4020.5,139.0,9.68,4.75,1.17,0.0,0.0040205
2019-02-28 08:00:00,11784.0,307.01,19.07,7.9,1.1,0.0,0.011784
2019-02-28 09:00:00,18678.5,463.01,27.16,11.46,1.45,0.0,0.0186785
2019-02-28 10:00:00,23161.0,571.01,33.25,13.56,1.66,0.0,0.023161
2019-02-28 11:00:00,25551.0,633.01,36.59,15.41,1.93,0.0,0.025551
2019-02-28 12:00:00,23842.5,593.01,36.62,16.96,2.21,0.0,0.0238425
2019-02-28 13:00:00,22375.5,560.01,33.35,17.96,2.28,0.0,0.0223755
2019-02-28 14:00:00,18129.0,460.01,27.31,18.3,2.62,0.0,0.018129
2019-02-28 15:00:00,11580.5,314.01,19.26,17.98,2.76,0.0,0.0115805
2019-02-28 16:00:00,3926.0,143.0,9.89,16.78,2.48,0.0,0.003926
2019-02-28 17:00:00,0.0,0.0,0.0,14.6,2.76,0.0,0.0
2019-02-28 18:00:00,0.0,0.0,0.0,12.49,2.9,0.0,0.0
2019-02-28 19:00:00,0.0,0.0,0.0,10.97,3.1,0.0,0.0
2019-02-28 20:00:00,0.0,0.0,0.0,10.38,3.03,0.0,0.0
2019-02-28 21:00:00,0.0,0.0,0.0,9.74,2.83,0.0,0.0
2019-02-28 22:00:00,0.0,0.0,0.0,9.2,2.55,0.0,0.0
2019-02-28 23:00:00,0.0,0.0,0.0,8.8,2.34,0.0,0.0
2019-03-01 00:00:00,0.0,0.0,0.0,8.35,1.72,0.0,0.0
2019-03-01 01:00:00,0.0,0.0,0.0,7.78,1.52,0.0,0.0
2019-03-01 02:00:00,0.0,0.0,0.0,6.88,1.66,0.0,0.0
2019-03-01 03:00:00,0.0,0.0,0.0,6.32,1.52,0.0,0.0
2019-03-01 04:00:00,0.0,0.0,0.0,5.95,1.52,0.0,0.0
2019-03-01 05:00:00,0.0,0.0,0.0,5.5,1.52,0.0,0.0
2019-03-01 06:00:00,0.0,0.0,0.0,5.36,1.38,0.0,0.0
2019-03-01 07:00:00,4206.5,141.0,10.0,5.74,1.24,0.0,0.0042065
2019-03-01 08:00:00,12092.5,314.01,19.4,8.58,1.45,0.0,0.0120925
2019-03-01 09:00:00,18711.0,462.01,27.51,11.39,1.66,0.0,0.018711
2019-03-01 10:00:00,23047.0,570.01,33.62,13.68,1.38,0.0,0.023047
2019-03-01 11:00:00,25327.0,632.01,36.97,15.57,1.38,0.0,0.025327
2019-03-01 12:00:00,24298.5,608.01,36.99,16.96,1.66,0.0,0.0242985
2019-03-01 13:00:00,22808.0,571.01,33.69,17.9,2.21,0.0,0.022808
2019-03-01 14:00:00,18303.0,463.01,27.62,18.23,2.83,0.0,0.018303
2019-03-01 15:00:00,11651.0,313.01,19.54,17.7,2.9,0.0,0.011651
2019-03-01 16:00:00,4071.5,142.0,10.15,16.67,2.07,0.0,0.0040715
2019-03-01 17:00:00,0.0,0.0,0.0,14.51,2.28,0.0,0.0
2019-03-01 18:00:00,0.0,0.0,0.0,12.18,2.28,0.0,0.0
2019-03-01 19:00:00,0.0,0.0,0.0,11.89,2.62,0.0,0.0
2019-03-01 20:00:00,0.0,0.0,0.0,10.33,2.55,0.0,0.0
2019-03-01 21:00:00,0.0,0.0,0.0,8.62,2.28,0.0,0.0
2019-03-01 22:00:00,0.0,0.0,0.0,7.16,1.79,0.0,0.0
2019-03-01 23:00:00,0.0,0.0,0.0,6.36,1.66,0.0,0.0
2019-03-02 00:00:00,0.0,0.0,0.0,6.54,1.38,0.0,0.0
2019-03-02 01:00:00,0.0,0.0,0.0,5.55,1.45,0.0,0.0
2019-03-02 02:00:00,0.0,0.0,0.0,4.41,1.59,0.0,0.0
2019-03-02 03:00:00,0.0,0.0,0.0,3.82,1.59,0.0,0.0
2019-03-02 04:00:00,0.0,0.0,0.0,4.32,1.31,0.0,0.0
2019-03-02 05:00:00,0.0,0.0,0.0,2.63,1.66,0.0,0.0
2019-03-02 06:00:00,0.0,0.0,0.0,2.24,1.59,0.0,0.0
2019-03-02 07:00:00,4403.5,144.0,10.31,5.25,0.69,0.0,0.0044035
2019-03-02 08:00:00,10980.0,279.01,19.74,6.26,0.69,0.0,0.01098
2019-03-02 09:00:00,15864.0,391.01,27.86,9.77,0.55,0.0,0.015864
2019-03-02 10:00:00,17532.5,432.01,33.99,11.96,0.76,0.0,0.0175325
2019-03-02 11:00:00,10408.0,263.0,37.35,13.74,1.03,0.0,0.010408
2019-03-02 12:00:00,18589.5,462.0,37.37,14.95,1.24,0.0,0.0185895
2019-03-02 13:00:00,16720.0,417.0,34.04,15.75,1.52,0.0,0.01672
2019-03-02 14:00:00,17825.5,449.01,27.93,16.15,1.72,0.0,0.0178255
2019-03-02 15:00:00,11809.5,315.01,19.82,16.03,1.72,0.0,0.0118095
2019-03-02 16:00:00,3563.0,113.0,10.4,15.27,1.31,0.0,0.003563
2019-03-02 17:00:00,0.0,0.0,0.0,13.21,1.17,0.0,0.0
2019-03-02 18:00:00,0.0,0.0,0.0,12.63,0.48,0.0,0.0
2019-03-02 19:00:00,0.0,0.0,0.0,9.63,1.52,0.0,0.0
2019-03-02 20:00:00,0.0,0.0,0.0,8.42,1.52,0.0,0.0
2019-03-02 21:00:00,0.0,0.0,0.0,6.57,1.86,0.0,0.0
2019-03-02 22:00:00,0.0,0.0,0.0,5.4,2.0,0.0,0.0
2019-03-02 23:00:00,0.0,0.0,0.0,4.93,1.79,0.0,0.0
2019-03-03 00:00:00,0.0,0.0,0.0,4.55,1.72,0.0,0.0
2019-03-03 01:00:00,0.0,0.0,0.0,4.61,1.52,0.0,0.0
2019-03-03 02:00:00,0.0,0.0,0.0,5.16,1.24,0.0,0.0
2019-03-03 03:00:00,0.0,0.0,0.0,5.51,1.1,0.0,0.0
2019-03-03 04:00:00,0.0,0.0,0.0,5.21,1.03,0.0,0.0
2019-03-03 05:00:00,0.0,0.0,0.0,4.78,1.1,0.0,0.0
2019-03-03 06:00:00,0.0,0.0,0.0,4.42,0.97,0.0,0.0
2019-03-03 07:00:00,4661.5,151.0,10.63,4.44,0.21,0.0,0.0046615
2019-03-03 08:00:00,12600.0,323.01,20.07,6.39,0.48,0.0,0.0126
2019-03-03 09:00:00,19038.0,472.01,28.22,10.06,0.34,0.0,0.019038
2019-03-03 10:00:00,23197.0,577.01,34.37,12.46,0.41,0.0,0.023197
2019-03-03 11:00:00,25081.5,628.01,37.74,14.25,0.62,0.0,0.0250815
2019-03-03 12:00:00,23648.5,594.01,37.74,15.64,0.76,0.0,0.0236485
2019-03-03 13:00:00,22247.0,561.01,34.38,16.61,0.83,0.0,0.022247
2019-03-03 14:00:00,15145.0,384.01,28.24,17.07,1.24,0.0,0.015145
2019-03-03 15:00:00,9450.0,250.0,20.1,16.94,1.52,0.0,0.00945
2019-03-03 16:00:00,999.0,38.0,10.65,15.91,1.24,0.0,0.000999
2019-03-03 17:00:00,0.0,0.0,0.0,13.72,1.38,0.0,0.0
2019-03-03 18:00:00,0.0,0.0,0.0,11.55,1.52,0.0,0.0
2019-03-03 19:00:00,0.0,0.0,0.0,9.97,1.72,0.0,0.0
2019-03-03 20:00:00,0.0,0.0,0.0,8.71,1.72,0.0,0.0
2019-03-03 21:00:00,0.0,0.0,0.0,7.98,1.66,0.0,0.0
2019-03-03 22:00:00,0.0,0.0,0.0,7.71,1.52,0.0,0.0
2019-03-03 23:00:00,0.0,0.0,0.0,7.61,1.24,0.0,0.0
2019-03-04 00:00:00,0.0,0.0,0.0,8.57,0.62,0.0,0.0
2019-03-04 01:00:00,0.0,0.0,0.0,8.08,0.28,0.0,0.0
2019-03-04 02:00:00,0.0,0.0,0.0,7.24,0.14,0.0,0.0
2019-03-04 03:00:00,0.0,0.0,0.0,6.56,0.21,0.0,0.0
2019-03-04 04:00:00,0.0,0.0,0.0,6.2,0.34,0.0,0.0
2019-03-04 05:00:00,0.0,0.0,0.0,5.67,0.76,0.0,0.0
2019-03-04 06:00:00,0.0,0.0,0.0,5.05,1.03,0.0,0.0
2019-03-04 07:00:00,4262.5,129.0,10.95,6.02,1.1,0.0,0.0042625
2019-03-04 08:00:00,7720.0,197.0,20.41,8.15,1.24,0.0,0.00772
2019-03-04 09:00:00,7331.5,187.0,28.58,9.44,0.9,0.0,0.0073315
2019-03-04 10:00:00,11367.0,282.0,34.75,10.24,0.55,0.0,0.011367
2019-03-04 11:00:00,19830.5,488.01,38.13,11.19,0.41,0.0,0.0198305
2019-03-04 12:00:00,18820.0,464.0,38.12,12.25,0.69,0.0,0.01882
2019-03-04 13:00:00,11369.5,282.0,34.73,12.17,2.34,0.0,0.0113695
2019-03-04 14:00:00,6126.5,160.0,28.55,11.71,2.83,0.0,0.0061265
2019-03-04 15:00:00,11906.5,309.01,20.37,11.86,1.66,0.0,0.0119065
2019-03-04 16:00:00,4417.5,142.0,10.91,11.84,0.41,0.0,0.0044175
2019-03-04 17:00:00,0.0,0.0,0.0,11.02,0.48,0.0,0.0
2019-03-04 18:00:00,0.0,0.0,0.0,9.93,0.55,0.0,0.0
2019-03-04 19:00:00,0.0,0.0,0.0,9.59,0.41,0.0,0.0
2019-03-04 20:00:00,0.0,0.0,0.0,8.65,0.83,0.0,0.0
2019-03-04 21:00:00,0.0,0.0,0.0,6.46,1.31,0.0,0.0
2019-03-04 22:00:00,0.0,0.0,0.0,5.6,1.72,0.0,0.0
2019-03-04 23:00:00,0.0,0.0,0.0,5.38,1.72,0.0,0.0
2019-03-05 00:00:00,0.0,0.0,0.0,5.18,1.17,0.0,0.0
2019-03-05 01:00:00,0.0,0.0,0.0,5.74,0.69,0.0,0.0
2019-03-05 02:00:00,0.0,0.0,0.0,3.77,1.38,0.0,0.0
2019-03-05 03:00:00,0.0,0.0,0.0,3.44,1.24,0.0,0.0
2019-03-05 04:00:00,0.0,0.0,0.0,3.77,0.21,0.0,0.0
2019-03-05 05:00:00,0.0,0.0,0.0,3.26,0.41,0.0,0.0
2019-03-05 06:00:00,0.0,0.0,0.0,2.08,0.55,0.0,0.0
2019-03-05 07:00:00,5342.5,168.0,11.27,3.95,0.69,0.0,0.0053425
2019-03-05 08:00:00,13775.0,350.01,20.75,6.43,0.9,0.0,0.013775
2019-03-05 09:00:00,20514.0,504.01,28.94,9.76,0.97,0.0,0.020514
2019-03-05 10:00:00,24768.5,612.01,35.13,12.13,0.9,0.0,0.0247685
2019-03-05 11:00:00,26467.5,661.01,38.52,13.86,0.83,0.0,0.0264675
2019-03-05 12:00:00,24726.0,621.01,38.5,14.83,0.62,0.0,0.024726
2019-03-05 13:00:00,23871.0,604.01,35.08,15.45,0.34,0.0,0.023871
2019-03-05 14:00:00,19570.5,496.01,28.86,15.8,0.76,0.0,0.0195705
2019-03-05 15:00:00,13062.5,347.01,20.65,15.94,1.17,0.0,0.0130625
2019-03-05 16:00:00,4950.0,165.0,11.16,15.46,1.24,0.0,0.00495
2019-03-05 17:00:00,0.0,0.0,0.0,13.73,1.86,0.0,0.0
2019-03-05 18:00:00,0.0,0.0,0.0,11.13,1.72,0.0,0.0
2019-03-05 19:00:00,0.0,0.0,0.0,9.05,1.86,0.0,0.0
2019-03-05 20:00:00,0.0,0.0,0.0,7.92,1.52,0.0,0.0
2019-03-05 21:00:00,0.0,0.0,0.0,7.9,1.17,0.0,0.0
2019-03-05 22:00:00,0.0,0.0,0.0,8.62,0.97,0.0,0.0
2019-03-05 23:00:00,0.0,0.0,0.0,7.98,0.97,0.0,0.0
2019-03-06 00:00:00,0.0,0.0,0.0,7.81,0.9,0.0,0.0
2019-03-06 01:00:00,0.0,0.0,0.0,7.34,0.97,0.0,0.0
2019-03-06 02:00:00,0.0,0.0,0.0,7.02,0.9,0.0,0.0
2019-03-06 03:00:00,0.0,0.0,0.0,6.88,0.55,0.0,0.0
2019-03-06 04:00:00,0.0,0.0,0.0,6.75,0.28,0.0,0.0
2019-03-06 05:00:00,0.0,0.0,0.0,6.53,0.28,0.0,0.0
2019-03-06 06:00:00,0.0,0.0,0.0,6.22,0.76,0.0,0.0
2019-03-06 07:00:00,4360.5,128.0,11.6,6.38,0.48,0.0,0.0043605
2019-03-06 08:00:00,6758.5,174.0,21.1,7.85,0.28,0.0,0.0067585
2019-03-06 09:00:00,15074.5,371.0,29.31,9.94,0.48,0.0,0.0150745
2019-03-06 10:00:00,20459.0,503.01,35.52,10.86,0.41,0.0,0.020459
2019-03-06 11:00:00,19234.5,475.0,38.91,11.92,0.41,0.0,0.0192345
2019-03-06 12:00:00,13091.0,327.0,38.87,12.86,0.41,0.0,0.013091
2019-03-06 13:00:00,6635.5,174.0,35.43,13.04,0.28,0.0,0.0066355
2019-03-06 14:00:00,2354.0,72.0,29.17,12.79,0.62,0.0,0.002354
2019-03-06 15:00:00,797.0,32.0,20.93,12.31,0.9,0.0,0.000797
2019-03-06 16:00:00,2957.5,89.0,11.41,11.92,0.97,0.0,0.0029575
2019-03-06 17:00:00,0.0,0.0,0.0,10.95,0.83,0.0,0.0
2019-03-06 18:00:00,0.0,0.0,0.0,10.01,0.76,0.0,0.0
2019-03-06 19:00:00,0.0,0.0,0.0,9.21,1.03,0.0,0.0
2019-03-06 20:00:00,0.0,0.0,0.0,8.69,1.17,0.0,0.0
2019-03-06 21:00:00,0.0,0.0,0.0,8.42,1.38,0.0,0.0
2019-03-06 22:00:00,0.0,0.0,0.0,8.45,1.52,0.0,0.0
2019-03-06 23:00:00,0.0,0.0,0.0,8.52,1.52,0.0,0.0
2019-03-07 00:00:00,0.0,0.0,0.0,8.44,1.52,0.0,0.0
2019-03-07 01:00:00,0.0,0.0,0.0,8.34,1.38,0.0,0.0
2019-03-07 02:00:00,0.0,0.0,0.0,8.32,1.45,0.0,0.0
2019-03-07 03:00:00,0.0,0.0,0.0,8.33,1.24,0.0,0.0
2019-03-07 04:00:00,0.0,0.0,0.0,8.4,1.17,0.0,0.0
2019-03-07 05:00:00,0.0,0.0,0.0,8.52,1.31,0.0,0.0
2019-03-07 06:00:00,0.0,0.0,0.0,8.34,1.79,0.0,0.0
2019-03-07 07:00:00,2048.0,63.0,11.93,6.51,2.48,0.0,0.002048
2019-03-07 08:00:00,1930.5,60.0,21.44,6.61,1.79,0.0,0.0019305
2019-03-07 09:00:00,3315.5,93.0,29.67,7.07,0.97,0.0,0.0033155
2019-03-07 10:00:00,12554.0,306.0,35.9,7.79,0.83,0.0,0.012554
2019-03-07 11:00:00,13886.0,339.0,39.3,8.9,0.76,0.0,0.013886
2019-03-07 12:00:00,16712.5,408.0,39.25,10.24,0.9,0.0,0.0167125
2019-03-07 13:00:00,22785.0,556.01,35.77,11.25,1.31,0.0,0.022785
2019-03-07 14:00:00,18875.0,463.01,29.48,11.82,1.86,0.0,0.018875
2019-03-07 15:00:00,9476.5,242.0,21.2,11.9,2.34,0.0,0.0094765
2019-03-07 16:00:00,4575.0,138.0,11.67,11.83,2.34,0.0,0.004575
2019-03-07 17:00:00,0.0,0.0,0.0,11.36,1.79,0.0,0.0
2019-03-07 18:00:00,0.0,0.0,0.0,10.57,1.52,0.0,0.0
2019-03-07 19:00:00,0.0,0.0,0.0,10.23,1.79,0.0,0.0
2019-03-07 20:00:00,0.0,0.0,0.0,8.74,1.72,0.0,0.0
2019-03-07 21:00:00,0.0,0.0,0.0,7.75,1.45,0.0,0.0
2019-03-07 22:00:00,0.0,0.0,0.0,7.36,1.17,0.0,0.0
2019-03-07 23:00:00,0.0,0.0,0.0,7.64,0.69,0.0,0.0
2019-03-08 00:00:00,0.0,0.0,0.0,6.93,0.28,0.0,0.0
2019-03-08 01:00:00,0.0,0.0,0.0,6.42,0.28,0.0,0.0
2019-03-08 02:00:00,0.0,0.0,0.0,5.85,0.14,0.0,0.0
2019-03-08 03:00:00,0.0,0.0,0.0,5.72,0.0,0.0,0.0
2019-03-08 04:00:00,0.0,0.0,0.0,5.34,0.14,0.0,0.0
2019-03-08 05:00:00,0.0,0.0,0.0,4.76,0.34,0.0,0.0
2019-03-08 06:00:00,0.0,0.0,0.0,4.41,0.62,0.0,0.0
2019-03-08 07:00:00,4480.0,127.0,12.26,4.97,1.03,0.0,0.00448
2019-03-08 08:00:00,13311.5,334.01,21.79,7.41,1.24,0.0,0.0133115
2019-03-08 09:00:00,20867.5,507.01,30.04,8.88,1.31,0.0,0.0208675
2019-03-08 10:00:00,25274.0,619.01,36.29,10.76,0.97,0.0,0.025274
2019-03-08 11:00:00,26811.5,671.01,39.7,12.76,0.34,0.0,0.0268115
2019-03-08 12:00:00,26165.5,655.01,39.63,13.97,0.62,0.0,0.0261655
2019-03-08 13:00:00,24427.5,613.01,36.12,15.03,0.69,0.0,0.0244275
2019-03-08 14:00:00,20201.0,510.01,29.79,15.48,0.76,0.0,0.020201
2019-03-08 15:00:00,13390.0,353.01,21.48,15.84,0.97,0.0,0.01339
2019-03-08 16:00:00,5173.5,163.0,11.92,15.5,1.03,0.0,0.0051735
2019-03-08 17:00:00,0.0,0.0,0.0,13.72,1.17,0.0,0.0
2019-03-08 18:00:00,0.0,0.0,0.0,10.82,1.45,0.0,0.0
2019-03-08 19:00:00,0.0,0.0,0.0,9.36,2.34,0.0,0.0
2019-03-08 20:00:00,0.0,0.0,0.0,8.38,1.66,0.0,0.0
2019-03-08 21:00:00,0.0,0.0,0.0,7.35,1.79,0.0,0.0
2019-03-08 22:00:00,0.0,0.0,0.0,6.83,1.59,0.0,0.0
2019-03-08 23:00:00,0.0,0.0,0.0,6.78,1.38,0.0,0.0
2019-03-09 00:00:00,0.0,0.0,0.0,7.38,1.03,0.0,0.0
2019-03-09 01:00:00,0.0,0.0,0.0,7.17,0.97,0.0,0.0
2019-03-09 02:00:00,0.0,0.0,0.0,6.89,0.41,0.0,0.0
2019-03-09 03:00:00,0.0,0.0,0.0,6.5,0.14,0.0,0.0
2019-03-09 04:00:00,0.0,0.0,0.0,6.24,0.41,0.0,0.0
2019-03-09 05:00:00,0.0,0.0,0.0,6.03,0.69,0.0,0.0
2019-03-09 06:00:00,0.0,0.0,0.0,5.87,0.55,0.0,0.0
2019-03-09 07:00:00,6004.0,180.0,12.59,6.77,0.55,0.0,0.006004
2019-03-09 08:00:00,13623.0,344.01,22.14,8.07,0.55,0.0,0.013623
2019-03-09 09:00:00,19541.5,479.01,30.41,9.83,0.69,0.0,0.0195415
2019-03-09 10:00:00,24753.0,613.01,36.68,11.57,0.41,0.0,0.024753
2019-03-09 11:00:00,26610.0,667.01,40.09,13.21,0.34,0.0,0.02661
2019-03-09 12:00:00,25437.5,636.01,40.01,14.64,0.83,0.0,0.0254375
2019-03-09 13:00:00,23061.0,577.01,36.47,15.76,1.03,0.0,0.023061
2019-03-09 14:00:00,19709.5,495.01,30.1,16.34,1.52,0.0,0.0197095
2019-03-09 15:00:00,13353.0,350.01,21.75,16.5,1.86,0.0,0.013353
2019-03-09 16:00:00,5468.0,174.0,12.17,15.92,1.59,0.0,0.005468
2019-03-09 17:00:00,0.0,0.0,0.0,14.28,1.45,0.0,0.0
2019-03-09 18:00:00,0.0,0.0,0.0,11.98,1.93,0.0,0.0
2019-03-09 19:00:00,0.0,0.0,0.0,10.62,2.55,0.0,0.0
2019-03-09 20:00:00,0.0,0.0,0.0,9.68,1.93,0.0,0.0
2019-03-09 21:00:00,0.0,0.0,0.0,8.38,1.52,0.0,0.0
2019-03-09 22:00:00,0.0,0.0,0.0,7.29,1.31,0.0,0.0
2019-03-09 23:00:00,0.0,0.0,0.0,6.34,1.45,0.0,0.0
2019-03-10 00:00:00,0.0,0.0,0.0,5.55,1.86,0.0,0.0
2019-03-10 01:00:00,0.0,0.0,0.0,5.54,1.66,0.0,0.0
2019-03-10 02:00:00,0.0,0.0,0.0,6.04,1.1,0.0,0.0
2019-03-10 03:00:00,0.0,0.0,0.0,6.05,0.97,0.0,0.0
2019-03-10 04:00:00,0.0,0.0,0.0,5.98,0.97,0.0,0.0
2019-03-10 05:00:00,0.0,0.0,0.0,5.93,1.03,0.0,0.0
2019-03-10 06:00:00,73.0,9.0,2.64,6.29,0.9,0.0,7.3e-05
2019-03-10 07:00:00,4109.0,116.0,12.92,7.44,0.83,0.0,0.004109
2019-03-10 08:00:00,10603.0,267.0,22.49,9.69,1.03,0.0,0.010603
2019-03-10 09:00:00,17244.0,423.01,30.78,11.25,1.17,0.0,0.017244
2019-03-10 10:00:00,20017.0,492.01,37.07,12.7,1.17,0.0,0.020017
2019-03-10 11:00:00,26110.5,647.01,40.49,14.62,1.52,0.0,0.0261105
2019-03-10 12:00:00,25800.5,642.01,40.39,16.17,1.79,0.0,0.0258005
2019-03-10 13:00:00,24326.0,608.01,36.81,17.67,2.0,0.0,0.024326
2019-03-10 14:00:00,19844.0,502.01,30.4,18.48,1.79,0.0,0.019844
2019-03-10 15:00:00,13136.0,347.01,22.03,18.83,1.86,0.0,0.013136
2019-03-10 16:00:00,4703.5,143.0,12.41,18.4,1.66,0.0,0.0047035
2019-03-10 17:00:00,0.0,0.0,0.0,16.56,2.0,0.0,0.0
2019-03-10 18:00:00,0.0,0.0,0.0,14.28,2.28,0.0,0.0
2019-03-10 19:00:00,0.0,0.0,0.0,12.46,2.34,0.0,0.0
2019-03-10 20:00:00,0.0,0.0,0.0,11.57,2.14,0.0,0.0
2019-03-10 21:00:00,0.0,0.0,0.0,10.32,1.79,0.0,0.0
2019-03-10 22:00:00,0.0,0.0,0.0,8.9,1.59,0.0,0.0
2019-03-10 23:00:00,0.0,0.0,0.0,7.95,2.21,0.0,0.0
2019-03-11 00:00:00,0.0,0.0,0.0,7.55,2.34,0.0,0.0
2019-03-11 01:00:00,0.0,0.0,0.0,7.48,2.28,0.0,0.0
2019-03-11 02:00:00,0.0,0.0,0.0,7.4,2.14,0.0,0.0
2019-03-11 03:00:00,0.0,0.0,0.0,6.59,2.14,0.0,0.0
2019-03-11 04:00:00,0.0,0.0,0.0,6.15,2.0,0.0,0.0
2019-03-11 05:00:00,0.0,0.0,0.0,5.17,2.07,0.0,0.0
2019-03-11 06:00:00,188.5,14.64,2.97,4.75,2.07,0.0,0.0001885
2019-03-11 07:00:00,7017.0,206.0,13.26,6.18,1.72,0.0,0.007017
2019-03-11 08:00:00,15558.5,394.01,22.84,10.99,1.79,0.0,0.0155585
2019-03-11 09:00:00,22264.5,548.01,31.16,13.89,2.41,0.0,0.0222645
2019-03-11 10:00:00,26880.0,653.01,37.46,15.11,4.21,0.0,0.02688
2019-03-11 11:00:00,29277.0,708.01,40.88,14.98,4.83,0.0,0.029277
2019-03-11 12:00:00,27299.0,657.01,40.78,14.79,5.59,0.0,0.027299
2019-03-11 13:00:00,21476.5,516.01,37.16,14.03,6.07,0.0,0.0214765
2019-03-11 14:00:00,11332.0,280.0,30.71,13.19,5.72,0.0,0.011332
2019-03-11 15:00:00,13857.0,348.01,22.3,12.29,5.31,0.0,0.013857
2019-03-11 16:00:00,6350.5,194.0,12.66,11.44,4.97,0.0,0.0063505
2019-03-11 17:00:00,0.0,0.0,0.0,10.45,4.21,0.0,0.0
2019-03-11 18:00:00,0.0,0.0,0.0,9.11,3.24,0.0,0.0
2019-03-11 19:00:00,0.0,0.0,0.0,8.03,3.52,0.0,0.0
2019-03-11 20:00:00,0.0,0.0,0.0,7.18,3.24,0.0,0.0
2019-03-11 21:00:00,0.0,0.0,0.0,6.42,2.76,0.0,0.0
2019-03-11 22:00:00,0.0,0.0,0.0,5.46,2.48,0.0,0.0
2019-03-11 23:00:00,0.0,0.0,0.0,4.36,2.34,0.0,0.0
2019-03-12 00:00:00,0.0,0.0,0.0,3.25,2.28,0.0,0.0
2019-03-12 01:00:00,0.0,0.0,0.0,1.94,2.07,0.0,0.0
2019-03-12 02:00:00,0.0,0.0,0.0,0.9,1.86,0.0,0.0
2019-03-12 03:00:00,0.0,0.0,0.0,0.02,2.0,0.0,0.0
2019-03-12 04:00:00,0.0,0.0,0.0,-0.44,2.0,0.0,0.0
2019-03-12 05:00:00,0.0,0.0,0.0,-0.44,1.66,0.0,0.0
2019-03-12 06:00:00,255.0,16.62,3.3,1.23,1.1,0.0,0.000255
2019-03-12 07:00:00,6977.5,198.0,13.6,3.18,0.28,0.0,0.0069775
2019-03-12 08:00:00,15792.0,395.01,23.19,6.15,0.14,0.0,0.015792
2019-03-12 09:00:00,22467.0,548.01,31.53,8.77,0.76,0.0,0.022467
2019-03-12 10:00:00,26913.0,655.01,37.86,10.07,1.31,0.0,0.026913
2019-03-12 11:00:00,29044.5,709.01,41.28,11.11,1.66,0.0,0.0290445
2019-03-12 12:00:00,27686.0,677.01,41.16,12.05,1.79,0.0,0.027686
2019-03-12 13:00:00,3648.5,103.0,37.51,12.79,1.72,0.0,0.0036485
2019-03-12 14:00:00,21354.5,527.01,31.02,13.31,1.72,0.0,0.0213545
2019-03-12 15:00:00,13614.0,348.01,22.57,13.45,1.72,0.0,0.013614
2019-03-12 16:00:00,6335.5,194.0,12.91,12.96,1.52,0.0,0.0063355
2019-03-12 17:00:00,94.5,10.0,2.58,11.19,1.45,0.0,9.45e-05
2019-03-12 18:00:00,0.0,0.0,0.0,8.43,1.38,0.0,0.0
2019-03-12 19:00:00,0.0,0.0,0.0,6.73,1.72,0.0,0.0
2019-03-12 20:00:00,0.0,0.0,0.0,6.09,1.38,0.0,0.0
2019-03-12 21:00:00,0.0,0.0,0.0,5.99,1.1,0.0,0.0
2019-03-12 22:00:00,0.0,0.0,0.0,6.08,0.9,0.0,0.0
2019-03-12 23:00:00,0.0,0.0,0.0,5.45,0.69,0.0,0.0
2019-03-13 00:00:00,0.0,0.0,0.0,5.18,0.21,0.0,0.0
2019-03-13 01:00:00,0.0,0.0,0.0,4.32,0.07,0.0,0.0
2019-03-13 02:00:00,0.0,0.0,0.0,3.37,0.62,0.0,0.0
2019-03-13 03:00:00,0.0,0.0,0.0,1.21,1.31,0.0,0.0
2019-03-13 04:00:00,0.0,0.0,0.0,1.51,1.17,0.0,0.0
2019-03-13 05:00:00,0.0,0.0,0.0,1.81,1.03,0.0,0.0
2019-03-13 06:00:00,356.0,20.38,3.62,1.84,0.97,0.0,0.000356
2019-03-13 07:00:00,7230.5,203.0,13.93,3.63,0.48,0.0,0.0072305
2019-03-13 08:00:00,16113.5,400.01,23.55,5.76,0.41,0.0,0.0161135
2019-03-13 09:00:00,21229.5,516.01,31.91,7.96,0.55,0.0,0.0212295
2019-03-13 10:00:00,26795.0,657.01,38.25,9.54,0.62,0.0,0.026795
2019-03-13 11:00:00,29062.0,718.01,41.68,11.2,0.9,0.0,0.029062
2019-03-13 12:00:00,28102.5,693.01,41.54,12.73,1.45,0.0,0.0281025
2019-03-13 13:00:00,26758.0,657.01,37.85,14.15,2.28,0.0,0.026758
2019-03-13 14:00:00,22343.0,548.01,31.32,14.71,3.38,0.0,0.022343
2019-03-13 15:00:00,15224.0,388.01,22.84,14.41,3.72,0.0,0.015224
2019-03-13 16:00:00,6579.5,200.0,13.16,13.66,3.24,0.0,0.0065795
2019-03-13 17:00:00,122.5,11.84,2.81,11.94,2.83,0.0,0.0001225
2019-03-13 18:00:00,0.0,0.0,0.0,10.03,2.9,0.0,0.0
2019-03-13 19:00:00,0.0,0.0,0.0,9.24,2.62,0.0,0.0
2019-03-13 20:00:00,0.0,0.0,0.0,7.96,2.62,0.0,0.0
2019-03-13 21:00:00,0.0,0.0,0.0,6.8,2.62,0.0,0.0
2019-03-13 22:00:00,0.0,0.0,0.0,5.78,2.55,0.0,0.0
2019-03-13 23:00:00,0.0,0.0,0.0,4.64,2.41,0.0,0.0
2019-03-14 00:00:00,0.0,0.0,0.0,3.37,2.14,0.0,0.0
2019-03-14 01:00:00,0.0,0.0,0.0,2.34,1.93,0.0,0.0
2019-03-14 02:00:00,0.0,0.0,0.0,1.8,1.72,0.0,0.0
2019-03-14 03:00:00,0.0,0.0,0.0,1.35,1.59,0.0,0.0
2019-03-14 04:00:00,0.0,0.0,0.0,0.98,1.52,0.0,0.0
2019-03-14 05:00:00,0.0,0.0,0.0,0.79,1.45,0.0,0.0
2019-03-14 06:00:00,466.5,24.12,3.95,0.88,1.31,0.0,0.0004665
2019-03-14 07:00:00,7468.5,208.0,14.27,3.53,0.83,0.0,0.0074685
2019-03-14 08:00:00,16353.5,405.01,23.9,6.71,0.97,0.0,0.0163535
2019-03-14 09:00:00,22733.0,554.01,32.28,9.72,1.1,0.0,0.022733
2019-03-14 10:00:00,26472.0,653.01,38.65,12.19,1.03,0.0,0.026472
2019-03-14 11:00:00,27702.0,693.01,42.08,13.92,0.83,0.0,0.027702
2019-03-14 12:00:00,26691.0,675.01,41.92,14.97,0.41,0.0,0.026691
2019-03-14 13:00:00,0.0,0.0,0.0,15.66,0.69,0.0,0.0
2019-03-14 14:00:00,20863.5,525.01,31.63,16.05,0.97,0.0,0.0208635
2019-03-14 15:00:00,14388.5,374.01,23.11,16.29,1.03,0.0,0.0143885
2019-03-14 16:00:00,6422.0,196.0,13.4,15.88,0.48,0.0,0.006422
2019-03-14 17:00:00,146.5,12.84,3.04,14.56,0.48,0.0,0.0001465
2019-03-14 18:00:00,0.0,0.0,0.0,11.58,1.1,0.0,0.0
2019-03-14 19:00:00,0.0,0.0,0.0,10.3,1.52,0.0,0.0
2019-03-14 20:00:00,0.0,0.0,0.0,8.63,1.79,0.0,0.0
2019-03-14 21:00:00,0.0,0.0,0.0,7.86,1.86,0.0,0.0
2019-03-14 22:00:00,0.0,0.0,0.0,7.28,1.59,0.0,0.0
2019-03-14 23:00:00,0.0,0.0,0.0,6.85,1.31,0.0,0.0
2019-03-15 00:00:00,0.0,0.0,0.0,7.64,0.9,0.0,0.0
2019-03-15 01:00:00,0.0,0.0,0.0,7.14,0.48,0.0,0.0
2019-03-15 02:00:00,0.0,0.0,0.0,5.93,0.62,0.0,0.0
2019-03-15 03:00:00,0.0,0.0,0.0,4.91,0.83,0.0,0.0
2019-03-15 04:00:00,0.0,0.0,0.0,4.34,0.69,0.0,0.0
2019-03-15 05:00:00,0.0,0.0,0.0,4.1,0.62,0.0,0.0
2019-03-15 06:00:00,490.5,24.36,4.29,4.12,0.69,0.0,0.0004905
2019-03-15 07:00:00,7435.5,208.0,14.61,6.34,0.55,0.0,0.0074355
2019-03-15 08:00:00,15908.5,400.01,24.26,9.65,0.48,0.0,0.0159085
2019-03-15 09:00:00,21933.0,544.01,32.66,12.48,0.62,0.0,0.021933
2019-03-15 10:00:00,25800.0,650.01,39.04,14.55,0.34,0.0,0.0258
2019-03-15 11:00:00,27582.5,703.01,42.48,16.54,0.48,0.0,0.0275825
2019-03-15 12:00:00,26639.5,680.01,42.3,18.12,0.76,0.0,0.0266395
2019-03-15 13:00:00,24538.5,628.01,38.54,19.33,0.76,0.0,0.0245385
2019-03-15 14:00:00,17481.5,449.01,31.93,19.87,0.55,0.0,0.0174815
2019-03-15 15:00:00,11778.0,311.0,23.38,20.43,0.76,0.0,0.011778
2019-03-15 16:00:00,5697.0,171.0,13.64,19.79,0.55,0.0,0.005697
2019-03-15 17:00:00,89.5,10.0,3.27,17.72,0.62,0.0,8.95e-05
2019-03-15 18:00:00,0.0,0.0,0.0,14.64,1.17,0.0,0.0
2019-03-15 19:00:00,0.0,0.0,0.0,12.52,2.0,0.0,0.0
2019-03-15 20:00:00,0.0,0.0,0.0,11.71,1.72,0.0,0.0
2019-03-15 21:00:00,0.0,0.0,0.0,11.43,1.45,0.0,0.0
2019-03-15 22:00:00,0.0,0.0,0.0,11.18,1.38,0.0,0.0
2019-03-15 23:00:00,0.0,0.0,0.0,9.24,1.72,0.0,0.0
2019-03-16 00:00:00,0.0,0.0,0.0,7.98,2.21,0.0,0.0
2019-03-16 01:00:00,0.0,0.0,0.0,7.56,2.28,0.0,0.0
2019-03-16 02:00:00,0.0,0.0,0.0,7.05,2.07,0.0,0.0
2019-03-16 03:00:00,0.0,0.0,0.0,6.76,1.86,0.0,0.0
2019-03-16 04:00:00,0.0,0.0,0.0,6.48,1.86,0.0,0.0
2019-03-16 05:00:00,0.0,0.0,0.0,6.23,1.79,0.0,0.0
2019-03-16 06:00:00,366.0,19.0,4.62,5.94,1.72,0.0,0.000366
2019-03-16 07:00:00,5249.5,142.0,14.95,7.8,1.66,0.0,0.0052495
2019-03-16 08:00:00,12498.5,312.0,24.62,11.54,1.79,0.0,0.0124985
2019-03-16 09:00:00,21875.0,538.01,33.04,13.69,1.93,0.0,0.021875
2019-03-16 10:00:00,26705.0,663.01,39.44,15.9,2.0,0.0,0.026705
2019-03-16 11:00:00,28891.5,722.01,42.88,17.35,2.28,0.0,0.0288915
2019-03-16 12:00:00,28433.5,712.01,42.69,18.43,2.55,0.0,0.0284335
2019-03-16 13:00:00,26703.5,668.01,38.89,19.15,2.83,0.0,0.0267035
2019-03-16 14:00:00,22076.0,553.01,32.23,19.23,3.17,0.0,0.022076
2019-03-16 15:00:00,15407.5,399.01,23.64,18.81,3.38,0.0,0.0154075
2019-03-16 16:00:00,6966.5,211.0,13.89,17.63,3.31,0.0,0.0069665
2019-03-16 17:00:00,292.5,18.6,3.51,15.71,3.17,0.0,0.0002925
2019-03-16 18:00:00,0.0,0.0,0.0,13.78,3.17,0.0,0.0
2019-03-16 19:00:00,0.0,0.0,0.0,12.96,3.52,0.0,0.0
2019-03-16 20:00:00,0.0,0.0,0.0,12.15,3.31,0.0,0.0
2019-03-16 21:00:00,0.0,0.0,0.0,11.55,3.1,0.0,0.0
2019-03-16 22:00:00,0.0,0.0,0.0,11.19,2.76,0.0,0.0
2019-03-16 23:00:00,0.0,0.0,0.0,10.74,2.48,0.0,0.0
2019-03-17 00:00:00,0.0,0.0,0.0,10.47,2.07,0.0,0.0
2019-03-17 01:00:00,0.0,0.0,0.0,9.96,1.79,0.0,0.0
2019-03-17 02:00:00,0.0,0.0,0.0,9.37,1.52,0.0,0.0
2019-03-17 03:00:00,0.0,0.0,0.0,8.56,1.17,0.0,0.0
2019-03-17 04:00:00,0.0,0.0,0.0,8.56,0.9,0.0,0.0
2019-03-17 05:00:00,0.0,0.0,0.0,8.75,0.76,0.0,0.0
2019-03-17 06:00:00,654.5,29.32,4.95,8.82,0.55,0.0,0.0006545
2019-03-17 07:00:00,3957.5,110.0,15.3,9.25,1.03,0.0,0.0039575
2019-03-17 08:00:00,3384.5,96.0,24.97,10.76,1.17,0.0,0.0033845
2019-03-17 09:00:00,3917.5,109.0,33.42,11.72,1.1,0.0,0.0039175
2019-03-17 10:00:00,3232.5,93.0,39.83,12.39,1.31,0.0,0.0032325
2019-03-17 11:00:00,2721.0,81.0,43.29,13.27,1.45,0.0,0.002721
2019-03-17 12:00:00,3299.0,95.0,43.07,13.44,1.31,0.0,0.003299
2019-03-17 13:00:00,3295.5,95.0,39.23,13.74,1.52,0.0,0.0032955
2019-03-17 14:00:00,2591.5,78.0,32.53,13.75,1.59,0.0,0.0025915
2019-03-17 15:00:00,2146.0,67.0,23.91,13.53,1.66,0.0,0.002146
2019-03-17 16:00:00,2994.0,88.0,14.13,12.98,1.52,0.0,0.002994
2019-03-17 17:00:00,118.5,11.0,3.74,12.52,1.45,0.0,0.0001185
2019-03-17 18:00:00,0.0,0.0,0.0,11.99,1.31,0.0,0.0
2019-03-17 19:00:00,0.0,0.0,0.0,11.05,1.03,0.0,0.0
2019-03-17 20:00:00,0.0,0.0,0.0,10.67,0.9,0.0,0.0
2019-03-17 21:00:00,0.0,0.0,0.0,10.5,0.62,0.0,0.0
2019-03-17 22:00:00,0.0,0.0,0.0,10.44,0.34,0.0,0.0
2019-03-17 23:00:00,0.0,0.0,0.0,9.04,0.97,0.0,0.0
2019-03-18 00:00:00,0.0,0.0,0.0,8.51,0.97,0.0,0.0
2019-03-18 01:00:00,0.0,0.0,0.0,8.33,1.24,0.0,0.0
2019-03-18 02:00:00,0.0,0.0,0.0,8.25,1.59,0.0,0.0
2019-03-18 03:00:00,0.0,0.0,0.0,7.81,2.07,0.0,0.0
2019-03-18 04:00:00,0.0,0.0,0.0,6.95,1.93,0.0,0.0
2019-03-18 05:00:00,0.0,0.0,0.0,5.75,1.86,0.0,0.0
2019-03-18 06:00:00,435.5,21.0,5.28,4.65,1.72,0.0,0.0004355
2019-03-18 07:00:00,6601.0,175.0,15.64,6.21,1.1,0.0,0.006601
2019-03-18 08:00:00,17224.5,427.01,25.33,9.84,1.45,0.0,0.0172245
2019-03-18 09:00:00,24089.5,587.01,33.8,11.78,2.0,0.0,0.0240895
2019-03-18 10:00:00,28656.0,703.01,40.23,13.01,2.0,0.0,0.028656
2019-03-18 11:00:00,30247.0,749.01,43.69,13.95,1.86,0.0,0.030247
2019-03-18 12:00:00,30454.0,756.01,43.45,14.64,1.93,0.0,0.030454
2019-03-18 13:00:00,28104.0,695.01,39.57,15.07,2.14,0.0,0.028104
2019-03-18 14:00:00,23402.0,578.01,32.83,15.27,2.48,0.0,0.023402
2019-03-18 15:00:00,16331.5,415.01,24.17,15.24,2.9,0.0,0.0163315
2019-03-18 16:00:00,7693.0,227.0,14.37,14.86,2.9,0.0,0.007693
2019-03-18 17:00:00,403.0,23.16,3.96,13.67,2.21,0.0,0.000403
2019-03-18 18:00:00,0.0,0.0,0.0,11.67,2.14,0.0,0.0
2019-03-18 19:00:00,0.0,0.0,0.0,10.42,2.9,0.0,0.0
2019-03-18 20:00:00,0.0,0.0,0.0,9.28,3.03,0.0,0.0
2019-03-18 21:00:00,0.0,0.0,0.0,8.22,2.97,0.0,0.0
2019-03-18 22:00:00,0.0,0.0,0.0,7.12,2.69,0.0,0.0
2019-03-18 23:00:00,0.0,0.0,0.0,6.08,2.41,0.0,0.0
2019-03-19 00:00:00,0.0,0.0,0.0,5.13,2.21,0.0,0.0
2019-03-19 01:00:00,0.0,0.0,0.0,4.38,2.21,0.0,0.0
2019-03-19 02:00:00,0.0,0.0,0.0,3.77,2.07,0.0,0.0
2019-03-19 03:00:00,0.0,0.0,0.0,2.98,1.79,0.0,0.0
2019-03-19 04:00:00,0.0,0.0,0.0,2.79,1.38,0.0,0.0
2019-03-19 05:00:00,0.0,0.0,0.0,3.88,0.83,0.0,0.0
2019-03-19 06:00:00,1037.0,42.41,5.62,3.74,0.48,0.0,0.001037
2019-03-19 07:00:00,9100.5,247.0,15.98,5.27,0.07,0.0,0.0091005
2019-03-19 08:00:00,17970.5,445.01,25.69,7.42,0.28,0.0,0.0179705
2019-03-19 09:00:00,24560.0,600.01,34.17,9.15,0.69,0.0,0.02456
2019-03-19 10:00:00,28194.5,687.01,40.63,10.48,1.52,0.0,0.0281945
2019-03-19 11:00:00,29098.5,710.01,44.09,11.38,1.93,0.0,0.0290985
2019-03-19 12:00:00,29710.0,726.01,43.83,12.09,2.14,0.0,0.02971
2019-03-19 13:00:00,28613.0,701.01,39.91,12.42,1.86,0.0,0.028613
2019-03-19 14:00:00,23614.5,581.01,33.13,12.79,1.59,0.0,0.0236145
2019-03-19 15:00:00,16592.5,419.01,24.44,12.77,1.66,0.0,0.0165925
2019-03-19 16:00:00,7847.0,227.0,14.61,12.44,1.86,0.0,0.007847
2019-03-19 17:00:00,507.0,26.09,4.19,11.59,1.52,0.0,0.000507
2019-03-19 18:00:00,0.0,0.0,0.0,9.6,1.38,0.0,0.0
2019-03-19 19:00:00,0.0,0.0,0.0,8.0,1.52,0.0,0.0
2019-03-19 20:00:00,0.0,0.0,0.0,7.16,1.31,0.0,0.0
2019-03-19 21:00:00,0.0,0.0,0.0,8.6,0.55,0.0,0.0
2019-03-19 22:00:00,0.0,0.0,0.0,6.75,1.31,0.0,0.0
2019-03-19 23:00:00,0.0,0.0,0.0,3.51,2.0,0.0,0.0
2019-03-20 00:00:00,0.0,0.0,0.0,2.76,2.21,0.0,0.0
2019-03-20 01:00:00,0.0,0.0,0.0,2.24,2.21,0.0,0.0
2019-03-20 02:00:00,0.0,0.0,0.0,1.82,2.0,0.0,0.0
2019-03-20 03:00:00,0.0,0.0,0.0,1.63,1.79,0.0,0.0
2019-03-20 04:00:00,0.0,0.0,0.0,1.36,1.66,0.0,0.0
2019-03-20 05:00:00,0.0,0.0,0.0,1.26,1.52,0.0,0.0
2019-03-20 06:00:00,1179.5,44.0,5.95,1.4,1.31,0.0,0.0011795
2019-03-20 07:00:00,8937.5,238.0,16.32,4.67,0.48,0.0,0.0089375
2019-03-20 08:00:00,17825.0,439.01,26.05,7.77,0.69,0.0,0.017825
2019-03-20 09:00:00,24466.0,595.01,34.55,9.86,1.24,0.0,0.024466
2019-03-20 10:00:00,24881.5,601.01,41.03,11.16,2.41,0.0,0.0248815
2019-03-20 11:00:00,23136.0,560.01,44.49,12.05,2.83,0.0,0.023136
2019-03-20 12:00:00,23938.0,581.01,44.21,12.77,2.9,0.0,0.023938
2019-03-20 13:00:00,26388.0,642.01,40.25,13.24,2.76,0.0,0.026388
2019-03-20 14:00:00,23510.0,575.01,33.42,13.33,2.41,0.0,0.02351
2019-03-20 15:00:00,16547.0,417.01,24.7,13.33,2.07,0.0,0.016547
2019-03-20 16:00:00,7895.5,227.0,14.85,13.01,1.86,0.0,0.0078955
2019-03-20 17:00:00,542.0,27.1,4.42,12.1,1.24,0.0,0.000542
2019-03-20 18:00:00,0.0,0.0,0.0,9.71,1.24,0.0,0.0
2019-03-20 19:00:00,0.0,0.0,0.0,8.26,1.31,0.0,0.0
2019-03-20 20:00:00,0.0,0.0,0.0,8.2,1.17,0.0,0.0
2019-03-20 21:00:00,0.0,0.0,0.0,6.43,1.45,0.0,0.0
2019-03-20 22:00:00,0.0,0.0,0.0,4.69,1.79,0.0,0.0
2019-03-20 23:00:00,0.0,0.0,0.0,3.65,2.0,0.0,0.0
2019-03-21 00:00:00,0.0,0.0,0.0,2.87,2.0,0.0,0.0
2019-03-21 01:00:00,0.0,0.0,0.0,2.32,1.93,0.0,0.0
2019-03-21 02:00:00,0.0,0.0,0.0,1.89,1.86,0.0,0.0
2019-03-21 03:00:00,0.0,0.0,0.0,1.6,1.79,0.0,0.0
2019-03-21 04:00:00,0.0,0.0,0.0,1.47,1.66,0.0,0.0
2019-03-21 05:00:00,0.0,0.0,0.0,1.71,1.45,0.0,0.0
2019-03-21 06:00:00,1723.0,70.0,6.29,2.13,1.31,0.0,0.001723
2019-03-21 07:00:00,9586.0,253.0,16.67,3.71,1.03,0.0,0.009586
2019-03-21 08:00:00,18068.0,443.01,26.41,8.26,1.24,0.0,0.018068
2019-03-21 09:00:00,24705.5,599.01,34.93,10.22,1.66,0.0,0.0247055
2019-03-21 10:00:00,29072.5,710.01,41.43,11.33,1.72,0.0,0.0290725
2019-03-21 11:00:00,31068.0,765.01,44.89,12.43,1.79,0.0,0.031068
2019-03-21 12:00:00,31729.0,784.01,44.59,13.41,1.93,0.0,0.031729
2019-03-21 13:00:00,28758.0,710.01,40.59,14.19,1.93,0.0,0.028758
2019-03-21 14:00:00,23551.5,583.01,33.72,14.7,1.79,0.0,0.0235515
2019-03-21 15:00:00,16584.5,422.01,24.96,14.86,1.52,0.0,0.0165845
2019-03-21 16:00:00,7881.5,227.0,15.08,14.6,1.17,0.0,0.0078815
2019-03-21 17:00:00,614.5,29.84,4.65,13.38,0.83,0.0,0.0006145
2019-03-21 18:00:00,0.0,0.0,0.0,10.98,1.03,0.0,0.0
2019-03-21 19:00:00,0.0,0.0,0.0,11.33,0.9,0.0,0.0
2019-03-21 20:00:00,0.0,0.0,0.0,10.84,0.55,0.0,0.0
2019-03-21 21:00:00,0.0,0.0,0.0,10.4,0.21,0.0,0.0
2019-03-21 22:00:00,0.0,0.0,0.0,9.91,0.07,0.0,0.0
2019-03-21 23:00:00,0.0,0.0,0.0,9.44,0.07,0.0,0.0
2019-03-22 00:00:00,0.0,0.0,0.0,8.98,0.34,0.0,0.0
2019-03-22 01:00:00,0.0,0.0,0.0,8.34,0.62,0.0,0.0
2019-03-22 02:00:00,0.0,0.0,0.0,7.72,0.76,0.0,0.0
2019-03-22 03:00:00,0.0,0.0,0.0,7.11,0.55,0.0,0.0
2019-03-22 04:00:00,0.0,0.0,0.0,6.6,0.28,0.0,0.0
2019-03-22 05:00:00,0.0,0.0,0.0,5.95,0.41,0.0,0.0
2019-03-22 06:00:00,1881.5,77.0,6.62,5.04,0.62,0.0,0.0018815
2019-03-22 07:00:00,9933.5,264.0,17.01,5.3,0.48,0.0,0.0099335
2019-03-22 08:00:00,18273.5,453.01,26.77,9.14,0.41,0.0,0.0182735
2019-03-22 09:00:00,24565.0,613.01,35.31,12.35,0.28,0.0,0.024565
2019-03-22 10:00:00,28362.5,721.01,41.82,14.45,0.21,0.0,0.0283625
2019-03-22 11:00:00,30191.0,777.01,45.29,15.97,0.28,0.0,0.030191
2019-03-22 12:00:00,30706.5,795.01,44.97,17.21,0.34,0.0,0.0307065
2019-03-22 13:00:00,28084.5,721.01,40.93,18.11,0.62,0.0,0.0280845
2019-03-22 14:00:00,23215.5,593.01,34.01,18.62,0.76,0.0,0.0232155
2019-03-22 15:00:00,16386.0,426.01,25.22,18.7,0.97,0.0,0.016386
2019-03-22 16:00:00,8013.0,234.0,15.32,18.28,0.9,0.0,0.008013
2019-03-22 17:00:00,681.5,32.56,4.87,16.44,0.97,0.0,0.0006815
2019-03-22 18:00:00,0.0,0.0,0.0,14.41,1.03,0.0,0.0
2019-03-22 19:00:00,0.0,0.0,0.0,14.58,0.97,0.0,0.0
2019-03-22 20:00:00,0.0,0.0,0.0,13.74,1.03,0.0,0.0
2019-03-22 21:00:00,0.0,0.0,0.0,12.75,1.17,0.0,0.0
2019-03-22 22:00:00,0.0,0.0,0.0,11.62,1.31,0.0,0.0
2019-03-22 23:00:00,0.0,0.0,0.0,11.25,1.1,0.0,0.0
2019-03-23 00:00:00,0.0,0.0,0.0,10.17,0.69,0.0,0.0
2019-03-23 01:00:00,0.0,0.0,0.0,9.11,0.55,0.0,0.0
2019-03-23 02:00:00,0.0,0.0,0.0,8.25,0.41,0.0,0.0
2019-03-23 03:00:00,0.0,0.0,0.0,7.62,0.21,0.0,0.0
2019-03-23 04:00:00,0.0,0.0,0.0,7.27,0.07,0.0,0.0
2019-03-23 05:00:00,0.0,0.0,0.0,6.87,0.34,0.0,0.0
2019-03-23 06:00:00,2076.0,82.0,6.96,5.85,0.69,0.0,0.002076
2019-03-23 07:00:00,9862.5,263.0,17.36,7.3,0.28,0.0,0.0098625
2019-03-23 08:00:00,17983.0,451.01,27.13,11.27,0.14,0.0,0.017983
2019-03-23 09:00:00,24018.5,605.01,35.69,14.51,0.28,0.0,0.0240185
2019-03-23 10:00:00,27926.5,711.01,42.22,16.81,0.69,0.0,0.0279265
2019-03-23 11:00:00,29903.0,769.01,45.69,18.47,0.9,0.0,0.029903
2019-03-23 12:00:00,30576.0,791.01,45.35,19.67,0.97,0.0,0.030576
2019-03-23 13:00:00,27407.0,706.01,41.26,20.47,1.03,0.0,0.027407
2019-03-23 14:00:00,22854.0,587.01,34.3,20.86,1.1,0.0,0.022854
2019-03-23 15:00:00,16048.5,420.01,25.47,20.83,1.17,0.0,0.0160485
2019-03-23 16:00:00,7894.5,231.0,15.55,20.3,1.24,0.0,0.0078945
2019-03-23 17:00:00,711.5,33.58,5.1,18.62,1.45,0.0,0.0007115
2019-03-23 18:00:00,0.0,0.0,0.0,15.46,1.52,0.0,0.0
2019-03-23 19:00:00,0.0,0.0,0.0,16.59,0.97,0.0,0.0
2019-03-23 20:00:00,0.0,0.0,0.0,15.41,1.03,0.0,0.0
2019-03-23 21:00:00,0.0,0.0,0.0,14.31,1.03,0.0,0.0
2019-03-23 22:00:00,0.0,0.0,0.0,13.46,0.83,0.0,0.0
2019-03-23 23:00:00,0.0,0.0,0.0,12.88,0.55,0.0,0.0
2019-03-24 00:00:00,0.0,0.0,0.0,12.17,0.34,0.0,0.0
2019-03-24 01:00:00,0.0,0.0,0.0,11.39,0.28,0.0,0.0
2019-03-24 02:00:00,0.0,0.0,0.0,10.2,0.48,0.0,0.0
2019-03-24 03:00:00,0.0,0.0,0.0,8.81,0.76,0.0,0.0
2019-03-24 04:00:00,0.0,0.0,0.0,7.66,0.83,0.0,0.0
2019-03-24 05:00:00,0.0,0.0,0.0,6.87,0.83,0.0,0.0
2019-03-24 06:00:00,2231.5,88.0,7.29,6.38,0.83,0.0,0.0022315
2019-03-24 07:00:00,9996.5,267.0,17.7,8.98,0.48,0.0,0.0099965
2019-03-24 08:00:00,18195.5,457.01,27.48,12.96,0.62,0.0,0.0181955
2019-03-24 09:00:00,24116.0,608.01,36.07,16.05,0.69,0.0,0.024116
2019-03-24 10:00:00,27933.0,717.01,42.62,18.18,0.62,0.0,0.027933
2019-03-24 11:00:00,29437.5,771.01,46.1,19.7,0.28,0.0,0.0294375
2019-03-24 12:00:00,29936.5,792.01,45.72,20.78,0.14,0.0,0.0299365
2019-03-24 13:00:00,26971.0,708.01,41.6,21.59,0.28,0.0,0.026971
2019-03-24 14:00:00,22589.5,588.01,34.59,22.14,0.55,0.0,0.0225895
2019-03-24 15:00:00,15912.5,420.01,25.73,22.37,0.9,0.0,0.0159125
2019-03-24 16:00:00,8021.5,236.0,15.79,21.94,1.1,0.0,0.0080215
2019-03-24 17:00:00,811.0,36.49,5.32,19.93,0.97,0.0,0.000811
2019-03-24 18:00:00,0.0,0.0,0.0,17.31,1.1,0.0,0.0
2019-03-24 19:00:00,0.0,0.0,0.0,14.59,1.66,0.0,0.0
2019-03-24 20:00:00,0.0,0.0,0.0,12.88,1.66,0.0,0.0
2019-03-24 21:00:00,0.0,0.0,0.0,11.51,1.66,0.0,0.0
2019-03-24 22:00:00,0.0,0.0,0.0,9.54,1.93,0.0,0.0
2019-03-24 23:00:00,0.0,0.0,0.0,8.3,1.93,0.0,0.0
2019-03-25 00:00:00,0.0,0.0,0.0,7.79,1.72,0.0,0.0
2019-03-25 01:00:00,0.0,0.0,0.0,7.84,1.52,0.0,0.0
2019-03-25 02:00:00,0.0,0.0,0.0,7.41,1.45,0.0,0.0
2019-03-25 03:00:00,0.0,0.0,0.0,6.77,1.45,0.0,0.0
2019-03-25 04:00:00,0.0,0.0,0.0,6.43,1.45,0.0,0.0
2019-03-25 05:00:00,0.0,0.0,0.0,6.87,1.24,0.0,0.0
2019-03-25 06:00:00,2473.0,96.0,7.63,7.52,1.03,0.0,0.002473
2019-03-25 07:00:00,10486.0,278.0,18.04,9.08,1.17,0.0,0.010486
2019-03-25 08:00:00,18599.5,463.01,27.84,13.13,1.52,0.0,0.0185995
2019-03-25 09:00:00,24649.5,614.01,36.45,15.54,1.45,0.0,0.0246495
2019-03-25 10:00:00,28735.0,726.01,43.01,17.64,1.52,0.0,0.028735
2019-03-25 11:00:00,30593.5,784.01,46.5,19.12,1.38,0.0,0.0305935
2019-03-25 12:00:00,31150.0,801.01,46.1,20.12,1.52,0.0,0.03115
2019-03-25 13:00:00,28417.0,727.01,41.93,20.48,1.59,0.0,0.028417
2019-03-25 14:00:00,23583.5,599.01,34.88,20.52,1.93,0.0,0.0235835
2019-03-25 15:00:00,16625.5,429.01,25.98,20.12,2.28,0.0,0.0166255
2019-03-25 16:00:00,7969.0,227.0,16.02,19.11,2.41,0.0,0.007969
2019-03-25 17:00:00,974.0,52.45,5.54,17.35,2.07,0.0,0.000974
2019-03-25 18:00:00,0.0,0.0,0.0,15.06,1.93,0.0,0.0
2019-03-25 19:00:00,0.0,0.0,0.0,13.24,3.52,0.0,0.0
2019-03-25 20:00:00,0.0,0.0,0.0,12.17,5.45,0.0,0.0
2019-03-25 21:00:00,0.0,0.0,0.0,11.61,6.14,0.0,0.0
2019-03-25 22:00:00,0.0,0.0,0.0,11.35,6.21,0.0,0.0
2019-03-25 23:00:00,0.0,0.0,0.0,10.77,5.31,0.0,0.0
2019-03-26 00:00:00,0.0,0.0,0.0,9.86,4.21,0.0,0.0
2019-03-26 01:00:00,0.0,0.0,0.0,8.94,3.59,0.0,0.0
2019-03-26 02:00:00,0.0,0.0,0.0,8.09,3.45,0.0,0.0
2019-03-26 03:00:00,0.0,0.0,0.0,7.45,3.45,0.0,0.0
2019-03-26 04:00:00,0.0,0.0,0.0,6.72,3.17,0.0,0.0
2019-03-26 05:00:00,0.0,0.0,0.0,5.97,2.62,0.0,0.0
2019-03-26 06:00:00,2783.0,107.0,7.96,5.42,2.07,0.0,0.002783
2019-03-26 07:00:00,11247.0,292.0,18.38,7.18,2.83,0.0,0.011247
2019-03-26 08:00:00,19644.0,473.01,28.2,8.34,2.83,0.0,0.019644
2019-03-26 09:00:00,24360.5,583.01,36.83,9.84,2.76,0.0,0.0243605
2019-03-26 10:00:00,30678.0,740.01,43.41,11.63,3.17,0.0,0.030678
2019-03-26 11:00:00,33027.5,799.01,46.89,13.1,4.0,0.0,0.0330275
2019-03-26 12:00:00,33581.5,817.01,46.48,14.42,4.07,0.0,0.0335815
2019-03-26 13:00:00,29938.0,729.01,42.26,15.21,4.0,0.0,0.029938
2019-03-26 14:00:00,24775.5,605.01,35.17,15.63,3.93,0.0,0.0247755
2019-03-26 15:00:00,17665.0,442.01,26.23,15.71,3.79,0.0,0.017665
2019-03-26 16:00:00,9025.0,253.0,16.25,15.37,3.24,0.0,0.009025
2019-03-26 17:00:00,1366.0,69.0,5.77,14.27,1.86,0.0,0.001366
2019-03-26 18:00:00,0.0,0.0,0.0,12.03,1.72,0.0,0.0
2019-03-26 19:00:00,0.0,0.0,0.0,9.92,1.45,0.0,0.0
2019-03-26 20:00:00,0.0,0.0,0.0,8.57,1.45,0.0,0.0
2019-03-26 21:00:00,0.0,0.0,0.0,7.06,1.66,0.0,0.0
2019-03-26 22:00:00,0.0,0.0,0.0,5.72,1.79,0.0,0.0
2019-03-26 23:00:00,0.0,0.0,0.0,4.76,1.93,0.0,0.0
2019-03-27 00:00:00,0.0,0.0,0.0,3.94,2.07,0.0,0.0
2019-03-27 01:00:00,0.0,0.0,0.0,3.38,2.0,0.0,0.0
2019-03-27 02:00:00,0.0,0.0,0.0,3.21,1.79,0.0,0.0
2019-03-27 03:00:00,0.0,0.0,0.0,3.57,1.52,0.0,0.0
2019-03-27 04:00:00,0.0,0.0,0.0,4.57,1.17,0.0,0.0
2019-03-27 05:00:00,0.0,0.0,0.0,4.36,1.17,0.0,0.0
2019-03-27 06:00:00,2847.5,100.0,8.3,3.79,1.17,0.0,0.0028475
2019-03-27 07:00:00,10419.5,270.0,18.72,6.79,0.48,0.0,0.0104195
2019-03-27 08:00:00,19388.5,476.01,28.56,9.63,0.97,0.0,0.0193885
2019-03-27 09:00:00,25593.0,623.01,37.2,11.47,1.72,0.0,0.025593
2019-03-27 10:00:00,29914.5,731.01,43.81,12.66,2.28,0.0,0.0299145
2019-03-27 11:00:00,32076.5,788.01,47.29,13.6,2.55,0.0,0.0320765
2019-03-27 12:00:00,32804.5,809.01,46.85,14.32,2.55,0.0,0.0328045
2019-03-27 13:00:00,29222.5,719.01,42.59,14.9,2.55,0.0,0.0292225
2019-03-27 14:00:00,24208.5,596.01,35.45,15.3,2.48,0.0,0.0242085
2019-03-27 15:00:00,17222.0,433.01,26.49,15.26,2.28,0.0,0.017222
2019-03-27 16:00:00,8937.5,250.0,16.48,14.97,2.0,0.0,0.0089375
2019-03-27 17:00:00,1465.0,70.0,5.99,14.12,1.31,0.0,0.001465
2019-03-27 18:00:00,0.0,0.0,0.0,12.7,0.97,0.0,0.0
2019-03-27 19:00:00,0.0,0.0,0.0,12.26,0.76,0.0,0.0
2019-03-27 20:00:00,0.0,0.0,0.0,10.37,1.03,0.0,0.0
2019-03-27 21:00:00,0.0,0.0,0.0,9.67,1.1,0.0,0.0
2019-03-27 22:00:00,0.0,0.0,0.0,9.92,0.48,0.0,0.0
2019-03-27 23:00:00,0.0,0.0,0.0,9.39,0.28,0.0,0.0
2019-03-28 00:00:00,0.0,0.0,0.0,8.52,1.1,0.0,0.0
2019-03-28 01:00:00,0.0,0.0,0.0,5.82,1.45,0.0,0.0
2019-03-28 02:00:00,0.0,0.0,0.0,4.41,1.59,0.0,0.0
2019-03-28 03:00:00,0.0,0.0,0.0,3.57,1.72,0.0,0.0
2019-03-28 04:00:00,0.0,0.0,0.0,2.93,1.79,0.0,0.0
2019-03-28 05:00:00,0.0,0.0,0.0,2.67,1.72,0.0,0.0
2019-03-28 06:00:00,3170.5,113.0,8.63,2.92,1.52,0.0,0.0031705
2019-03-28 07:00:00,11409.5,295.0,19.06,5.91,0.41,0.0,0.0114095
2019-03-28 08:00:00,19583.5,480.01,28.91,9.8,1.1,0.0,0.0195835
2019-03-28 09:00:00,25881.0,629.01,37.58,11.59,1.93,0.0,0.025881
2019-03-28 10:00:00,30298.0,741.01,44.2,12.73,2.28,0.0,0.030298
2019-03-28 11:00:00,32339.5,798.01,47.69,13.71,2.28,0.0,0.0323395
2019-03-28 12:00:00,32872.0,814.01,47.22,14.75,2.41,0.0,0.032872
2019-03-28 13:00:00,29571.5,732.01,42.92,15.59,2.34,0.0,0.0295715
2019-03-28 14:00:00,24380.0,604.01,35.74,15.97,2.14,0.0,0.02438
2019-03-28 15:00:00,17419.5,440.01,26.74,16.05,2.0,0.0,0.0174195
2019-03-28 16:00:00,9142.0,256.0,16.71,15.82,1.79,0.0,0.009142
2019-03-28 17:00:00,1558.5,73.0,6.21,14.96,1.24,0.0,0.0015585
2019-03-28 18:00:00,0.0,0.0,0.0,12.73,1.17,0.0,0.0
2019-03-28 19:00:00,0.0,0.0,0.0,12.86,0.48,0.0,0.0
2019-03-28 20:00:00,0.0,0.0,0.0,10.33,1.31,0.0,0.0
2019-03-28 21:00:00,0.0,0.0,0.0,8.45,1.52,0.0,0.0
2019-03-28 22:00:00,0.0,0.0,0.0,10.0,1.1,0.0,0.0
2019-03-28 23:00:00,0.0,0.0,0.0,9.9,0.41,0.0,0.0
2019-03-29 00:00:00,0.0,0.0,0.0,9.75,0.48,0.0,0.0
2019-03-29 01:00:00,0.0,0.0,0.0,9.6,0.69,0.0,0.0
2019-03-29 02:00:00,0.0,0.0,0.0,9.11,0.76,0.0,0.0
2019-03-29 03:00:00,0.0,0.0,0.0,8.0,0.97,0.0,0.0
2019-03-29 04:00:00,0.0,0.0,0.0,6.61,1.24,0.0,0.0
2019-03-29 05:00:00,0.0,0.0,0.0,5.0,1.31,0.0,0.0
2019-03-29 06:00:00,2058.0,65.0,8.96,4.69,1.24,0.0,0.002058
2019-03-29 07:00:00,7221.5,186.0,19.4,7.87,0.62,0.0,0.0072215
2019-03-29 08:00:00,19802.5,489.01,29.26,10.78,0.76,0.0,0.0198025
2019-03-29 09:00:00,25605.0,632.01,37.95,12.78,1.1,0.0,0.025605
2019-03-29 10:00:00,29820.5,743.01,44.59,14.32,1.45,0.0,0.0298205
2019-03-29 11:00:00,31458.5,791.01,48.09,15.45,1.52,0.0,0.0314585
2019-03-29 12:00:00,27954.0,703.01,47.59,16.5,1.52,0.0,0.027954
2019-03-29 13:00:00,28172.0,710.01,43.25,16.93,1.38,0.0,0.028172
2019-03-29 14:00:00,23937.5,600.01,36.02,17.08,1.52,0.0,0.0239375
2019-03-29 15:00:00,17379.0,442.01,26.98,17.08,1.59,0.0,0.017379
2019-03-29 16:00:00,9273.0,260.0,16.94,16.83,1.59,0.0,0.009273
2019-03-29 17:00:00,1674.0,77.0,6.43,15.85,1.1,0.0,0.001674
2019-03-29 18:00:00,0.0,0.0,0.0,13.59,1.1,0.0,0.0
2019-03-29 19:00:00,0.0,0.0,0.0,14.19,0.07,0.0,0.0
2019-03-29 20:00:00,0.0,0.0,0.0,13.1,0.55,0.0,0.0
2019-03-29 21:00:00,0.0,0.0,0.0,9.97,1.38,0.0,0.0
2019-03-29 22:00:00,0.0,0.0,0.0,7.05,1.86,0.0,0.0
2019-03-29 23:00:00,0.0,0.0,0.0,5.84,1.72,0.0,0.0
2019-03-30 00:00:00,0.0,0.0,0.0,5.14,1.72,0.0,0.0
2019-03-30 01:00:00,0.0,0.0,0.0,4.71,1.72,0.0,0.0
2019-03-30 02:00:00,0.0,0.0,0.0,4.31,1.72,0.0,0.0
2019-03-30 03:00:00,0.0,0.0,0.0,4.0,1.72,0.0,0.0
2019-03-30 04:00:00,0.0,0.0,0.0,3.78,1.66,0.0,0.0
2019-03-30 05:00:00,0.0,0.0,0.0,3.62,1.66,0.0,0.0
2019-03-30 06:00:00,3646.0,123.0,9.3,4.21,1.52,0.0,0.003646
2019-03-30 07:00:00,11793.5,303.0,19.74,7.75,0.97,0.0,0.0117935
2019-03-30 08:00:00,19593.5,485.01,29.62,12.42,1.17,0.0,0.0195935
2019-03-30 09:00:00,25466.0,634.01,38.32,14.97,1.31,0.0,0.025466
2019-03-30 10:00:00,29632.0,756.01,44.99,16.55,0.76,0.0,0.029632
2019-03-30 11:00:00,31503.5,821.01,48.48,17.68,0.34,0.0,0.0315035
2019-03-30 12:00:00,31424.0,830.01,47.96,18.62,0.0,0.0,0.031424
2019-03-30 13:00:00,28430.5,742.01,43.57,19.32,0.21,0.0,0.0284305
2019-03-30 14:00:00,23910.0,617.01,36.3,19.76,0.41,0.0,0.02391
2019-03-30 15:00:00,17389.5,452.01,27.23,19.9,0.62,0.0,0.0173895
2019-03-30 16:00:00,9350.5,265.0,17.16,19.65,0.9,0.0,0.0093505
2019-03-30 17:00:00,1800.0,82.0,6.65,18.21,0.97,0.0,0.0018
2019-03-30 18:00:00,0.0,0.0,0.0,15.29,1.31,0.0,0.0
2019-03-30 19:00:00,0.0,0.0,0.0,12.57,1.72,0.0,0.0
2019-03-30 20:00:00,0.0,0.0,0.0,11.18,1.66,0.0,0.0
2019-03-30 21:00:00,0.0,0.0,0.0,10.42,1.45,0.0,0.0
2019-03-30 22:00:00,0.0,0.0,0.0,9.76,1.31,0.0,0.0
2019-03-30 23:00:00,0.0,0.0,0.0,8.88,1.24,0.0,0.0
2019-03-31 00:00:00,0.0,0.0,0.0,7.78,1.24,0.0,0.0
2019-03-31 01:00:00,0.0,0.0,0.0,6.91,1.31,0.0,0.0
2019-03-31 02:00:00,0.0,0.0,0.0,6.57,1.24,0.0,0.0
2019-03-31 03:00:00,0.0,0.0,0.0,6.42,1.17,0.0,0.0
2019-03-31 04:00:00,0.0,0.0,0.0,6.51,1.1,0.0,0.0
2019-03-31 05:00:00,0.0,0.0,0.0,6.66,0.97,0.0,0.0
2019-03-31 06:00:00,3884.0,133.0,9.63,6.73,0.83,0.0,0.003884
2019-03-31 07:00:00,12229.5,316.0,20.08,8.94,0.76,0.0,0.0122295
2019-03-31 08:00:00,20043.0,500.01,29.97,13.37,0.83,0.0,0.020043
2019-03-31 09:00:00,26041.0,656.01,38.7,16.07,0.9,0.0,0.026041
2019-03-31 10:00:00,29850.0,767.01,45.38,17.84,0.76,0.0,0.02985
2019-03-31 11:00:00,31580.5,828.01,48.88,19.07,0.41,0.0,0.0315805
2019-03-31 12:00:00,31345.0,824.01,48.33,20.05,0.48,0.0,0.031345
2019-03-31 13:00:00,28972.0,756.01,43.89,20.74,0.62,0.0,0.028972
2019-03-31 14:00:00,24111.5,623.01,36.58,21.08,0.76,0.0,0.0241115
2019-03-31 15:00:00,17599.0,459.01,27.47,21.15,0.83,0.0,0.017599
2019-03-31 16:00:00,9529.0,271.0,17.39,20.84,0.9,0.0,0.009529
2019-03-31 17:00:00,1891.0,82.0,6.86,19.93,0.69,0.0,0.001891
2019-03-31 18:00:00,0.0,0.0,0.0,18.86,0.76,0.0,0.0
2019-03-31 19:00:00,0.0,0.0,0.0,16.06,1.1,0.0,0.0
2019-03-31 20:00:00,0.0,0.0,0.0,14.5,1.17,0.0,0.0
2019-03-31 21:00:00,0.0,0.0,0.0,11.86,1.38,0.0,0.0
2019-03-31 22:00:00,0.0,0.0,0.0,10.73,1.38,0.0,0.0
2019-03-31 23:00:00,0.0,0.0,0.0,10.92,1.1,0.0,0.0
2019-04-01 00:00:00,0.0,0.0,0.0,10.25,0.97,0.0,0.0
2019-04-01 01:00:00,0.0,0.0,0.0,9.44,0.9,0.0,0.0
2019-04-01 02:00:00,0.0,0.0,0.0,8.69,0.83,0.0,0.0
2019-04-01 03:00:00,0.0,0.0,0.0,8.09,0.83,0.0,0.0
2019-04-01 04:00:00,0.0,0.0,0.0,7.71,0.76,0.0,0.0
2019-04-01 05:00:00,0.0,0.0,0.0,7.4,0.69,0.0,0.0
2019-04-01 06:00:00,3892.5,128.0,9.95,7.34,0.41,0.0,0.0038925
2019-04-01 07:00:00,11586.5,297.0,20.41,8.89,0.62,0.0,0.0115865
2019-04-01 08:00:00,18701.5,467.01,30.32,13.73,0.69,0.0,0.0187015
2019-04-01 09:00:00,24470.0,615.01,39.07,16.43,1.03,0.0,0.02447
2019-04-01 10:00:00,28842.5,731.01,45.77,18.17,1.59,0.0,0.0288425
2019-04-01 11:00:00,29483.5,751.01,49.27,19.32,1.86,0.0,0.0294835
2019-04-01 12:00:00,25463.0,648.01,48.7,20.09,1.86,0.0,0.025463
2019-04-01 13:00:00,19474.5,496.0,44.22,20.51,1.59,0.0,0.0194745
2019-04-01 14:00:00,19084.5,487.0,36.85,20.79,1.38,0.0,0.0190845
2019-04-01 15:00:00,13785.5,357.0,27.72,20.67,1.03,0.0,0.0137855
2019-04-01 16:00:00,7035.5,195.0,17.61,20.22,0.62,0.0,0.0070355
2019-04-01 17:00:00,1644.5,63.0,7.08,19.19,0.48,0.0,0.0016445
2019-04-01 18:00:00,0.0,0.0,0.0,16.7,1.31,0.0,0.0
2019-04-01 19:00:00,0.0,0.0,0.0,14.44,1.66,0.0,0.0
2019-04-01 20:00:00,0.0,0.0,0.0,12.65,1.86,0.0,0.0
2019-04-01 21:00:00,0.0,0.0,0.0,11.52,1.79,0.0,0.0
2019-04-01 22:00:00,0.0,0.0,0.0,10.84,1.72,0.0,0.0
2019-04-01 23:00:00,0.0,0.0,0.0,10.1,1.66,0.0,0.0
2019-04-02 00:00:00,0.0,0.0,0.0,9.42,1.66,0.0,0.0
2019-04-02 01:00:00,0.0,0.0,0.0,8.87,1.59,0.0,0.0
2019-04-02 02:00:00,0.0,0.0,0.0,8.68,1.45,0.0,0.0
2019-04-02 03:00:00,0.0,0.0,0.0,8.55,1.38,0.0,0.0
2019-04-02 04:00:00,0.0,0.0,0.0,8.41,1.31,0.0,0.0
2019-04-02 05:00:00,0.0,0.0,0.0,8.82,1.1,0.0,0.0
2019-04-02 06:00:00,2949.5,91.0,10.28,9.55,0.83,0.0,0.0029495
2019-04-02 07:00:00,10645.0,274.0,20.75,11.14,0.83,0.0,0.010645
2019-04-02 08:00:00,18469.5,462.0,30.67,14.89,0.97,0.0,0.0184695
2019-04-02 09:00:00,23382.0,587.01,39.43,16.89,1.17,0.0,0.023382
2019-04-02 10:00:00,26994.5,686.01,46.15,18.13,1.17,0.0,0.0269945
2019-04-02 11:00:00,30355.5,783.01,49.66,19.14,1.03,0.0,0.0303555
2019-04-02 12:00:00,30099.5,783.01,49.07,19.93,0.76,0.0,0.0300995
2019-04-02 13:00:00,27146.5,702.01,44.53,20.36,0.76,0.0,0.0271465
2019-04-02 14:00:00,17740.5,451.0,37.13,20.23,1.52,0.0,0.0177405
2019-04-02 15:00:00,12969.5,331.0,27.96,19.17,2.48,0.0,0.0129695
2019-04-02 16:00:00,5191.0,144.0,17.84,18.36,2.41,0.0,0.005191
2019-04-02 17:00:00,194.0,14.0,7.3,17.63,1.79,0.0,0.000194
2019-04-02 18:00:00,0.0,0.0,0.0,16.21,2.21,0.0,0.0
2019-04-02 19:00:00,0.0,0.0,0.0,14.57,2.97,0.0,0.0
2019-04-02 20:00:00,0.0,0.0,0.0,13.52,2.9,0.0,0.0
2019-04-02 21:00:00,0.0,0.0,0.0,12.59,2.69,0.0,0.0
2019-04-02 22:00:00,0.0,0.0,0.0,11.85,2.55,0.0,0.0
2019-04-02 23:00:00,0.0,0.0,0.0,11.16,2.41,0.0,0.0
2019-04-03 00:00:00,0.0,0.0,0.0,10.56,2.34,0.0,0.0
2019-04-03 01:00:00,0.0,0.0,0.0,9.96,2.21,0.0,0.0
2019-04-03 02:00:00,0.0,0.0,0.0,9.67,2.0,0.0,0.0
2019-04-03 03:00:00,0.0,0.0,0.0,9.2,1.59,0.0,0.0
2019-04-03 04:00:00,0.0,0.0,0.0,8.53,1.31,0.0,0.0
2019-04-03 05:00:00,0.0,0.0,0.0,8.12,1.31,0.0,0.0
2019-04-03 06:00:00,2483.5,76.0,10.61,8.47,1.24,0.0,0.0024835
2019-04-03 07:00:00,6868.5,178.0,21.08,10.82,2.07,0.0,0.0068685
2019-04-03 08:00:00,14763.5,361.0,31.01,12.25,2.97,0.0,0.0147635
2019-04-03 09:00:00,22269.5,541.0,39.8,13.44,2.9,0.0,0.0222695
2019-04-03 10:00:00,13949.5,345.0,46.54,14.23,2.97,0.0,0.0139495
2019-04-03 11:00:00,12870.0,321.0,50.05,15.38,3.24,0.0,0.01287
2019-04-03 12:00:00,5629.5,151.0,49.43,15.89,3.52,0.0,0.0056295
2019-04-03 13:00:00,2610.0,79.0,44.85,16.07,4.34,0.0,0.00261
2019-04-03 14:00:00,8522.5,218.0,37.4,15.56,4.76,0.0,0.0085225
2019-04-03 15:00:00,8935.0,227.0,28.2,14.81,4.76,0.0,0.008935
2019-04-03 16:00:00,5321.0,144.0,18.06,14.27,4.55,0.0,0.005321
2019-04-03 17:00:00,887.0,35.0,7.51,13.59,3.79,0.0,0.000887
2019-04-03 18:00:00,0.0,0.0,0.0,12.6,4.14,0.0,0.0
2019-04-03 19:00:00,0.0,0.0,0.0,11.52,3.24,0.0,0.0
2019-04-03 20:00:00,0.0,0.0,0.0,11.22,3.59,0.0,0.0
2019-04-03 21:00:00,0.0,0.0,0.0,10.82,3.93,0.0,0.0
2019-04-03 22:00:00,0.0,0.0,0.0,10.62,4.28,0.0,0.0
2019-04-03 23:00:00,0.0,0.0,0.0,10.62,4.62,0.0,0.0
2019-04-04 00:00:00,0.0,0.0,0.0,10.65,4.76,0.0,0.0
2019-04-04 01:00:00,0.0,0.0,0.0,10.71,4.83,0.0,0.0
2019-04-04 02:00:00,0.0,0.0,0.0,10.99,5.17,0.0,0.0
2019-04-04 03:00:00,0.0,0.0,0.0,11.1,5.17,0.0,0.0
2019-04-04 04:00:00,0.0,0.0,0.0,11.17,4.9,0.0,0.0
2019-04-04 05:00:00,0.0,0.0,0.0,11.27,4.62,0.0,0.0
2019-04-04 06:00:00,1528.5,51.0,10.93,11.33,4.41,0.0,0.0015285
2019-04-04 07:00:00,7865.0,202.0,21.41,10.26,0.83,0.0,0.007865
2019-04-04 08:00:00,9702.5,244.0,31.36,10.78,0.28,0.0,0.0097025
2019-04-04 09:00:00,14377.5,354.0,40.17,11.66,1.17,0.0,0.0143775
2019-04-04 10:00:00,4925.5,133.0,46.93,12.65,1.66,0.0,0.0049255
2019-04-04 11:00:00,13979.0,347.0,50.44,13.68,1.79,0.0,0.013979
2019-04-04 12:00:00,22942.0,564.0,49.79,14.38,2.41,0.0,0.022942
2019-04-04 13:00:00,7290.0,189.0,45.17,14.22,2.55,0.0,0.00729
2019-04-04 14:00:00,3054.0,89.0,37.67,13.36,2.0,0.0,0.003054
2019-04-04 15:00:00,10035.0,253.0,28.44,12.98,1.52,0.0,0.010035
2019-04-04 16:00:00,6768.0,180.0,18.28,12.85,1.17,0.0,0.006768
2019-04-04 17:00:00,2335.5,89.0,7.73,11.83,0.34,0.0,0.0023355
2019-04-04 18:00:00,0.0,0.0,0.0,10.36,0.97,0.0,0.0
2019-04-04 19:00:00,0.0,0.0,0.0,9.0,1.38,0.0,0.0
2019-04-04 20:00:00,0.0,0.0,0.0,8.23,1.38,0.0,0.0
2019-04-04 21:00:00,0.0,0.0,0.0,7.46,1.24,0.0,0.0
2019-04-04 22:00:00,0.0,0.0,0.0,7.0,1.79,0.0,0.0
2019-04-04 23:00:00,0.0,0.0,0.0,6.6,2.07,0.0,0.0
2019-04-05 00:00:00,0.0,0.0,0.0,6.48,2.21,0.0,0.0
2019-04-05 01:00:00,0.0,0.0,0.0,5.91,2.07,0.0,0.0
2019-04-05 02:00:00,0.0,0.0,0.0,5.2,1.93,0.0,0.0
2019-04-05 03:00:00,0.0,0.0,0.0,4.29,1.17,0.0,0.0
2019-04-05 04:00:00,0.0,0.0,0.0,4.52,0.69,0.0,0.0
2019-04-05 05:00:00,0.0,0.0,0.0,3.78,0.55,0.0,0.0
2019-04-05 06:00:00,5032.5,157.0,11.25,3.71,0.48,0.0,0.0050325
2019-04-05 07:00:00,13678.5,346.0,21.74,7.13,0.48,0.0,0.0136785
2019-04-05 08:00:00,20799.5,512.01,31.7,9.75,0.21,0.0,0.0207995
2019-04-05 09:00:00,27051.5,674.01,40.53,12.44,0.48,0.0,0.0270515
2019-04-05 10:00:00,31215.5,787.01,47.31,14.48,0.97,0.0,0.0312155
2019-04-05 11:00:00,33463.5,851.01,50.83,16.1,1.31,0.0,0.0334635
2019-04-05 12:00:00,32911.0,837.01,50.15,17.1,1.52,0.0,0.032911
2019-04-05 13:00:00,30408.5,771.01,45.48,17.88,1.52,0.0,0.0304085
2019-04-05 14:00:00,25467.5,640.01,37.94,18.12,1.72,0.0,0.0254675
2019-04-05 15:00:00,18769.0,473.01,28.67,17.7,2.41,0.0,0.018769
2019-04-05 16:00:00,10661.5,290.0,18.5,16.55,3.24,0.0,0.0106615
2019-04-05 17:00:00,2517.5,99.0,7.94,14.82,3.38,0.0,0.0025175
2019-04-05 18:00:00,0.0,0.0,0.0,12.69,3.31,0.0,0.0
2019-04-05 19:00:00,0.0,0.0,0.0,11.57,2.62,0.0,0.0
2019-04-05 20:00:00,0.0,0.0,0.0,10.88,2.21,0.0,0.0
2019-04-05 21:00:00,0.0,0.0,0.0,10.34,1.79,0.0,0.0
2019-04-05 22:00:00,0.0,0.0,0.0,9.81,1.59,0.0,0.0
2019-04-05 23:00:00,0.0,0.0,0.0,9.22,1.31,0.0,0.0
2019-04-06 00:00:00,0.0,0.0,0.0,8.45,1.1,0.0,0.0
2019-04-06 01:00:00,0.0,0.0,0.0,8.47,0.9,0.0,0.0
2019-04-06 02:00:00,0.0,0.0,0.0,8.18,0.9,0.0,0.0
2019-04-06 03:00:00,0.0,0.0,0.0,7.65,1.03,0.0,0.0
2019-04-06 04:00:00,0.0,0.0,0.0,7.36,0.97,0.0,0.0
2019-04-06 05:00:00,0.0,0.0,0.0,7.39,0.9,0.0,0.0
2019-04-06 06:00:00,3198.0,94.0,11.58,7.97,0.69,0.0,0.003198
2019-04-06 07:00:00,10956.0,277.0,22.06,9.54,0.69,0.0,0.010956
2019-04-06 08:00:00,11618.5,288.0,32.04,10.17,0.48,0.0,0.0116185
2019-04-06 09:00:00,20591.0,508.0,40.89,11.08,0.21,0.0,0.020591
2019-04-06 10:00:00,28723.5,723.01,47.69,11.9,0.14,0.0,0.0287235
2019-04-06 11:00:00,27948.5,703.01,51.21,13.02,0.48,0.0,0.0279485
2019-04-06 12:00:00,12135.0,304.0,50.51,13.53,1.1,0.0,0.012135
2019-04-06 13:00:00,26078.0,645.01,45.79,13.89,1.52,0.0,0.026078
2019-04-06 14:00:00,11835.0,296.0,38.2,13.63,1.45,0.0,0.011835
2019-04-06 15:00:00,6431.5,169.0,28.91,13.77,1.59,0.0,0.0064315
2019-04-06 16:00:00,3211.5,93.0,18.71,13.9,1.86,0.0,0.0032115
2019-04-06 17:00:00,865.5,34.0,8.15,13.27,1.59,0.0,0.0008655
2019-04-06 18:00:00,0.0,0.0,0.0,11.6,1.45,0.0,0.0
2019-04-06 19:00:00,0.0,0.0,0.0,10.48,1.31,0.0,0.0
2019-04-06 20:00:00,0.0,0.0,0.0,9.78,1.52,0.0,0.0
2019-04-06 21:00:00,0.0,0.0,0.0,9.01,1.45,0.0,0.0
2019-04-06 22:00:00,0.0,0.0,0.0,8.76,1.45,0.0,0.0
2019-04-06 23:00:00,0.0,0.0,0.0,8.55,1.24,0.0,0.0
2019-04-07 00:00:00,0.0,0.0,0.0,8.18,1.03,0.0,0.0
2019-04-07 01:00:00,0.0,0.0,0.0,8.15,0.69,0.0,0.0
2019-04-07 02:00:00,0.0,0.0,0.0,8.1,0.76,0.0,0.0
2019-04-07 03:00:00,0.0,0.0,0.0,8.06,0.76,0.0,0.0
2019-04-07 04:00:00,0.0,0.0,0.0,8.03,0.55,0.0,0.0
2019-04-07 05:00:00,0.0,0.0,0.0,8.16,0.28,0.0,0.0
2019-04-07 06:00:00,528.5,24.0,11.89,8.12,0.14,0.0,0.0005285
2019-04-07 07:00:00,1227.0,43.0,22.39,9.06,0.76,0.0,0.001227
2019-04-07 08:00:00,10858.0,269.0,32.38,9.46,0.62,0.0,0.010858
2019-04-07 09:00:00,4886.5,131.0,41.25,9.88,0.28,0.0,0.0048865
2019-04-07 10:00:00,7563.5,194.0,48.07,11.09,0.55,0.0,0.0075635
2019-04-07 11:00:00,13086.0,324.0,51.59,11.65,1.1,0.0,0.013086
2019-04-07 12:00:00,11680.5,290.0,50.86,11.78,1.66,0.0,0.0116805
2019-04-07 13:00:00,4118.5,114.0,46.1,12.43,1.38,0.0,0.0041185
2019-04-07 14:00:00,1674.0,55.0,38.47,12.39,0.97,0.0,0.001674
2019-04-07 15:00:00,2153.5,67.0,29.14,12.69,1.17,0.0,0.0021535
2019-04-07 16:00:00,3732.5,105.0,18.93,12.56,1.52,0.0,0.0037325
2019-04-07 17:00:00,2164.0,74.0,8.36,12.12,1.31,0.0,0.002164
2019-04-07 18:00:00,0.0,0.0,0.0,11.14,1.1,0.0,0.0
2019-04-07 19:00:00,0.0,0.0,0.0,9.04,1.45,0.0,0.0
2019-04-07 20:00:00,0.0,0.0,0.0,8.27,1.45,0.0,0.0
2019-04-07 21:00:00,0.0,0.0,0.0,7.44,1.59,0.0,0.0
2019-04-07 22:00:00,0.0,0.0,0.0,6.45,1.59,0.0,0.0
2019-04-07 23:00:00,0.0,0.0,0.0,5.69,1.66,0.0,0.0
2019-04-08 00:00:00,0.0,0.0,0.0,5.28,1.66,0.0,0.0
2019-04-08 01:00:00,0.0,0.0,0.0,4.45,1.59,0.0,0.0
2019-04-08 02:00:00,0.0,0.0,0.0,3.75,1.52,0.0,0.0
2019-04-08 03:00:00,0.0,0.0,0.0,3.18,1.59,0.0,0.0
2019-04-08 04:00:00,0.0,0.0,0.0,2.67,1.66,0.0,0.0
2019-04-08 05:00:00,0.0,0.0,0.0,2.23,1.66,0.0,0.0
2019-04-08 06:00:00,5570.5,164.0,12.21,3.67,1.17,0.0,0.0055705
2019-04-08 07:00:00,14434.0,361.0,22.71,8.06,1.45,0.0,0.014434
2019-04-08 08:00:00,22455.0,547.01,32.71,11.0,1.59,0.0,0.022455
2019-04-08 09:00:00,28234.0,695.01,41.6,13.59,1.79,0.0,0.028234
2019-04-08 10:00:00,32071.5,805.01,48.44,15.46,1.66,0.0,0.0320715
2019-04-08 11:00:00,33733.5,863.01,51.97,16.73,1.24,0.0,0.0337335
2019-04-08 12:00:00,32793.0,848.01,51.22,17.65,0.83,0.0,0.032793
2019-04-08 13:00:00,29540.0,762.01,46.41,18.3,0.62,0.0,0.02954
2019-04-08 14:00:00,25384.0,648.01,38.73,18.65,0.76,0.0,0.025384
2019-04-08 15:00:00,19123.0,487.0,29.37,18.57,1.38,0.0,0.019123
2019-04-08 16:00:00,10899.5,296.0,19.14,17.98,2.14,0.0,0.0108995
2019-04-08 17:00:00,2853.0,109.0,8.58,16.75,2.34,0.0,0.002853
2019-04-08 18:00:00,0.0,0.0,0.0,14.66,2.83,0.0,0.0
2019-04-08 19:00:00,0.0,0.0,0.0,13.58,2.55,0.0,0.0
2019-04-08 20:00:00,0.0,0.0,0.0,12.2,2.55,0.0,0.0
2019-04-08 21:00:00,0.0,0.0,0.0,11.11,2.48,0.0,0.0
2019-04-08 22:00:00,0.0,0.0,0.0,10.11,2.21,0.0,0.0
2019-04-08 23:00:00,0.0,0.0,0.0,9.29,2.07,0.0,0.0
2019-04-09 00:00:00,0.0,0.0,0.0,8.8,1.93,0.0,0.0
2019-04-09 01:00:00,0.0,0.0,0.0,8.06,1.79,0.0,0.0
2019-04-09 02:00:00,0.0,0.0,0.0,7.28,1.24,0.0,0.0
2019-04-09 03:00:00,0.0,0.0,0.0,7.04,1.03,0.0,0.0
2019-04-09 04:00:00,0.0,0.0,0.0,7.02,0.83,0.0,0.0
2019-04-09 05:00:00,0.0,0.0,0.0,7.25,0.41,0.0,0.0
2019-04-09 06:00:00,5880.0,178.0,12.52,7.27,0.41,0.0,0.00588
2019-04-09 07:00:00,14368.0,364.0,23.03,10.07,0.69,0.0,0.014368
2019-04-09 08:00:00,21750.0,539.01,33.04,12.88,0.76,0.0,0.02175
2019-04-09 09:00:00,27499.5,691.01,41.95,14.93,0.76,0.0,0.0274995
2019-04-09 10:00:00,31124.0,803.01,48.82,16.34,0.34,0.0,0.031124
2019-04-09 11:00:00,32541.0,857.01,52.35,17.61,0.07,0.0,0.032541
2019-04-09 12:00:00,31743.5,828.01,51.57,18.33,0.48,0.0,0.0317435
2019-04-09 13:00:00,29916.5,772.01,46.71,18.82,0.76,0.0,0.0299165
2019-04-09 14:00:00,24908.5,633.01,38.99,18.94,1.1,0.0,0.0249085
2019-04-09 15:00:00,16728.0,420.0,29.6,17.05,2.07,0.0,0.016728
2019-04-09 16:00:00,2887.5,86.0,19.36,16.39,2.55,0.0,0.0028875
2019-04-09 17:00:00,2358.0,80.0,8.79,15.59,2.48,0.0,0.002358
2019-04-09 18:00:00,0.0,0.0,0.0,14.37,2.0,0.0,0.0
2019-04-09 19:00:00,0.0,0.0,0.0,13.16,1.93,0.0,0.0
2019-04-09 20:00:00,0.0,0.0,0.0,12.14,1.93,0.0,0.0
2019-04-09 21:00:00,0.0,0.0,0.0,11.01,2.0,0.0,0.0
2019-04-09 22:00:00,0.0,0.0,0.0,9.96,1.79,0.0,0.0
2019-04-09 23:00:00,0.0,0.0,0.0,8.74,1.52,0.0,0.0
2019-04-10 00:00:00,0.0,0.0,0.0,8.27,1.31,0.0,0.0
2019-04-10 01:00:00,0.0,0.0,0.0,8.09,1.1,0.0,0.0
2019-04-10 02:00:00,0.0,0.0,0.0,8.07,0.83,0.0,0.0
2019-04-10 03:00:00,0.0,0.0,0.0,7.75,0.76,0.0,0.0
2019-04-10 04:00:00,0.0,0.0,0.0,7.4,0.76,0.0,0.0
2019-04-10 05:00:00,0.0,0.0,0.0,7.38,0.69,0.0,0.0
2019-04-10 06:00:00,5175.0,149.0,12.83,7.75,0.55,0.0,0.005175
2019-04-10 07:00:00,8902.5,225.0,23.34,9.71,0.97,0.0,0.0089025
2019-04-10 08:00:00,16631.0,409.0,33.37,12.27,1.17,0.0,0.016631
2019-04-10 09:00:00,22118.0,549.0,42.3,13.97,0.9,0.0,0.022118
2019-04-10 10:00:00,25185.5,635.01,49.19,15.36,0.69,0.0,0.0251855
2019-04-10 11:00:00,29948.0,767.01,52.73,16.4,0.69,0.0,0.029948
2019-04-10 12:00:00,29627.5,757.01,51.92,16.92,0.9,0.0,0.0296275
2019-04-10 13:00:00,20494.5,517.0,47.01,17.22,0.97,0.0,0.0204945
2019-04-10 14:00:00,2139.5,68.0,39.25,17.58,0.9,0.0,0.0021395
2019-04-10 15:00:00,14016.0,357.0,29.83,17.62,0.76,0.0,0.014016
2019-04-10 16:00:00,11165.5,304.0,19.57,17.15,0.41,0.0,0.0111655
2019-04-10 17:00:00,3066.5,112.0,8.99,15.06,0.14,0.0,0.0030665
2019-04-10 18:00:00,0.0,0.0,0.0,13.78,0.41,0.0,0.0
2019-04-10 19:00:00,0.0,0.0,0.0,12.21,1.79,0.0,0.0
2019-04-10 20:00:00,0.0,0.0,0.0,11.13,1.72,0.0,0.0
2019-04-10 21:00:00,0.0,0.0,0.0,10.28,1.59,0.0,0.0
2019-04-10 22:00:00,0.0,0.0,0.0,9.79,1.31,0.0,0.0
2019-04-10 23:00:00,0.0,0.0,0.0,9.76,1.1,0.0,0.0
2019-04-11 00:00:00,0.0,0.0,0.0,9.31,1.1,0.0,0.0
2019-04-11 01:00:00,0.0,0.0,0.0,8.92,0.97,0.0,0.0
2019-04-11 02:00:00,0.0,0.0,0.0,9.46,0.69,0.0,0.0
2019-04-11 03:00:00,0.0,0.0,0.0,9.3,0.34,0.0,0.0
2019-04-11 04:00:00,0.0,0.0,0.0,8.92,0.21,0.0,0.0
2019-04-11 05:00:00,0.0,3.0,2.57,8.65,0.14,0.0,0.0
2019-04-11 06:00:00,265.0,16.0,13.14,8.81,0.14,0.0,0.000265
2019-04-11 07:00:00,2645.0,78.0,23.66,9.3,0.62,0.0,0.002645
2019-04-11 08:00:00,4333.5,118.0,33.7,9.92,0.69,0.0,0.0043335
2019-04-11 09:00:00,11438.0,284.0,42.65,10.77,0.83,0.0,0.011438
2019-04-11 10:00:00,19096.0,470.0,49.56,11.57,0.76,0.0,0.019096
2019-04-11 11:00:00,8376.0,214.0,53.1,12.16,0.55,0.0,0.008376
2019-04-11 12:00:00,5114.5,138.0,52.26,12.8,0.28,0.0,0.0051145
2019-04-11 13:00:00,6767.0,177.0,47.31,12.9,0.28,0.0,0.006767
2019-04-11 14:00:00,5877.0,156.0,39.5,13.03,0.48,0.0,0.005877
2019-04-11 15:00:00,10684.0,270.0,30.06,13.15,0.34,0.0,0.010684
2019-04-11 16:00:00,4049.5,113.0,19.78,12.91,0.34,0.0,0.0040495
2019-04-11 17:00:00,2035.0,67.0,9.2,12.47,0.55,0.0,0.002035
2019-04-11 18:00:00,0.0,0.0,0.0,11.91,0.97,0.0,0.0
2019-04-11 19:00:00,0.0,0.0,0.0,11.2,0.55,0.0,0.0
2019-04-11 20:00:00,0.0,0.0,0.0,11.27,0.41,0.0,0.0
2019-04-11 21:00:00,0.0,0.0,0.0,10.94,0.34,0.0,0.0
2019-04-11 22:00:00,0.0,0.0,0.0,10.78,0.34,0.0,0.0
2019-04-11 23:00:00,0.0,0.0,0.0,10.58,0.48,0.0,0.0
2019-04-12 00:00:00,0.0,0.0,0.0,9.82,0.83,0.0,0.0
2019-04-12 01:00:00,0.0,0.0,0.0,9.2,1.31,0.0,0.0
2019-04-12 02:00:00,0.0,0.0,0.0,9.3,1.45,0.0,0.0
2019-04-12 03:00:00,0.0,0.0,0.0,9.42,1.38,0.0,0.0
2019-04-12 04:00:00,0.0,0.0,0.0,9.4,1.31,0.0,0.0
2019-04-12 05:00:00,0.0,4.0,2.88,9.36,1.24,0.0,0.0
2019-04-12 06:00:00,772.0,31.0,13.45,9.7,1.38,0.0,0.000772
2019-04-12 07:00:00,2674.5,79.0,23.97,10.7,2.0,0.0,0.0026745
2019-04-12 08:00:00,8761.0,221.0,34.02,11.32,1.79,0.0,0.008761
2019-04-12 09:00:00,15354.5,377.0,43.0,12.08,1.59,0.0,0.0153545
2019-04-12 10:00:00,17463.5,432.0,49.92,13.42,1.24,0.0,0.0174635
2019-04-12 11:00:00,13568.5,340.0,53.47,14.3,0.97,0.0,0.0135685
2019-04-12 12:00:00,0.0,0.0,0.0,15.05,0.69,0.0,0.0
2019-04-12 13:00:00,14382.5,363.0,47.61,15.48,0.41,0.0,0.0143825
2019-04-12 14:00:00,19160.5,481.0,39.76,15.64,0.48,0.0,0.0191605
2019-04-12 15:00:00,16083.5,405.0,30.28,15.9,0.83,0.0,0.0160835
2019-04-12 16:00:00,10956.5,292.0,19.99,15.82,1.24,0.0,0.0109565
2019-04-12 17:00:00,3207.0,112.0,9.41,15.26,0.97,0.0,0.003207
2019-04-12 18:00:00,0.0,0.0,0.0,14.1,0.9,0.0,0.0
2019-04-12 19:00:00,0.0,0.0,0.0,11.66,1.03,0.0,0.0
2019-04-12 20:00:00,0.0,0.0,0.0,11.03,1.03,0.0,0.0
2019-04-12 21:00:00,0.0,0.0,0.0,11.57,0.62,0.0,0.0
2019-04-12 22:00:00,0.0,0.0,0.0,11.09,0.34,0.0,0.0
2019-04-12 23:00:00,0.0,0.0,0.0,8.29,1.24,0.0,0.0
2019-04-13 00:00:00,0.0,0.0,0.0,7.63,1.72,0.0,0.0
2019-04-13 01:00:00,0.0,0.0,0.0,7.2,1.86,0.0,0.0
2019-04-13 02:00:00,0.0,0.0,0.0,7.1,1.72,0.0,0.0
2019-04-13 03:00:00,0.0,0.0,0.0,6.76,1.72,0.0,0.0
2019-04-13 04:00:00,0.0,0.0,0.0,6.26,1.79,0.0,0.0
2019-04-13 05:00:00,49.5,8.0,3.19,6.21,1.59,0.0,4.95e-05
2019-04-13 06:00:00,4545.5,126.0,13.75,7.45,1.38,0.0,0.0045455
2019-04-13 07:00:00,4877.5,130.0,24.27,9.44,2.28,0.0,0.0048775
2019-04-13 08:00:00,2897.0,84.0,34.34,9.84,2.28,0.0,0.002897
2019-04-13 09:00:00,5878.0,154.0,43.34,11.06,2.28,0.0,0.005878
2019-04-13 10:00:00,16999.5,415.0,50.29,11.79,2.14,0.0,0.0169995
2019-04-13 11:00:00,26309.0,646.0,53.84,12.57,1.93,0.0,0.026309
2019-04-13 12:00:00,11534.0,288.0,52.95,12.94,1.72,0.0,0.011534
2019-04-13 13:00:00,17420.0,430.0,47.9,13.49,1.52,0.0,0.01742
2019-04-13 14:00:00,12713.5,318.0,40.01,14.14,1.24,0.0,0.0127135
2019-04-13 15:00:00,10928.0,276.0,30.5,14.47,1.24,0.0,0.010928
2019-04-13 16:00:00,4281.5,119.0,20.2,14.33,1.03,0.0,0.0042815
2019-04-13 17:00:00,2661.0,86.0,9.62,13.95,1.1,0.0,0.002661
2019-04-13 18:00:00,0.0,0.0,0.0,13.03,1.45,0.0,0.0
2019-04-13 19:00:00,0.0,0.0,0.0,11.61,1.24,0.0,0.0
2019-04-13 20:00:00,0.0,0.0,0.0,10.56,1.72,0.0,0.0
2019-04-13 21:00:00,0.0,0.0,0.0,9.8,1.86,0.0,0.0
2019-04-13 22:00:00,0.0,0.0,0.0,9.18,1.66,0.0,0.0
2019-04-13 23:00:00,0.0,0.0,0.0,8.78,1.45,0.0,0.0
2019-04-14 00:00:00,0.0,0.0,0.0,8.8,1.45,0.0,0.0
2019-04-14 01:00:00,0.0,0.0,0.0,8.55,1.66,0.0,0.0
2019-04-14 02:00:00,0.0,0.0,0.0,8.08,2.0,0.0,0.0
2019-04-14 03:00:00,0.0,0.0,0.0,7.56,2.55,0.0,0.0
2019-04-14 04:00:00,0.0,0.0,0.0,7.1,2.62,0.0,0.0
2019-04-14 05:00:00,151.5,12.0,3.49,6.58,3.1,0.0,0.0001515
2019-04-14 06:00:00,5831.5,160.0,14.05,6.42,3.52,0.0,0.0058315
2019-04-14 07:00:00,15586.0,380.0,24.58,7.64,3.17,0.0,0.015586
2019-04-14 08:00:00,8014.0,200.0,34.66,8.0,3.45,0.0,0.008014
2019-04-14 09:00:00,13094.0,315.0,43.67,8.17,3.86,0.0,0.013094
2019-04-14 10:00:00,22239.5,527.0,50.65,8.39,3.72,0.0,0.0222395
2019-04-14 11:00:00,18177.5,435.0,54.21,9.17,3.45,0.0,0.0181775
2019-04-14 12:00:00,26309.0,631.0,53.29,10.08,3.17,0.0,0.026309
2019-04-14 13:00:00,23325.5,559.0,48.19,10.28,3.1,0.0,0.0233255
2019-04-14 14:00:00,21785.0,525.0,40.26,11.13,2.55,0.0,0.021785
2019-04-14 15:00:00,18332.5,445.0,30.73,11.21,2.55,0.0,0.0183325
2019-04-14 16:00:00,11259.5,289.0,20.41,11.02,2.55,0.0,0.0112595
2019-04-14 17:00:00,3518.5,115.0,9.82,10.61,1.93,0.0,0.0035185
2019-04-14 18:00:00,0.0,0.0,0.0,9.86,1.03,0.0,0.0
2019-04-14 19:00:00,0.0,0.0,0.0,8.85,0.76,0.0,0.0
2019-04-14 20:00:00,0.0,0.0,0.0,8.18,1.1,0.0,0.0
2019-04-14 21:00:00,0.0,0.0,0.0,7.79,0.97,0.0,0.0
2019-04-14 22:00:00,0.0,0.0,0.0,6.89,1.31,0.0,0.0
2019-04-14 23:00:00,0.0,0.0,0.0,6.85,1.72,0.0,0.0
2019-04-15 00:00:00,0.0,0.0,0.0,7.15,2.0,0.0,0.0
2019-04-15 01:00:00,0.0,0.0,0.0,7.08,1.93,0.0,0.0
2019-04-15 02:00:00,0.0,0.0,0.0,7.04,1.79,0.0,0.0
2019-04-15 03:00:00,0.0,0.0,0.0,6.84,1.86,0.0,0.0
2019-04-15 04:00:00,0.0,0.0,0.0,6.71,1.79,0.0,0.0
2019-04-15 05:00:00,98.0,10.0,3.79,6.28,1.86,0.0,9.8e-05
2019-04-15 06:00:00,4709.5,129.0,14.34,7.05,1.52,0.0,0.0047095
2019-04-15 07:00:00,16319.0,406.0,24.88,9.5,1.17,0.0,0.016319
2019-04-15 08:00:00,23823.0,583.01,34.97,11.74,1.31,0.0,0.023823
2019-04-15 09:00:00,29453.5,732.01,44.01,13.59,1.24,0.0,0.0294535
2019-04-15 10:00:00,33003.0,839.01,51.0,15.01,0.97,0.0,0.033003
2019-04-15 11:00:00,13877.0,350.0,54.57,15.82,0.97,0.0,0.013877
2019-04-15 12:00:00,18548.0,466.0,53.62,16.24,1.1,0.0,0.018548
2019-04-15 13:00:00,5707.0,154.0,48.48,16.59,1.24,0.0,0.005707
2019-04-15 14:00:00,16965.0,425.0,40.51,16.68,1.38,0.0,0.016965
2019-04-15 15:00:00,18965.0,476.0,30.95,16.61,1.45,0.0,0.018965
2019-04-15 16:00:00,12196.5,324.0,20.61,16.4,1.59,0.0,0.0121965
2019-04-15 17:00:00,3793.0,132.0,10.03,15.88,1.24,0.0,0.003793
2019-04-15 18:00:00,0.0,0.0,0.0,14.15,1.1,0.0,0.0
2019-04-15 19:00:00,0.0,0.0,0.0,14.09,0.21,0.0,0.0
2019-04-15 20:00:00,0.0,0.0,0.0,13.26,0.28,0.0,0.0
2019-04-15 21:00:00,0.0,0.0,0.0,12.61,0.9,0.0,0.0
2019-04-15 22:00:00,0.0,0.0,0.0,10.86,1.1,0.0,0.0
2019-04-15 23:00:00,0.0,0.0,0.0,10.38,1.03,0.0,0.0
2019-04-16 00:00:00,0.0,0.0,0.0,9.55,1.03,0.0,0.0
2019-04-16 01:00:00,0.0,0.0,0.0,8.69,1.1,0.0,0.0
2019-04-16 02:00:00,0.0,0.0,0.0,8.11,1.17,0.0,0.0
2019-04-16 03:00:00,0.0,0.0,0.0,7.39,1.24,0.0,0.0
2019-04-16 04:00:00,0.0,0.0,0.0,7.28,1.17,0.0,0.0
2019-04-16 05:00:00,237.5,15.0,4.09,7.3,1.03,0.0,0.0002375
2019-04-16 06:00:00,2481.5,74.0,14.64,8.54,0.76,0.0,0.0024815
2019-04-16 07:00:00,10251.5,258.0,25.18,10.69,0.48,0.0,0.0102515
2019-04-16 08:00:00,15816.0,391.0,35.28,12.06,0.48,0.0,0.015816
2019-04-16 09:00:00,21606.0,536.0,44.34,13.11,0.62,0.0,0.021606
2019-04-16 10:00:00,31637.0,801.01,51.36,14.07,0.76,0.0,0.031637
2019-04-16 11:00:00,28683.5,723.01,54.93,14.79,1.03,0.0,0.0286835
2019-04-16 12:00:00,29519.0,744.01,53.96,15.28,1.24,0.0,0.029519
2019-04-16 13:00:00,23061.5,576.0,48.77,15.65,1.31,0.0,0.0230615
2019-04-16 14:00:00,17510.0,438.0,40.75,16.05,1.1,0.0,0.01751
2019-04-16 15:00:00,19044.5,479.0,31.16,16.06,0.9,0.0,0.0190445
2019-04-16 16:00:00,11626.0,308.0,20.82,16.14,0.97,0.0,0.011626
2019-04-16 17:00:00,3876.5,134.0,10.23,15.83,0.97,0.0,0.0038765
2019-04-16 18:00:00,0.0,0.0,0.0,14.5,1.03,0.0,0.0
2019-04-16 19:00:00,0.0,0.0,0.0,13.8,1.03,0.0,0.0
2019-04-16 20:00:00,0.0,0.0,0.0,11.91,1.45,0.0,0.0
2019-04-16 21:00:00,0.0,0.0,0.0,10.61,1.59,0.0,0.0
2019-04-16 22:00:00,0.0,0.0,0.0,9.92,1.45,0.0,0.0
2019-04-16 23:00:00,0.0,0.0,0.0,9.15,1.59,0.0,0.0
2019-04-17 00:00:00,0.0,0.0,0.0,8.96,1.59,0.0,0.0
2019-04-17 01:00:00,0.0,0.0,0.0,8.72,1.45,0.0,0.0
2019-04-17 02:00:00,0.0,0.0,0.0,8.39,1.38,0.0,0.0
2019-04-17 03:00:00,0.0,0.0,0.0,8.19,1.24,0.0,0.0
2019-04-17 04:00:00,0.0,0.0,0.0,8.59,1.1,0.0,0.0
2019-04-17 05:00:00,399.5,20.81,4.38,8.75,1.03,0.0,0.0003995
2019-04-17 06:00:00,7647.5,218.0,14.93,10.13,0.76,0.0,0.0076475
2019-04-17 07:00:00,15886.0,401.0,25.47,12.73,0.76,0.0,0.015886
2019-04-17 08:00:00,23174.0,578.01,35.59,14.98,0.97,0.0,0.023174
2019-04-17 09:00:00,28594.0,723.01,44.67,16.31,0.97,0.0,0.028594
2019-04-17 10:00:00,32188.5,827.01,51.71,17.28,0.97,0.0,0.0321885
2019-04-17 11:00:00,34125.0,887.01,55.29,17.88,0.9,0.0,0.034125
2019-04-17 12:00:00,34062.5,883.01,54.29,18.39,1.1,0.0,0.0340625
2019-04-17 13:00:00,31313.0,799.01,49.05,18.52,1.52,0.0,0.031313
2019-04-17 14:00:00,26535.5,669.01,40.99,18.67,1.72,0.0,0.0265355
2019-04-17 15:00:00,19863.0,502.0,31.38,18.66,1.72,0.0,0.019863
2019-04-17 16:00:00,12042.0,321.0,21.02,18.43,1.59,0.0,0.012042
2019-04-17 17:00:00,3888.5,132.0,10.43,17.74,1.1,0.0,0.0038885
2019-04-17 18:00:00,0.0,0.0,0.0,16.19,1.52,0.0,0.0
2019-04-17 19:00:00,0.0,0.0,0.0,16.63,0.69,0.0,0.0
2019-04-17 20:00:00,0.0,0.0,0.0,15.16,0.69,0.0,0.0
2019-04-17 21:00:00,0.0,0.0,0.0,13.85,0.83,0.0,0.0
2019-04-17 22:00:00,0.0,0.0,0.0,12.38,0.9,0.0,0.0
2019-04-17 23:00:00,0.0,0.0,0.0,11.65,0.83,0.0,0.0
2019-04-18 00:00:00,0.0,0.0,0.0,10.83,0.97,0.0,0.0
2019-04-18 01:00:00,0.0,0.0,0.0,10.61,0.97,0.0,0.0
2019-04-18 02:00:00,0.0,0.0,0.0,10.39,0.97,0.0,0.0
2019-04-18 03:00:00,0.0,0.0,0.0,10.41,0.97,0.0,0.0
2019-04-18 04:00:00,0.0,0.0,0.0,10.15,0.97,0.0,0.0
2019-04-18 05:00:00,365.5,19.83,4.67,10.02,0.97,0.0,0.0003655
2019-04-18 06:00:00,7465.0,210.0,15.21,10.76,0.76,0.0,0.007465
2019-04-18 07:00:00,15795.0,398.0,25.76,12.98,0.9,0.0,0.015795
2019-04-18 08:00:00,22756.5,565.0,35.89,15.04,1.31,0.0,0.0227565
2019-04-18 09:00:00,28395.5,709.01,44.99,16.33,1.79,0.0,0.0283955
2019-04-18 10:00:00,32045.5,811.01,52.05,17.43,1.86,0.0,0.0320455
2019-04-18 11:00:00,33523.5,856.01,55.64,18.22,1.86,0.0,0.0335235
2019-04-18 12:00:00,32739.0,838.01,54.62,18.88,1.79,0.0,0.032739
2019-04-18 13:00:00,29869.0,762.01,49.34,19.34,1.66,0.0,0.029869
2019-04-18 14:00:00,24369.5,617.01,41.24,19.55,1.59,0.0,0.0243695
2019-04-18 15:00:00,17743.0,450.0,31.59,19.5,1.72,0.0,0.017743
2019-04-18 16:00:00,9028.0,240.0,21.22,19.28,1.66,0.0,0.009028
2019-04-18 17:00:00,3568.5,116.0,10.63,18.17,1.1,0.0,0.0035685
2019-04-18 18:00:00,0.0,0.0,0.0,16.56,1.1,0.0,0.0
2019-04-18 19:00:00,0.0,0.0,0.0,14.81,1.93,0.0,0.0
2019-04-18 20:00:00,0.0,0.0,0.0,13.5,1.79,0.0,0.0
2019-04-18 21:00:00,0.0,0.0,0.0,12.43,1.66,0.0,0.0
2019-04-18 22:00:00,0.0,0.0,0.0,11.68,1.72,0.0,0.0
2019-04-18 23:00:00,0.0,0.0,0.0,11.4,1.79,0.0,0.0
2019-04-19 00:00:00,0.0,0.0,0.0,11.06,1.86,0.0,0.0
2019-04-19 01:00:00,0.0,0.0,0.0,10.58,1.93,0.0,0.0
2019-04-19 02:00:00,0.0,0.0,0.0,10.11,1.86,0.0,0.0
2019-04-19 03:00:00,0.0,0.0,0.0,9.51,1.79,0.0,0.0
2019-04-19 04:00:00,0.0,0.0,0.0,9.19,1.59,0.0,0.0
2019-04-19 05:00:00,534.0,24.79,4.96,9.14,1.38,0.0,0.000534
2019-04-19 06:00:00,7983.0,225.0,15.5,11.08,0.9,0.0,0.007983
2019-04-19 07:00:00,16337.0,411.0,26.05,14.0,1.59,0.0,0.016337
2019-04-19 08:00:00,23390.0,577.0,36.19,15.39,2.14,0.0,0.02339
2019-04-19 09:00:00,29178.0,727.01,45.31,16.52,2.14,0.0,0.029178
2019-04-19 10:00:00,33021.0,835.01,52.4,17.27,2.0,0.0,0.033021
2019-04-19 11:00:00,34448.5,880.01,55.99,18.1,1.93,0.0,0.0344485
2019-04-19 12:00:00,33928.5,871.01,54.94,18.5,1.66,0.0,0.0339285
2019-04-19 13:00:00,26022.5,661.01,49.61,19.1,1.59,0.0,0.0260225
2019-04-19 14:00:00,21754.5,549.0,41.47,19.02,1.59,0.0,0.0217545
2019-04-19 15:00:00,20052.5,509.0,31.81,19.31,1.52,0.0,0.0200525
2019-04-19 16:00:00,12403.0,331.0,21.43,19.27,1.52,0.0,0.012403
2019-04-19 17:00:00,4209.0,142.0,10.83,18.44,0.97,0.0,0.004209
2019-04-19 18:00:00,0.0,0.0,0.0,17.83,0.41,0.0,0.0
2019-04-19 19:00:00,0.0,0.0,0.0,15.16,1.17,0.0,0.0
2019-04-19 20:00:00,0.0,0.0,0.0,13.5,1.31,0.0,0.0
2019-04-19 21:00:00,0.0,0.0,0.0,11.09,1.72,0.0,0.0
2019-04-19 22:00:00,0.0,0.0,0.0,9.88,1.72,0.0,0.0
2019-04-19 23:00:00,0.0,0.0,0.0,9.55,1.52,0.0,0.0
2019-04-20 00:00:00,0.0,0.0,0.0,8.97,1.45,0.0,0.0
2019-04-20 01:00:00,0.0,0.0,0.0,8.38,1.52,0.0,0.0
2019-04-20 02:00:00,0.0,0.0,0.0,7.81,1.59,0.0,0.0
2019-04-20 03:00:00,0.0,0.0,0.0,7.41,1.59,0.0,0.0
2019-04-20 04:00:00,0.0,0.0,0.0,7.14,1.59,0.0,0.0
2019-04-20 05:00:00,664.5,29.34,5.24,6.97,1.59,0.0,0.0006645
2019-04-20 06:00:00,8252.0,228.0,15.77,8.97,1.17,0.0,0.008252
2019-04-20 07:00:00,16395.5,414.0,26.33,13.82,0.83,0.0,0.0163955
2019-04-20 08:00:00,23443.5,588.0,36.48,16.5,1.1,0.0,0.0234435
2019-04-20 09:00:00,29035.5,735.01,45.62,17.98,1.52,0.0,0.0290355
2019-04-20 10:00:00,32716.0,838.01,52.74,19.15,1.79,0.0,0.032716
2019-04-20 11:00:00,27405.0,699.0,56.34,19.72,1.93,0.0,0.027405
2019-04-20 12:00:00,28373.5,725.01,55.26,20.31,2.07,0.0,0.0283735
2019-04-20 13:00:00,30403.0,778.01,49.89,20.57,2.0,0.0,0.030403
2019-04-20 14:00:00,22690.0,573.0,41.71,20.81,2.48,0.0,0.02269
2019-04-20 15:00:00,17116.0,434.0,32.02,20.81,2.69,0.0,0.017116
2019-04-20 16:00:00,9217.5,245.0,21.63,20.31,2.07,0.0,0.0092175
2019-04-20 17:00:00,2189.0,71.0,11.03,19.28,0.97,0.0,0.002189
2019-04-20 18:00:00,0.0,0.0,0.0,18.81,0.48,0.0,0.0
2019-04-20 19:00:00,0.0,0.0,0.0,16.81,0.9,0.0,0.0
2019-04-20 20:00:00,0.0,0.0,0.0,16.19,0.97,0.0,0.0
2019-04-20 21:00:00,0.0,0.0,0.0,14.46,1.17,0.0,0.0
2019-04-20 22:00:00,0.0,0.0,0.0,12.4,1.52,0.0,0.0
2019-04-20 23:00:00,0.0,0.0,0.0,11.5,1.45,0.0,0.0
2019-04-21 00:00:00,0.0,0.0,0.0,10.82,1.38,0.0,0.0
2019-04-21 01:00:00,0.0,0.0,0.0,10.45,1.31,0.0,0.0
2019-04-21 02:00:00,0.0,0.0,0.0,11.07,0.97,0.0,0.0
2019-04-21 03:00:00,0.0,0.0,0.0,11.64,0.76,0.0,0.0
2019-04-21 04:00:00,0.0,0.0,0.0,11.48,0.83,0.0,0.0
2019-04-21 05:00:00,323.0,18.0,5.52,11.22,0.76,0.0,0.000323
2019-04-21 06:00:00,5711.5,156.0,16.05,11.77,0.41,0.0,0.0057115
2019-04-21 07:00:00,5218.0,141.0,26.61,14.01,0.69,0.0,0.005218
2019-04-21 08:00:00,10918.5,278.0,36.77,15.87,0.83,0.0,0.0109185
2019-04-21 09:00:00,12947.0,329.0,45.93,16.87,0.76,0.0,0.012947
2019-04-21 10:00:00,12032.0,308.0,53.07,17.85,0.9,0.0,0.012032
2019-04-21 11:00:00,29260.0,751.01,56.69,19.41,1.52,0.0,0.02926
2019-04-21 12:00:00,17533.5,446.0,55.58,20.32,2.07,0.0,0.0175335
2019-04-21 13:00:00,19602.5,498.0,50.16,20.84,2.21,0.0,0.0196025
2019-04-21 14:00:00,23045.5,585.0,41.94,21.01,2.0,0.0,0.0230455
2019-04-21 15:00:00,10746.5,279.0,32.23,20.79,1.59,0.0,0.0107465
2019-04-21 16:00:00,5579.5,154.0,21.82,20.46,1.1,0.0,0.0055795
2019-04-21 17:00:00,1944.5,64.0,11.23,19.23,0.62,0.0,0.0019445
2019-04-21 18:00:00,0.0,0.0,0.0,17.75,1.24,0.0,0.0
2019-04-21 19:00:00,0.0,0.0,0.0,16.26,1.1,0.0,0.0
2019-04-21 20:00:00,0.0,0.0,0.0,15.12,1.03,0.0,0.0
2019-04-21 21:00:00,0.0,0.0,0.0,13.6,1.17,0.0,0.0
2019-04-21 22:00:00,0.0,0.0,0.0,12.67,1.1,0.0,0.0
2019-04-21 23:00:00,0.0,0.0,0.0,12.01,1.1,0.0,0.0
2019-04-22 00:00:00,0.0,0.0,0.0,11.38,1.24,0.0,0.0
2019-04-22 01:00:00,0.0,0.0,0.0,11.0,1.31,0.0,0.0
2019-04-22 02:00:00,0.0,0.0,0.0,10.99,1.72,0.0,0.0
2019-04-22 03:00:00,0.0,0.0,0.0,11.33,2.21,0.0,0.0
2019-04-22 04:00:00,0.0,0.0,0.0,11.22,2.41,0.0,0.0
2019-04-22 05:00:00,26.0,7.0,5.79,10.7,2.28,0.0,2.6e-05
2019-04-22 06:00:00,3491.5,99.0,16.32,11.36,2.21,0.0,0.0034915
2019-04-22 07:00:00,10195.5,257.0,26.88,13.79,2.69,0.0,0.0101955
2019-04-22 08:00:00,16622.0,408.0,37.06,14.86,3.31,0.0,0.016622
2019-04-22 09:00:00,26596.5,651.01,46.24,15.88,3.59,0.0,0.0265965
2019-04-22 10:00:00,17573.5,435.0,53.4,16.88,3.93,0.0,0.0175735
2019-04-22 11:00:00,31098.5,771.01,57.03,17.97,4.21,0.0,0.0310985
2019-04-22 12:00:00,15873.5,397.0,55.9,18.83,4.55,0.0,0.0158735
2019-04-22 13:00:00,21081.0,524.0,50.43,19.45,4.55,0.0,0.021081
2019-04-22 14:00:00,5575.0,152.0,42.18,19.74,4.48,0.0,0.005575
2019-04-22 15:00:00,2689.5,82.0,32.44,19.22,4.21,0.0,0.0026895
2019-04-22 16:00:00,1360.0,48.0,22.02,18.26,3.59,0.0,0.00136
2019-04-22 17:00:00,2456.0,77.0,11.43,16.77,2.62,0.0,0.002456
2019-04-22 18:00:00,0.0,0.0,0.0,14.8,1.86,0.0,0.0
2019-04-22 19:00:00,0.0,0.0,0.0,13.38,2.0,0.0,0.0
2019-04-22 20:00:00,0.0,0.0,0.0,12.78,2.21,0.0,0.0
2019-04-22 21:00:00,0.0,0.0,0.0,12.46,2.55,0.0,0.0
2019-04-22 22:00:00,0.0,0.0,0.0,12.24,3.1,0.0,0.0
2019-04-22 23:00:00,0.0,0.0,0.0,11.94,3.38,0.0,0.0
2019-04-23 00:00:00,0.0,0.0,0.0,11.57,3.31,0.0,0.0
2019-04-23 01:00:00,0.0,0.0,0.0,11.11,3.17,0.0,0.0
2019-04-23 02:00:00,0.0,0.0,0.0,10.94,2.9,0.0,0.0
2019-04-23 03:00:00,0.0,0.0,0.0,10.8,2.69,0.0,0.0
2019-04-23 04:00:00,0.0,0.0,0.0,10.75,2.41,0.0,0.0
2019-04-23 05:00:00,0.0,5.0,6.06,10.69,2.14,0.0,0.0
2019-04-23 06:00:00,1531.0,51.0,16.59,10.72,1.93,0.0,0.001531
2019-04-23 07:00:00,5300.5,141.0,27.15,11.37,1.72,0.0,0.0053005
2019-04-23 08:00:00,6843.0,177.0,37.34,11.67,1.66,0.0,0.006843
2019-04-23 09:00:00,4510.0,123.0,46.54,12.21,1.79,0.0,0.00451
2019-04-23 10:00:00,3485.0,99.0,53.73,12.66,2.14,0.0,0.003485
2019-04-23 11:00:00,4626.5,126.0,57.37,12.87,2.14,0.0,0.0046265
2019-04-23 12:00:00,5436.0,145.0,56.21,13.08,2.34,0.0,0.005436
2019-04-23 13:00:00,4752.0,129.0,50.7,12.87,1.86,0.0,0.004752
2019-04-23 14:00:00,4323.0,119.0,42.4,12.94,1.72,0.0,0.004323
2019-04-23 15:00:00,3560.5,101.0,32.64,12.96,1.59,0.0,0.0035605
2019-04-23 16:00:00,4657.0,127.0,22.22,12.97,1.52,0.0,0.004657
2019-04-23 17:00:00,723.0,30.0,11.63,12.82,1.17,0.0,0.000723
2019-04-23 18:00:00,0.0,0.0,0.0,12.54,0.97,0.0,0.0
2019-04-23 19:00:00,0.0,0.0,0.0,12.17,1.38,0.0,0.0
2019-04-23 20:00:00,0.0,0.0,0.0,12.09,1.31,0.0,0.0
2019-04-23 21:00:00,0.0,0.0,0.0,12.06,1.1,0.0,0.0
2019-04-23 22:00:00,0.0,0.0,0.0,11.99,1.17,0.0,0.0
2019-04-23 23:00:00,0.0,0.0,0.0,11.99,1.1,0.0,0.0
2019-04-24 00:00:00,0.0,0.0,0.0,11.98,1.17,0.0,0.0
2019-04-24 01:00:00,0.0,0.0,0.0,11.92,1.17,0.0,0.0
2019-04-24 02:00:00,0.0,0.0,0.0,11.95,1.03,0.0,0.0
2019-04-24 03:00:00,0.0,0.0,0.0,12.0,0.83,0.0,0.0
2019-04-24 04:00:00,0.0,0.0,0.0,11.84,0.69,0.0,0.0
2019-04-24 05:00:00,93.5,10.0,6.33,12.17,0.28,0.0,9.35e-05
2019-04-24 06:00:00,1018.0,38.0,16.85,12.3,0.9,0.0,0.001018
2019-04-24 07:00:00,6777.5,177.0,27.42,13.47,1.45,0.0,0.0067775
2019-04-24 08:00:00,7668.0,198.0,37.62,14.44,2.55,0.0,0.007668
2019-04-24 09:00:00,11793.0,295.0,46.84,15.27,3.52,0.0,0.011793
2019-04-24 10:00:00,4923.0,134.0,54.06,15.38,3.93,0.0,0.004923
2019-04-24 11:00:00,6689.0,175.0,57.7,15.18,4.76,0.0,0.006689
2019-04-24 12:00:00,13858.0,341.0,56.52,14.67,5.59,0.0,0.013858
2019-04-24 13:00:00,10741.5,268.0,50.97,14.61,6.14,0.0,0.0107415
2019-04-24 14:00:00,24245.0,583.0,42.63,14.86,5.66,0.0,0.024245
2019-04-24 15:00:00,21938.5,532.0,32.85,15.58,5.59,0.0,0.0219385
2019-04-24 16:00:00,13414.0,344.0,22.41,15.41,4.69,0.0,0.013414
2019-04-24 17:00:00,4834.0,153.0,11.82,15.25,4.14,0.0,0.004834
2019-04-24 18:00:00,0.0,0.0,0.0,14.43,3.79,0.0,0.0
2019-04-24 19:00:00,0.0,0.0,0.0,13.58,3.59,0.0,0.0
2019-04-24 20:00:00,0.0,0.0,0.0,12.98,3.17,0.0,0.0
2019-04-24 21:00:00,0.0,0.0,0.0,12.26,2.62,0.0,0.0
2019-04-24 22:00:00,0.0,0.0,0.0,11.69,2.0,0.0,0.0
2019-04-24 23:00:00,0.0,0.0,0.0,10.52,1.31,0.0,0.0
2019-04-25 00:00:00,0.0,0.0,0.0,10.35,0.83,0.0,0.0
2019-04-25 01:00:00,0.0,0.0,0.0,10.56,0.62,0.0,0.0
2019-04-25 02:00:00,0.0,0.0,0.0,10.27,0.55,0.0,0.0
2019-04-25 03:00:00,0.0,0.0,0.0,9.94,0.69,0.0,0.0
2019-04-25 04:00:00,0.0,0.0,0.0,9.66,0.76,0.0,0.0
2019-04-25 05:00:00,295.0,17.0,6.59,9.37,0.55,0.0,0.000295
2019-04-25 06:00:00,8229.0,221.0,17.11,9.31,0.21,0.0,0.008229
2019-04-25 07:00:00,13502.5,335.0,27.68,11.37,0.97,0.0,0.0135025
2019-04-25 08:00:00,10208.5,257.0,37.89,12.62,0.97,0.0,0.0102085
2019-04-25 09:00:00,19834.0,493.0,47.14,14.3,0.97,0.0,0.019834
2019-04-25 10:00:00,27741.0,699.01,54.37,14.99,0.97,0.0,0.027741
2019-04-25 11:00:00,30510.5,782.01,58.03,15.64,0.62,0.0,0.0305105
2019-04-25 12:00:00,12807.0,325.0,56.83,15.82,0.48,0.0,0.012807
2019-04-25 13:00:00,7120.5,188.0,51.23,16.43,0.55,0.0,0.0071205
2019-04-25 14:00:00,11636.5,297.0,42.86,16.21,0.28,0.0,0.0116365
2019-04-25 15:00:00,4863.0,134.0,33.05,16.17,0.21,0.0,0.004863
2019-04-25 16:00:00,853.0,34.0,22.6,15.88,0.34,0.0,0.000853
2019-04-25 17:00:00,284.5,17.0,12.02,15.46,0.83,0.0,0.0002845
2019-04-25 18:00:00,0.0,0.0,0.0,14.49,1.24,0.0,0.0
2019-04-25 19:00:00,0.0,0.0,0.0,14.11,0.55,0.0,0.0
2019-04-25 20:00:00,0.0,0.0,0.0,13.62,0.62,0.0,0.0
2019-04-25 21:00:00,0.0,0.0,0.0,13.39,0.55,0.0,0.0
2019-04-25 22:00:00,0.0,0.0,0.0,12.97,0.62,0.0,0.0
2019-04-25 23:00:00,0.0,0.0,0.0,12.31,0.69,0.0,0.0
2019-04-26 00:00:00,0.0,0.0,0.0,12.14,0.55,0.0,0.0
2019-04-26 01:00:00,0.0,0.0,0.0,11.46,0.76,0.0,0.0
2019-04-26 02:00:00,0.0,0.0,0.0,11.53,0.76,0.0,0.0
2019-04-26 03:00:00,0.0,0.0,0.0,10.78,1.17,0.0,0.0
2019-04-26 04:00:00,0.0,0.0,0.0,10.13,1.52,0.0,0.0
2019-04-26 05:00:00,755.5,31.0,6.85,9.84,1.52,0.0,0.0007555
2019-04-26 06:00:00,5421.5,146.0,17.36,11.3,1.38,0.0,0.0054215
2019-04-26 07:00:00,6381.0,168.0,27.93,13.73,1.17,0.0,0.006381
2019-04-26 08:00:00,24076.0,595.0,38.16,15.29,1.86,0.0,0.024076
2019-04-26 09:00:00,30017.0,753.01,47.42,16.58,1.79,0.0,0.030017
2019-04-26 10:00:00,33882.5,868.01,54.69,17.69,1.52,0.0,0.0338825
2019-04-26 11:00:00,36002.5,936.01,58.36,18.65,1.38,0.0,0.0360025
2019-04-26 12:00:00,34112.5,888.01,57.13,19.04,1.17,0.0,0.0341125
2019-04-26 13:00:00,19086.0,482.0,51.49,18.27,1.52,0.0,0.019086
2019-04-26 14:00:00,2336.0,73.0,43.08,18.18,2.28,0.0,0.002336
2019-04-26 15:00:00,1908.0,62.0,33.25,17.35,2.28,0.0,0.001908
2019-04-26 16:00:00,2224.5,70.0,22.79,17.15,0.97,0.0,0.0022245
2019-04-26 17:00:00,2142.0,68.0,12.21,15.95,1.72,0.0,0.002142
2019-04-26 18:00:00,0.0,0.0,0.0,13.12,2.9,0.0,0.0
2019-04-26 19:00:00,0.0,0.0,0.0,13.85,1.72,0.0,0.0
2019-04-26 20:00:00,0.0,0.0,0.0,12.04,1.72,0.0,0.0
2019-04-26 21:00:00,0.0,0.0,0.0,11.09,1.38,0.0,0.0
2019-04-26 22:00:00,0.0,0.0,0.0,12.25,0.76,0.0,0.0
2019-04-26 23:00:00,0.0,0.0,0.0,11.71,0.62,0.0,0.0
2019-04-27 00:00:00,0.0,0.0,0.0,9.2,1.38,0.0,0.0
2019-04-27 01:00:00,0.0,0.0,0.0,7.69,1.79,0.0,0.0
2019-04-27 02:00:00,0.0,0.0,0.0,7.43,1.93,0.0,0.0
2019-04-27 03:00:00,0.0,0.0,0.0,6.84,2.0,0.0,0.0
2019-04-27 04:00:00,0.0,0.0,0.0,6.31,1.86,0.0,0.0
2019-04-27 05:00:00,2065.5,81.0,7.11,6.19,1.72,0.0,0.0020655
2019-04-27 06:00:00,10132.5,271.0,17.61,8.29,1.38,0.0,0.0101325
2019-04-27 07:00:00,18674.5,462.0,28.19,11.47,1.17,0.0,0.0186745
2019-04-27 08:00:00,25554.5,635.0,38.42,14.18,1.03,0.0,0.0255545
2019-04-27 09:00:00,28231.5,718.01,47.71,16.29,0.69,0.0,0.0282315
2019-04-27 10:00:00,33545.5,878.01,55.0,18.0,0.55,0.0,0.0335455
2019-04-27 11:00:00,35047.5,927.01,58.68,19.29,0.69,0.0,0.0350475
2019-04-27 12:00:00,34706.0,917.01,57.43,20.35,0.9,0.0,0.034706
2019-04-27 13:00:00,31493.5,822.01,51.74,21.05,1.1,0.0,0.0314935
2019-04-27 14:00:00,25568.0,656.0,43.3,21.29,1.38,0.0,0.025568
2019-04-27 15:00:00,21172.0,541.0,33.45,21.32,1.66,0.0,0.021172
2019-04-27 16:00:00,13553.5,358.0,22.98,20.75,2.14,0.0,0.0135535
2019-04-27 17:00:00,5296.5,168.0,12.4,19.39,2.48,0.0,0.0052965
2019-04-27 18:00:00,0.0,0.0,0.0,17.27,2.97,0.0,0.0
2019-04-27 19:00:00,0.0,0.0,0.0,14.91,3.38,0.0,0.0
2019-04-27 20:00:00,0.0,0.0,0.0,13.58,3.03,0.0,0.0
2019-04-27 21:00:00,0.0,0.0,0.0,12.63,2.69,0.0,0.0
2019-04-27 22:00:00,0.0,0.0,0.0,11.85,2.21,0.0,0.0
2019-04-27 23:00:00,0.0,0.0,0.0,10.73,1.45,0.0,0.0
2019-04-28 00:00:00,0.0,0.0,0.0,9.95,1.24,0.0,0.0
2019-04-28 01:00:00,0.0,0.0,0.0,9.39,1.38,0.0,0.0
2019-04-28 02:00:00,0.0,0.0,0.0,8.58,1.45,0.0,0.0
2019-04-28 03:00:00,0.0,0.0,0.0,7.48,1.72,0.0,0.0
2019-04-28 04:00:00,0.0,0.0,0.0,7.01,1.72,0.0,0.0
2019-04-28 05:00:00,2238.0,86.0,7.36,6.84,1.72,0.0,0.002238
2019-04-28 06:00:00,8660.0,227.0,17.86,8.89,1.17,0.0,0.00866
2019-04-28 07:00:00,19008.0,471.0,28.43,13.7,2.21,0.0,0.019008
2019-04-28 08:00:00,26190.0,644.0,38.68,15.2,2.48,0.0,0.02619
2019-04-28 09:00:00,31543.5,789.01,47.99,16.11,2.07,0.0,0.0315435
2019-04-28 10:00:00,34811.5,882.01,55.3,16.92,2.14,0.0,0.0348115
2019-04-28 11:00:00,35945.0,916.01,59.0,17.57,2.28,0.0,0.035945
2019-04-28 12:00:00,32097.0,813.01,57.72,17.75,2.28,0.0,0.032097
2019-04-28 13:00:00,21608.0,542.0,52.0,17.91,2.14,0.0,0.021608
2019-04-28 14:00:00,17348.5,436.0,43.52,17.94,1.79,0.0,0.0173485
2019-04-28 15:00:00,21557.0,542.0,33.64,17.69,1.52,0.0,0.021557
2019-04-28 16:00:00,12807.5,333.0,23.17,17.58,1.38,0.0,0.0128075
2019-04-28 17:00:00,4509.5,135.0,12.59,17.08,0.97,0.0,0.0045095
2019-04-28 18:00:00,0.0,0.0,0.0,15.47,1.03,0.0,0.0
2019-04-28 19:00:00,0.0,0.0,0.0,13.52,1.31,0.0,0.0
2019-04-28 20:00:00,0.0,0.0,0.0,11.16,1.79,0.0,0.0
2019-04-28 21:00:00,0.0,0.0,0.0,9.7,1.86,0.0,0.0
2019-04-28 22:00:00,0.0,0.0,0.0,8.59,1.86,0.0,0.0
2019-04-28 23:00:00,0.0,0.0,0.0,7.9,1.72,0.0,0.0
2019-04-29 00:00:00,0.0,0.0,0.0,8.18,1.38,0.0,0.0
2019-04-29 01:00:00,0.0,0.0,0.0,9.16,1.03,0.0,0.0
2019-04-29 02:00:00,0.0,0.0,0.0,8.91,0.9,0.0,0.0
2019-04-29 03:00:00,0.0,0.0,0.0,8.22,1.1,0.0,0.0
2019-04-29 04:00:00,0.0,0.0,0.0,7.57,1.1,0.0,0.0
2019-04-29 05:00:00,2348.5,89.0,7.6,7.11,1.03,0.0,0.0023485
2019-04-29 06:00:00,10586.0,282.0,18.1,8.1,0.41,0.0,0.010586
2019-04-29 07:00:00,19213.0,475.0,28.68,10.59,0.69,0.0,0.019213
2019-04-29 08:00:00,25531.0,632.0,38.93,12.37,0.69,0.0,0.025531
2019-04-29 09:00:00,24978.0,619.0,48.26,13.76,1.31,0.0,0.024978
2019-04-29 10:00:00,32967.5,832.01,55.61,14.96,1.52,0.0,0.0329675
2019-04-29 11:00:00,36214.5,922.01,59.31,15.92,1.79,0.0,0.0362145
2019-04-29 12:00:00,36144.0,922.01,58.01,16.72,1.86,0.0,0.036144
2019-04-29 13:00:00,33451.5,849.01,52.25,17.25,1.79,0.0,0.0334515
2019-04-29 14:00:00,28055.0,706.01,43.73,17.44,1.59,0.0,0.028055
2019-04-29 15:00:00,22225.0,561.0,33.84,17.43,1.03,0.0,0.022225
2019-04-29 16:00:00,14324.0,374.0,23.36,17.27,1.03,0.0,0.014324
2019-04-29 17:00:00,5365.5,164.0,12.78,16.91,1.52,0.0,0.0053655
2019-04-29 18:00:00,0.0,0.0,0.0,15.5,1.59,0.0,0.0
2019-04-29 19:00:00,0.0,0.0,0.0,13.11,1.79,0.0,0.0
2019-04-29 20:00:00,0.0,0.0,0.0,11.57,1.38,0.0,0.0
2019-04-29 21:00:00,0.0,0.0,0.0,11.0,1.17,0.0,0.0
2019-04-29 22:00:00,0.0,0.0,0.0,10.22,1.17,0.0,0.0
2019-04-29 23:00:00,0.0,0.0,0.0,9.68,1.17,0.0,0.0
2019-04-30 00:00:00,0.0,0.0,0.0,9.77,1.03,0.0,0.0
2019-04-30 01:00:00,0.0,0.0,0.0,9.69,0.83,0.0,0.0
2019-04-30 02:00:00,0.0,0.0,0.0,9.21,0.69,0.0,0.0
2019-04-30 03:00:00,0.0,0.0,0.0,8.61,0.62,0.0,0.0
2019-04-30 04:00:00,0.0,0.0,0.0,7.96,0.55,0.0,0.0
2019-04-30 05:00:00,2308.5,83.0,7.84,7.53,0.48,0.0,0.0023085
2019-04-30 06:00:00,10515.0,280.0,18.33,9.0,0.41,0.0,0.010515
2019-04-30 07:00:00,18622.5,463.0,28.91,12.52,0.9,0.0,0.0186225
2019-04-30 08:00:00,25447.5,637.0,39.18,14.91,0.76,0.0,0.0254475
2019-04-30 09:00:00,30286.0,774.01,48.53,16.98,0.83,0.0,0.030286
2019-04-30 10:00:00,33223.5,866.01,55.9,18.51,0.83,0.0,0.0332235
2019-04-30 11:00:00,34424.0,908.01,59.62,19.65,0.83,0.0,0.034424
2019-04-30 12:00:00,29116.5,763.01,58.3,20.53,0.69,0.0,0.0291165
2019-04-30 13:00:00,31844.0,841.01,52.49,21.17,0.62,0.0,0.031844
2019-04-30 14:00:00,27068.0,707.01,43.94,21.55,0.48,0.0,0.027068
2019-04-30 15:00:00,21385.5,556.0,34.03,21.71,0.34,0.0,0.0213855
2019-04-30 16:00:00,13715.5,366.0,23.55,21.57,0.62,0.0,0.0137155
2019-04-30 17:00:00,5563.5,175.0,12.97,20.76,1.03,0.0,0.0055635
2019-04-30 18:00:00,65.5,9.0,2.65,18.53,1.38,0.0,6.55e-05
2019-04-30 19:00:00,0.0,0.0,0.0,16.09,2.83,0.0,0.0
2019-04-30 20:00:00,0.0,0.0,0.0,14.7,2.69,0.0,0.0
2019-04-30 21:00:00,0.0,0.0,0.0,13.61,2.55,0.0,0.0
2019-04-30 22:00:00,0.0,0.0,0.0,12.57,2.28,0.0,0.0
2019-04-30 23:00:00,0.0,0.0,0.0,11.54,2.0,0.0,0.0
2019-05-01 00:00:00,0.0,0.0,0.0,10.15,1.45,0.0,0.0
2019-05-01 01:00:00,0.0,0.0,0.0,10.53,0.83,0.0,0.0
2019-05-01 02:00:00,0.0,0.0,0.0,9.51,1.1,0.0,0.0
2019-05-01 03:00:00,0.0,0.0,0.0,9.69,0.83,0.0,0.0
2019-05-01 04:00:00,0.0,0.0,0.0,9.97,0.14,0.0,0.0
2019-05-01 05:00:00,2119.5,73.0,8.08,9.69,0.07,0.0,0.0021195
2019-05-01 06:00:00,10283.0,274.0,18.56,10.41,0.14,0.0,0.010283
2019-05-01 07:00:00,18346.0,460.0,29.15,13.05,0.28,0.0,0.018346
2019-05-01 08:00:00,25117.0,633.0,39.42,15.23,0.41,0.0,0.025117
2019-05-01 09:00:00,29866.0,770.01,48.79,16.85,0.34,0.0,0.029866
2019-05-01 10:00:00,32754.0,865.01,56.19,18.29,0.21,0.0,0.032754
2019-05-01 11:00:00,33909.0,907.01,59.93,19.45,0.21,0.0,0.033909
2019-05-01 12:00:00,33743.5,902.01,58.59,20.3,0.34,0.0,0.0337435
2019-05-01 13:00:00,31846.0,835.01,52.74,20.64,0.83,0.0,0.031846
2019-05-01 14:00:00,27576.0,706.01,44.15,20.79,1.52,0.0,0.027576
2019-05-01 15:00:00,21555.5,546.0,34.22,20.52,2.07,0.0,0.0215555
2019-05-01 16:00:00,13737.0,359.0,23.73,20.17,2.41,0.0,0.013737
2019-05-01 17:00:00,5771.0,178.0,13.15,19.35,2.41,0.0,0.005771
2019-05-01 18:00:00,66.0,9.0,2.85,17.86,2.48,0.0,6.6e-05
2019-05-01 19:00:00,0.0,0.0,0.0,16.02,2.9,0.0,0.0
2019-05-01 20:00:00,0.0,0.0,0.0,14.67,2.83,0.0,0.0
2019-05-01 21:00:00,0.0,0.0,0.0,13.7,2.76,0.0,0.0
2019-05-01 22:00:00,0.0,0.0,0.0,12.95,2.62,0.0,0.0
2019-05-01 23:00:00,0.0,0.0,0.0,12.37,2.48,0.0,0.0
2019-05-02 00:00:00,0.0,0.0,0.0,11.91,2.34,0.0,0.0
2019-05-02 01:00:00,0.0,0.0,0.0,11.41,2.14,0.0,0.0
2019-05-02 02:00:00,0.0,0.0,0.0,10.97,2.0,0.0,0.0
2019-05-02 03:00:00,0.0,0.0,0.0,10.7,1.93,0.0,0.0
2019-05-02 04:00:00,0.0,0.0,0.0,10.46,1.79,0.0,0.0
2019-05-02 05:00:00,2321.0,80.0,8.31,10.6,1.52,0.0,0.002321
2019-05-02 06:00:00,10237.0,271.0,18.79,11.69,1.72,0.0,0.010237
2019-05-02 07:00:00,15789.5,392.0,29.37,14.07,1.79,0.0,0.0157895
2019-05-02 08:00:00,23315.5,576.0,39.66,15.79,2.07,0.0,0.0233155
2019-05-02 09:00:00,25567.0,638.0,49.05,17.09,2.14,0.0,0.025567
2019-05-02 10:00:00,27046.5,680.0,56.48,18.06,2.34,0.0,0.0270465
2019-05-02 11:00:00,28760.5,723.0,60.23,18.37,2.83,0.0,0.0287605
2019-05-02 12:00:00,24923.0,622.0,58.87,18.23,3.24,0.0,0.024923
2019-05-02 13:00:00,20019.0,499.0,52.98,18.25,3.24,0.0,0.020019
2019-05-02 14:00:00,1904.5,62.0,44.36,17.92,3.24,0.0,0.0019045
2019-05-02 15:00:00,1366.0,48.0,34.41,17.4,3.59,0.0,0.001366
2019-05-02 16:00:00,5462.0,148.0,23.91,17.07,3.17,0.0,0.005462
2019-05-02 17:00:00,5992.5,183.0,13.34,16.58,2.28,0.0,0.0059925
2019-05-02 18:00:00,67.0,9.0,3.05,15.76,1.45,0.0,6.7e-05
2019-05-02 19:00:00,0.0,0.0,0.0,14.91,1.72,0.0,0.0
2019-05-02 20:00:00,0.0,0.0,0.0,13.99,1.38,0.0,0.0
2019-05-02 21:00:00,0.0,0.0,0.0,12.79,1.24,0.0,0.0
2019-05-02 22:00:00,0.0,0.0,0.0,12.62,0.9,0.0,0.0
2019-05-02 23:00:00,0.0,0.0,0.0,13.06,0.21,0.0,0.0
2019-05-03 00:00:00,0.0,0.0,0.0,12.66,0.28,0.0,0.0
2019-05-03 01:00:00,0.0,0.0,0.0,11.95,0.76,0.0,0.0
2019-05-03 02:00:00,0.0,0.0,0.0,11.23,1.03,0.0,0.0
2019-05-03 03:00:00,0.0,0.0,0.0,10.95,1.17,0.0,0.0
2019-05-03 04:00:00,0.0,0.0,0.0,10.59,1.38,0.0,0.0
2019-05-03 05:00:00,70.5,9.0,8.54,10.86,1.17,0.0,7.05e-05
2019-05-03 06:00:00,1842.5,59.0,19.01,11.37,0.83,0.0,0.0018425
2019-05-03 07:00:00,6655.5,173.0,29.6,11.98,1.38,0.0,0.0066555
2019-05-03 08:00:00,15037.5,370.0,39.9,12.36,1.45,0.0,0.0150375
2019-05-03 09:00:00,22131.5,553.0,49.31,14.15,0.62,0.0,0.0221315
2019-05-03 10:00:00,25053.5,635.0,56.76,14.96,0.41,0.0,0.0250535
2019-05-03 11:00:00,17437.0,440.0,60.53,16.07,0.69,0.0,0.017437
2019-05-03 12:00:00,14502.0,367.0,59.15,16.72,0.97,0.0,0.014502
2019-05-03 13:00:00,20393.0,516.0,53.22,17.32,0.9,0.0,0.020393
2019-05-03 14:00:00,3149.0,93.0,44.57,17.52,0.97,0.0,0.003149
2019-05-03 15:00:00,3117.5,92.0,34.6,17.19,1.72,0.0,0.0031175
2019-05-03 16:00:00,2310.0,72.0,24.09,16.92,1.86,0.0,0.00231
2019-05-03 17:00:00,2342.0,73.0,13.52,16.28,1.72,0.0,0.002342
2019-05-03 18:00:00,0.0,5.0,3.24,15.6,1.59,0.0,0.0
2019-05-03 19:00:00,0.0,0.0,0.0,14.57,0.41,0.0,0.0
2019-05-03 20:00:00,0.0,0.0,0.0,13.85,0.07,0.0,0.0
2019-05-03 21:00:00,0.0,0.0,0.0,13.11,0.34,0.0,0.0
2019-05-03 22:00:00,0.0,0.0,0.0,11.9,1.03,0.0,0.0
2019-05-03 23:00:00,0.0,0.0,0.0,10.72,1.24,0.0,0.0
2019-05-04 00:00:00,0.0,0.0,0.0,10.23,1.1,0.0,0.0
2019-05-04 01:00:00,0.0,0.0,0.0,9.86,1.03,0.0,0.0
2019-05-04 02:00:00,0.0,0.0,0.0,9.28,1.1,0.0,0.0
2019-05-04 03:00:00,0.0,0.0,0.0,9.34,0.9,0.0,0.0
2019-05-04 04:00:00,0.0,0.0,0.0,9.95,0.41,0.0,0.0
2019-05-04 05:00:00,1068.0,39.0,8.76,9.91,0.34,0.0,0.001068
2019-05-04 06:00:00,4554.0,124.0,19.23,10.62,0.34,0.0,0.004554
2019-05-04 07:00:00,14019.5,348.0,29.82,12.03,0.69,0.0,0.0140195
2019-05-04 08:00:00,22519.5,560.0,40.12,13.39,0.48,0.0,0.0225195
2019-05-04 09:00:00,26850.5,678.0,49.56,14.78,0.55,0.0,0.0268505
2019-05-04 10:00:00,29012.5,742.0,57.04,15.62,0.55,0.0,0.0290125
2019-05-04 11:00:00,30681.0,796.01,60.82,16.65,0.41,0.0,0.030681
2019-05-04 12:00:00,32244.5,845.01,59.42,17.55,0.34,0.0,0.0322445
2019-05-04 13:00:00,29599.5,770.01,53.45,18.19,0.34,0.0,0.0295995
2019-05-04 14:00:00,25982.0,667.0,44.77,18.57,0.48,0.0,0.025982
2019-05-04 15:00:00,16080.5,409.0,34.78,18.81,0.83,0.0,0.0160805
2019-05-04 16:00:00,11318.0,294.0,24.27,18.54,1.38,0.0,0.011318
2019-05-04 17:00:00,4716.5,138.0,13.7,17.85,1.66,0.0,0.0047165
2019-05-04 18:00:00,199.5,14.83,3.43,16.79,1.59,0.0,0.0001995
2019-05-04 19:00:00,0.0,0.0,0.0,14.72,1.38,0.0,0.0
2019-05-04 20:00:00,0.0,0.0,0.0,13.84,0.55,0.0,0.0
2019-05-04 21:00:00,0.0,0.0,0.0,11.86,2.0,0.0,0.0
2019-05-04 22:00:00,0.0,0.0,0.0,11.11,2.28,0.0,0.0
2019-05-04 23:00:00,0.0,0.0,0.0,10.36,2.34,0.0,0.0
2019-05-05 00:00:00,0.0,0.0,0.0,9.84,2.28,0.0,0.0
2019-05-05 01:00:00,0.0,0.0,0.0,9.49,1.72,0.0,0.0
2019-05-05 02:00:00,0.0,0.0,0.0,9.53,1.66,0.0,0.0
2019-05-05 03:00:00,0.0,0.0,0.0,9.18,2.28,0.0,0.0
2019-05-05 04:00:00,0.0,0.0,0.0,8.49,2.41,0.0,0.0
2019-05-05 05:00:00,1079.0,39.0,8.98,8.27,2.55,0.0,0.001079
2019-05-05 06:00:00,2796.0,81.0,19.44,8.18,3.17,0.0,0.002796
2019-05-05 07:00:00,5173.5,136.0,30.03,8.38,3.1,0.0,0.0051735
2019-05-05 08:00:00,8567.5,213.0,40.35,8.33,3.1,0.0,0.0085675
2019-05-05 09:00:00,8527.0,212.0,49.8,8.05,2.83,0.0,0.008527
2019-05-05 10:00:00,21960.5,525.0,57.31,8.01,2.41,0.0,0.0219605
2019-05-05 11:00:00,33560.5,819.01,61.11,8.78,1.93,0.0,0.0335605
2019-05-05 12:00:00,36576.5,904.01,59.69,10.0,1.79,0.0,0.0365765
2019-05-05 13:00:00,22532.5,548.0,53.68,11.4,2.14,0.0,0.0225325
2019-05-05 14:00:00,28963.5,706.0,44.97,12.25,2.21,0.0,0.0289635
2019-05-05 15:00:00,23493.0,572.0,34.97,12.73,2.28,0.0,0.023493
2019-05-05 16:00:00,13230.5,332.0,24.45,12.8,2.21,0.0,0.0132305
2019-05-05 17:00:00,1169.0,42.0,13.89,12.41,1.66,0.0,0.001169
2019-05-05 18:00:00,0.0,4.0,3.62,11.61,1.03,0.0,0.0
2019-05-05 19:00:00,0.0,0.0,0.0,11.7,2.62,0.0,0.0
2019-05-05 20:00:00,0.0,0.0,0.0,10.86,2.62,0.0,0.0
2019-05-05 21:00:00,0.0,0.0,0.0,9.6,2.14,0.0,0.0
2019-05-05 22:00:00,0.0,0.0,0.0,8.15,1.72,0.0,0.0
2019-05-05 23:00:00,0.0,0.0,0.0,7.24,1.38,0.0,0.0
2019-05-06 00:00:00,0.0,0.0,0.0,6.99,1.17,0.0,0.0
2019-05-06 01:00:00,0.0,0.0,0.0,6.89,1.1,0.0,0.0
2019-05-06 02:00:00,0.0,0.0,0.0,7.14,0.69,0.0,0.0
2019-05-06 03:00:00,0.0,0.0,0.0,6.69,0.34,0.0,0.0
2019-05-06 04:00:00,0.0,0.0,0.0,6.27,0.34,0.0,0.0
2019-05-06 05:00:00,3375.5,113.0,9.19,5.9,0.62,0.0,0.0033755
2019-05-06 06:00:00,11900.0,307.0,19.65,6.56,0.28,0.0,0.0119
2019-05-06 07:00:00,20229.0,498.0,30.24,10.65,0.76,0.0,0.020229
2019-05-06 08:00:00,27067.0,668.0,40.56,12.67,1.17,0.0,0.027067
2019-05-06 09:00:00,32044.0,811.01,50.03,13.69,0.76,0.0,0.032044
2019-05-06 10:00:00,34966.5,907.01,57.57,14.73,0.48,0.0,0.0349665
2019-05-06 11:00:00,35996.0,944.01,61.39,15.68,0.48,0.0,0.035996
2019-05-06 12:00:00,35970.5,943.01,59.96,16.49,0.62,0.0,0.0359705
2019-05-06 13:00:00,33639.5,871.01,53.91,17.07,0.83,0.0,0.0336395
2019-05-06 14:00:00,29149.5,739.01,45.17,17.54,1.31,0.0,0.0291495
2019-05-06 15:00:00,23243.5,583.0,35.15,17.73,1.72,0.0,0.0232435
2019-05-06 16:00:00,15178.5,391.0,24.63,17.57,1.72,0.0,0.0151785
2019-05-06 17:00:00,6681.5,199.0,14.06,17.02,1.31,0.0,0.0066815
2019-05-06 18:00:00,324.5,19.6,3.81,15.63,0.9,0.0,0.0003245
2019-05-06 19:00:00,0.0,0.0,0.0,13.25,1.45,0.0,0.0
2019-05-06 20:00:00,0.0,0.0,0.0,11.69,1.45,0.0,0.0
2019-05-06 21:00:00,0.0,0.0,0.0,10.86,1.31,0.0,0.0
2019-05-06 22:00:00,0.0,0.0,0.0,11.47,0.83,0.0,0.0
2019-05-06 23:00:00,0.0,0.0,0.0,10.75,0.28,0.0,0.0
2019-05-07 00:00:00,0.0,0.0,0.0,9.99,0.41,0.0,0.0
2019-05-07 01:00:00,0.0,0.0,0.0,8.78,0.9,0.0,0.0
2019-05-07 02:00:00,0.0,0.0,0.0,7.37,1.03,0.0,0.0
2019-05-07 03:00:00,0.0,0.0,0.0,7.48,0.9,0.0,0.0
2019-05-07 04:00:00,0.0,0.0,0.0,7.4,0.55,0.0,0.0
2019-05-07 05:00:00,3370.5,113.0,9.4,7.31,0.21,0.0,0.0033705
2019-05-07 06:00:00,11206.0,290.0,19.85,8.44,0.28,0.0,0.011206
2019-05-07 07:00:00,14649.5,361.0,30.44,10.07,0.28,0.0,0.0146495
2019-05-07 08:00:00,23703.5,588.0,40.78,12.34,0.41,0.0,0.0237035
2019-05-07 09:00:00,30704.0,781.01,50.27,14.28,0.48,0.0,0.030704
2019-05-07 10:00:00,27008.5,688.0,57.83,15.72,0.62,0.0,0.0270085
2019-05-07 11:00:00,24020.5,610.0,61.67,16.5,0.83,0.0,0.0240205
2019-05-07 12:00:00,25814.0,654.0,60.22,16.93,1.31,0.0,0.025814
2019-05-07 13:00:00,23233.0,581.0,54.13,17.5,2.34,0.0,0.023233
2019-05-07 14:00:00,17743.0,440.0,45.37,17.28,3.45,0.0,0.017743
2019-05-07 15:00:00,9604.0,245.0,35.33,16.84,3.79,0.0,0.009604
2019-05-07 16:00:00,13686.5,346.0,24.8,16.18,3.79,0.0,0.0136865
2019-05-07 17:00:00,6667.0,195.0,14.24,15.31,3.24,0.0,0.006667
2019-05-07 18:00:00,359.5,20.59,4.0,14.29,2.62,0.0,0.0003595
2019-05-07 19:00:00,0.0,0.0,0.0,12.82,2.28,0.0,0.0
2019-05-07 20:00:00,0.0,0.0,0.0,11.77,1.59,0.0,0.0
2019-05-07 21:00:00,0.0,0.0,0.0,10.39,1.24,0.0,0.0
2019-05-07 22:00:00,0.0,0.0,0.0,9.56,1.24,0.0,0.0
2019-05-07 23:00:00,0.0,0.0,0.0,9.21,1.17,0.0,0.0
2019-05-08 00:00:00,0.0,0.0,0.0,9.4,0.97,0.0,0.0
2019-05-08 01:00:00,0.0,0.0,0.0,9.36,0.9,0.0,0.0
2019-05-08 02:00:00,0.0,0.0,0.0,9.82,0.62,0.0,0.0
2019-05-08 03:00:00,0.0,0.0,0.0,9.85,0.28,0.0,0.0
2019-05-08 04:00:00,0.0,0.0,0.0,9.57,0.55,0.0,0.0
2019-05-08 05:00:00,1147.5,41.0,9.6,9.42,0.62,0.0,0.0011475
2019-05-08 06:00:00,1066.5,39.0,20.04,10.33,0.9,0.0,0.0010665
2019-05-08 07:00:00,4555.5,124.0,30.63,11.71,1.03,0.0,0.0045555
2019-05-08 08:00:00,6119.0,161.0,40.98,12.13,0.62,0.0,0.006119
2019-05-08 09:00:00,3946.0,110.0,50.49,12.31,0.83,0.0,0.003946
2019-05-08 10:00:00,4714.0,128.0,58.09,12.33,1.17,0.0,0.004714
2019-05-08 11:00:00,4111.5,114.0,61.94,12.71,1.24,0.0,0.0041115
2019-05-08 12:00:00,3099.0,90.0,60.47,12.8,1.03,0.0,0.003099
2019-05-08 13:00:00,3183.5,92.0,54.36,12.82,1.31,0.0,0.0031835
2019-05-08 14:00:00,3311.0,95.0,45.56,12.75,1.38,0.0,0.003311
2019-05-08 15:00:00,3143.5,91.0,35.51,12.68,1.24,0.0,0.0031435
2019-05-08 16:00:00,2603.5,78.0,24.97,12.67,1.1,0.0,0.0026035
2019-05-08 17:00:00,1517.0,51.0,14.42,12.27,0.76,0.0,0.001517
2019-05-08 18:00:00,260.0,16.0,4.19,12.04,0.21,0.0,0.00026
2019-05-08 19:00:00,0.0,0.0,0.0,10.93,0.83,0.0,0.0
2019-05-08 20:00:00,0.0,0.0,0.0,10.68,1.31,0.0,0.0
2019-05-08 21:00:00,0.0,0.0,0.0,10.35,1.79,0.0,0.0
2019-05-08 22:00:00,0.0,0.0,0.0,10.1,1.66,0.0,0.0
2019-05-08 23:00:00,0.0,0.0,0.0,9.94,1.79,0.0,0.0
2019-05-09 00:00:00,0.0,0.0,0.0,9.76,2.07,0.0,0.0
2019-05-09 01:00:00,0.0,0.0,0.0,9.52,2.07,0.0,0.0
2019-05-09 02:00:00,0.0,0.0,0.0,9.42,1.45,0.0,0.0
2019-05-09 03:00:00,0.0,0.0,0.0,9.27,1.24,0.0,0.0
2019-05-09 04:00:00,0.0,0.0,0.0,9.32,1.17,0.0,0.0
2019-05-09 05:00:00,1225.5,43.0,9.8,9.35,0.97,0.0,0.0012255
2019-05-09 06:00:00,4206.0,115.0,20.24,9.61,0.76,0.0,0.004206
2019-05-09 07:00:00,13519.5,333.0,30.83,10.36,0.69,0.0,0.0135195
2019-05-09 08:00:00,23352.0,573.0,41.18,11.62,0.9,0.0,0.023352
2019-05-09 09:00:00,26578.5,664.0,50.71,13.08,0.69,0.0,0.0265785
2019-05-09 10:00:00,31455.5,804.01,58.34,14.56,0.62,0.0,0.0314555
2019-05-09 11:00:00,35154.0,915.01,62.21,16.31,0.76,0.0,0.035154
2019-05-09 12:00:00,33984.0,890.01,60.73,17.89,0.69,0.0,0.033984
2019-05-09 13:00:00,32665.0,858.01,54.57,18.96,0.48,0.0,0.032665
2019-05-09 14:00:00,28661.0,741.01,45.75,19.67,0.69,0.0,0.028661
2019-05-09 15:00:00,22632.0,577.0,35.68,20.11,1.17,0.0,0.022632
2019-05-09 16:00:00,14584.0,380.0,25.14,20.29,1.52,0.0,0.014584
2019-05-09 17:00:00,6649.0,198.0,14.59,19.91,1.59,0.0,0.006649
2019-05-09 18:00:00,556.0,34.62,4.37,18.34,1.79,0.0,0.000556
2019-05-09 19:00:00,0.0,0.0,0.0,15.89,2.21,0.0,0.0
2019-05-09 20:00:00,0.0,0.0,0.0,14.36,1.86,0.0,0.0
2019-05-09 21:00:00,0.0,0.0,0.0,12.99,1.03,0.0,0.0
2019-05-09 22:00:00,0.0,0.0,0.0,13.14,0.21,0.0,0.0
2019-05-09 23:00:00,0.0,0.0,0.0,12.42,0.41,0.0,0.0
2019-05-10 00:00:00,0.0,0.0,0.0,10.56,1.1,0.0,0.0
2019-05-10 01:00:00,0.0,0.0,0.0,9.97,1.17,0.0,0.0
2019-05-10 02:00:00,0.0,0.0,0.0,10.36,0.83,0.0,0.0
2019-05-10 03:00:00,0.0,0.0,0.0,11.02,0.34,0.0,0.0
2019-05-10 04:00:00,0.0,0.0,0.0,10.58,0.34,0.0,0.0
2019-05-10 05:00:00,3619.5,120.0,9.99,10.65,0.34,0.0,0.0036195
2019-05-10 06:00:00,11552.0,302.0,20.42,11.83,0.55,0.0,0.011552
2019-05-10 07:00:00,19695.5,495.0,31.01,13.85,0.14,0.0,0.0196955
2019-05-10 08:00:00,26423.5,664.0,41.38,15.68,0.83,0.0,0.0264235
2019-05-10 09:00:00,30809.0,786.01,50.93,16.98,1.03,0.0,0.030809
2019-05-10 10:00:00,32802.0,853.01,58.58,18.05,0.83,0.0,0.032802
2019-05-10 11:00:00,34440.5,908.01,62.48,19.04,0.76,0.0,0.0344405
2019-05-10 12:00:00,30465.0,795.01,60.98,19.75,0.9,0.0,0.030465
2019-05-10 13:00:00,30188.0,788.01,54.79,20.61,0.9,0.0,0.030188
2019-05-10 14:00:00,25782.5,666.0,45.94,21.5,1.03,0.0,0.0257825
2019-05-10 15:00:00,17844.5,458.0,35.85,21.82,1.24,0.0,0.0178445
2019-05-10 16:00:00,10882.0,285.0,25.31,21.55,2.07,0.0,0.010882
2019-05-10 17:00:00,6143.5,180.0,14.76,20.57,2.07,0.0,0.0061435
2019-05-10 18:00:00,600.5,36.39,4.55,18.97,1.86,0.0,0.0006005
2019-05-10 19:00:00,0.0,0.0,0.0,16.41,2.28,0.0,0.0
2019-05-10 20:00:00,0.0,0.0,0.0,14.98,1.93,0.0,0.0
2019-05-10 21:00:00,0.0,0.0,0.0,14.04,1.86,0.0,0.0
2019-05-10 22:00:00,0.0,0.0,0.0,13.51,1.79,0.0,0.0
2019-05-10 23:00:00,0.0,0.0,0.0,12.92,1.86,0.0,0.0
2019-05-11 00:00:00,0.0,0.0,0.0,12.31,1.52,0.0,0.0
2019-05-11 01:00:00,0.0,0.0,0.0,11.87,1.38,0.0,0.0
2019-05-11 02:00:00,0.0,0.0,0.0,11.35,1.45,0.0,0.0
2019-05-11 03:00:00,0.0,0.0,0.0,11.12,1.24,0.0,0.0
2019-05-11 04:00:00,0.0,0.0,0.0,11.35,0.83,0.0,0.0
2019-05-11 05:00:00,2597.0,82.0,10.17,11.92,0.48,0.0,0.002597
2019-05-11 06:00:00,5474.5,147.0,20.6,12.94,0.69,0.0,0.0054745
2019-05-11 07:00:00,10483.5,265.0,31.19,14.74,1.79,0.0,0.0104835
2019-05-11 08:00:00,20858.5,518.0,41.57,16.02,1.66,0.0,0.0208585
2019-05-11 09:00:00,27127.5,685.0,51.13,17.23,1.38,0.0,0.0271275
2019-05-11 10:00:00,19738.0,500.0,58.82,18.36,1.38,0.0,0.019738
2019-05-11 11:00:00,16932.5,431.0,62.73,18.99,1.31,0.0,0.0169325
2019-05-11 12:00:00,7074.0,189.0,61.22,19.71,1.45,0.0,0.007074
2019-05-11 13:00:00,22469.5,572.0,55.0,20.24,1.79,0.0,0.0224695
2019-05-11 14:00:00,28378.5,720.0,46.12,20.16,2.0,0.0,0.0283785
2019-05-11 15:00:00,9348.5,243.0,36.03,19.41,2.0,0.0,0.0093485
2019-05-11 16:00:00,844.5,34.0,25.48,17.94,1.93,0.0,0.0008445
2019-05-11 17:00:00,741.0,31.0,14.93,17.38,2.9,0.0,0.000741
2019-05-11 18:00:00,414.5,21.81,4.73,16.45,1.66,0.0,0.0004145
2019-05-11 19:00:00,0.0,0.0,0.0,15.47,0.62,0.0,0.0
2019-05-11 20:00:00,0.0,0.0,0.0,14.62,0.69,0.0,0.0
2019-05-11 21:00:00,0.0,0.0,0.0,12.03,2.0,0.0,0.0
2019-05-11 22:00:00,0.0,0.0,0.0,11.16,2.41,0.0,0.0
2019-05-11 23:00:00,0.0,0.0,0.0,10.38,2.34,0.0,0.0
2019-05-12 00:00:00,0.0,0.0,0.0,9.65,2.21,0.0,0.0
2019-05-12 01:00:00,0.0,0.0,0.0,8.97,2.07,0.0,0.0
2019-05-12 02:00:00,0.0,0.0,0.0,8.36,2.07,0.0,0.0
2019-05-12 03:00:00,0.0,0.0,0.0,7.9,1.93,0.0,0.0
2019-05-12 04:00:00,0.0,0.0,0.0,7.8,1.66,0.0,0.0
2019-05-12 05:00:00,4112.5,135.0,10.36,8.71,1.24,0.0,0.0041125
2019-05-12 06:00:00,9470.5,243.0,20.78,10.9,1.1,0.0,0.0094705
2019-05-12 07:00:00,12119.5,304.0,31.37,14.77,1.72,0.0,0.0121195
2019-05-12 08:00:00,24989.0,620.0,41.75,16.48,2.14,0.0,0.024989
2019-05-12 09:00:00,26753.0,665.0,51.34,17.61,3.1,0.0,0.026753
2019-05-12 10:00:00,31368.5,781.0,59.05,18.01,3.93,0.0,0.0313685
2019-05-12 11:00:00,35908.0,898.01,62.99,18.32,4.28,0.0,0.035908
2019-05-12 12:00:00,22130.0,549.0,61.46,18.56,4.69,0.0,0.02213
2019-05-12 13:00:00,8524.0,221.0,55.21,18.52,4.62,0.0,0.008524
2019-05-12 14:00:00,7891.5,206.0,46.3,18.38,4.34,0.0,0.0078915
2019-05-12 15:00:00,7599.5,199.0,36.19,18.19,4.07,0.0,0.0075995
2019-05-12 16:00:00,5867.5,158.0,25.64,17.83,3.45,0.0,0.0058675
2019-05-12 17:00:00,1909.5,62.0,15.1,17.38,3.31,0.0,0.0019095
2019-05-12 18:00:00,383.5,20.83,4.91,16.59,3.24,0.0,0.0003835
2019-05-12 19:00:00,0.0,0.0,0.0,15.76,3.52,0.0,0.0
2019-05-12 20:00:00,0.0,0.0,0.0,15.08,2.76,0.0,0.0
2019-05-12 21:00:00,0.0,0.0,0.0,14.05,2.21,0.0,0.0
2019-05-12 22:00:00,0.0,0.0,0.0,13.48,2.0,0.0,0.0
2019-05-12 23:00:00,0.0,0.0,0.0,12.76,1.79,0.0,0.0
2019-05-13 00:00:00,0.0,0.0,0.0,12.19,1.17,0.0,0.0
2019-05-13 01:00:00,0.0,0.0,0.0,13.17,0.48,0.0,0.0
2019-05-13 02:00:00,0.0,0.0,0.0,12.85,0.07,0.0,0.0
2019-05-13 03:00:00,0.0,0.0,0.0,12.46,0.21,0.0,0.0
2019-05-13 04:00:00,0.0,0.0,0.0,12.12,0.34,0.0,0.0
2019-05-13 05:00:00,2255.0,71.0,10.53,11.94,0.55,0.0,0.002255
2019-05-13 06:00:00,4830.5,131.0,20.95,12.16,0.76,0.0,0.0048305
2019-05-13 07:00:00,14077.0,350.0,31.54,13.63,1.24,0.0,0.014077
2019-05-13 08:00:00,20053.0,494.0,41.93,14.17,1.66,0.0,0.020053
2019-05-13 09:00:00,23039.5,570.0,51.53,14.86,1.93,0.0,0.0230395
2019-05-13 10:00:00,25686.0,641.0,59.27,16.22,2.21,0.0,0.025686
2019-05-13 11:00:00,31108.0,794.0,63.23,18.56,2.0,0.0,0.031108
2019-05-13 12:00:00,29243.5,757.0,61.7,20.03,1.31,0.0,0.0292435
2019-05-13 13:00:00,15079.0,389.0,55.41,20.92,0.9,0.0,0.015079
2019-05-13 14:00:00,16611.0,427.0,46.48,21.54,1.24,0.0,0.016611
2019-05-13 15:00:00,7711.0,206.0,36.36,21.79,1.79,0.0,0.007711
2019-05-13 16:00:00,11130.5,291.0,25.81,21.46,1.86,0.0,0.0111305
2019-05-13 17:00:00,6892.0,202.0,15.27,20.51,1.38,0.0,0.006892
2019-05-13 18:00:00,779.0,44.76,5.09,18.63,1.24,0.0,0.000779
2019-05-13 19:00:00,0.0,0.0,0.0,16.52,1.31,0.0,0.0
2019-05-13 20:00:00,0.0,0.0,0.0,14.96,1.52,0.0,0.0
2019-05-13 21:00:00,0.0,0.0,0.0,15.73,0.9,0.0,0.0
2019-05-13 22:00:00,0.0,0.0,0.0,15.72,0.62,0.0,0.0
2019-05-13 23:00:00,0.0,0.0,0.0,15.05,0.28,0.0,0.0
2019-05-14 00:00:00,0.0,0.0,0.0,14.57,0.34,0.0,0.0
2019-05-14 01:00:00,0.0,0.0,0.0,13.77,0.9,0.0,0.0
2019-05-14 02:00:00,0.0,0.0,0.0,12.91,0.83,0.0,0.0
2019-05-14 03:00:00,0.0,0.0,0.0,12.25,0.76,0.0,0.0
2019-05-14 04:00:00,0.0,0.0,0.0,11.62,0.9,0.0,0.0
2019-05-14 05:00:00,4157.5,133.0,10.7,10.11,1.24,0.0,0.0041575
2019-05-14 06:00:00,12365.0,320.0,21.11,12.05,1.31,0.0,0.012365
2019-05-14 07:00:00,20011.0,507.0,31.7,15.46,0.07,0.0,0.020011
2019-05-14 08:00:00,26559.0,675.0,42.1,17.34,0.69,0.0,0.026559
2019-05-14 09:00:00,31543.0,809.01,51.72,18.53,1.31,0.0,0.031543
2019-05-14 10:00:00,34869.5,901.01,59.49,19.59,1.86,0.0,0.0348695
2019-05-14 11:00:00,34357.0,886.01,63.48,20.38,2.34,0.0,0.034357
2019-05-14 12:00:00,35163.5,901.01,61.93,20.71,2.97,0.0,0.0351635
2019-05-14 13:00:00,33697.5,852.01,55.62,20.77,3.66,0.0,0.0336975
2019-05-14 14:00:00,28429.5,709.0,46.66,20.46,4.07,0.0,0.0284295
2019-05-14 15:00:00,8934.5,232.0,36.52,19.65,4.07,0.0,0.0089345
2019-05-14 16:00:00,2452.0,76.0,25.97,18.82,3.66,0.0,0.002452
2019-05-14 17:00:00,1062.0,40.0,15.43,18.03,3.03,0.0,0.001062
2019-05-14 18:00:00,23.5,7.0,5.26,17.07,2.9,0.0,2.35e-05
2019-05-14 19:00:00,0.0,0.0,0.0,16.3,4.21,0.0,0.0
2019-05-14 20:00:00,0.0,0.0,0.0,14.77,3.93,0.0,0.0
2019-05-14 21:00:00,0.0,0.0,0.0,13.44,3.24,0.0,0.0
2019-05-14 22:00:00,0.0,0.0,0.0,12.25,3.03,0.0,0.0
2019-05-14 23:00:00,0.0,0.0,0.0,11.15,3.31,0.0,0.0
2019-05-15 00:00:00,0.0,0.0,0.0,10.48,3.38,0.0,0.0
2019-05-15 01:00:00,0.0,0.0,0.0,9.88,3.1,0.0,0.0
2019-05-15 02:00:00,0.0,0.0,0.0,9.14,2.62,0.0,0.0
2019-05-15 03:00:00,0.0,0.0,0.0,8.9,1.52,0.0,0.0
2019-05-15 04:00:00,0.0,0.0,0.0,8.55,1.59,0.0,0.0
2019-05-15 05:00:00,4299.5,135.0,10.87,8.53,1.93,0.0,0.0042995
2019-05-15 06:00:00,12812.5,325.0,21.27,9.37,2.41,0.0,0.0128125
2019-05-15 07:00:00,21119.0,513.0,31.86,11.08,2.0,0.0,0.021119
2019-05-15 08:00:00,27715.0,681.0,42.27,12.93,1.59,0.0,0.027715
2019-05-15 09:00:00,31129.0,784.01,51.91,14.4,1.1,0.0,0.031129
2019-05-15 10:00:00,35229.0,904.01,59.71,15.6,1.17,0.0,0.035229
2019-05-15 11:00:00,36633.5,949.01,63.71,16.55,1.24,0.0,0.0366335
2019-05-15 12:00:00,32597.0,829.01,62.16,17.38,2.0,0.0,0.032597
2019-05-15 13:00:00,34254.5,859.01,55.81,17.61,3.03,0.0,0.0342545
2019-05-15 14:00:00,30491.5,753.0,46.83,17.21,3.45,0.0,0.0304915
2019-05-15 15:00:00,24115.5,594.0,36.69,16.82,3.1,0.0,0.0241155
2019-05-15 16:00:00,16022.0,406.0,26.13,16.56,2.28,0.0,0.016022
2019-05-15 17:00:00,7528.0,214.0,15.6,16.08,2.07,0.0,0.007528
2019-05-15 18:00:00,902.0,48.27,5.43,15.1,2.07,0.0,0.000902
2019-05-15 19:00:00,0.0,0.0,0.0,13.86,1.86,0.0,0.0
2019-05-15 20:00:00,0.0,0.0,0.0,12.5,1.93,0.0,0.0
2019-05-15 21:00:00,0.0,0.0,0.0,11.07,1.79,0.0,0.0
2019-05-15 22:00:00,0.0,0.0,0.0,9.83,1.66,0.0,0.0
2019-05-15 23:00:00,0.0,0.0,0.0,8.93,1.52,0.0,0.0
2019-05-16 00:00:00,0.0,0.0,0.0,8.5,1.38,0.0,0.0
2019-05-16 01:00:00,0.0,0.0,0.0,8.85,0.97,0.0,0.0
2019-05-16 02:00:00,0.0,0.0,0.0,8.91,0.9,0.0,0.0
2019-05-16 03:00:00,0.0,0.0,0.0,7.96,1.03,0.0,0.0
2019-05-16 04:00:00,0.0,0.0,0.0,7.66,1.03,0.0,0.0
2019-05-16 05:00:00,4459.5,140.0,11.03,8.28,0.76,0.0,0.0044595
2019-05-16 06:00:00,12721.5,326.0,21.42,9.71,0.69,0.0,0.0127215
2019-05-16 07:00:00,20783.5,511.0,32.01,11.82,1.03,0.0,0.0207835
2019-05-16 08:00:00,27560.5,681.0,42.43,13.23,1.24,0.0,0.0275605
2019-05-16 09:00:00,32721.5,824.01,52.09,14.62,1.31,0.0,0.0327215
2019-05-16 10:00:00,33964.0,868.01,59.91,15.96,1.31,0.0,0.033964
2019-05-16 11:00:00,33988.5,878.01,63.95,17.02,1.17,0.0,0.0339885
2019-05-16 12:00:00,34305.0,892.01,62.38,18.01,1.1,0.0,0.034305
2019-05-16 13:00:00,32810.5,849.01,56.01,18.76,1.17,0.0,0.0328105
2019-05-16 14:00:00,28432.0,732.0,47.01,19.33,0.83,0.0,0.028432
2019-05-16 15:00:00,19468.5,497.0,36.85,19.63,0.69,0.0,0.0194685
2019-05-16 16:00:00,13502.0,350.0,26.28,19.37,0.76,0.0,0.013502
2019-05-16 17:00:00,6540.5,186.0,15.76,18.55,0.83,0.0,0.0065405
2019-05-16 18:00:00,251.5,16.0,5.6,17.4,0.55,0.0,0.0002515
2019-05-16 19:00:00,0.0,0.0,0.0,16.41,0.14,0.0,0.0
2019-05-16 20:00:00,0.0,0.0,0.0,15.55,0.14,0.0,0.0
2019-05-16 21:00:00,0.0,0.0,0.0,14.85,0.14,0.0,0.0
2019-05-16 22:00:00,0.0,0.0,0.0,14.09,0.21,0.0,0.0
2019-05-16 23:00:00,0.0,0.0,0.0,13.47,0.14,0.0,0.0
2019-05-17 00:00:00,0.0,0.0,0.0,12.97,0.28,0.0,0.0
2019-05-17 01:00:00,0.0,0.0,0.0,12.43,0.41,0.0,0.0
2019-05-17 02:00:00,0.0,0.0,0.0,11.78,0.69,0.0,0.0
2019-05-17 03:00:00,0.0,0.0,0.0,11.19,0.83,0.0,0.0
2019-05-17 04:00:00,0.0,0.0,0.0,11.02,0.9,0.0,0.0
2019-05-17 05:00:00,623.0,27.0,11.18,11.19,0.9,0.0,0.000623
2019-05-17 06:00:00,2697.0,80.0,21.57,11.84,1.1,0.0,0.002697
2019-05-17 07:00:00,1241.0,44.0,32.16,13.1,1.59,0.0,0.001241
2019-05-17 08:00:00,6218.5,164.0,42.58,13.67,1.45,0.0,0.0062185
2019-05-17 09:00:00,10732.0,271.0,52.26,14.57,1.72,0.0,0.010732
2019-05-17 10:00:00,14903.0,372.0,60.11,14.96,1.66,0.0,0.014903
2019-05-17 11:00:00,8328.5,215.0,64.17,15.3,1.52,0.0,0.0083285
2019-05-17 12:00:00,17730.5,445.0,62.6,16.13,1.31,0.0,0.0177305
2019-05-17 13:00:00,6709.5,178.0,56.2,16.67,1.1,0.0,0.0067095
2019-05-17 14:00:00,5482.5,149.0,47.17,16.96,0.97,0.0,0.0054825
2019-05-17 15:00:00,3608.5,104.0,37.0,17.2,1.31,0.0,0.0036085
2019-05-17 16:00:00,1878.0,61.0,26.44,16.34,1.93,0.0,0.001878
2019-05-17 17:00:00,1151.5,42.0,15.92,15.35,2.21,0.0,0.0011515
2019-05-17 18:00:00,92.0,10.0,5.77,14.46,2.14,0.0,9.2e-05
2019-05-17 19:00:00,0.0,0.0,0.0,12.83,2.0,0.0,0.0
2019-05-17 20:00:00,0.0,0.0,0.0,12.21,1.72,0.0,0.0
2019-05-17 21:00:00,0.0,0.0,0.0,11.8,1.66,0.0,0.0
2019-05-17 22:00:00,0.0,0.0,0.0,11.54,1.59,0.0,0.0
2019-05-17 23:00:00,0.0,0.0,0.0,11.36,1.52,0.0,0.0
2019-05-18 00:00:00,0.0,0.0,0.0,11.26,1.38,0.0,0.0
2019-05-18 01:00:00,0.0,0.0,0.0,10.78,1.31,0.0,0.0
2019-05-18 02:00:00,0.0,0.0,0.0,10.78,1.38,0.0,0.0
2019-05-18 03:00:00,0.0,0.0,0.0,10.75,1.59,0.0,0.0
2019-05-18 04:00:00,0.0,0.0,0.0,10.65,1.59,0.0,0.0
2019-05-18 05:00:00,388.0,20.0,11.33,10.64,1.45,0.0,0.000388
2019-05-18 06:00:00,1648.0,54.0,21.71,10.9,1.45,0.0,0.001648
2019-05-18 07:00:00,4102.5,113.0,32.3,11.19,1.59,0.0,0.0041025
2019-05-18 08:00:00,3541.0,100.0,42.73,11.62,1.52,0.0,0.003541
2019-05-18 09:00:00,4132.5,114.0,52.43,11.87,1.72,0.0,0.0041325
2019-05-18 10:00:00,4384.5,120.0,60.31,12.21,2.07,0.0,0.0043845
2019-05-18 11:00:00,4550.5,124.0,64.39,12.54,2.34,0.0,0.0045505
2019-05-18 12:00:00,2980.5,87.0,62.81,12.86,2.62,0.0,0.0029805
2019-05-18 13:00:00,2518.0,76.0,56.38,13.32,2.55,0.0,0.002518
2019-05-18 14:00:00,2068.0,65.0,47.34,13.4,2.28,0.0,0.002068
2019-05-18 15:00:00,2266.5,70.0,37.16,13.79,2.41,0.0,0.0022665
2019-05-18 16:00:00,1824.0,59.0,26.59,13.65,2.0,0.0,0.001824
2019-05-18 17:00:00,1163.5,42.0,16.07,13.34,1.72,0.0,0.0011635
2019-05-18 18:00:00,172.0,13.0,5.93,13.08,1.38,0.0,0.000172
2019-05-18 19:00:00,0.0,0.0,0.0,12.73,1.24,0.0,0.0
2019-05-18 20:00:00,0.0,0.0,0.0,12.15,0.97,0.0,0.0
2019-05-18 21:00:00,0.0,0.0,0.0,11.63,0.97,0.0,0.0
2019-05-18 22:00:00,0.0,0.0,0.0,11.89,0.62,0.0,0.0
2019-05-18 23:00:00,0.0,0.0,0.0,12.21,0.41,0.0,0.0
2019-05-19 00:00:00,0.0,0.0,0.0,11.54,0.76,0.0,0.0
2019-05-19 01:00:00,0.0,0.0,0.0,10.71,0.97,0.0,0.0
2019-05-19 02:00:00,0.0,0.0,0.0,10.61,0.9,0.0,0.0
2019-05-19 03:00:00,0.0,0.0,0.0,10.51,0.9,0.0,0.0
2019-05-19 04:00:00,0.0,0.0,0.0,10.13,1.03,0.0,0.0
2019-05-19 05:00:00,293.0,17.0,11.47,10.61,0.97,0.0,0.000293
2019-05-19 06:00:00,1920.0,61.0,21.85,11.76,1.1,0.0,0.00192
2019-05-19 07:00:00,1290.5,45.0,32.44,11.38,1.38,0.0,0.0012905
2019-05-19 08:00:00,5373.5,143.0,42.87,11.71,1.38,0.0,0.0053735
2019-05-19 09:00:00,8068.0,206.0,52.59,12.19,1.52,0.0,0.008068
2019-05-19 10:00:00,7233.0,187.0,60.5,12.76,1.52,0.0,0.007233
2019-05-19 11:00:00,7986.0,205.0,64.61,13.1,1.38,0.0,0.007986
2019-05-19 12:00:00,10949.0,276.0,63.02,13.71,1.1,0.0,0.010949
2019-05-19 13:00:00,9263.0,237.0,56.57,14.22,0.62,0.0,0.009263
2019-05-19 14:00:00,11453.0,290.0,47.5,14.73,0.62,0.0,0.011453
2019-05-19 15:00:00,4738.0,130.0,37.31,14.84,0.97,0.0,0.004738
2019-05-19 16:00:00,7391.0,193.0,26.74,14.91,0.97,0.0,0.007391
2019-05-19 17:00:00,1537.0,52.0,16.23,14.69,0.83,0.0,0.001537
2019-05-19 18:00:00,198.5,14.0,6.09,14.19,0.48,0.0,0.0001985
2019-05-19 19:00:00,0.0,0.0,0.0,13.3,1.17,0.0,0.0
2019-05-19 20:00:00,0.0,0.0,0.0,12.36,1.24,0.0,0.0
2019-05-19 21:00:00,0.0,0.0,0.0,11.61,1.03,0.0,0.0
2019-05-19 22:00:00,0.0,0.0,0.0,11.55,0.83,0.0,0.0
2019-05-19 23:00:00,0.0,0.0,0.0,10.99,0.9,0.0,0.0
2019-05-20 00:00:00,0.0,0.0,0.0,10.6,0.97,0.0,0.0
2019-05-20 01:00:00,0.0,0.0,0.0,10.42,0.9,0.0,0.0
2019-05-20 02:00:00,0.0,0.0,0.0,11.18,0.48,0.0,0.0
2019-05-20 03:00:00,0.0,0.0,0.0,10.96,0.34,0.0,0.0
2019-05-20 04:00:00,0.0,0.0,0.0,10.89,0.41,0.0,0.0
2019-05-20 05:00:00,1023.5,38.0,11.61,11.14,0.34,0.0,0.0010235
2019-05-20 06:00:00,5686.0,151.0,21.98,11.42,0.28,0.0,0.005686
2019-05-20 07:00:00,10985.5,276.0,32.57,13.04,0.83,0.0,0.0109855
2019-05-20 08:00:00,11853.5,297.0,43.01,14.05,1.52,0.0,0.0118535
2019-05-20 09:00:00,16550.5,411.0,52.74,15.33,2.14,0.0,0.0165505
2019-05-20 10:00:00,17611.5,439.0,60.68,16.26,2.28,0.0,0.0176115
2019-05-20 11:00:00,21633.0,542.0,64.82,17.72,2.48,0.0,0.021633
2019-05-20 12:00:00,22517.0,567.0,63.23,18.79,2.48,0.0,0.022517
2019-05-20 13:00:00,9147.5,238.0,56.75,19.48,2.55,0.0,0.0091475
2019-05-20 14:00:00,10382.0,268.0,47.66,19.79,2.62,0.0,0.010382
2019-05-20 15:00:00,8071.0,212.0,37.46,19.42,2.55,0.0,0.008071
2019-05-20 16:00:00,6289.0,169.0,26.89,18.92,2.69,0.0,0.006289
2019-05-20 17:00:00,2776.5,84.0,16.38,18.11,2.69,0.0,0.0027765
2019-05-20 18:00:00,437.0,22.0,6.25,17.18,2.21,0.0,0.000437
2019-05-20 19:00:00,0.0,0.0,0.0,15.39,2.9,0.0,0.0
2019-05-20 20:00:00,0.0,0.0,0.0,14.41,2.9,0.0,0.0
2019-05-20 21:00:00,0.0,0.0,0.0,13.72,2.76,0.0,0.0
2019-05-20 22:00:00,0.0,0.0,0.0,13.14,2.69,0.0,0.0
2019-05-20 23:00:00,0.0,0.0,0.0,12.81,2.48,0.0,0.0
2019-05-21 00:00:00,0.0,0.0,0.0,12.42,2.21,0.0,0.0
2019-05-21 01:00:00,0.0,0.0,0.0,12.05,2.21,0.0,0.0
2019-05-21 02:00:00,0.0,0.0,0.0,11.78,2.21,0.0,0.0
2019-05-21 03:00:00,0.0,0.0,0.0,11.49,2.07,0.0,0.0
2019-05-21 04:00:00,0.0,0.0,0.0,11.18,1.72,0.0,0.0
2019-05-21 05:00:00,4703.5,145.0,11.74,11.27,1.45,0.0,0.0047035
2019-05-21 06:00:00,12950.5,333.0,22.11,12.8,1.59,0.0,0.0129505
2019-05-21 07:00:00,20551.0,510.0,32.7,14.93,1.45,0.0,0.020551
2019-05-21 08:00:00,26947.0,673.0,43.14,16.87,1.72,0.0,0.026947
2019-05-21 09:00:00,32288.5,821.01,52.89,18.65,1.93,0.0,0.0322885
2019-05-21 10:00:00,35648.5,918.01,60.86,20.03,2.28,0.0,0.0356485
2019-05-21 11:00:00,36772.0,954.01,65.02,21.18,2.48,0.0,0.036772
2019-05-21 12:00:00,36873.0,958.01,63.42,21.84,2.55,0.0,0.036873
2019-05-21 13:00:00,33946.0,874.01,56.92,22.15,2.69,0.0,0.033946
2019-05-21 14:00:00,29694.5,755.0,47.82,22.12,2.83,0.0,0.0296945
2019-05-21 15:00:00,23469.0,590.0,37.61,21.69,3.38,0.0,0.023469
2019-05-21 16:00:00,16203.5,414.0,27.04,20.8,3.86,0.0,0.0162035
2019-05-21 17:00:00,8299.0,237.0,16.53,19.46,3.52,0.0,0.008299
2019-05-21 18:00:00,1517.0,65.0,6.41,17.9,3.59,0.0,0.001517
2019-05-21 19:00:00,0.0,0.0,0.0,15.93,3.52,0.0,0.0
2019-05-21 20:00:00,0.0,0.0,0.0,14.92,3.1,0.0,0.0
2019-05-21 21:00:00,0.0,0.0,0.0,14.15,2.55,0.0,0.0
2019-05-21 22:00:00,0.0,0.0,0.0,13.61,2.28,0.0,0.0
2019-05-21 23:00:00,0.0,0.0,0.0,13.1,2.14,0.0,0.0
2019-05-22 00:00:00,0.0,0.0,0.0,12.52,2.0,0.0,0.0
2019-05-22 01:00:00,0.0,0.0,0.0,12.06,1.72,0.0,0.0
2019-05-22 02:00:00,0.0,0.0,0.0,11.16,1.52,0.0,0.0
2019-05-22 03:00:00,0.0,0.0,0.0,10.62,1.24,0.0,0.0
2019-05-22 04:00:00,0.0,0.0,0.0,10.39,1.1,0.0,0.0
2019-05-22 05:00:00,2828.0,85.0,11.87,11.09,0.9,0.0,0.002828
2019-05-22 06:00:00,12614.5,326.0,22.23,13.64,1.03,0.0,0.0126145
2019-05-22 07:00:00,20017.0,498.0,32.82,16.02,1.72,0.0,0.020017
2019-05-22 08:00:00,24171.5,606.0,43.27,17.95,1.72,0.0,0.0241715
2019-05-22 09:00:00,31710.0,813.01,53.03,19.38,1.59,0.0,0.03171
2019-05-22 10:00:00,34312.5,899.01,61.03,20.81,1.38,0.0,0.0343125
2019-05-22 11:00:00,35511.5,944.01,65.22,21.95,1.24,0.0,0.0355115
2019-05-22 12:00:00,35499.5,949.01,63.62,22.6,1.1,0.0,0.0354995
2019-05-22 13:00:00,32870.0,870.01,57.09,23.03,1.17,0.0,0.03287
2019-05-22 14:00:00,29190.0,753.0,47.97,22.72,1.86,0.0,0.02919
2019-05-22 15:00:00,23351.5,591.0,37.75,22.46,2.97,0.0,0.0233515
2019-05-22 16:00:00,16024.0,412.0,27.18,21.43,3.03,0.0,0.016024
2019-05-22 17:00:00,7876.0,224.0,16.67,20.62,2.76,0.0,0.007876
2019-05-22 18:00:00,1315.0,53.0,6.56,19.65,2.41,0.0,0.001315
2019-05-22 19:00:00,0.0,0.0,0.0,18.23,2.97,0.0,0.0
2019-05-22 20:00:00,0.0,0.0,0.0,16.84,2.83,0.0,0.0
2019-05-22 21:00:00,0.0,0.0,0.0,16.01,2.41,0.0,0.0
2019-05-22 22:00:00,0.0,0.0,0.0,15.56,2.21,0.0,0.0
2019-05-22 23:00:00,0.0,0.0,0.0,14.97,2.0,0.0,0.0
2019-05-23 00:00:00,0.0,0.0,0.0,14.2,1.59,0.0,0.0
2019-05-23 01:00:00,0.0,0.0,0.0,13.37,1.03,0.0,0.0
2019-05-23 02:00:00,0.0,0.0,0.0,13.22,0.76,0.0,0.0
2019-05-23 03:00:00,0.0,0.0,0.0,12.99,0.83,0.0,0.0
2019-05-23 04:00:00,0.0,0.0,0.0,13.02,0.62,0.0,0.0
2019-05-23 05:00:00,4894.5,152.0,11.99,13.15,0.62,0.0,0.0048945
2019-05-23 06:00:00,12738.5,331.0,22.35,14.36,0.62,0.0,0.0127385
2019-05-23 07:00:00,20192.0,509.0,32.93,16.72,0.76,0.0,0.020192
2019-05-23 08:00:00,26546.0,677.0,43.39,17.88,0.62,0.0,0.026546
2019-05-23 09:00:00,31456.0,820.01,53.17,18.84,0.55,0.0,0.031456
2019-05-23 10:00:00,34024.5,902.01,61.19,19.97,0.62,0.0,0.0340245
2019-05-23 11:00:00,35562.5,947.01,65.41,21.05,0.97,0.0,0.0355625
2019-05-23 12:00:00,35615.0,947.01,63.81,22.09,1.24,0.0,0.035615
2019-05-23 13:00:00,33011.5,868.01,57.26,22.71,1.45,0.0,0.0330115
2019-05-23 14:00:00,28931.5,751.0,48.12,23.02,1.52,0.0,0.0289315
2019-05-23 15:00:00,22934.5,588.0,37.9,23.07,1.86,0.0,0.0229345
2019-05-23 16:00:00,15892.0,413.0,27.32,22.69,2.14,0.0,0.015892
2019-05-23 17:00:00,7357.0,209.0,16.82,21.8,2.21,0.0,0.007357
2019-05-23 18:00:00,1366.5,54.0,6.72,20.57,2.07,0.0,0.0013665
2019-05-23 19:00:00,0.0,0.0,0.0,18.63,2.62,0.0,0.0
2019-05-23 20:00:00,0.0,0.0,0.0,17.18,2.48,0.0,0.0
2019-05-23 21:00:00,0.0,0.0,0.0,16.07,2.34,0.0,0.0
2019-05-23 22:00:00,0.0,0.0,0.0,15.27,2.14,0.0,0.0
2019-05-23 23:00:00,0.0,0.0,0.0,14.61,1.93,0.0,0.0
2019-05-24 00:00:00,0.0,0.0,0.0,14.11,1.79,0.0,0.0
2019-05-24 01:00:00,0.0,0.0,0.0,13.46,1.66,0.0,0.0
2019-05-24 02:00:00,0.0,0.0,0.0,13.07,1.31,0.0,0.0
2019-05-24 03:00:00,0.0,0.0,0.0,12.63,1.03,0.0,0.0
2019-05-24 04:00:00,0.0,0.0,0.0,12.66,0.9,0.0,0.0
2019-05-24 05:00:00,2886.0,87.0,12.11,13.02,0.83,0.0,0.002886
2019-05-24 06:00:00,11861.5,307.0,22.46,14.52,0.9,0.0,0.0118615
2019-05-24 07:00:00,19229.0,484.0,33.04,16.57,0.76,0.0,0.019229
2019-05-24 08:00:00,23629.5,597.0,43.5,17.76,0.97,0.0,0.0236295
2019-05-24 09:00:00,26143.5,672.0,53.3,19.22,0.83,0.0,0.0261435
2019-05-24 10:00:00,28716.0,752.0,61.35,20.58,0.69,0.0,0.028716
2019-05-24 11:00:00,34082.5,909.01,65.59,21.58,0.83,0.0,0.0340825
2019-05-24 12:00:00,33366.0,890.01,63.99,22.41,0.9,0.0,0.033366
2019-05-24 13:00:00,32430.0,857.01,57.43,22.72,1.1,0.0,0.03243
2019-05-24 14:00:00,0.0,0.0,0.0,23.15,1.1,0.0,0.0
2019-05-24 15:00:00,22958.5,590.0,38.04,23.04,1.59,0.0,0.0229585
2019-05-24 16:00:00,14797.5,386.0,27.46,22.19,1.17,0.0,0.0147975
2019-05-24 17:00:00,2407.5,76.0,16.96,21.69,0.69,0.0,0.0024075
2019-05-24 18:00:00,1368.0,54.0,6.86,20.6,0.55,0.0,0.001368
2019-05-24 19:00:00,0.0,0.0,0.0,18.98,1.31,0.0,0.0
2019-05-24 20:00:00,0.0,0.0,0.0,17.47,1.79,0.0,0.0
2019-05-24 21:00:00,0.0,0.0,0.0,16.59,2.0,0.0,0.0
2019-05-24 22:00:00,0.0,0.0,0.0,15.84,1.86,0.0,0.0
2019-05-24 23:00:00,0.0,0.0,0.0,14.81,1.72,0.0,0.0
2019-05-25 00:00:00,0.0,0.0,0.0,13.92,1.66,0.0,0.0
2019-05-25 01:00:00,0.0,0.0,0.0,13.29,1.59,0.0,0.0
2019-05-25 02:00:00,0.0,0.0,0.0,13.04,1.31,0.0,0.0
2019-05-25 03:00:00,0.0,0.0,0.0,13.09,1.1,0.0,0.0
2019-05-25 04:00:00,6.0,6.0,2.43,12.85,1.03,0.0,6e-06
2019-05-25 05:00:00,3492.5,104.0,12.22,13.16,0.9,0.0,0.0034925
2019-05-25 06:00:00,11750.0,305.0,22.56,15.02,0.69,0.0,0.01175
2019-05-25 07:00:00,17620.5,441.0,33.14,16.0,1.03,0.0,0.0176205
2019-05-25 08:00:00,22749.0,573.0,43.61,17.3,0.97,0.0,0.022749
2019-05-25 09:00:00,27434.5,707.0,53.42,18.9,0.69,0.0,0.0274345
2019-05-25 10:00:00,28885.0,754.0,61.5,20.19,0.76,0.0,0.028885
2019-05-25 11:00:00,33710.0,900.01,65.77,20.78,0.55,0.0,0.03371
2019-05-25 12:00:00,32646.5,886.01,64.17,21.71,0.0,0.0,0.0326465
2019-05-25 13:00:00,26276.5,691.0,57.59,22.03,0.48,0.0,0.0262765
2019-05-25 14:00:00,18986.5,490.0,48.42,22.34,1.1,0.0,0.0189865
2019-05-25 15:00:00,1712.5,58.0,38.17,21.5,1.45,0.0,0.0017125
2019-05-25 16:00:00,941.5,37.0,27.59,19.94,1.03,0.0,0.0009415
2019-05-25 17:00:00,944.5,37.0,17.1,19.37,1.17,0.0,0.0009445
2019-05-25 18:00:00,4.0,6.0,7.01,19.03,0.97,0.0,4e-06
2019-05-25 19:00:00,0.0,0.0,0.0,18.02,2.14,0.0,0.0
2019-05-25 20:00:00,0.0,0.0,0.0,17.16,1.59,0.0,0.0
2019-05-25 21:00:00,0.0,0.0,0.0,16.22,0.83,0.0,0.0
2019-05-25 22:00:00,0.0,0.0,0.0,15.17,1.59,0.0,0.0
2019-05-25 23:00:00,0.0,0.0,0.0,14.44,1.59,0.0,0.0
2019-05-26 00:00:00,0.0,0.0,0.0,14.02,1.38,0.0,0.0
2019-05-26 01:00:00,0.0,0.0,0.0,13.56,1.24,0.0,0.0
2019-05-26 02:00:00,0.0,0.0,0.0,12.94,1.17,0.0,0.0
2019-05-26 03:00:00,0.0,0.0,0.0,13.76,0.41,0.0,0.0
2019-05-26 04:00:00,0.0,1.0,2.55,13.75,0.21,0.0,0.0
2019-05-26 05:00:00,199.0,14.0,12.32,13.76,0.55,0.0,0.000199
2019-05-26 06:00:00,2662.5,80.0,22.66,14.44,1.1,0.0,0.0026625
2019-05-26 07:00:00,3468.0,100.0,33.24,15.61,0.9,0.0,0.003468
2019-05-26 08:00:00,9666.5,249.0,43.71,16.77,0.9,0.0,0.0096665
2019-05-26 09:00:00,15083.5,382.0,53.54,17.51,1.1,0.0,0.0150835
2019-05-26 10:00:00,15826.5,401.0,61.64,18.13,1.45,0.0,0.0158265
2019-05-26 11:00:00,19057.0,482.0,65.94,18.81,1.93,0.0,0.019057
2019-05-26 12:00:00,4771.0,133.0,64.35,19.39,2.14,0.0,0.004771
2019-05-26 13:00:00,7579.0,201.0,57.74,19.94,2.07,0.0,0.007579
2019-05-26 14:00:00,28117.5,717.0,48.56,20.75,1.86,0.0,0.0281175
2019-05-26 15:00:00,21548.5,546.0,38.31,20.97,1.93,0.0,0.0215485
2019-05-26 16:00:00,10653.5,278.0,27.73,21.16,1.59,0.0,0.0106535
2019-05-26 17:00:00,2498.5,78.0,17.23,20.62,0.48,0.0,0.0024985
2019-05-26 18:00:00,337.0,19.0,7.15,19.72,0.69,0.0,0.000337
2019-05-26 19:00:00,0.0,0.0,0.0,19.21,0.48,0.0,0.0
2019-05-26 20:00:00,0.0,0.0,0.0,17.63,0.83,0.0,0.0
2019-05-26 21:00:00,0.0,0.0,0.0,17.77,0.55,0.0,0.0
2019-05-26 22:00:00,0.0,0.0,0.0,17.42,0.21,0.0,0.0
2019-05-26 23:00:00,0.0,0.0,0.0,14.85,1.1,0.0,0.0
2019-05-27 00:00:00,0.0,0.0,0.0,14.16,1.72,0.0,0.0
2019-05-27 01:00:00,0.0,0.0,0.0,13.85,1.79,0.0,0.0
2019-05-27 02:00:00,0.0,0.0,0.0,13.54,1.59,0.0,0.0
2019-05-27 03:00:00,0.0,0.0,0.0,13.42,1.17,0.0,0.0
2019-05-27 04:00:00,24.5,7.0,2.66,14.01,0.83,0.0,2.45e-05
2019-05-27 05:00:00,1764.0,58.0,12.42,14.55,0.48,0.0,0.001764
2019-05-27 06:00:00,679.5,29.0,22.75,14.96,0.28,0.0,0.0006795
2019-05-27 07:00:00,3121.0,92.0,33.33,16.67,0.9,0.0,0.003121
2019-05-27 08:00:00,6647.5,177.0,43.81,17.13,0.9,0.0,0.0066475
2019-05-27 09:00:00,5787.0,156.0,53.65,16.78,1.31,0.0,0.005787
2019-05-27 10:00:00,4499.5,125.0,61.78,16.46,1.66,0.0,0.0044995
2019-05-27 11:00:00,6737.0,178.0,66.11,16.17,1.59,0.0,0.006737
2019-05-27 12:00:00,6263.0,167.0,64.52,16.13,1.03,0.0,0.006263
2019-05-27 13:00:00,5749.5,155.0,57.89,16.44,1.03,0.0,0.0057495
2019-05-27 14:00:00,11188.5,285.0,48.7,16.65,1.31,0.0,0.0111885
2019-05-27 15:00:00,7980.5,208.0,38.44,16.66,1.45,0.0,0.0079805
2019-05-27 16:00:00,5788.5,156.0,27.86,16.88,1.59,0.0,0.0057885
2019-05-27 17:00:00,3638.5,105.0,17.37,16.94,1.52,0.0,0.0036385
2019-05-27 18:00:00,23.5,7.0,7.29,16.6,1.1,0.0,2.35e-05
2019-05-27 19:00:00,0.0,0.0,0.0,15.43,0.69,0.0,0.0
2019-05-27 20:00:00,0.0,0.0,0.0,14.99,0.9,0.0,0.0
2019-05-27 21:00:00,0.0,0.0,0.0,14.69,0.83,0.0,0.0
2019-05-27 22:00:00,0.0,0.0,0.0,14.16,0.9,0.0,0.0
2019-05-27 23:00:00,0.0,0.0,0.0,13.66,1.03,0.0,0.0
2019-05-28 00:00:00,0.0,0.0,0.0,13.1,0.97,0.0,0.0
2019-05-28 01:00:00,0.0,0.0,0.0,12.46,0.97,0.0,0.0
2019-05-28 02:00:00,0.0,0.0,0.0,12.32,0.76,0.0,0.0
2019-05-28 03:00:00,0.0,0.0,0.0,12.57,0.41,0.0,0.0
2019-05-28 04:00:00,0.0,3.0,2.76,12.0,0.21,0.0,0.0
2019-05-28 05:00:00,3844.5,113.0,12.52,12.13,0.14,0.0,0.0038445
2019-05-28 06:00:00,8376.5,217.0,22.84,13.29,0.41,0.0,0.0083765
2019-05-28 07:00:00,14207.0,357.0,33.42,14.75,0.34,0.0,0.014207
2019-05-28 08:00:00,14458.5,367.0,43.9,16.57,0.21,0.0,0.0144585
2019-05-28 09:00:00,23551.5,606.0,53.75,18.15,0.21,0.0,0.0235515
2019-05-28 10:00:00,21788.0,564.0,61.91,19.51,0.28,0.0,0.021788
2019-05-28 11:00:00,17440.5,451.0,66.27,20.69,0.55,0.0,0.0174405
2019-05-28 12:00:00,17120.5,444.0,64.68,21.32,0.55,0.0,0.0171205
2019-05-28 13:00:00,8297.5,221.0,58.04,21.21,0.48,0.0,0.0082975
2019-05-28 14:00:00,2832.0,86.0,48.83,19.87,1.24,0.0,0.002832
2019-05-28 15:00:00,3869.0,111.0,38.57,18.68,1.24,0.0,0.003869
2019-05-28 16:00:00,2782.0,84.0,27.98,17.49,0.69,0.0,0.002782
2019-05-28 17:00:00,3203.0,94.0,17.5,16.47,1.79,0.0,0.003203
2019-05-28 18:00:00,1849.0,70.0,7.43,15.97,1.66,0.0,0.001849
2019-05-28 19:00:00,0.0,0.0,0.0,15.34,0.83,0.0,0.0
2019-05-28 20:00:00,0.0,0.0,0.0,14.75,0.55,0.0,0.0
2019-05-28 21:00:00,0.0,0.0,0.0,14.01,1.31,0.0,0.0
2019-05-28 22:00:00,0.0,0.0,0.0,13.38,1.93,0.0,0.0
2019-05-28 23:00:00,0.0,0.0,0.0,12.94,2.21,0.0,0.0
2019-05-29 00:00:00,0.0,0.0,0.0,12.45,2.14,0.0,0.0
2019-05-29 01:00:00,0.0,0.0,0.0,12.33,1.93,0.0,0.0
2019-05-29 02:00:00,0.0,0.0,0.0,12.0,1.66,0.0,0.0
2019-05-29 03:00:00,0.0,0.0,0.0,11.44,1.38,0.0,0.0
2019-05-29 04:00:00,0.0,4.0,2.86,10.73,1.17,0.0,0.0
2019-05-29 05:00:00,3503.0,102.0,12.61,10.8,0.97,0.0,0.003503
2019-05-29 06:00:00,8354.0,215.0,22.92,12.54,0.97,0.0,0.008354
2019-05-29 07:00:00,13649.5,342.0,33.5,15.45,1.38,0.0,0.0136495
2019-05-29 08:00:00,27744.5,698.0,43.99,17.65,1.59,0.0,0.0277445
2019-05-29 09:00:00,32769.5,847.01,53.85,19.17,1.24,0.0,0.0327695
2019-05-29 10:00:00,35410.5,935.01,62.03,20.43,1.1,0.0,0.0354105
2019-05-29 11:00:00,36383.5,966.01,66.42,21.32,1.31,0.0,0.0363835
2019-05-29 12:00:00,35218.5,926.01,64.84,21.97,1.79,0.0,0.0352185
2019-05-29 13:00:00,33945.0,884.01,58.19,22.31,2.07,0.0,0.033945
2019-05-29 14:00:00,29805.5,768.0,48.96,22.47,2.0,0.0,0.0298055
2019-05-29 15:00:00,12436.5,322.0,38.69,22.39,2.0,0.0,0.0124365
2019-05-29 16:00:00,12068.0,314.0,28.11,21.98,1.72,0.0,0.012068
2019-05-29 17:00:00,6118.5,171.0,17.62,21.32,1.66,0.0,0.0061185
2019-05-29 18:00:00,1211.5,46.0,7.56,19.87,1.24,0.0,0.0012115
2019-05-29 19:00:00,0.0,0.0,0.0,19.35,0.48,0.0,0.0
2019-05-29 20:00:00,0.0,0.0,0.0,18.31,0.14,0.0,0.0
2019-05-29 21:00:00,0.0,0.0,0.0,17.5,0.41,0.0,0.0
2019-05-29 22:00:00,0.0,0.0,0.0,16.58,0.76,0.0,0.0
2019-05-29 23:00:00,0.0,0.0,0.0,15.77,0.9,0.0,0.0
2019-05-30 00:00:00,0.0,0.0,0.0,15.02,0.9,0.0,0.0
2019-05-30 01:00:00,0.0,0.0,0.0,13.75,1.1,0.0,0.0
2019-05-30 02:00:00,0.0,0.0,0.0,11.83,1.31,0.0,0.0
2019-05-30 03:00:00,0.0,0.0,0.0,10.56,1.38,0.0,0.0
2019-05-30 04:00:00,124.5,11.84,2.95,10.11,1.31,0.0,0.0001245
2019-05-30 05:00:00,5754.5,175.0,12.69,10.94,0.97,0.0,0.0057545
2019-05-30 06:00:00,14034.5,361.0,23.0,13.21,0.83,0.0,0.0140345
2019-05-30 07:00:00,21315.5,537.0,33.57,16.2,0.62,0.0,0.0213155
2019-05-30 08:00:00,27559.0,702.0,44.07,18.12,0.9,0.0,0.027559
2019-05-30 09:00:00,32716.0,847.0,53.94,19.74,1.31,0.0,0.032716
2019-05-30 10:00:00,36000.5,945.01,62.15,20.96,1.59,0.0,0.0360005
2019-05-30 11:00:00,37013.5,981.01,66.57,21.8,1.59,0.0,0.0370135
2019-05-30 12:00:00,36898.5,982.01,64.99,22.52,1.52,0.0,0.0368985
2019-05-30 13:00:00,34024.0,898.01,58.33,23.02,1.52,0.0,0.034024
2019-05-30 14:00:00,30169.0,785.0,49.09,23.32,1.66,0.0,0.030169
2019-05-30 15:00:00,24037.0,619.0,38.81,23.35,1.66,0.0,0.024037
2019-05-30 16:00:00,17018.0,443.0,28.23,23.1,1.72,0.0,0.017018
2019-05-30 17:00:00,9013.0,256.0,17.75,22.5,1.66,0.0,0.009013
2019-05-30 18:00:00,2103.0,83.0,7.69,21.0,1.17,0.0,0.002103
2019-05-30 19:00:00,0.0,0.0,0.0,19.6,1.17,0.0,0.0
2019-05-30 20:00:00,0.0,0.0,0.0,19.59,0.9,0.0,0.0
2019-05-30 21:00:00,0.0,0.0,0.0,17.69,1.03,0.0,0.0
2019-05-30 22:00:00,0.0,0.0,0.0,14.67,1.52,0.0,0.0
2019-05-30 23:00:00,0.0,0.0,0.0,13.03,1.93,0.0,0.0
2019-05-31 00:00:00,0.0,0.0,0.0,12.85,2.34,0.0,0.0
2019-05-31 01:00:00,0.0,0.0,0.0,12.45,2.28,0.0,0.0
2019-05-31 02:00:00,0.0,0.0,0.0,12.0,2.0,0.0,0.0
2019-05-31 03:00:00,0.0,0.0,0.0,11.3,1.66,0.0,0.0
2019-05-31 04:00:00,6.5,6.0,3.04,10.98,1.31,0.0,6.5e-06
2019-05-31 05:00:00,4515.0,132.0,12.76,11.86,0.9,0.0,0.004515
2019-05-31 06:00:00,11686.5,300.0,23.07,14.04,0.97,0.0,0.0116865
2019-05-31 07:00:00,19902.0,499.0,33.64,16.19,0.9,0.0,0.019902
2019-05-31 08:00:00,24988.0,631.0,44.14,17.58,1.03,0.0,0.024988
2019-05-31 09:00:00,31416.5,811.0,54.03,19.11,1.1,0.0,0.0314165
2019-05-31 10:00:00,33892.5,890.01,62.26,20.31,1.1,0.0,0.0338925
2019-05-31 11:00:00,28730.0,754.0,66.71,21.28,0.9,0.0,0.02873
2019-05-31 12:00:00,31177.5,827.0,65.14,22.05,0.83,0.0,0.0311775
2019-05-31 13:00:00,30684.0,810.0,58.46,22.82,1.03,0.0,0.030684
2019-05-31 14:00:00,29205.0,760.0,49.21,23.38,1.52,0.0,0.029205
2019-05-31 15:00:00,23657.0,609.0,38.93,23.63,1.72,0.0,0.023657
2019-05-31 16:00:00,16470.0,431.0,28.35,23.62,1.31,0.0,0.01647
2019-05-31 17:00:00,8645.0,247.0,17.87,23.34,0.62,0.0,0.008645
2019-05-31 18:00:00,2073.0,81.0,7.81,22.75,0.28,0.0,0.002073
2019-05-31 19:00:00,0.0,0.0,0.0,21.64,0.34,0.0,0.0
2019-05-31 20:00:00,0.0,0.0,0.0,20.41,0.28,0.0,0.0
2019-05-31 21:00:00,0.0,0.0,0.0,19.13,0.62,0.0,0.0
2019-05-31 22:00:00,0.0,0.0,0.0,17.97,0.9,0.0,0.0
2019-05-31 23:00:00,0.0,0.0,0.0,16.93,0.9,0.0,0.0
2019-06-01 00:00:00,0.0,0.0,0.0,16.54,0.69,0.0,0.0
2019-06-01 01:00:00,0.0,0.0,0.0,15.97,0.28,0.0,0.0
2019-06-01 02:00:00,0.0,0.0,0.0,15.45,0.28,0.0,0.0
2019-06-01 03:00:00,0.0,0.0,0.0,14.98,0.55,0.0,0.0
2019-06-01 04:00:00,173.5,13.82,3.12,14.55,0.69,0.0,0.0001735
2019-06-01 05:00:00,5261.0,159.0,12.84,14.75,0.55,0.0,0.005261
2019-06-01 06:00:00,12992.0,339.0,23.13,16.34,0.48,0.0,0.012992
2019-06-01 07:00:00,20209.0,516.0,33.71,18.83,0.48,0.0,0.020209
2019-06-01 08:00:00,26496.5,682.0,44.21,20.56,0.9,0.0,0.0264965
2019-06-01 09:00:00,31295.5,823.0,54.11,21.85,0.9,0.0,0.0312955
2019-06-01 10:00:00,33920.5,918.01,62.37,23.02,0.48,0.0,0.0339205
2019-06-01 11:00:00,35158.0,964.01,66.84,24.12,0.48,0.0,0.035158
2019-06-01 12:00:00,35112.0,955.01,65.28,25.17,0.97,0.0,0.035112
2019-06-01 13:00:00,32783.5,883.01,58.59,25.87,1.1,0.0,0.0327835
2019-06-01 14:00:00,28939.5,772.0,49.33,26.34,0.97,0.0,0.0289395
2019-06-01 15:00:00,23208.0,612.0,39.05,26.55,0.97,0.0,0.023208
2019-06-01 16:00:00,16407.5,437.0,28.46,26.48,0.9,0.0,0.0164075
2019-06-01 17:00:00,8539.5,246.0,17.99,25.85,0.76,0.0,0.0085395
2019-06-01 18:00:00,2141.5,85.0,7.94,24.61,0.48,0.0,0.0021415
2019-06-01 19:00:00,0.0,0.0,0.0,23.42,0.62,0.0,0.0
2019-06-01 20:00:00,0.0,0.0,0.0,22.24,0.48,0.0,0.0
2019-06-01 21:00:00,0.0,0.0,0.0,20.61,0.83,0.0,0.0
2019-06-01 22:00:00,0.0,0.0,0.0,19.46,0.97,0.0,0.0
2019-06-01 23:00:00,0.0,0.0,0.0,18.77,0.97,0.0,0.0
2019-06-02 00:00:00,0.0,0.0,0.0,18.15,0.97,0.0,0.0
2019-06-02 01:00:00,0.0,0.0,0.0,17.91,0.9,0.0,0.0
2019-06-02 02:00:00,0.0,0.0,0.0,17.52,0.83,0.0,0.0
2019-06-02 03:00:00,0.0,0.0,0.0,17.02,0.62,0.0,0.0
2019-06-02 04:00:00,264.5,19.13,3.19,16.47,0.69,0.0,0.0002645
2019-06-02 05:00:00,5434.5,167.0,12.9,16.61,0.48,0.0,0.0054345
2019-06-02 06:00:00,13036.0,343.0,23.2,18.03,0.48,0.0,0.013036
2019-06-02 07:00:00,20289.5,525.0,33.77,21.11,0.34,0.0,0.0202895
2019-06-02 08:00:00,26060.0,686.0,44.27,23.14,0.34,0.0,0.02606
2019-06-02 09:00:00,30594.5,823.0,54.19,24.66,0.48,0.0,0.0305945
2019-06-02 10:00:00,33345.0,914.01,62.47,25.9,0.55,0.0,0.033345
2019-06-02 11:00:00,34840.0,964.01,66.97,26.91,0.69,0.0,0.03484
2019-06-02 12:00:00,34584.5,956.01,65.42,27.67,0.83,0.0,0.0345845
2019-06-02 13:00:00,32122.0,879.01,58.72,28.21,0.9,0.0,0.032122
2019-06-02 14:00:00,28261.0,761.0,49.45,28.55,1.03,0.0,0.028261
2019-06-02 15:00:00,22869.0,607.0,39.16,28.6,1.24,0.0,0.022869
2019-06-02 16:00:00,16172.5,433.0,28.58,28.27,1.24,0.0,0.0161725
2019-06-02 17:00:00,8713.5,252.0,18.1,27.46,1.52,0.0,0.0087135
2019-06-02 18:00:00,2211.0,86.0,8.06,25.48,1.45,0.0,0.002211
2019-06-02 19:00:00,0.0,0.0,0.0,23.44,2.14,0.0,0.0
2019-06-02 20:00:00,0.0,0.0,0.0,21.48,2.07,0.0,0.0
2019-06-02 21:00:00,0.0,0.0,0.0,20.08,2.07,0.0,0.0
2019-06-02 22:00:00,0.0,0.0,0.0,18.88,1.86,0.0,0.0
2019-06-02 23:00:00,0.0,0.0,0.0,17.69,1.72,0.0,0.0
2019-06-03 00:00:00,0.0,0.0,0.0,17.52,1.38,0.0,0.0
2019-06-03 01:00:00,0.0,0.0,0.0,17.92,1.1,0.0,0.0
2019-06-03 02:00:00,0.0,0.0,0.0,18.11,0.97,0.0,0.0
2019-06-03 03:00:00,0.0,0.0,0.0,18.07,0.9,0.0,0.0
2019-06-03 04:00:00,260.5,18.36,3.26,17.71,0.76,0.0,0.0002605
2019-06-03 05:00:00,5352.0,165.0,12.96,17.82,0.55,0.0,0.005352
2019-06-03 06:00:00,12876.0,340.0,23.25,19.24,0.69,0.0,0.012876
2019-06-03 07:00:00,19956.5,517.0,33.82,21.64,0.41,0.0,0.0199565
2019-06-03 08:00:00,25691.5,679.0,44.33,23.55,0.21,0.0,0.0256915
2019-06-03 09:00:00,30020.0,815.0,54.25,25.09,0.14,0.0,0.03002
2019-06-03 10:00:00,32792.5,910.01,62.56,26.36,0.14,0.0,0.0327925
2019-06-03 11:00:00,34088.5,955.01,67.09,27.46,0.28,0.0,0.0340885
2019-06-03 12:00:00,33799.5,942.01,65.55,28.3,0.55,0.0,0.0337995
2019-06-03 13:00:00,31502.0,871.01,58.84,28.93,0.55,0.0,0.031502
2019-06-03 14:00:00,28007.0,754.0,49.57,29.09,1.17,0.0,0.028007
2019-06-03 15:00:00,22860.5,605.0,39.27,28.75,1.52,0.0,0.0228605
2019-06-03 16:00:00,16153.5,430.0,28.68,28.3,1.93,0.0,0.0161535
2019-06-03 17:00:00,6548.0,187.0,18.21,27.2,2.0,0.0,0.006548
2019-06-03 18:00:00,542.5,26.0,8.17,25.65,1.93,0.0,0.0005425
2019-06-03 19:00:00,0.0,0.0,0.0,23.71,2.34,0.0,0.0
2019-06-03 20:00:00,0.0,0.0,0.0,22.2,2.34,0.0,0.0
2019-06-03 21:00:00,0.0,0.0,0.0,21.11,2.14,0.0,0.0
2019-06-03 22:00:00,0.0,0.0,0.0,20.39,2.0,0.0,0.0
2019-06-03 23:00:00,0.0,0.0,0.0,19.78,1.93,0.0,0.0
2019-06-04 00:00:00,0.0,0.0,0.0,19.18,1.86,0.0,0.0
2019-06-04 01:00:00,0.0,0.0,0.0,18.61,1.79,0.0,0.0
2019-06-04 02:00:00,0.0,0.0,0.0,17.91,1.72,0.0,0.0
2019-06-04 03:00:00,0.0,0.0,0.0,17.06,1.52,0.0,0.0
2019-06-04 04:00:00,199.5,14.82,3.33,16.6,1.24,0.0,0.0001995
2019-06-04 05:00:00,4765.0,144.0,13.02,18.19,0.48,0.0,0.004765
2019-06-04 06:00:00,12065.5,318.0,23.3,19.41,0.83,0.0,0.0120655
2019-06-04 07:00:00,19329.0,497.0,33.87,21.28,0.83,0.0,0.019329
2019-06-04 08:00:00,25357.5,663.0,44.38,23.15,0.62,0.0,0.0253575
2019-06-04 09:00:00,30013.0,805.0,54.32,24.82,0.55,0.0,0.030013
2019-06-04 10:00:00,33248.5,900.01,62.64,26.21,1.1,0.0,0.0332485
2019-06-04 11:00:00,34749.0,945.01,67.21,27.22,1.45,0.0,0.034749
2019-06-04 12:00:00,34486.0,937.01,65.67,27.84,1.59,0.0,0.034486
2019-06-04 13:00:00,31979.5,861.01,58.96,28.19,1.66,0.0,0.0319795
2019-06-04 14:00:00,28284.0,750.0,49.68,28.23,1.86,0.0,0.028284
2019-06-04 15:00:00,22701.0,596.0,39.38,27.99,1.86,0.0,0.022701
2019-06-04 16:00:00,15653.0,414.0,28.79,27.25,2.07,0.0,0.015653
2019-06-04 17:00:00,8863.5,253.0,18.32,25.94,2.28,0.0,0.0088635
2019-06-04 18:00:00,1724.5,63.0,8.28,24.43,2.21,0.0,0.0017245
2019-06-04 19:00:00,0.0,0.0,0.0,22.3,2.34,0.0,0.0
2019-06-04 20:00:00,0.0,0.0,0.0,21.15,2.34,0.0,0.0
2019-06-04 21:00:00,0.0,0.0,0.0,20.36,2.07,0.0,0.0
2019-06-04 22:00:00,0.0,0.0,0.0,19.59,2.07,0.0,0.0
2019-06-04 23:00:00,0.0,0.0,0.0,18.95,1.93,0.0,0.0
2019-06-05 00:00:00,0.0,0.0,0.0,18.46,1.66,0.0,0.0
2019-06-05 01:00:00,0.0,0.0,0.0,17.86,1.52,0.0,0.0
2019-06-05 02:00:00,0.0,0.0,0.0,17.54,1.45,0.0,0.0
2019-06-05 03:00:00,0.0,0.0,0.0,17.24,1.24,0.0,0.0
2019-06-05 04:00:00,198.5,14.82,3.38,17.33,0.9,0.0,0.0001985
2019-06-05 05:00:00,4748.5,143.0,13.07,17.83,0.83,0.0,0.0047485
2019-06-05 06:00:00,11862.5,313.0,23.35,19.8,0.97,0.0,0.0118625
2019-06-05 07:00:00,19285.5,493.0,33.91,21.35,1.38,0.0,0.0192855
2019-06-05 08:00:00,25348.0,655.0,44.43,22.84,1.24,0.0,0.025348
2019-06-05 09:00:00,29914.5,792.0,54.37,24.15,0.97,0.0,0.0299145
2019-06-05 10:00:00,32824.5,884.01,62.72,25.36,1.03,0.0,0.0328245
2019-06-05 11:00:00,34386.0,929.01,67.31,26.34,1.45,0.0,0.034386
2019-06-05 12:00:00,33848.5,906.01,65.79,26.88,2.0,0.0,0.0338485
2019-06-05 13:00:00,31969.5,847.01,59.07,27.15,2.28,0.0,0.0319695
2019-06-05 14:00:00,28437.5,738.0,49.78,26.82,3.03,0.0,0.0284375
2019-06-05 15:00:00,23116.0,592.0,39.48,26.07,3.59,0.0,0.023116
2019-06-05 16:00:00,16234.5,421.0,28.89,25.23,3.72,0.0,0.0162345
2019-06-05 17:00:00,8722.0,245.0,18.43,24.13,3.59,0.0,0.008722
2019-06-05 18:00:00,2271.5,85.0,8.39,22.79,2.83,0.0,0.0022715
2019-06-05 19:00:00,0.0,0.0,0.0,21.09,2.21,0.0,0.0
2019-06-05 20:00:00,0.0,0.0,0.0,19.77,1.79,0.0,0.0
2019-06-05 21:00:00,0.0,0.0,0.0,18.45,1.79,0.0,0.0
2019-06-05 22:00:00,0.0,0.0,0.0,17.58,1.93,0.0,0.0
2019-06-05 23:00:00,0.0,0.0,0.0,16.66,1.72,0.0,0.0
2019-06-06 00:00:00,0.0,0.0,0.0,16.11,1.52,0.0,0.0
2019-06-06 01:00:00,0.0,0.0,0.0,16.04,1.03,0.0,0.0
2019-06-06 02:00:00,0.0,0.0,0.0,17.16,0.69,0.0,0.0
2019-06-06 03:00:00,0.0,0.0,0.0,16.34,0.83,0.0,0.0
2019-06-06 04:00:00,342.0,24.19,3.44,15.39,1.17,0.0,0.000342
2019-06-06 05:00:00,4070.5,120.0,13.11,16.07,0.9,0.0,0.0040705
2019-06-06 06:00:00,5737.0,156.0,23.38,17.96,1.03,0.0,0.005737
2019-06-06 07:00:00,8973.5,234.0,33.95,18.6,1.03,0.0,0.0089735
2019-06-06 08:00:00,24752.0,632.0,44.47,19.44,0.9,0.0,0.024752
2019-06-06 09:00:00,26712.5,694.0,54.43,20.09,0.55,0.0,0.0267125
2019-06-06 10:00:00,25566.0,670.0,62.79,20.7,0.34,0.0,0.025566
2019-06-06 11:00:00,22508.5,589.0,67.41,21.34,0.34,0.0,0.0225085
2019-06-06 12:00:00,20144.0,527.0,65.91,22.28,0.41,0.0,0.020144
2019-06-06 13:00:00,22901.5,605.0,59.18,22.58,0.07,0.0,0.0229015
2019-06-06 14:00:00,2986.5,91.0,49.89,22.85,1.03,0.0,0.0029865
2019-06-06 15:00:00,9619.5,254.0,39.58,22.94,1.59,0.0,0.0096195
2019-06-06 16:00:00,12721.5,330.0,28.99,22.42,2.07,0.0,0.0127215
2019-06-06 17:00:00,4802.0,136.0,18.53,21.38,2.0,0.0,0.004802
2019-06-06 18:00:00,1363.0,50.0,8.49,20.68,2.07,0.0,0.001363
2019-06-06 19:00:00,0.0,0.0,0.0,19.71,2.41,0.0,0.0
2019-06-06 20:00:00,0.0,0.0,0.0,18.73,1.93,0.0,0.0
2019-06-06 21:00:00,0.0,0.0,0.0,18.13,1.66,0.0,0.0
2019-06-06 22:00:00,0.0,0.0,0.0,17.58,1.45,0.0,0.0
2019-06-06 23:00:00,0.0,0.0,0.0,16.99,1.38,0.0,0.0
2019-06-07 00:00:00,0.0,0.0,0.0,16.55,1.38,0.0,0.0
2019-06-07 01:00:00,0.0,0.0,0.0,16.33,1.17,0.0,0.0
2019-06-07 02:00:00,0.0,0.0,0.0,16.09,1.17,0.0,0.0
2019-06-07 03:00:00,0.0,0.0,0.0,15.97,1.1,0.0,0.0
2019-06-07 04:00:00,141.5,12.0,3.48,15.83,1.17,0.0,0.0001415
2019-06-07 05:00:00,4723.5,140.0,13.15,16.09,1.24,0.0,0.0047235
2019-06-07 06:00:00,9016.0,235.0,23.42,16.54,1.1,0.0,0.009016
2019-06-07 07:00:00,9929.5,255.0,33.98,17.24,1.45,0.0,0.0099295
2019-06-07 08:00:00,13023.5,331.0,44.5,18.23,1.59,0.0,0.0130235
2019-06-07 09:00:00,15196.5,387.0,54.47,19.44,1.59,0.0,0.0151965
2019-06-07 10:00:00,19515.5,501.0,62.86,20.55,1.17,0.0,0.0195155
2019-06-07 11:00:00,28163.0,737.0,67.51,21.67,1.1,0.0,0.028163
2019-06-07 12:00:00,16257.5,423.0,66.01,22.53,0.83,0.0,0.0162575
2019-06-07 13:00:00,19124.0,499.0,59.29,22.95,0.69,0.0,0.019124
2019-06-07 14:00:00,17313.0,451.0,49.98,23.34,0.76,0.0,0.017313
2019-06-07 15:00:00,19292.0,501.0,39.68,23.61,0.83,0.0,0.019292
2019-06-07 16:00:00,7579.0,205.0,29.09,23.23,0.69,0.0,0.007579
2019-06-07 17:00:00,8127.5,227.0,18.62,22.62,0.83,0.0,0.0081275
2019-06-07 18:00:00,394.5,21.0,8.59,21.58,1.17,0.0,0.0003945
2019-06-07 19:00:00,0.0,0.0,0.0,19.98,0.76,0.0,0.0
2019-06-07 20:00:00,0.0,0.0,0.0,19.14,0.76,0.0,0.0
2019-06-07 21:00:00,0.0,0.0,0.0,18.28,1.17,0.0,0.0
2019-06-07 22:00:00,0.0,0.0,0.0,17.71,1.17,0.0,0.0
2019-06-07 23:00:00,0.0,0.0,0.0,17.26,1.03,0.0,0.0
2019-06-08 00:00:00,0.0,0.0,0.0,17.46,0.76,0.0,0.0
2019-06-08 01:00:00,0.0,0.0,0.0,17.38,0.69,0.0,0.0
2019-06-08 02:00:00,0.0,0.0,0.0,16.71,0.9,0.0,0.0
2019-06-08 03:00:00,0.0,0.0,0.0,16.34,0.97,0.0,0.0
2019-06-08 04:00:00,365.0,23.6,3.52,16.05,0.97,0.0,0.000365
2019-06-08 05:00:00,5367.5,161.0,13.19,16.25,0.83,0.0,0.0053675
2019-06-08 06:00:00,12988.5,340.0,23.45,18.15,0.83,0.0,0.0129885
2019-06-08 07:00:00,20549.5,526.0,34.01,19.83,0.69,0.0,0.0205495
2019-06-08 08:00:00,26548.5,692.0,44.53,20.98,0.34,0.0,0.0265485
2019-06-08 09:00:00,30938.0,825.0,54.51,21.84,0.28,0.0,0.030938
2019-06-08 10:00:00,33308.5,906.01,62.92,22.72,0.21,0.0,0.0333085
2019-06-08 11:00:00,34747.0,957.01,67.59,23.9,0.28,0.0,0.034747
2019-06-08 12:00:00,31638.5,863.0,66.12,24.61,0.34,0.0,0.0316385
2019-06-08 13:00:00,31681.5,870.01,59.39,25.77,0.21,0.0,0.0316815
2019-06-08 14:00:00,27168.0,738.0,50.08,26.41,0.0,0.0,0.027168
2019-06-08 15:00:00,23012.5,612.0,39.77,26.72,0.48,0.0,0.0230125
2019-06-08 16:00:00,13781.0,367.0,29.18,26.71,0.83,0.0,0.013781
2019-06-08 17:00:00,9096.0,259.0,18.72,26.13,1.03,0.0,0.009096
2019-06-08 18:00:00,2530.0,94.0,8.69,24.69,1.1,0.0,0.00253
2019-06-08 19:00:00,0.0,0.0,0.0,22.61,1.79,0.0,0.0
2019-06-08 20:00:00,0.0,0.0,0.0,20.5,1.45,0.0,0.0
2019-06-08 21:00:00,0.0,0.0,0.0,19.12,1.38,0.0,0.0
2019-06-08 22:00:00,0.0,0.0,0.0,17.75,1.45,0.0,0.0
2019-06-08 23:00:00,0.0,0.0,0.0,16.67,1.59,0.0,0.0
2019-06-09 00:00:00,0.0,0.0,0.0,16.04,1.52,0.0,0.0
2019-06-09 01:00:00,0.0,0.0,0.0,15.25,1.66,0.0,0.0
2019-06-09 02:00:00,0.0,0.0,0.0,15.02,1.59,0.0,0.0
2019-06-09 03:00:00,0.0,0.0,0.0,14.81,1.52,0.0,0.0
2019-06-09 04:00:00,45.5,8.0,3.56,14.83,1.45,0.0,4.55e-05
2019-06-09 05:00:00,3141.0,94.0,13.21,16.09,0.97,0.0,0.003141
2019-06-09 06:00:00,8733.0,230.0,23.47,18.06,0.69,0.0,0.008733
2019-06-09 07:00:00,13948.0,357.0,34.03,20.77,1.72,0.0,0.013948
2019-06-09 08:00:00,17391.0,443.0,44.56,21.52,2.14,0.0,0.017391
2019-06-09 09:00:00,20503.5,525.0,54.54,22.55,2.28,0.0,0.0205035
2019-06-09 10:00:00,29904.0,777.0,62.97,23.8,2.41,0.0,0.029904
2019-06-09 11:00:00,10504.5,278.0,67.67,24.86,2.14,0.0,0.0105045
2019-06-09 12:00:00,19408.0,509.0,66.21,25.96,1.79,0.0,0.019408
2019-06-09 13:00:00,7800.5,213.0,59.48,26.42,1.31,0.0,0.0078005
2019-06-09 14:00:00,13108.0,346.0,50.17,26.27,1.66,0.0,0.013108
2019-06-09 15:00:00,4657.0,134.0,39.86,25.76,1.66,0.0,0.004657
2019-06-09 16:00:00,7905.5,214.0,29.27,25.59,2.41,0.0,0.0079055
2019-06-09 17:00:00,1607.5,56.0,18.81,25.13,2.62,0.0,0.0016075
2019-06-09 18:00:00,451.0,23.0,8.78,24.21,2.28,0.0,0.000451
2019-06-09 19:00:00,0.0,0.0,0.0,21.5,1.66,0.0,0.0
2019-06-09 20:00:00,0.0,0.0,0.0,20.52,1.72,0.0,0.0
2019-06-09 21:00:00,0.0,0.0,0.0,19.45,0.9,0.0,0.0
2019-06-09 22:00:00,0.0,0.0,0.0,20.03,0.48,0.0,0.0
2019-06-09 23:00:00,0.0,0.0,0.0,19.74,0.21,0.0,0.0
2019-06-10 00:00:00,0.0,0.0,0.0,19.41,0.14,0.0,0.0
2019-06-10 01:00:00,0.0,0.0,0.0,18.99,0.41,0.0,0.0
2019-06-10 02:00:00,0.0,0.0,0.0,18.67,0.62,0.0,0.0
2019-06-10 03:00:00,0.0,0.0,0.0,18.56,0.48,0.0,0.0
2019-06-10 04:00:00,394.5,25.31,3.59,18.1,0.69,0.0,0.0003945
2019-06-10 05:00:00,5526.0,171.0,13.24,18.46,0.28,0.0,0.005526
2019-06-10 06:00:00,10923.5,289.0,23.49,19.18,0.0,0.0,0.0109235
2019-06-10 07:00:00,18251.0,461.0,34.05,20.01,2.07,0.0,0.018251
2019-06-10 08:00:00,25428.5,640.0,44.58,20.57,2.55,0.0,0.0254285
2019-06-10 09:00:00,28955.0,744.0,54.57,21.12,1.72,0.0,0.028955
2019-06-10 10:00:00,20963.5,536.0,63.02,21.05,1.86,0.0,0.0209635
2019-06-10 11:00:00,7529.0,201.0,67.75,21.42,2.28,0.0,0.007529
2019-06-10 12:00:00,9650.5,253.0,66.3,22.15,2.76,0.0,0.0096505
2019-06-10 13:00:00,3363.5,100.0,59.57,22.42,2.83,0.0,0.0033635
2019-06-10 14:00:00,22147.5,564.0,50.26,22.58,2.69,0.0,0.0221475
2019-06-10 15:00:00,19215.5,489.0,39.94,22.89,2.69,0.0,0.0192155
2019-06-10 16:00:00,12686.0,329.0,29.35,22.89,2.48,0.0,0.012686
2019-06-10 17:00:00,7562.5,209.0,18.89,22.17,2.28,0.0,0.0075625
2019-06-10 18:00:00,1101.5,42.0,8.87,21.54,1.72,0.0,0.0011015
2019-06-10 19:00:00,0.0,0.0,0.0,20.34,0.76,0.0,0.0
2019-06-10 20:00:00,0.0,0.0,0.0,19.04,1.24,0.0,0.0
2019-06-10 21:00:00,0.0,0.0,0.0,17.7,1.59,0.0,0.0
2019-06-10 22:00:00,0.0,0.0,0.0,17.08,1.79,0.0,0.0
2019-06-10 23:00:00,0.0,0.0,0.0,16.66,1.1,0.0,0.0
2019-06-11 00:00:00,0.0,0.0,0.0,16.55,1.24,0.0,0.0
2019-06-11 01:00:00,0.0,0.0,0.0,16.5,0.9,0.0,0.0
2019-06-11 02:00:00,0.0,0.0,0.0,16.26,0.69,0.0,0.0
2019-06-11 03:00:00,0.0,0.0,0.0,16.32,0.55,0.0,0.0
2019-06-11 04:00:00,0.0,3.0,3.61,16.56,0.97,0.0,0.0
2019-06-11 05:00:00,223.5,15.0,13.25,16.81,1.1,0.0,0.0002235
2019-06-11 06:00:00,1442.5,50.0,23.5,17.03,1.1,0.0,0.0014425
2019-06-11 07:00:00,8889.5,230.0,34.06,16.7,1.03,0.0,0.0088895
2019-06-11 08:00:00,3026.5,90.0,44.59,17.52,0.97,0.0,0.0030265
2019-06-11 09:00:00,12371.0,318.0,54.59,18.8,0.76,0.0,0.012371
2019-06-11 10:00:00,18215.5,472.0,63.05,20.11,0.14,0.0,0.0182155
2019-06-11 11:00:00,21101.5,548.0,67.81,21.64,0.83,0.0,0.0211015
2019-06-11 12:00:00,25349.5,659.0,66.39,23.09,1.72,0.0,0.0253495
2019-06-11 13:00:00,16850.5,435.0,59.66,23.44,2.21,0.0,0.0168505
2019-06-11 14:00:00,12654.0,329.0,50.34,23.49,2.34,0.0,0.012654
2019-06-11 15:00:00,11366.5,297.0,40.02,23.28,1.93,0.0,0.0113665
2019-06-11 16:00:00,10152.5,268.0,29.44,22.61,0.83,0.0,0.0101525
2019-06-11 17:00:00,5395.5,152.0,18.98,21.98,0.34,0.0,0.0053955
2019-06-11 18:00:00,863.5,35.0,8.95,21.25,0.83,0.0,0.0008635
2019-06-11 19:00:00,0.0,0.0,0.0,20.83,1.38,0.0,0.0
2019-06-11 20:00:00,0.0,0.0,0.0,19.47,1.31,0.0,0.0
2019-06-11 21:00:00,0.0,0.0,0.0,18.35,1.66,0.0,0.0
2019-06-11 22:00:00,0.0,0.0,0.0,17.6,1.66,0.0,0.0
2019-06-11 23:00:00,0.0,0.0,0.0,16.89,1.31,0.0,0.0
2019-06-12 00:00:00,0.0,0.0,0.0,16.55,1.1,0.0,0.0
2019-06-12 01:00:00,0.0,0.0,0.0,15.96,0.9,0.0,0.0
2019-06-12 02:00:00,0.0,0.0,0.0,15.95,0.69,0.0,0.0
2019-06-12 03:00:00,0.0,0.0,0.0,15.91,0.55,0.0,0.0
2019-06-12 04:00:00,322.0,19.57,3.63,15.95,0.41,0.0,0.000322
2019-06-12 05:00:00,5648.0,171.0,13.27,16.61,0.48,0.0,0.005648
2019-06-12 06:00:00,13300.5,347.0,23.51,17.18,0.69,0.0,0.0133005
2019-06-12 07:00:00,20940.0,533.0,34.07,18.86,0.76,0.0,0.02094
2019-06-12 08:00:00,26407.0,682.0,44.6,20.28,0.62,0.0,0.026407
2019-06-12 09:00:00,31019.0,818.0,54.61,21.58,0.69,0.0,0.031019
2019-06-12 10:00:00,34383.5,913.01,63.09,23.03,1.38,0.0,0.0343835
2019-06-12 11:00:00,34200.5,909.01,67.87,24.24,1.79,0.0,0.0342005
2019-06-12 12:00:00,34563.5,917.01,66.46,25.0,2.14,0.0,0.0345635
2019-06-12 13:00:00,33651.5,884.01,59.74,25.19,2.48,0.0,0.0336515
2019-06-12 14:00:00,29954.0,773.0,50.42,24.83,2.9,0.0,0.029954
2019-06-12 15:00:00,24632.0,628.0,40.1,24.22,3.1,0.0,0.024632
2019-06-12 16:00:00,17512.5,450.0,29.51,23.59,3.45,0.0,0.0175125
2019-06-12 17:00:00,9823.5,272.0,19.05,22.58,3.1,0.0,0.0098235
2019-06-12 18:00:00,2890.5,107.0,9.03,21.45,1.79,0.0,0.0028905
2019-06-12 19:00:00,0.0,0.0,0.0,20.38,2.55,0.0,0.0
2019-06-12 20:00:00,0.0,0.0,0.0,18.84,2.55,0.0,0.0
2019-06-12 21:00:00,0.0,0.0,0.0,17.83,2.28,0.0,0.0
2019-06-12 22:00:00,0.0,0.0,0.0,16.95,2.0,0.0,0.0
2019-06-12 23:00:00,0.0,0.0,0.0,15.92,1.66,0.0,0.0
2019-06-13 00:00:00,0.0,0.0,0.0,14.92,1.38,0.0,0.0
2019-06-13 01:00:00,0.0,0.0,0.0,14.67,1.17,0.0,0.0
2019-06-13 02:00:00,0.0,0.0,0.0,14.78,1.03,0.0,0.0
2019-06-13 03:00:00,0.0,0.0,0.0,15.43,0.76,0.0,0.0
2019-06-13 04:00:00,397.5,29.06,3.65,15.42,0.55,0.0,0.0003975
2019-06-13 05:00:00,5994.5,183.0,13.28,15.79,0.34,0.0,0.0059945
2019-06-13 06:00:00,13749.5,359.0,23.52,17.07,0.55,0.0,0.0137495
2019-06-13 07:00:00,21595.5,546.0,34.07,18.32,1.17,0.0,0.0215955
2019-06-13 08:00:00,27622.0,710.0,44.61,19.98,0.97,0.0,0.027622
2019-06-13 09:00:00,31967.0,845.0,54.62,21.42,0.69,0.0,0.031967
2019-06-13 10:00:00,34677.0,939.01,63.12,22.7,0.55,0.0,0.034677
2019-06-13 11:00:00,34275.0,933.01,67.92,23.72,0.62,0.0,0.034275
2019-06-13 12:00:00,34797.5,948.01,66.53,24.66,0.83,0.0,0.0347975
2019-06-13 13:00:00,32748.0,880.0,59.81,25.34,1.17,0.0,0.032748
2019-06-13 14:00:00,29827.0,791.0,50.49,25.73,1.31,0.0,0.029827
2019-06-13 15:00:00,24283.0,634.0,40.18,25.81,1.59,0.0,0.024283
2019-06-13 16:00:00,17552.0,460.0,29.59,25.34,1.72,0.0,0.017552
2019-06-13 17:00:00,8662.0,241.0,19.13,24.38,1.66,0.0,0.008662
2019-06-13 18:00:00,2729.5,97.0,9.11,22.71,1.31,0.0,0.0027295
2019-06-13 19:00:00,0.0,0.0,0.0,20.75,1.31,0.0,0.0
2019-06-13 20:00:00,0.0,0.0,0.0,20.24,0.9,0.0,0.0
2019-06-13 21:00:00,0.0,0.0,0.0,19.91,0.76,0.0,0.0
2019-06-13 22:00:00,0.0,0.0,0.0,18.18,1.1,0.0,0.0
2019-06-13 23:00:00,0.0,0.0,0.0,15.9,1.59,0.0,0.0
2019-06-14 00:00:00,0.0,0.0,0.0,14.75,1.79,0.0,0.0
2019-06-14 01:00:00,0.0,0.0,0.0,14.48,1.72,0.0,0.0
2019-06-14 02:00:00,0.0,0.0,0.0,13.99,1.86,0.0,0.0
2019-06-14 03:00:00,0.0,0.0,0.0,13.64,1.86,0.0,0.0
2019-06-14 04:00:00,397.0,23.05,3.65,13.27,1.79,0.0,0.000397
2019-06-14 05:00:00,5038.0,148.0,13.28,14.38,1.45,0.0,0.005038
2019-06-14 06:00:00,10851.0,283.0,23.52,18.09,1.24,0.0,0.010851
2019-06-14 07:00:00,17668.0,453.0,34.07,21.31,1.1,0.0,0.017668
2019-06-14 08:00:00,20653.0,533.0,44.6,23.26,1.38,0.0,0.020653
2019-06-14 09:00:00,17553.0,456.0,54.63,24.57,1.86,0.0,0.017553
2019-06-14 10:00:00,33808.0,899.01,63.14,25.59,1.93,0.0,0.033808
2019-06-14 11:00:00,35058.5,940.01,67.97,26.38,2.0,0.0,0.0350585
2019-06-14 12:00:00,32481.0,874.01,66.6,27.06,1.66,0.0,0.032481
2019-06-14 13:00:00,29089.0,778.0,59.88,27.41,1.52,0.0,0.029089
2019-06-14 14:00:00,26892.5,713.0,50.56,27.84,1.66,0.0,0.0268925
2019-06-14 15:00:00,20961.0,550.0,40.25,27.89,1.86,0.0,0.020961
2019-06-14 16:00:00,4454.0,130.0,29.66,27.71,1.79,0.0,0.004454
2019-06-14 17:00:00,3823.0,114.0,19.2,27.3,2.41,0.0,0.003823
2019-06-14 18:00:00,2368.5,84.0,9.18,25.77,2.34,0.0,0.0023685
2019-06-14 19:00:00,0.0,0.0,0.0,23.66,2.28,0.0,0.0
2019-06-14 20:00:00,0.0,0.0,0.0,22.21,2.21,0.0,0.0
2019-06-14 21:00:00,0.0,0.0,0.0,21.11,2.21,0.0,0.0
2019-06-14 22:00:00,0.0,0.0,0.0,20.2,2.0,0.0,0.0
2019-06-14 23:00:00,0.0,0.0,0.0,19.26,2.07,0.0,0.0
2019-06-15 00:00:00,0.0,0.0,0.0,18.79,1.93,0.0,0.0
2019-06-15 01:00:00,0.0,0.0,0.0,18.01,1.66,0.0,0.0
2019-06-15 02:00:00,0.0,0.0,0.0,17.25,1.59,0.0,0.0
2019-06-15 03:00:00,0.0,0.0,0.0,17.0,1.59,0.0,0.0
2019-06-15 04:00:00,433.0,27.01,3.66,16.57,1.66,0.0,0.000433
2019-06-15 05:00:00,3602.5,107.0,13.28,17.38,1.31,0.0,0.0036025
2019-06-15 06:00:00,8259.5,219.0,23.51,19.63,1.45,0.0,0.0082595
2019-06-15 07:00:00,13840.5,357.0,34.06,21.24,0.97,0.0,0.0138405
2019-06-15 08:00:00,10480.0,276.0,44.6,22.58,0.83,0.0,0.01048
2019-06-15 09:00:00,27493.0,727.0,54.63,23.87,0.76,0.0,0.027493
2019-06-15 10:00:00,32689.0,885.01,63.15,24.98,0.76,0.0,0.032689
2019-06-15 11:00:00,33921.0,931.01,68.01,26.29,0.76,0.0,0.033921
2019-06-15 12:00:00,17522.5,467.0,66.66,27.04,0.69,0.0,0.0175225
2019-06-15 13:00:00,29017.5,789.0,59.95,27.59,0.69,0.0,0.0290175
2019-06-15 14:00:00,27404.0,734.0,50.63,27.74,1.03,0.0,0.027404
2019-06-15 15:00:00,24245.5,647.0,40.31,27.62,0.62,0.0,0.0242455
2019-06-15 16:00:00,12355.0,331.0,29.72,27.38,0.69,0.0,0.012355
2019-06-15 17:00:00,8736.0,247.0,19.26,26.38,0.83,0.0,0.008736
2019-06-15 18:00:00,2934.0,110.0,9.24,24.88,0.69,0.0,0.002934
2019-06-15 19:00:00,0.0,0.0,0.0,24.32,0.48,0.0,0.0
2019-06-15 20:00:00,0.0,0.0,0.0,21.55,1.52,0.0,0.0
2019-06-15 21:00:00,0.0,0.0,0.0,20.02,1.59,0.0,0.0
2019-06-15 22:00:00,0.0,0.0,0.0,19.58,1.24,0.0,0.0
2019-06-15 23:00:00,0.0,0.0,0.0,18.33,1.45,0.0,0.0
2019-06-16 00:00:00,0.0,0.0,0.0,17.67,1.38,0.0,0.0
2019-06-16 01:00:00,0.0,0.0,0.0,18.07,0.97,0.0,0.0
2019-06-16 02:00:00,0.0,0.0,0.0,18.56,0.55,0.0,0.0
2019-06-16 03:00:00,0.0,0.0,0.0,17.73,0.9,0.0,0.0
2019-06-16 04:00:00,413.5,27.63,3.65,15.77,1.45,0.0,0.0004135
2019-06-16 05:00:00,5772.0,175.0,13.27,16.5,1.38,0.0,0.005772
2019-06-16 06:00:00,13310.0,349.0,23.5,19.31,1.45,0.0,0.01331
2019-06-16 07:00:00,20889.0,533.0,34.05,21.59,1.79,0.0,0.020889
2019-06-16 08:00:00,27182.5,701.0,44.59,23.39,1.86,0.0,0.0271825
2019-06-16 09:00:00,31665.5,836.0,54.62,24.93,1.66,0.0,0.0316655
2019-06-16 10:00:00,34458.5,933.01,63.16,26.49,1.38,0.0,0.0344585
2019-06-16 11:00:00,35435.0,976.01,68.04,27.45,1.1,0.0,0.035435
2019-06-16 12:00:00,34697.5,965.01,66.71,28.45,0.83,0.0,0.0346975
2019-06-16 13:00:00,32588.5,901.01,60.01,28.98,0.76,0.0,0.0325885
2019-06-16 14:00:00,29028.5,793.0,50.69,29.42,0.69,0.0,0.0290285
2019-06-16 15:00:00,23631.0,636.0,40.37,29.48,0.69,0.0,0.023631
2019-06-16 16:00:00,17145.0,462.0,29.78,29.21,0.76,0.0,0.017145
2019-06-16 17:00:00,9793.5,281.0,19.33,28.71,1.03,0.0,0.0097935
2019-06-16 18:00:00,2696.0,97.0,9.31,26.94,1.38,0.0,0.002696
2019-06-16 19:00:00,0.0,0.0,0.0,24.55,1.31,0.0,0.0
2019-06-16 20:00:00,0.0,0.0,0.0,23.02,1.31,0.0,0.0
2019-06-16 21:00:00,0.0,0.0,0.0,21.48,1.38,0.0,0.0
2019-06-16 22:00:00,0.0,0.0,0.0,20.23,1.45,0.0,0.0
2019-06-16 23:00:00,0.0,0.0,0.0,19.08,1.45,0.0,0.0
2019-06-17 00:00:00,0.0,0.0,0.0,18.61,1.38,0.0,0.0
2019-06-17 01:00:00,0.0,0.0,0.0,18.35,1.31,0.0,0.0
2019-06-17 02:00:00,0.0,0.0,0.0,19.49,0.97,0.0,0.0
2019-06-17 03:00:00,0.0,0.0,0.0,19.46,0.62,0.0,0.0
2019-06-17 04:00:00,409.0,28.38,3.65,18.86,0.62,0.0,0.000409
2019-06-17 05:00:00,5583.0,172.0,13.26,18.56,0.69,0.0,0.005583
2019-06-17 06:00:00,13070.0,346.0,23.48,20.32,0.9,0.0,0.01307
2019-06-17 07:00:00,20307.0,527.0,34.03,22.73,0.69,0.0,0.020307
2019-06-17 08:00:00,26535.5,691.0,44.57,24.71,1.52,0.0,0.0265355
2019-06-17 09:00:00,31157.5,820.0,54.61,26.31,2.21,0.0,0.0311575
2019-06-17 10:00:00,34419.5,912.01,63.16,26.89,2.69,0.0,0.0344195
2019-06-17 11:00:00,36054.5,959.01,68.07,27.52,3.03,0.0,0.0360545
2019-06-17 12:00:00,35698.5,948.01,66.76,27.46,3.03,0.0,0.0356985
2019-06-17 13:00:00,33151.0,880.01,60.06,28.17,2.76,0.0,0.033151
2019-06-17 14:00:00,29056.5,767.0,50.75,28.4,2.41,0.0,0.0290565
2019-06-17 15:00:00,23428.0,614.0,40.43,28.12,2.14,0.0,0.023428
2019-06-17 16:00:00,16832.5,446.0,29.84,27.96,1.86,0.0,0.0168325
2019-06-17 17:00:00,8668.5,245.0,19.38,27.33,1.52,0.0,0.0086685
2019-06-17 18:00:00,2884.0,106.0,9.36,26.28,1.24,0.0,0.002884
2019-06-17 19:00:00,0.0,0.0,0.0,24.52,1.45,0.0,0.0
2019-06-17 20:00:00,0.0,0.0,0.0,22.79,1.52,0.0,0.0
2019-06-17 21:00:00,0.0,0.0,0.0,22.33,1.31,0.0,0.0
2019-06-17 22:00:00,0.0,0.0,0.0,20.92,1.72,0.0,0.0
2019-06-17 23:00:00,0.0,0.0,0.0,19.88,1.72,0.0,0.0
2019-06-18 00:00:00,0.0,0.0,0.0,19.67,1.38,0.0,0.0
2019-06-18 01:00:00,0.0,0.0,0.0,18.77,1.45,0.0,0.0
2019-06-18 02:00:00,0.0,0.0,0.0,17.92,1.59,0.0,0.0
2019-06-18 03:00:00,0.0,0.0,0.0,17.29,1.59,0.0,0.0
2019-06-18 04:00:00,406.0,26.85,3.63,16.89,1.52,0.0,0.000406
2019-06-18 05:00:00,5124.5,154.0,13.24,17.61,1.31,0.0,0.0051245
2019-06-18 06:00:00,12402.0,328.0,23.46,20.77,1.17,0.0,0.012402
2019-06-18 07:00:00,19858.0,508.0,34.01,21.85,1.59,0.0,0.019858
2019-06-18 08:00:00,25910.0,670.0,44.55,23.65,1.59,0.0,0.02591
2019-06-18 09:00:00,30308.5,804.0,54.6,25.19,1.24,0.0,0.0303085
2019-06-18 10:00:00,33089.0,899.01,63.16,26.64,1.03,0.0,0.033089
2019-06-18 11:00:00,33810.5,930.01,68.08,27.72,0.97,0.0,0.0338105
2019-06-18 12:00:00,30402.5,836.0,66.8,28.67,0.76,0.0,0.0304025
2019-06-18 13:00:00,27562.5,757.0,60.11,29.35,0.48,0.0,0.0275625
2019-06-18 14:00:00,8343.5,231.0,50.8,29.71,0.48,0.0,0.0083435
2019-06-18 15:00:00,21571.0,576.0,40.48,29.5,1.03,0.0,0.021571
2019-06-18 16:00:00,16235.0,435.0,29.9,28.29,0.76,0.0,0.016235
2019-06-18 17:00:00,1370.5,50.0,19.44,26.61,0.55,0.0,0.0013705
2019-06-18 18:00:00,210.0,15.0,9.42,26.15,0.55,0.0,0.00021
2019-06-18 19:00:00,0.0,0.0,0.0,24.29,1.86,0.0,0.0
2019-06-18 20:00:00,0.0,0.0,0.0,23.24,1.45,0.0,0.0
2019-06-18 21:00:00,0.0,0.0,0.0,22.35,1.45,0.0,0.0
2019-06-18 22:00:00,0.0,0.0,0.0,21.23,1.17,0.0,0.0
2019-06-18 23:00:00,0.0,0.0,0.0,22.58,0.48,0.0,0.0
2019-06-19 00:00:00,0.0,0.0,0.0,21.34,0.97,0.0,0.0
2019-06-19 01:00:00,0.0,0.0,0.0,19.47,1.31,0.0,0.0
2019-06-19 02:00:00,0.0,0.0,0.0,18.7,1.45,0.0,0.0
2019-06-19 03:00:00,0.0,0.0,0.0,18.5,1.24,0.0,0.0
2019-06-19 04:00:00,165.0,13.0,3.61,19.03,1.03,0.0,0.000165
2019-06-19 05:00:00,5013.5,153.0,13.22,20.19,0.55,0.0,0.0050135
2019-06-19 06:00:00,12291.0,328.0,23.44,21.71,0.62,0.0,0.012291
2019-06-19 07:00:00,19958.5,520.0,33.99,23.58,0.69,0.0,0.0199585
2019-06-19 08:00:00,26045.0,686.0,44.53,25.07,0.83,0.0,0.026045
2019-06-19 09:00:00,30203.5,815.0,54.58,26.4,0.69,0.0,0.0302035
2019-06-19 10:00:00,32692.5,907.01,63.15,27.5,0.34,0.0,0.0326925
2019-06-19 11:00:00,33683.0,949.01,68.09,28.71,0.28,0.0,0.033683
2019-06-19 12:00:00,33740.0,939.01,66.83,29.36,0.83,0.0,0.03374
2019-06-19 13:00:00,31760.0,877.01,60.16,30.28,0.97,0.0,0.03176
2019-06-19 14:00:00,27286.5,735.0,50.85,30.57,1.59,0.0,0.0272865
2019-06-19 15:00:00,21566.5,576.0,40.53,30.05,1.24,0.0,0.0215665
2019-06-19 16:00:00,16147.5,435.0,29.94,29.25,0.69,0.0,0.0161475
2019-06-19 17:00:00,7934.5,225.0,19.49,28.28,1.24,0.0,0.0079345
2019-06-19 18:00:00,2257.0,79.0,9.46,26.72,1.24,0.0,0.002257
2019-06-19 19:00:00,0.0,0.0,0.0,25.27,1.86,0.0,0.0
2019-06-19 20:00:00,0.0,0.0,0.0,23.26,1.59,0.0,0.0
2019-06-19 21:00:00,0.0,0.0,0.0,22.54,1.1,0.0,0.0
2019-06-19 22:00:00,0.0,0.0,0.0,22.19,0.97,0.0,0.0
2019-06-19 23:00:00,0.0,0.0,0.0,20.49,1.38,0.0,0.0
2019-06-20 00:00:00,0.0,0.0,0.0,19.42,1.79,0.0,0.0
2019-06-20 01:00:00,0.0,0.0,0.0,18.94,1.79,0.0,0.0
2019-06-20 02:00:00,0.0,0.0,0.0,18.47,1.86,0.0,0.0
2019-06-20 03:00:00,0.0,0.0,0.0,18.03,1.59,0.0,0.0
2019-06-20 04:00:00,65.5,9.0,3.59,18.32,1.24,0.0,6.55e-05
2019-06-20 05:00:00,5058.5,154.0,13.19,19.21,0.9,0.0,0.0050585
2019-06-20 06:00:00,10888.5,290.0,23.41,21.4,0.62,0.0,0.0108885
2019-06-20 07:00:00,18947.5,489.0,33.96,22.9,1.17,0.0,0.0189475
2019-06-20 08:00:00,25011.5,657.0,44.5,24.29,0.62,0.0,0.0250115
2019-06-20 09:00:00,29177.5,790.0,54.55,25.9,0.28,0.0,0.0291775
2019-06-20 10:00:00,31857.0,880.01,63.13,27.04,0.28,0.0,0.031857
2019-06-20 11:00:00,33496.0,931.01,68.1,28.04,0.55,0.0,0.033496
2019-06-20 12:00:00,32692.0,906.01,66.86,28.73,0.69,0.0,0.032692
2019-06-20 13:00:00,29739.5,819.0,60.2,28.62,0.41,0.0,0.0297395
2019-06-20 14:00:00,26466.5,720.0,50.89,28.45,0.28,0.0,0.0264665
2019-06-20 15:00:00,4154.0,123.0,40.58,27.95,0.28,0.0,0.004154
2019-06-20 16:00:00,11669.0,314.0,29.99,27.87,0.62,0.0,0.011669
2019-06-20 17:00:00,8491.5,240.0,19.53,27.01,0.97,0.0,0.0084915
2019-06-20 18:00:00,84.0,10.0,9.51,25.67,1.03,0.0,8.4e-05
2019-06-20 19:00:00,0.0,0.0,0.0,24.61,1.72,0.0,0.0
2019-06-20 20:00:00,0.0,0.0,0.0,23.42,2.07,0.0,0.0
2019-06-20 21:00:00,0.0,0.0,0.0,22.08,1.59,0.0,0.0
2019-06-20 22:00:00,0.0,0.0,0.0,21.79,1.03,0.0,0.0
2019-06-20 23:00:00,0.0,0.0,0.0,20.98,1.1,0.0,0.0
2019-06-21 00:00:00,0.0,0.0,0.0,19.9,1.45,0.0,0.0
2019-06-21 01:00:00,0.0,0.0,0.0,19.69,1.86,0.0,0.0
2019-06-21 02:00:00,0.0,0.0,0.0,19.59,1.93,0.0,0.0
2019-06-21 03:00:00,0.0,0.0,0.0,19.6,2.0,0.0,0.0
2019-06-21 04:00:00,113.0,11.0,3.56,19.35,1.93,0.0,0.000113
2019-06-21 05:00:00,3590.0,108.0,13.16,19.55,1.79,0.0,0.00359
2019-06-21 06:00:00,10764.0,283.0,23.38,20.44,2.14,0.0,0.010764
2019-06-21 07:00:00,18688.0,481.0,33.92,22.45,1.24,0.0,0.018688
2019-06-21 08:00:00,25575.5,667.0,44.47,24.21,1.1,0.0,0.0255755
2019-06-21 09:00:00,29159.0,772.0,54.52,25.11,1.17,0.0,0.029159
2019-06-21 10:00:00,29259.0,784.0,63.11,26.38,1.17,0.0,0.029259
2019-06-21 11:00:00,28164.5,762.0,68.1,27.04,0.83,0.0,0.0281645
2019-06-21 12:00:00,30760.0,852.0,66.88,27.76,0.28,0.0,0.03076
2019-06-21 13:00:00,23201.5,626.0,60.23,28.36,0.62,0.0,0.0232015
2019-06-21 14:00:00,2297.0,75.0,50.93,27.81,1.24,0.0,0.002297
2019-06-21 15:00:00,9349.0,251.0,40.62,26.75,2.34,0.0,0.009349
2019-06-21 16:00:00,1647.5,57.0,30.03,24.9,3.17,0.0,0.0016475
2019-06-21 17:00:00,481.0,24.0,19.57,24.77,2.62,0.0,0.000481
2019-06-21 18:00:00,1158.0,44.0,9.54,24.44,2.28,0.0,0.001158
2019-06-21 19:00:00,0.0,0.0,0.0,23.89,1.66,0.0,0.0
2019-06-21 20:00:00,0.0,0.0,0.0,22.36,1.38,0.0,0.0
2019-06-21 21:00:00,0.0,0.0,0.0,21.56,1.66,0.0,0.0
2019-06-21 22:00:00,0.0,0.0,0.0,20.57,1.72,0.0,0.0
2019-06-21 23:00:00,0.0,0.0,0.0,19.78,1.45,0.0,0.0
2019-06-22 00:00:00,0.0,0.0,0.0,19.25,1.72,0.0,0.0
2019-06-22 01:00:00,0.0,0.0,0.0,18.97,1.93,0.0,0.0
2019-06-22 02:00:00,0.0,0.0,0.0,18.46,1.79,0.0,0.0
2019-06-22 03:00:00,0.0,0.0,0.0,17.44,1.17,0.0,0.0
2019-06-22 04:00:00,285.5,17.79,3.53,17.13,1.79,0.0,0.0002855
2019-06-22 05:00:00,1825.0,60.0,13.12,17.68,1.45,0.0,0.001825
2019-06-22 06:00:00,4644.0,130.0,23.34,18.55,0.55,0.0,0.004644
2019-06-22 07:00:00,11324.0,292.0,33.88,19.78,1.31,0.0,0.011324
2019-06-22 08:00:00,25056.5,645.0,44.43,21.15,0.9,0.0,0.0250565
2019-06-22 09:00:00,9153.5,243.0,54.49,22.56,0.97,0.0,0.0091535
2019-06-22 10:00:00,30763.5,827.0,63.08,23.68,0.48,0.0,0.0307635
2019-06-22 11:00:00,33121.0,905.01,68.09,24.87,0.48,0.0,0.033121
2019-06-22 12:00:00,19584.5,515.0,66.89,25.55,1.31,0.0,0.0195845
2019-06-22 13:00:00,3715.5,110.0,60.26,25.14,2.62,0.0,0.0037155
2019-06-22 14:00:00,2304.0,74.0,50.97,24.42,3.24,0.0,0.002304
2019-06-22 15:00:00,2964.5,91.0,40.65,24.69,2.07,0.0,0.0029645
2019-06-22 16:00:00,8080.5,218.0,30.07,24.47,1.31,0.0,0.0080805
2019-06-22 17:00:00,5837.0,164.0,19.6,24.05,1.38,0.0,0.005837
2019-06-22 18:00:00,1165.0,44.0,9.58,23.27,1.66,0.0,0.001165
2019-06-22 19:00:00,0.0,0.0,0.0,21.91,1.52,0.0,0.0
2019-06-22 20:00:00,0.0,0.0,0.0,20.48,1.24,0.0,0.0
2019-06-22 21:00:00,0.0,0.0,0.0,21.03,0.69,0.0,0.0
2019-06-22 22:00:00,0.0,0.0,0.0,19.79,0.9,0.0,0.0
2019-06-22 23:00:00,0.0,0.0,0.0,18.08,1.31,0.0,0.0
2019-06-23 00:00:00,0.0,0.0,0.0,18.14,1.1,0.0,0.0
2019-06-23 01:00:00,0.0,0.0,0.0,19.04,0.83,0.0,0.0
2019-06-23 02:00:00,0.0,0.0,0.0,19.05,0.69,0.0,0.0
2019-06-23 03:00:00,0.0,0.0,0.0,18.77,0.55,0.0,0.0
2019-06-23 04:00:00,286.5,18.58,3.49,18.44,0.55,0.0,0.0002865
2019-06-23 05:00:00,5411.5,166.0,13.08,18.17,0.48,0.0,0.0054115
2019-06-23 06:00:00,13066.5,346.0,23.3,19.61,0.55,0.0,0.0130665
2019-06-23 07:00:00,20439.5,530.0,33.84,21.32,0.28,0.0,0.0204395
2019-06-23 08:00:00,26380.0,696.0,44.39,23.18,0.28,0.0,0.02638
2019-06-23 09:00:00,30779.0,827.0,54.45,24.91,0.62,0.0,0.030779
2019-06-23 10:00:00,33258.5,920.01,63.05,26.49,0.34,0.0,0.0332585
2019-06-23 11:00:00,34600.5,979.01,68.07,27.88,0.14,0.0,0.0346005
2019-06-23 12:00:00,34111.5,965.01,66.9,29.04,0.28,0.0,0.0341115
2019-06-23 13:00:00,31790.0,892.01,60.28,29.81,0.28,0.0,0.03179
2019-06-23 14:00:00,28791.5,795.0,50.99,30.39,0.41,0.0,0.0287915
2019-06-23 15:00:00,23441.0,632.0,40.69,30.74,0.97,0.0,0.023441
2019-06-23 16:00:00,17265.0,466.0,30.1,30.68,1.24,0.0,0.017265
2019-06-23 17:00:00,9817.0,282.0,19.64,29.74,1.03,0.0,0.009817
2019-06-23 18:00:00,2849.0,102.0,9.6,28.25,0.76,0.0,0.002849
2019-06-23 19:00:00,0.0,0.0,0.0,26.07,1.17,0.0,0.0
2019-06-23 20:00:00,0.0,0.0,0.0,25.64,0.83,0.0,0.0
2019-06-23 21:00:00,0.0,0.0,0.0,25.23,0.55,0.0,0.0
2019-06-23 22:00:00,0.0,0.0,0.0,24.54,0.28,0.0,0.0
2019-06-23 23:00:00,0.0,0.0,0.0,23.72,0.28,0.0,0.0
2019-06-24 00:00:00,0.0,0.0,0.0,23.04,0.48,0.0,0.0
2019-06-24 01:00:00,0.0,0.0,0.0,22.38,0.83,0.0,0.0
2019-06-24 02:00:00,0.0,0.0,0.0,20.62,1.1,0.0,0.0
2019-06-24 03:00:00,0.0,0.0,0.0,19.5,1.24,0.0,0.0
2019-06-24 04:00:00,196.0,14.82,3.44,19.62,1.1,0.0,0.000196
2019-06-24 05:00:00,5265.5,164.0,13.03,20.91,0.76,0.0,0.0052655
2019-06-24 06:00:00,12679.0,341.0,23.25,22.48,0.48,0.0,0.012679
2019-06-24 07:00:00,19883.0,522.0,33.79,25.24,0.76,0.0,0.019883
2019-06-24 08:00:00,25858.5,686.0,44.34,26.75,0.9,0.0,0.0258585
2019-06-24 09:00:00,30263.5,821.0,54.4,28.19,0.9,0.0,0.0302635
2019-06-24 10:00:00,32925.5,914.01,63.01,29.45,0.76,0.0,0.0329255
2019-06-24 11:00:00,33981.0,957.01,68.05,30.57,0.69,0.0,0.033981
2019-06-24 12:00:00,33397.0,943.01,66.9,31.45,0.69,0.0,0.033397
2019-06-24 13:00:00,30737.0,858.0,60.3,32.14,0.83,0.0,0.030737
2019-06-24 14:00:00,24841.0,679.0,51.02,32.61,1.1,0.0,0.024841
2019-06-24 15:00:00,16564.5,449.0,40.71,32.86,1.24,0.0,0.0165645
2019-06-24 16:00:00,8653.5,241.0,30.13,32.71,1.52,0.0,0.0086535
2019-06-24 17:00:00,6969.5,201.0,19.66,32.05,1.79,0.0,0.0069695
2019-06-24 18:00:00,2449.5,87.0,9.63,30.69,2.0,0.0,0.0024495
2019-06-24 19:00:00,0.0,0.0,0.0,29.44,1.24,0.0,0.0
2019-06-24 20:00:00,0.0,0.0,0.0,26.94,1.52,0.0,0.0
2019-06-24 21:00:00,0.0,0.0,0.0,25.23,1.72,0.0,0.0
2019-06-24 22:00:00,0.0,0.0,0.0,24.03,1.86,0.0,0.0
2019-06-24 23:00:00,0.0,0.0,0.0,23.16,1.86,0.0,0.0
2019-06-25 00:00:00,0.0,0.0,0.0,22.44,1.86,0.0,0.0
2019-06-25 01:00:00,0.0,0.0,0.0,21.89,1.72,0.0,0.0
2019-06-25 02:00:00,0.0,0.0,0.0,21.58,1.52,0.0,0.0
2019-06-25 03:00:00,0.0,0.0,0.0,21.08,1.52,0.0,0.0
2019-06-25 04:00:00,323.5,22.62,3.4,20.58,1.45,0.0,0.0003235
2019-06-25 05:00:00,4173.5,127.0,12.98,21.4,1.03,0.0,0.0041735
2019-06-25 06:00:00,11088.0,299.0,23.2,24.27,1.03,0.0,0.011088
2019-06-25 07:00:00,18467.5,485.0,33.74,26.35,1.17,0.0,0.0184675
2019-06-25 08:00:00,24669.5,653.0,44.29,27.82,1.31,0.0,0.0246695
2019-06-25 09:00:00,29117.0,785.0,54.36,28.99,1.31,0.0,0.029117
2019-06-25 10:00:00,32298.5,890.01,62.97,30.2,1.17,0.0,0.0322985
2019-06-25 11:00:00,33572.5,938.01,68.02,31.27,1.1,0.0,0.0335725
2019-06-25 12:00:00,33029.0,924.01,66.89,32.15,1.17,0.0,0.033029
2019-06-25 13:00:00,31010.5,863.0,60.31,32.87,1.17,0.0,0.0310105
2019-06-25 14:00:00,27665.5,761.0,51.04,33.43,1.24,0.0,0.0276655
2019-06-25 15:00:00,22314.5,604.0,40.74,33.61,1.66,0.0,0.0223145
2019-06-25 16:00:00,16195.0,440.0,30.15,33.34,2.0,0.0,0.016195
2019-06-25 17:00:00,8894.5,257.0,19.68,32.66,2.14,0.0,0.0088945
2019-06-25 18:00:00,2518.0,90.0,9.65,31.65,2.48,0.0,0.002518
2019-06-25 19:00:00,0.0,0.0,0.0,30.11,2.21,0.0,0.0
2019-06-25 20:00:00,0.0,0.0,0.0,28.63,2.21,0.0,0.0
2019-06-25 21:00:00,0.0,0.0,0.0,27.14,1.93,0.0,0.0
2019-06-25 22:00:00,0.0,0.0,0.0,26.03,1.52,0.0,0.0
2019-06-25 23:00:00,0.0,0.0,0.0,25.79,1.24,0.0,0.0
2019-06-26 00:00:00,0.0,0.0,0.0,25.0,1.38,0.0,0.0
2019-06-26 01:00:00,0.0,0.0,0.0,23.92,1.52,0.0,0.0
2019-06-26 02:00:00,0.0,0.0,0.0,23.24,1.52,0.0,0.0
2019-06-26 03:00:00,0.0,0.0,0.0,22.63,1.52,0.0,0.0
2019-06-26 04:00:00,166.0,13.83,3.34,21.95,1.59,0.0,0.000166
2019-06-26 05:00:00,4132.0,127.0,12.93,22.58,1.17,0.0,0.004132
2019-06-26 06:00:00,10823.0,294.0,23.14,25.72,1.1,0.0,0.010823
2019-06-26 07:00:00,18126.5,478.0,33.69,28.21,1.72,0.0,0.0181265
2019-06-26 08:00:00,24358.0,650.0,44.23,29.54,1.31,0.0,0.024358
2019-06-26 09:00:00,28762.0,788.0,54.3,30.75,0.9,0.0,0.028762
2019-06-26 10:00:00,31506.0,883.01,62.92,32.02,0.76,0.0,0.031506
2019-06-26 11:00:00,32971.0,936.01,67.98,33.28,0.83,0.0,0.032971
2019-06-26 12:00:00,32512.5,922.01,66.88,34.33,1.03,0.0,0.0325125
2019-06-26 13:00:00,30594.5,866.01,60.31,35.11,0.9,0.0,0.0305945
2019-06-26 14:00:00,27190.0,760.0,51.05,35.69,0.97,0.0,0.02719
2019-06-26 15:00:00,22032.0,603.0,40.75,35.99,1.72,0.0,0.022032
2019-06-26 16:00:00,15921.5,437.0,30.17,35.66,2.21,0.0,0.0159215
2019-06-26 17:00:00,8862.5,259.0,19.7,34.9,2.34,0.0,0.0088625
2019-06-26 18:00:00,2467.0,89.0,9.66,33.63,2.62,0.0,0.002467
2019-06-26 19:00:00,0.0,0.0,0.0,31.45,1.66,0.0,0.0
2019-06-26 20:00:00,0.0,0.0,0.0,29.97,1.79,0.0,0.0
2019-06-26 21:00:00,0.0,0.0,0.0,28.6,1.66,0.0,0.0
2019-06-26 22:00:00,0.0,0.0,0.0,27.54,1.66,0.0,0.0
2019-06-26 23:00:00,0.0,0.0,0.0,26.5,1.72,0.0,0.0
2019-06-27 00:00:00,0.0,0.0,0.0,26.13,1.45,0.0,0.0
2019-06-27 01:00:00,0.0,0.0,0.0,26.46,1.17,0.0,0.0
2019-06-27 02:00:00,0.0,0.0,0.0,27.19,0.9,0.0,0.0
2019-06-27 03:00:00,0.0,0.0,0.0,27.05,0.69,0.0,0.0
2019-06-27 04:00:00,160.0,13.83,3.28,26.7,0.62,0.0,0.00016
2019-06-27 05:00:00,4367.0,137.0,12.87,26.18,0.69,0.0,0.004367
2019-06-27 06:00:00,11472.0,315.0,23.08,26.92,0.48,0.0,0.011472
2019-06-27 07:00:00,18653.5,502.0,33.63,29.53,0.48,0.0,0.0186535
2019-06-27 08:00:00,24462.0,671.0,44.18,31.34,0.28,0.0,0.024462
2019-06-27 09:00:00,28737.5,808.0,54.24,33.07,0.34,0.0,0.0287375
2019-06-27 10:00:00,31235.5,896.01,62.86,34.81,0.48,0.0,0.0312355
2019-06-27 11:00:00,32408.5,945.01,67.94,36.38,0.48,0.0,0.0324085
2019-06-27 12:00:00,32030.0,936.01,66.86,37.75,0.62,0.0,0.03203
2019-06-27 13:00:00,29852.0,871.01,60.31,38.8,0.48,0.0,0.029852
2019-06-27 14:00:00,26723.5,772.0,51.06,39.56,0.41,0.0,0.0267235
2019-06-27 15:00:00,21634.0,614.0,40.77,39.94,0.62,0.0,0.021634
2019-06-27 16:00:00,15920.5,450.0,30.18,38.9,0.76,0.0,0.0159205
2019-06-27 17:00:00,8975.0,270.0,19.71,39.71,1.45,0.0,0.008975
2019-06-27 18:00:00,2540.0,93.0,9.67,36.48,1.38,0.0,0.00254
2019-06-27 19:00:00,0.0,0.0,0.0,34.48,1.79,0.0,0.0
2019-06-27 20:00:00,0.0,0.0,0.0,31.21,1.86,0.0,0.0
2019-06-27 21:00:00,0.0,0.0,0.0,29.87,1.59,0.0,0.0
2019-06-27 22:00:00,0.0,0.0,0.0,28.27,1.59,0.0,0.0
2019-06-27 23:00:00,0.0,0.0,0.0,26.84,1.72,0.0,0.0
2019-06-28 00:00:00,0.0,0.0,0.0,25.82,1.79,0.0,0.0
2019-06-28 01:00:00,0.0,0.0,0.0,25.6,1.66,0.0,0.0
2019-06-28 02:00:00,0.0,0.0,0.0,25.65,1.45,0.0,0.0
2019-06-28 03:00:00,0.0,0.0,0.0,26.82,1.17,0.0,0.0
2019-06-28 04:00:00,212.0,15.8,3.22,26.87,0.9,0.0,0.000212
2019-06-28 05:00:00,4963.5,161.0,12.81,26.89,0.41,0.0,0.0049635
2019-06-28 06:00:00,12027.5,334.0,23.02,28.44,0.34,0.0,0.0120275
2019-06-28 07:00:00,18907.0,513.0,33.57,31.27,0.55,0.0,0.018907
2019-06-28 08:00:00,25035.0,680.0,44.11,33.25,1.52,0.0,0.025035
2019-06-28 09:00:00,29673.0,810.0,54.18,34.95,2.69,0.0,0.029673
2019-06-28 10:00:00,32676.5,903.01,62.8,36.07,2.97,0.0,0.0326765
2019-06-28 11:00:00,33751.5,947.01,67.89,37.07,2.62,0.0,0.0337515
2019-06-28 12:00:00,33466.5,938.01,66.84,37.83,2.9,0.0,0.0334665
2019-06-28 13:00:00,31700.0,878.01,60.31,38.16,3.45,0.0,0.0317
2019-06-28 14:00:00,28163.5,775.0,51.07,37.94,3.03,0.0,0.0281635
2019-06-28 15:00:00,22691.0,622.0,40.77,37.7,2.48,0.0,0.022691
2019-06-28 16:00:00,16688.5,459.0,30.19,37.36,3.17,0.0,0.0166885
2019-06-28 17:00:00,9226.5,271.0,19.72,36.65,3.59,0.0,0.0092265
2019-06-28 18:00:00,2504.0,91.0,9.67,34.93,3.1,0.0,0.002504
2019-06-28 19:00:00,0.0,0.0,0.0,33.42,2.55,0.0,0.0
2019-06-28 20:00:00,0.0,0.0,0.0,31.12,3.38,0.0,0.0
2019-06-28 21:00:00,0.0,0.0,0.0,30.12,2.76,0.0,0.0
2019-06-28 22:00:00,0.0,0.0,0.0,29.36,2.69,0.0,0.0
2019-06-28 23:00:00,0.0,0.0,0.0,27.58,4.0,0.0,0.0
2019-06-29 00:00:00,0.0,0.0,0.0,25.55,3.66,0.0,0.0
2019-06-29 01:00:00,0.0,0.0,0.0,25.25,2.28,0.0,0.0
2019-06-29 02:00:00,0.0,0.0,0.0,24.39,1.93,0.0,0.0
2019-06-29 03:00:00,0.0,0.0,0.0,23.96,1.93,0.0,0.0
2019-06-29 04:00:00,137.5,12.83,3.15,24.04,2.07,0.0,0.0001375
2019-06-29 05:00:00,1098.0,42.0,12.74,24.31,2.07,0.0,0.001098
2019-06-29 06:00:00,11169.5,301.0,22.95,24.97,2.21,0.0,0.0111695
2019-06-29 07:00:00,14985.5,390.0,33.5,25.58,2.34,0.0,0.0149855
2019-06-29 08:00:00,24066.5,626.0,44.05,27.06,2.41,0.0,0.0240665
2019-06-29 09:00:00,27234.5,717.0,54.11,28.29,2.55,0.0,0.0272345
2019-06-29 10:00:00,31068.0,828.0,62.74,29.36,2.76,0.0,0.031068
2019-06-29 11:00:00,28967.0,776.0,67.83,30.08,2.62,0.0,0.028967
2019-06-29 12:00:00,33599.0,915.01,66.8,30.96,2.28,0.0,0.033599
2019-06-29 13:00:00,31347.5,856.0,60.3,31.91,1.93,0.0,0.0313475
2019-06-29 14:00:00,27697.0,755.0,51.06,32.66,1.52,0.0,0.027697
2019-06-29 15:00:00,22020.0,596.0,40.78,33.05,1.38,0.0,0.02202
2019-06-29 16:00:00,16019.5,436.0,30.19,33.08,1.59,0.0,0.0160195
2019-06-29 17:00:00,8837.0,256.0,19.72,32.73,1.66,0.0,0.008837
2019-06-29 18:00:00,2384.5,85.0,9.67,31.82,2.0,0.0,0.0023845
2019-06-29 19:00:00,0.0,0.0,0.0,30.32,2.28,0.0,0.0
2019-06-29 20:00:00,0.0,0.0,0.0,28.97,2.07,0.0,0.0
2019-06-29 21:00:00,0.0,0.0,0.0,27.88,1.93,0.0,0.0
2019-06-29 22:00:00,0.0,0.0,0.0,26.66,1.86,0.0,0.0
2019-06-29 23:00:00,0.0,0.0,0.0,25.55,1.72,0.0,0.0
2019-06-30 00:00:00,0.0,0.0,0.0,24.63,1.59,0.0,0.0
2019-06-30 01:00:00,0.0,0.0,0.0,24.21,1.45,0.0,0.0
2019-06-30 02:00:00,0.0,0.0,0.0,23.75,1.45,0.0,0.0
2019-06-30 03:00:00,0.0,0.0,0.0,23.34,1.45,0.0,0.0
2019-06-30 04:00:00,85.5,10.0,3.08,23.03,1.38,0.0,8.55e-05
2019-06-30 05:00:00,4146.5,129.0,12.67,23.62,1.17,0.0,0.0041465
2019-06-30 06:00:00,10284.0,280.0,22.88,26.29,1.52,0.0,0.010284
2019-06-30 07:00:00,18494.0,487.0,33.43,27.24,1.38,0.0,0.018494
2019-06-30 08:00:00,24779.5,658.0,43.97,28.84,1.45,0.0,0.0247795
2019-06-30 09:00:00,29300.0,793.0,54.04,30.16,1.45,0.0,0.0293
2019-06-30 10:00:00,32170.5,890.01,62.66,31.55,1.31,0.0,0.0321705
2019-06-30 11:00:00,33449.5,939.01,67.77,32.5,1.17,0.0,0.0334495
2019-06-30 12:00:00,32631.5,926.01,66.76,33.45,0.83,0.0,0.0326315
2019-06-30 13:00:00,30689.0,866.01,60.28,34.17,0.83,0.0,0.030689
2019-06-30 14:00:00,27072.0,756.0,51.06,34.77,0.76,0.0,0.027072
2019-06-30 15:00:00,16308.0,447.0,40.77,34.93,1.17,0.0,0.016308
2019-06-30 16:00:00,12319.5,340.0,30.19,34.6,1.38,0.0,0.0123195
2019-06-30 17:00:00,5418.0,160.0,19.71,33.59,1.38,0.0,0.005418
2019-06-30 18:00:00,1571.5,58.0,9.66,32.52,1.38,0.0,0.0015715
2019-06-30 19:00:00,0.0,0.0,0.0,31.45,0.9,0.0,0.0
2019-06-30 20:00:00,0.0,0.0,0.0,29.38,1.24,0.0,0.0
2019-06-30 21:00:00,0.0,0.0,0.0,28.0,1.52,0.0,0.0
2019-06-30 22:00:00,0.0,0.0,0.0,27.12,1.52,0.0,0.0
2019-06-30 23:00:00,0.0,0.0,0.0,26.42,1.45,0.0,0.0
2019-07-01 00:00:00,0.0,0.0,0.0,25.63,1.38,0.0,0.0
2019-07-01 01:00:00,0.0,0.0,0.0,25.34,1.24,0.0,0.0
2019-07-01 02:00:00,0.0,0.0,0.0,25.07,1.17,0.0,0.0
2019-07-01 03:00:00,0.0,0.0,0.0,24.99,1.03,0.0,0.0
2019-07-01 04:00:00,107.5,11.0,3.01,25.49,0.9,0.0,0.0001075
2019-07-01 05:00:00,4365.0,139.0,12.59,26.08,0.55,0.0,0.004365
2019-07-01 06:00:00,11402.5,314.0,22.81,27.05,0.55,0.0,0.0114025
2019-07-01 07:00:00,18911.5,497.0,33.35,27.23,1.59,0.0,0.0189115
2019-07-01 08:00:00,24718.0,664.0,43.9,29.13,0.76,0.0,0.024718
2019-07-01 09:00:00,28643.0,801.0,53.96,30.73,0.0,0.0,0.028643
2019-07-01 10:00:00,31899.5,894.01,62.59,31.82,0.76,0.0,0.0318995
2019-07-01 11:00:00,33391.0,943.01,67.7,32.46,0.9,0.0,0.033391
2019-07-01 12:00:00,32637.0,935.01,66.72,33.18,0.41,0.0,0.032637
2019-07-01 13:00:00,31116.0,871.01,60.25,33.92,1.17,0.0,0.031116
2019-07-01 14:00:00,27419.5,744.0,51.05,33.8,2.28,0.0,0.0274195
2019-07-01 15:00:00,21601.0,582.0,40.77,33.48,2.0,0.0,0.021601
2019-07-01 16:00:00,17265.0,469.0,30.18,32.78,1.66,0.0,0.017265
2019-07-01 17:00:00,1400.0,52.0,19.7,32.26,0.21,0.0,0.0014
2019-07-01 18:00:00,1385.5,52.0,9.64,31.47,0.97,0.0,0.0013855
2019-07-01 19:00:00,0.0,0.0,0.0,29.63,0.97,0.0,0.0
2019-07-01 20:00:00,0.0,0.0,0.0,29.95,0.14,0.0,0.0
2019-07-01 21:00:00,0.0,0.0,0.0,29.09,0.28,0.0,0.0
2019-07-01 22:00:00,0.0,0.0,0.0,27.74,0.76,0.0,0.0
2019-07-01 23:00:00,0.0,0.0,0.0,25.51,1.17,0.0,0.0
2019-07-02 00:00:00,0.0,0.0,0.0,26.03,0.83,0.0,0.0
2019-07-02 01:00:00,0.0,0.0,0.0,26.24,0.55,0.0,0.0
2019-07-02 02:00:00,0.0,0.0,0.0,25.76,0.55,0.0,0.0
2019-07-02 03:00:00,0.0,0.0,0.0,24.73,0.9,0.0,0.0
2019-07-02 04:00:00,137.0,12.82,2.92,23.43,1.03,0.0,0.000137
2019-07-02 05:00:00,4670.5,149.0,12.51,23.9,0.9,0.0,0.0046705
2019-07-02 06:00:00,11971.5,328.0,22.73,26.27,0.97,0.0,0.0119715
2019-07-02 07:00:00,19288.0,506.0,33.28,26.41,1.38,0.0,0.019288
2019-07-02 08:00:00,25228.5,672.0,43.82,28.37,1.1,0.0,0.0252285
2019-07-02 09:00:00,29238.0,802.0,53.88,30.21,0.76,0.0,0.029238
2019-07-02 10:00:00,31774.0,900.01,62.51,31.75,0.34,0.0,0.031774
2019-07-02 11:00:00,32824.5,945.01,67.62,32.99,0.28,0.0,0.0328245
2019-07-02 12:00:00,32363.5,932.01,66.66,33.79,0.34,0.0,0.0323635
2019-07-02 13:00:00,30314.0,863.01,60.22,34.37,0.48,0.0,0.030314
2019-07-02 14:00:00,14311.5,393.0,51.03,34.96,1.66,0.0,0.0143115
2019-07-02 15:00:00,9510.5,264.0,40.76,34.52,2.76,0.0,0.0095105
2019-07-02 16:00:00,6387.0,183.0,30.17,32.96,1.31,0.0,0.006387
2019-07-02 17:00:00,4732.0,141.0,19.69,32.67,1.24,0.0,0.004732
2019-07-02 18:00:00,1293.5,49.0,9.63,30.97,1.45,0.0,0.0012935
2019-07-02 19:00:00,0.0,0.0,0.0,30.5,1.03,0.0,0.0
2019-07-02 20:00:00,0.0,0.0,0.0,28.15,1.45,0.0,0.0
2019-07-02 21:00:00,0.0,0.0,0.0,27.19,1.31,0.0,0.0
2019-07-02 22:00:00,0.0,0.0,0.0,26.94,1.17,0.0,0.0
2019-07-02 23:00:00,0.0,0.0,0.0,24.69,1.66,0.0,0.0
2019-07-03 00:00:00,0.0,0.0,0.0,23.8,1.66,0.0,0.0
2019-07-03 01:00:00,0.0,0.0,0.0,22.92,1.72,0.0,0.0
2019-07-03 02:00:00,0.0,0.0,0.0,22.7,1.45,0.0,0.0
2019-07-03 03:00:00,0.0,0.0,0.0,23.07,1.17,0.0,0.0
2019-07-03 04:00:00,162.5,13.8,2.84,23.14,1.1,0.0,0.0001625
2019-07-03 05:00:00,4423.5,141.0,12.43,24.34,0.69,0.0,0.0044235
2019-07-03 06:00:00,11842.0,323.0,22.65,25.46,1.1,0.0,0.011842
2019-07-03 07:00:00,18890.5,502.0,33.19,26.79,0.41,0.0,0.0188905
2019-07-03 08:00:00,24865.0,661.0,43.74,28.49,1.24,0.0,0.024865
2019-07-03 09:00:00,29408.5,789.0,53.8,29.73,1.86,0.0,0.0294085
2019-07-03 10:00:00,31781.5,866.01,62.42,30.61,1.79,0.0,0.0317815
2019-07-03 11:00:00,33527.5,925.01,67.54,31.2,1.66,0.0,0.0335275
2019-07-03 12:00:00,32914.5,912.01,66.6,31.85,1.52,0.0,0.0329145
2019-07-03 13:00:00,30492.5,830.0,60.19,31.92,2.07,0.0,0.0304925
2019-07-03 14:00:00,25349.0,678.0,51.01,31.76,2.48,0.0,0.025349
2019-07-03 15:00:00,17625.5,469.0,40.74,30.51,1.93,0.0,0.0176255
2019-07-03 16:00:00,14019.0,380.0,30.15,30.35,0.62,0.0,0.014019
2019-07-03 17:00:00,8257.0,236.0,19.67,29.59,0.69,0.0,0.008257
2019-07-03 18:00:00,237.5,16.0,9.6,26.36,2.69,0.0,0.0002375
2019-07-03 19:00:00,0.0,0.0,0.0,26.45,2.34,0.0,0.0
2019-07-03 20:00:00,0.0,0.0,0.0,25.69,2.55,0.0,0.0
2019-07-03 21:00:00,0.0,0.0,0.0,24.39,1.1,0.0,0.0
2019-07-03 22:00:00,0.0,0.0,0.0,25.71,0.55,0.0,0.0
2019-07-03 23:00:00,0.0,0.0,0.0,22.73,1.79,0.0,0.0
2019-07-04 00:00:00,0.0,0.0,0.0,22.11,2.0,0.0,0.0
2019-07-04 01:00:00,0.0,0.0,0.0,21.49,1.45,0.0,0.0
2019-07-04 02:00:00,0.0,0.0,0.0,21.02,1.79,0.0,0.0
2019-07-04 03:00:00,0.0,0.0,0.0,20.47,1.45,0.0,0.0
2019-07-04 04:00:00,112.0,11.0,2.75,20.38,1.31,0.0,0.000112
2019-07-04 05:00:00,4736.0,150.0,12.34,20.93,1.31,0.0,0.004736
2019-07-04 06:00:00,12178.0,330.0,22.56,22.66,0.34,0.0,0.012178
2019-07-04 07:00:00,19607.0,508.0,33.11,23.58,1.24,0.0,0.019607
2019-07-04 08:00:00,25785.5,673.0,43.65,25.3,1.45,0.0,0.0257855
2019-07-04 09:00:00,30302.5,808.0,53.71,26.82,1.38,0.0,0.0303025
2019-07-04 10:00:00,32940.5,898.01,62.33,28.29,1.24,0.0,0.0329405
2019-07-04 11:00:00,34585.0,948.01,67.45,29.54,1.66,0.0,0.034585
2019-07-04 12:00:00,34153.5,935.01,66.54,30.31,1.86,0.0,0.0341535
2019-07-04 13:00:00,32014.5,876.01,60.14,30.6,1.52,0.0,0.0320145
2019-07-04 14:00:00,28451.0,773.0,50.98,31.08,1.31,0.0,0.028451
2019-07-04 15:00:00,22956.5,615.0,40.72,31.34,1.59,0.0,0.0229565
2019-07-04 16:00:00,16850.0,451.0,30.13,30.96,2.41,0.0,0.01685
2019-07-04 17:00:00,9730.0,277.0,19.65,29.37,2.69,0.0,0.00973
2019-07-04 18:00:00,2529.0,89.0,9.57,28.53,2.21,0.0,0.002529
2019-07-04 19:00:00,0.0,0.0,0.0,27.62,1.93,0.0,0.0
2019-07-04 20:00:00,0.0,0.0,0.0,26.44,2.14,0.0,0.0
2019-07-04 21:00:00,0.0,0.0,0.0,25.53,2.14,0.0,0.0
2019-07-04 22:00:00,0.0,0.0,0.0,24.5,1.86,0.0,0.0
2019-07-04 23:00:00,0.0,0.0,0.0,23.41,1.72,0.0,0.0
2019-07-05 00:00:00,0.0,0.0,0.0,22.64,1.52,0.0,0.0
2019-07-05 01:00:00,0.0,0.0,0.0,22.15,1.38,0.0,0.0
2019-07-05 02:00:00,0.0,0.0,0.0,21.83,1.38,0.0,0.0
2019-07-05 03:00:00,0.0,0.0,0.0,21.69,1.24,0.0,0.0
2019-07-05 04:00:00,63.5,9.0,2.66,21.65,1.24,0.0,6.35e-05
2019-07-05 05:00:00,4471.5,141.0,12.25,22.2,1.03,0.0,0.0044715
2019-07-05 06:00:00,11794.5,321.0,22.47,24.48,0.76,0.0,0.0117945
2019-07-05 07:00:00,18965.0,503.0,33.02,26.43,0.48,0.0,0.018965
2019-07-05 08:00:00,25145.5,676.0,43.56,28.03,0.48,0.0,0.0251455
2019-07-05 09:00:00,29334.0,807.0,53.62,29.44,0.48,0.0,0.029334
2019-07-05 10:00:00,32155.5,906.01,62.23,30.81,0.41,0.0,0.0321555
2019-07-05 11:00:00,33070.5,952.01,67.36,31.91,0.14,0.0,0.0330705
2019-07-05 12:00:00,32813.5,945.01,66.46,32.98,0.28,0.0,0.0328135
2019-07-05 13:00:00,31443.5,890.01,60.1,33.81,0.76,0.0,0.0314435
2019-07-05 14:00:00,28266.5,786.0,50.94,34.56,1.1,0.0,0.0282665
2019-07-05 15:00:00,22895.5,626.0,40.69,34.64,1.38,0.0,0.0228955
2019-07-05 16:00:00,16827.5,460.0,30.11,34.41,1.93,0.0,0.0168275
2019-07-05 17:00:00,9774.0,284.0,19.62,33.36,2.69,0.0,0.009774
2019-07-05 18:00:00,2685.5,97.0,9.54,31.71,2.9,0.0,0.0026855
2019-07-05 19:00:00,0.0,0.0,0.0,29.94,2.97,0.0,0.0
2019-07-05 20:00:00,0.0,0.0,0.0,28.19,2.83,0.0,0.0
2019-07-05 21:00:00,0.0,0.0,0.0,26.98,2.69,0.0,0.0
2019-07-05 22:00:00,0.0,0.0,0.0,26.29,2.48,0.0,0.0
2019-07-05 23:00:00,0.0,0.0,0.0,25.69,2.48,0.0,0.0
2019-07-06 00:00:00,0.0,0.0,0.0,25.03,2.34,0.0,0.0
2019-07-06 01:00:00,0.0,0.0,0.0,24.53,2.28,0.0,0.0
2019-07-06 02:00:00,0.0,0.0,0.0,24.05,2.0,0.0,0.0
2019-07-06 03:00:00,0.0,0.0,0.0,23.58,1.72,0.0,0.0
2019-07-06 04:00:00,41.5,8.0,2.56,22.91,1.45,0.0,4.15e-05
2019-07-06 05:00:00,4259.5,136.0,12.16,23.17,1.1,0.0,0.0042595
2019-07-06 06:00:00,11361.5,310.0,22.38,25.06,1.03,0.0,0.0113615
2019-07-06 07:00:00,18449.0,485.0,32.93,26.82,1.38,0.0,0.018449
2019-07-06 08:00:00,24678.0,655.0,43.47,28.33,1.24,0.0,0.024678
2019-07-06 09:00:00,29052.0,784.0,53.52,29.39,1.31,0.0,0.029052
2019-07-06 10:00:00,31126.5,852.01,62.13,30.68,1.45,0.0,0.0311265
2019-07-06 11:00:00,32638.0,901.01,67.25,31.79,1.66,0.0,0.032638
2019-07-06 12:00:00,30061.5,821.0,66.38,32.32,2.14,0.0,0.0300615
2019-07-06 13:00:00,26667.0,728.0,60.04,31.98,1.45,0.0,0.026667
2019-07-06 14:00:00,27004.5,731.0,50.9,31.91,1.66,0.0,0.0270045
2019-07-06 15:00:00,22402.5,600.0,40.66,31.75,1.72,0.0,0.0224025
2019-07-06 16:00:00,16299.0,437.0,30.08,31.43,2.55,0.0,0.016299
2019-07-06 17:00:00,9167.5,263.0,19.58,30.89,2.48,0.0,0.0091675
2019-07-06 18:00:00,2684.0,97.0,9.5,29.89,2.76,0.0,0.002684
2019-07-06 19:00:00,0.0,0.0,0.0,28.41,3.45,0.0,0.0
2019-07-06 20:00:00,0.0,0.0,0.0,27.05,3.1,0.0,0.0
2019-07-06 21:00:00,0.0,0.0,0.0,26.01,2.97,0.0,0.0
2019-07-06 22:00:00,0.0,0.0,0.0,25.27,2.55,0.0,0.0
2019-07-06 23:00:00,0.0,0.0,0.0,24.76,1.86,0.0,0.0
2019-07-07 00:00:00,0.0,0.0,0.0,24.11,1.52,0.0,0.0
2019-07-07 01:00:00,0.0,0.0,0.0,23.25,0.9,0.0,0.0
2019-07-07 02:00:00,0.0,0.0,0.0,23.69,0.48,0.0,0.0
2019-07-07 03:00:00,0.0,0.0,0.0,23.55,0.34,0.0,0.0
2019-07-07 04:00:00,0.0,2.0,2.46,23.36,0.34,0.0,0.0
2019-07-07 05:00:00,2821.0,89.0,12.06,22.69,1.24,0.0,0.002821
2019-07-07 06:00:00,4082.0,119.0,22.28,24.29,1.38,0.0,0.004082
2019-07-07 07:00:00,15390.0,404.0,32.83,26.55,1.72,0.0,0.01539
2019-07-07 08:00:00,22031.0,578.0,43.37,28.0,2.07,0.0,0.022031
2019-07-07 09:00:00,29842.0,798.0,53.42,29.6,2.14,0.0,0.029842
2019-07-07 10:00:00,32392.0,887.01,62.02,31.13,1.79,0.0,0.032392
2019-07-07 11:00:00,33913.5,947.01,67.15,32.53,1.52,0.0,0.0339135
2019-07-07 12:00:00,33361.0,930.01,66.29,33.29,1.72,0.0,0.033361
2019-07-07 13:00:00,31660.5,876.01,59.98,33.76,1.86,0.0,0.0316605
2019-07-07 14:00:00,20390.5,552.0,50.86,33.2,1.86,0.0,0.0203905
2019-07-07 15:00:00,9328.0,256.0,40.62,31.27,2.14,0.0,0.009328
2019-07-07 16:00:00,17568.0,469.0,30.04,29.2,1.66,0.0,0.017568
2019-07-07 17:00:00,4657.5,136.0,19.54,28.56,2.97,0.0,0.0046575
2019-07-07 18:00:00,1713.5,61.0,9.45,27.62,2.69,0.0,0.0017135
2019-07-07 19:00:00,0.0,0.0,0.0,26.87,2.62,0.0,0.0
2019-07-07 20:00:00,0.0,0.0,0.0,25.84,1.52,0.0,0.0
2019-07-07 21:00:00,0.0,0.0,0.0,25.02,0.69,0.0,0.0
2019-07-07 22:00:00,0.0,0.0,0.0,25.21,0.41,0.0,0.0
2019-07-07 23:00:00,0.0,0.0,0.0,24.9,0.48,0.0,0.0
2019-07-08 00:00:00,0.0,0.0,0.0,24.56,0.48,0.0,0.0
2019-07-08 01:00:00,0.0,0.0,0.0,22.86,1.24,0.0,0.0
2019-07-08 02:00:00,0.0,0.0,0.0,22.17,1.52,0.0,0.0
2019-07-08 03:00:00,0.0,0.0,0.0,21.81,1.45,0.0,0.0
2019-07-08 04:00:00,0.0,3.0,2.35,21.41,1.66,0.0,0.0
2019-07-08 05:00:00,3704.0,116.0,11.95,22.28,0.97,0.0,0.003704
2019-07-08 06:00:00,11636.5,318.0,22.18,24.33,0.48,0.0,0.0116365
2019-07-08 07:00:00,15234.5,402.0,32.73,25.83,0.69,0.0,0.0152345
2019-07-08 08:00:00,23175.0,619.0,43.27,27.41,0.48,0.0,0.023175
2019-07-08 09:00:00,25759.5,701.0,53.32,28.83,0.41,0.0,0.0257595
2019-07-08 10:00:00,23147.5,632.0,61.91,29.94,0.48,0.0,0.0231475
2019-07-08 11:00:00,33470.0,955.01,67.03,31.0,0.28,0.0,0.03347
2019-07-08 12:00:00,32805.0,938.01,66.2,31.87,0.28,0.0,0.032805
2019-07-08 13:00:00,31541.0,888.01,59.91,32.62,0.69,0.0,0.031541
2019-07-08 14:00:00,28761.0,789.0,50.81,33.1,1.45,0.0,0.028761
2019-07-08 15:00:00,23243.0,624.0,40.57,32.85,2.14,0.0,0.023243
2019-07-08 16:00:00,17005.5,455.0,30.0,31.6,3.03,0.0,0.0170055
2019-07-08 17:00:00,8265.0,235.0,19.5,30.48,3.17,0.0,0.008265
2019-07-08 18:00:00,407.0,22.0,9.4,29.31,2.9,0.0,0.000407
2019-07-08 19:00:00,0.0,0.0,0.0,27.79,3.24,0.0,0.0
2019-07-08 20:00:00,0.0,0.0,0.0,26.6,2.69,0.0,0.0
2019-07-08 21:00:00,0.0,0.0,0.0,25.76,2.07,0.0,0.0
2019-07-08 22:00:00,0.0,0.0,0.0,25.04,1.66,0.0,0.0
2019-07-08 23:00:00,0.0,0.0,0.0,24.32,1.45,0.0,0.0
2019-07-09 00:00:00,0.0,0.0,0.0,23.44,1.17,0.0,0.0
2019-07-09 01:00:00,0.0,0.0,0.0,22.79,1.1,0.0,0.0
2019-07-09 02:00:00,0.0,0.0,0.0,22.91,0.76,0.0,0.0
2019-07-09 03:00:00,0.0,0.0,0.0,23.15,0.41,0.0,0.0
2019-07-09 04:00:00,0.0,0.0,0.0,22.34,0.69,0.0,0.0
2019-07-09 05:00:00,3080.0,97.0,11.85,22.22,1.31,0.0,0.00308
2019-07-09 06:00:00,5363.0,150.0,22.08,22.68,1.52,0.0,0.005363
2019-07-09 07:00:00,9185.5,241.0,32.63,22.12,3.31,0.0,0.0091855
2019-07-09 08:00:00,12728.5,328.0,43.17,22.5,2.97,0.0,0.0127285
2019-07-09 09:00:00,22941.0,590.0,53.21,24.08,2.55,0.0,0.022941
2019-07-09 10:00:00,23622.0,614.0,61.79,24.95,2.28,0.0,0.023622
2019-07-09 11:00:00,11695.0,310.0,66.91,25.66,1.45,0.0,0.011695
2019-07-09 12:00:00,3919.5,116.0,66.1,26.09,0.55,0.0,0.0039195
2019-07-09 13:00:00,8713.0,237.0,59.84,27.03,0.9,0.0,0.008713
2019-07-09 14:00:00,28801.0,770.0,50.75,27.88,1.24,0.0,0.028801
2019-07-09 15:00:00,22207.0,589.0,40.53,28.02,0.97,0.0,0.022207
2019-07-09 16:00:00,16176.5,433.0,29.95,27.85,0.62,0.0,0.0161765
2019-07-09 17:00:00,9508.0,271.0,19.45,27.2,0.83,0.0,0.009508
2019-07-09 18:00:00,1965.5,69.0,9.34,26.21,1.79,0.0,0.0019655
2019-07-09 19:00:00,0.0,0.0,0.0,24.07,2.07,0.0,0.0
2019-07-09 20:00:00,0.0,0.0,0.0,23.32,2.62,0.0,0.0
2019-07-09 21:00:00,0.0,0.0,0.0,22.76,1.45,0.0,0.0
2019-07-09 22:00:00,0.0,0.0,0.0,22.44,1.31,0.0,0.0
2019-07-09 23:00:00,0.0,0.0,0.0,21.97,1.86,0.0,0.0
2019-07-10 00:00:00,0.0,0.0,0.0,21.35,2.07,0.0,0.0
2019-07-10 01:00:00,0.0,0.0,0.0,20.86,1.66,0.0,0.0
2019-07-10 02:00:00,0.0,0.0,0.0,20.44,1.59,0.0,0.0
2019-07-10 03:00:00,0.0,0.0,0.0,20.13,1.31,0.0,0.0
2019-07-10 04:00:00,0.0,0.0,0.0,19.78,1.38,0.0,0.0
2019-07-10 05:00:00,1866.5,62.0,11.74,19.65,1.72,0.0,0.0018665
2019-07-10 06:00:00,3977.0,114.0,21.98,19.75,2.21,0.0,0.003977
2019-07-10 07:00:00,9452.0,247.0,32.53,20.86,2.07,0.0,0.009452
2019-07-10 08:00:00,12837.0,332.0,43.06,22.1,1.72,0.0,0.012837
2019-07-10 09:00:00,21528.5,555.0,53.1,23.31,1.86,0.0,0.0215285
2019-07-10 10:00:00,16903.5,439.0,61.67,24.14,1.86,0.0,0.0169035
2019-07-10 11:00:00,29660.0,781.0,66.79,25.26,2.07,0.0,0.02966
2019-07-10 12:00:00,31198.5,824.0,65.99,26.0,2.28,0.0,0.0311985
2019-07-10 13:00:00,27907.0,735.0,59.76,26.92,2.28,0.0,0.027907
2019-07-10 14:00:00,26460.0,694.0,50.69,27.7,2.41,0.0,0.02646
2019-07-10 15:00:00,20433.5,534.0,40.47,27.83,2.28,0.0,0.0204335
2019-07-10 16:00:00,15138.5,400.0,29.9,27.73,2.21,0.0,0.0151385
2019-07-10 17:00:00,9476.5,268.0,19.39,27.32,2.48,0.0,0.0094765
2019-07-10 18:00:00,2466.5,87.0,9.28,26.54,2.28,0.0,0.0024665
2019-07-10 19:00:00,0.0,0.0,0.0,25.9,2.41,0.0,0.0
2019-07-10 20:00:00,0.0,0.0,0.0,24.86,2.34,0.0,0.0
2019-07-10 21:00:00,0.0,0.0,0.0,23.87,2.28,0.0,0.0
2019-07-10 22:00:00,0.0,0.0,0.0,23.1,2.21,0.0,0.0
2019-07-10 23:00:00,0.0,0.0,0.0,22.53,2.14,0.0,0.0
2019-07-11 00:00:00,0.0,0.0,0.0,22.05,2.0,0.0,0.0
2019-07-11 01:00:00,0.0,0.0,0.0,21.84,1.93,0.0,0.0
2019-07-11 02:00:00,0.0,0.0,0.0,21.51,1.79,0.0,0.0
2019-07-11 03:00:00,0.0,0.0,0.0,21.33,1.86,0.0,0.0
2019-07-11 04:00:00,0.0,0.0,0.0,21.21,1.86,0.0,0.0
2019-07-11 05:00:00,1080.5,41.0,11.63,21.04,1.93,0.0,0.0010805
2019-07-11 06:00:00,4032.0,116.0,21.87,21.0,1.93,0.0,0.004032
2019-07-11 07:00:00,7423.0,199.0,32.42,22.01,2.07,0.0,0.007423
2019-07-11 08:00:00,17819.0,457.0,42.95,22.99,2.0,0.0,0.017819
2019-07-11 09:00:00,12469.0,324.0,52.98,23.04,2.21,0.0,0.012469
2019-07-11 10:00:00,13647.5,354.0,61.54,23.03,2.0,0.0,0.0136475
2019-07-11 11:00:00,15288.0,397.0,66.65,23.37,1.66,0.0,0.015288
2019-07-11 12:00:00,13737.0,360.0,65.88,24.15,1.24,0.0,0.013737
2019-07-11 13:00:00,14349.0,378.0,59.67,24.78,0.76,0.0,0.014349
2019-07-11 14:00:00,13304.0,352.0,50.62,25.77,0.9,0.0,0.013304
2019-07-11 15:00:00,8364.5,227.0,40.41,25.98,0.9,0.0,0.0083645
2019-07-11 16:00:00,2389.0,77.0,29.84,26.34,0.69,0.0,0.002389
2019-07-11 17:00:00,5683.5,162.0,19.33,26.09,0.83,0.0,0.0056835
2019-07-11 18:00:00,1114.0,43.0,9.21,25.5,0.9,0.0,0.001114
2019-07-11 19:00:00,0.0,0.0,0.0,24.49,1.03,0.0,0.0
2019-07-11 20:00:00,0.0,0.0,0.0,23.67,0.9,0.0,0.0
2019-07-11 21:00:00,0.0,0.0,0.0,22.59,1.03,0.0,0.0
2019-07-11 22:00:00,0.0,0.0,0.0,21.39,1.31,0.0,0.0
2019-07-11 23:00:00,0.0,0.0,0.0,21.15,1.17,0.0,0.0
2019-07-12 00:00:00,0.0,0.0,0.0,21.12,0.9,0.0,0.0
2019-07-12 01:00:00,0.0,0.0,0.0,20.96,0.9,0.0,0.0
2019-07-12 02:00:00,0.0,0.0,0.0,20.37,1.03,0.0,0.0
2019-07-12 03:00:00,0.0,0.0,0.0,20.04,0.97,0.0,0.0
2019-07-12 04:00:00,0.0,0.0,0.0,20.04,0.9,0.0,0.0
2019-07-12 05:00:00,1712.5,58.0,11.51,20.29,0.69,0.0,0.0017125
2019-07-12 06:00:00,9741.0,262.0,21.75,21.59,0.9,0.0,0.009741
2019-07-12 07:00:00,18272.0,474.0,32.31,22.3,0.62,0.0,0.018272
2019-07-12 08:00:00,24477.5,643.0,42.84,23.74,0.41,0.0,0.0244775
2019-07-12 09:00:00,29029.0,780.0,52.86,25.21,0.41,0.0,0.029029
2019-07-12 10:00:00,32100.0,879.01,61.41,26.37,0.48,0.0,0.0321
2019-07-12 11:00:00,33731.0,930.01,66.52,27.42,0.76,0.0,0.033731
2019-07-12 12:00:00,33479.0,923.01,65.76,28.53,0.97,0.0,0.033479
2019-07-12 13:00:00,31739.0,870.01,59.58,29.28,1.03,0.0,0.031739
2019-07-12 14:00:00,28157.5,764.0,50.55,30.23,1.1,0.0,0.0281575
2019-07-12 15:00:00,22911.5,617.0,40.35,30.54,0.9,0.0,0.0229115
2019-07-12 16:00:00,16587.0,448.0,29.77,30.59,1.17,0.0,0.016587
2019-07-12 17:00:00,9575.5,276.0,19.26,30.09,1.86,0.0,0.0095755
2019-07-12 18:00:00,2470.5,89.0,9.14,28.73,1.93,0.0,0.0024705
2019-07-12 19:00:00,0.0,0.0,0.0,26.96,2.14,0.0,0.0
2019-07-12 20:00:00,0.0,0.0,0.0,25.48,1.86,0.0,0.0
2019-07-12 21:00:00,0.0,0.0,0.0,23.97,1.66,0.0,0.0
2019-07-12 22:00:00,0.0,0.0,0.0,23.42,0.97,0.0,0.0
2019-07-12 23:00:00,0.0,0.0,0.0,23.78,0.41,0.0,0.0
2019-07-13 00:00:00,0.0,0.0,0.0,23.24,0.48,0.0,0.0
2019-07-13 01:00:00,0.0,0.0,0.0,21.68,1.03,0.0,0.0
2019-07-13 02:00:00,0.0,0.0,0.0,20.05,1.59,0.0,0.0
2019-07-13 03:00:00,0.0,0.0,0.0,19.68,1.45,0.0,0.0
2019-07-13 04:00:00,0.0,0.0,0.0,20.15,1.03,0.0,0.0
2019-07-13 05:00:00,4105.0,132.0,11.39,19.85,0.69,0.0,0.004105
2019-07-13 06:00:00,11408.0,308.0,21.64,21.57,0.9,0.0,0.011408
2019-07-13 07:00:00,18803.5,490.0,32.2,23.25,0.69,0.0,0.0188035
2019-07-13 08:00:00,24984.5,658.0,42.73,25.16,0.76,0.0,0.0249845
2019-07-13 09:00:00,29628.5,794.0,52.74,26.79,1.03,0.0,0.0296285
2019-07-13 10:00:00,33172.5,899.01,61.27,28.1,1.52,0.0,0.0331725
2019-07-13 11:00:00,34514.0,946.01,66.37,28.76,1.45,0.0,0.034514
2019-07-13 12:00:00,33566.5,925.01,65.63,29.43,1.24,0.0,0.0335665
2019-07-13 13:00:00,32145.5,881.01,59.48,30.03,1.31,0.0,0.0321455
2019-07-13 14:00:00,28420.5,766.0,50.47,30.51,1.66,0.0,0.0284205
2019-07-13 15:00:00,23324.5,621.0,40.28,30.62,1.86,0.0,0.0233245
2019-07-13 16:00:00,16740.0,449.0,29.7,30.54,2.0,0.0,0.01674
2019-07-13 17:00:00,9660.0,278.0,19.19,29.92,2.21,0.0,0.00966
2019-07-13 18:00:00,2504.0,91.0,9.06,28.94,2.34,0.0,0.002504
2019-07-13 19:00:00,0.0,0.0,0.0,27.2,1.59,0.0,0.0
2019-07-13 20:00:00,0.0,0.0,0.0,25.15,1.66,0.0,0.0
2019-07-13 21:00:00,0.0,0.0,0.0,24.14,1.66,0.0,0.0
2019-07-13 22:00:00,0.0,0.0,0.0,22.99,2.14,0.0,0.0
2019-07-13 23:00:00,0.0,0.0,0.0,23.41,2.69,0.0,0.0
2019-07-14 00:00:00,0.0,0.0,0.0,23.12,3.03,0.0,0.0
2019-07-14 01:00:00,0.0,0.0,0.0,22.68,2.76,0.0,0.0
2019-07-14 02:00:00,0.0,0.0,0.0,22.32,2.41,0.0,0.0
2019-07-14 03:00:00,0.0,0.0,0.0,22.05,2.48,0.0,0.0
2019-07-14 04:00:00,0.0,0.0,0.0,21.75,2.34,0.0,0.0
2019-07-14 05:00:00,3388.5,108.0,11.27,21.36,2.34,0.0,0.0033885
2019-07-14 06:00:00,8268.0,222.0,21.52,21.45,2.55,0.0,0.008268
2019-07-14 07:00:00,10185.0,267.0,32.08,21.64,1.03,0.0,0.010185
2019-07-14 08:00:00,23284.0,601.0,42.61,22.68,1.1,0.0,0.023284
2019-07-14 09:00:00,29498.0,773.0,52.61,23.47,1.24,0.0,0.029498
2019-07-14 10:00:00,32506.5,866.01,61.13,24.42,1.24,0.0,0.0325065
2019-07-14 11:00:00,27886.0,735.0,66.22,24.72,1.59,0.0,0.027886
2019-07-14 12:00:00,28138.0,740.0,65.5,25.37,2.0,0.0,0.028138
2019-07-14 13:00:00,28106.5,739.0,59.38,26.05,2.07,0.0,0.0281065
2019-07-14 14:00:00,26022.0,685.0,50.38,26.52,1.59,0.0,0.026022
2019-07-14 15:00:00,12872.5,341.0,40.2,26.88,1.38,0.0,0.0128725
2019-07-14 16:00:00,3875.5,115.0,29.63,26.67,1.24,0.0,0.0038755
2019-07-14 17:00:00,805.5,34.0,19.11,26.42,0.69,0.0,0.0008055
2019-07-14 18:00:00,447.0,23.0,8.98,25.49,0.41,0.0,0.000447
2019-07-14 19:00:00,0.0,0.0,0.0,22.48,2.0,0.0,0.0
2019-07-14 20:00:00,0.0,0.0,0.0,21.46,2.14,0.0,0.0
2019-07-14 21:00:00,0.0,0.0,0.0,20.49,2.14,0.0,0.0
2019-07-14 22:00:00,0.0,0.0,0.0,19.76,2.48,0.0,0.0
2019-07-14 23:00:00,0.0,0.0,0.0,18.97,3.03,0.0,0.0
2019-07-15 00:00:00,0.0,0.0,0.0,18.45,3.59,0.0,0.0
2019-07-15 01:00:00,0.0,0.0,0.0,17.81,3.72,0.0,0.0
2019-07-15 02:00:00,0.0,0.0,0.0,17.44,3.72,0.0,0.0
2019-07-15 03:00:00,0.0,0.0,0.0,17.3,3.72,0.0,0.0
2019-07-15 04:00:00,0.0,0.0,0.0,17.13,4.21,0.0,0.0
2019-07-15 05:00:00,140.5,12.0,11.14,17.1,5.45,0.0,0.0001405
2019-07-15 06:00:00,605.5,27.0,21.4,16.68,6.07,0.0,0.0006055
2019-07-15 07:00:00,1570.0,53.0,31.96,16.22,6.9,0.0,0.00157
2019-07-15 08:00:00,4421.0,122.0,42.49,15.71,7.17,0.0,0.004421
2019-07-15 09:00:00,3574.5,102.0,52.48,15.65,6.34,0.0,0.0035745
2019-07-15 10:00:00,3109.5,91.0,60.99,15.91,5.59,0.0,0.0031095
2019-07-15 11:00:00,4821.5,132.0,66.07,16.41,5.17,0.0,0.0048215
2019-07-15 12:00:00,5280.0,143.0,65.35,16.57,4.55,0.0,0.00528
2019-07-15 13:00:00,6481.0,172.0,59.27,17.35,3.79,0.0,0.006481
2019-07-15 14:00:00,3940.0,112.0,50.29,17.82,3.1,0.0,0.00394
2019-07-15 15:00:00,4058.5,115.0,40.12,17.91,2.41,0.0,0.0040585
2019-07-15 16:00:00,8717.5,227.0,29.55,18.74,2.34,0.0,0.0087175
2019-07-15 17:00:00,9019.0,246.0,19.03,19.4,1.93,0.0,0.009019
2019-07-15 18:00:00,2430.0,85.0,8.89,19.57,1.66,0.0,0.00243
2019-07-15 19:00:00,0.0,0.0,0.0,18.73,1.93,0.0,0.0
2019-07-15 20:00:00,0.0,0.0,0.0,17.93,2.0,0.0,0.0
2019-07-15 21:00:00,0.0,0.0,0.0,17.4,1.79,0.0,0.0
2019-07-15 22:00:00,0.0,0.0,0.0,16.53,1.66,0.0,0.0
2019-07-15 23:00:00,0.0,0.0,0.0,15.64,1.59,0.0,0.0
2019-07-16 00:00:00,0.0,0.0,0.0,15.05,1.52,0.0,0.0
2019-07-16 01:00:00,0.0,0.0,0.0,14.68,1.52,0.0,0.0
2019-07-16 02:00:00,0.0,0.0,0.0,14.4,1.45,0.0,0.0
2019-07-16 03:00:00,0.0,0.0,0.0,14.27,1.38,0.0,0.0
2019-07-16 04:00:00,0.0,0.0,0.0,14.07,1.31,0.0,0.0
2019-07-16 05:00:00,4218.5,137.0,11.02,14.77,1.03,0.0,0.0042185
2019-07-16 06:00:00,12075.0,322.0,21.28,17.47,0.76,0.0,0.012075
2019-07-16 07:00:00,19698.0,505.0,31.84,19.71,0.69,0.0,0.019698
2019-07-16 08:00:00,25822.0,672.0,42.36,21.73,0.48,0.0,0.025822
2019-07-16 09:00:00,29920.5,805.0,52.35,23.41,0.07,0.0,0.0299205
2019-07-16 10:00:00,33286.0,907.01,60.84,24.8,0.48,0.0,0.033286
2019-07-16 11:00:00,34846.5,956.01,65.91,25.86,0.76,0.0,0.0348465
2019-07-16 12:00:00,34154.0,934.01,65.21,26.66,0.97,0.0,0.034154
2019-07-16 13:00:00,32696.0,885.01,59.15,27.29,1.24,0.0,0.032696
2019-07-16 14:00:00,28920.0,773.0,50.2,27.76,1.31,0.0,0.02892
2019-07-16 15:00:00,23839.5,630.0,40.03,27.93,1.38,0.0,0.0238395
2019-07-16 16:00:00,17149.0,457.0,29.46,27.81,1.24,0.0,0.017149
2019-07-16 17:00:00,9867.5,283.0,18.94,27.27,1.45,0.0,0.0098675
2019-07-16 18:00:00,2623.5,98.0,8.79,26.05,1.66,0.0,0.0026235
2019-07-16 19:00:00,0.0,0.0,0.0,24.19,1.66,0.0,0.0
2019-07-16 20:00:00,0.0,0.0,0.0,22.11,1.52,0.0,0.0
2019-07-16 21:00:00,0.0,0.0,0.0,21.91,1.1,0.0,0.0
2019-07-16 22:00:00,0.0,0.0,0.0,22.66,0.69,0.0,0.0
2019-07-16 23:00:00,0.0,0.0,0.0,22.27,0.28,0.0,0.0
2019-07-17 00:00:00,0.0,0.0,0.0,21.61,0.28,0.0,0.0
2019-07-17 01:00:00,0.0,0.0,0.0,21.05,0.55,0.0,0.0
2019-07-17 02:00:00,0.0,0.0,0.0,20.33,0.62,0.0,0.0
2019-07-17 03:00:00,0.0,0.0,0.0,19.79,0.69,0.0,0.0
2019-07-17 04:00:00,0.0,0.0,0.0,19.34,0.69,0.0,0.0
2019-07-17 05:00:00,4101.0,138.0,10.89,19.41,0.48,0.0,0.004101
2019-07-17 06:00:00,11548.5,313.0,21.15,20.04,0.28,0.0,0.0115485
2019-07-17 07:00:00,18887.5,493.0,31.72,22.71,0.41,0.0,0.0188875
2019-07-17 08:00:00,24872.0,658.0,42.23,24.19,0.21,0.0,0.024872
2019-07-17 09:00:00,29342.0,792.0,52.21,25.29,0.28,0.0,0.029342
2019-07-17 10:00:00,32593.5,893.01,60.69,26.52,0.55,0.0,0.0325935
2019-07-17 11:00:00,33439.0,921.01,65.74,27.37,0.76,0.0,0.033439
2019-07-17 12:00:00,31426.0,856.01,65.05,28.12,1.17,0.0,0.031426
2019-07-17 13:00:00,30945.0,838.01,59.02,28.62,1.38,0.0,0.030945
2019-07-17 14:00:00,26967.5,720.0,50.09,28.75,1.52,0.0,0.0269675
2019-07-17 15:00:00,22949.0,606.0,39.94,28.58,1.66,0.0,0.022949
2019-07-17 16:00:00,14812.0,394.0,29.37,27.94,1.59,0.0,0.014812
2019-07-17 17:00:00,7343.5,208.0,18.85,26.72,0.97,0.0,0.0073435
2019-07-17 18:00:00,2402.0,88.0,8.69,26.02,1.03,0.0,0.002402
2019-07-17 19:00:00,0.0,0.0,0.0,24.04,1.59,0.0,0.0
2019-07-17 20:00:00,0.0,0.0,0.0,22.08,1.59,0.0,0.0
2019-07-17 21:00:00,0.0,0.0,0.0,21.0,1.45,0.0,0.0
2019-07-17 22:00:00,0.0,0.0,0.0,20.18,1.38,0.0,0.0
2019-07-17 23:00:00,0.0,0.0,0.0,19.65,1.38,0.0,0.0
2019-07-18 00:00:00,0.0,0.0,0.0,18.93,1.38,0.0,0.0
2019-07-18 01:00:00,0.0,0.0,0.0,18.5,1.45,0.0,0.0
2019-07-18 02:00:00,0.0,0.0,0.0,18.3,1.38,0.0,0.0
2019-07-18 03:00:00,0.0,0.0,0.0,18.29,1.38,0.0,0.0
2019-07-18 04:00:00,0.0,0.0,0.0,18.37,1.24,0.0,0.0
2019-07-18 05:00:00,3891.5,130.0,10.75,19.04,0.97,0.0,0.0038915
2019-07-18 06:00:00,9977.0,270.0,21.02,20.88,0.55,0.0,0.009977
2019-07-18 07:00:00,17907.0,468.0,31.59,22.94,0.34,0.0,0.017907
2019-07-18 08:00:00,23571.5,618.0,42.1,24.15,0.55,0.0,0.0235715
2019-07-18 09:00:00,28443.5,750.0,52.07,25.03,1.24,0.0,0.0284435
2019-07-18 10:00:00,32285.0,856.01,60.53,25.95,1.93,0.0,0.032285
2019-07-18 11:00:00,33886.0,903.01,65.57,26.4,2.14,0.0,0.033886
2019-07-18 12:00:00,31874.0,849.01,64.89,26.46,1.93,0.0,0.031874
2019-07-18 13:00:00,31110.5,826.01,58.89,26.76,1.93,0.0,0.0311105
2019-07-18 14:00:00,26598.5,701.0,49.98,26.86,1.66,0.0,0.0265985
2019-07-18 15:00:00,18704.5,490.0,39.84,26.8,1.52,0.0,0.0187045
2019-07-18 16:00:00,15212.5,403.0,29.28,26.81,1.38,0.0,0.0152125
2019-07-18 17:00:00,6825.5,194.0,18.75,26.61,0.83,0.0,0.0068255
2019-07-18 18:00:00,2346.5,87.0,8.58,25.68,0.69,0.0,0.0023465
2019-07-18 19:00:00,0.0,0.0,0.0,24.35,1.79,0.0,0.0
2019-07-18 20:00:00,0.0,0.0,0.0,23.02,1.45,0.0,0.0
2019-07-18 21:00:00,0.0,0.0,0.0,21.94,1.38,0.0,0.0
2019-07-18 22:00:00,0.0,0.0,0.0,21.41,1.59,0.0,0.0
2019-07-18 23:00:00,0.0,0.0,0.0,20.51,1.72,0.0,0.0
2019-07-19 00:00:00,0.0,0.0,0.0,19.74,1.52,0.0,0.0
2019-07-19 01:00:00,0.0,0.0,0.0,19.56,1.24,0.0,0.0
2019-07-19 02:00:00,0.0,0.0,0.0,19.19,1.17,0.0,0.0
2019-07-19 03:00:00,0.0,0.0,0.0,19.1,1.03,0.0,0.0
2019-07-19 04:00:00,0.0,0.0,0.0,19.09,0.97,0.0,0.0
2019-07-19 05:00:00,1997.0,66.0,10.61,19.52,0.76,0.0,0.001997
2019-07-19 06:00:00,8639.0,234.0,20.89,20.98,0.62,0.0,0.008639
2019-07-19 07:00:00,16610.5,429.0,31.46,22.43,1.24,0.0,0.0166105
2019-07-19 08:00:00,23747.5,611.0,41.97,22.95,1.45,0.0,0.0237475
2019-07-19 09:00:00,28676.5,755.0,51.93,24.11,1.03,0.0,0.0286765
2019-07-19 10:00:00,31401.5,848.01,60.37,25.11,0.62,0.0,0.0314015
2019-07-19 11:00:00,31755.0,871.01,65.39,26.25,0.41,0.0,0.031755
2019-07-19 12:00:00,32146.0,889.01,64.73,26.87,0.28,0.0,0.032146
2019-07-19 13:00:00,30629.5,842.01,58.76,27.64,0.34,0.0,0.0306295
2019-07-19 14:00:00,27069.5,734.0,49.87,28.21,0.41,0.0,0.0270695
2019-07-19 15:00:00,22175.0,599.0,39.73,28.57,0.0,0.0,0.022175
2019-07-19 16:00:00,15640.0,423.0,29.17,28.46,0.14,0.0,0.01564
2019-07-19 17:00:00,8690.5,250.0,18.64,27.74,0.9,0.0,0.0086905
2019-07-19 18:00:00,2351.0,89.0,8.47,26.62,0.69,0.0,0.002351
2019-07-19 19:00:00,0.0,0.0,0.0,26.4,0.41,0.0,0.0
2019-07-19 20:00:00,0.0,0.0,0.0,25.46,0.34,0.0,0.0
2019-07-19 21:00:00,0.0,0.0,0.0,24.67,0.48,0.0,0.0
2019-07-19 22:00:00,0.0,0.0,0.0,23.95,0.55,0.0,0.0
2019-07-19 23:00:00,0.0,0.0,0.0,23.26,0.69,0.0,0.0
2019-07-20 00:00:00,0.0,0.0,0.0,22.22,0.83,0.0,0.0
2019-07-20 01:00:00,0.0,0.0,0.0,21.51,0.9,0.0,0.0
2019-07-20 02:00:00,0.0,0.0,0.0,20.64,1.03,0.0,0.0
2019-07-20 03:00:00,0.0,0.0,0.0,20.11,1.1,0.0,0.0
2019-07-20 04:00:00,0.0,0.0,0.0,19.73,1.1,0.0,0.0
2019-07-20 05:00:00,3082.5,101.0,10.48,20.19,0.97,0.0,0.0030825
2019-07-20 06:00:00,7496.0,205.0,20.76,22.17,0.83,0.0,0.007496
2019-07-20 07:00:00,17579.5,456.0,31.33,23.07,1.1,0.0,0.0175795
2019-07-20 08:00:00,23584.5,615.0,41.84,24.46,0.97,0.0,0.0235845
2019-07-20 09:00:00,26454.5,704.0,51.78,25.29,0.55,0.0,0.0264545
2019-07-20 10:00:00,30307.0,832.01,60.2,26.5,0.14,0.0,0.030307
2019-07-20 11:00:00,32123.0,892.01,65.21,27.28,0.21,0.0,0.032123
2019-07-20 12:00:00,32351.5,887.01,64.56,28.13,0.9,0.0,0.0323515
2019-07-20 13:00:00,29190.5,790.0,58.61,28.81,1.17,0.0,0.0291905
2019-07-20 14:00:00,22699.0,606.0,49.75,29.16,1.24,0.0,0.022699
2019-07-20 15:00:00,22556.0,600.0,39.62,29.32,1.24,0.0,0.022556
2019-07-20 16:00:00,15551.0,418.0,29.07,29.05,1.03,0.0,0.015551
2019-07-20 17:00:00,8287.5,239.0,18.53,28.4,1.17,0.0,0.0082875
2019-07-20 18:00:00,2345.5,91.0,8.35,27.07,0.9,0.0,0.0023455
2019-07-20 19:00:00,0.0,0.0,0.0,26.01,1.45,0.0,0.0
2019-07-20 20:00:00,0.0,0.0,0.0,24.15,1.31,0.0,0.0
2019-07-20 21:00:00,0.0,0.0,0.0,22.92,1.45,0.0,0.0
2019-07-20 22:00:00,0.0,0.0,0.0,22.59,1.31,0.0,0.0
2019-07-20 23:00:00,0.0,0.0,0.0,22.26,1.17,0.0,0.0
2019-07-21 00:00:00,0.0,0.0,0.0,21.41,1.52,0.0,0.0
2019-07-21 01:00:00,0.0,0.0,0.0,21.08,1.66,0.0,0.0
2019-07-21 02:00:00,0.0,0.0,0.0,20.55,1.66,0.0,0.0
2019-07-21 03:00:00,0.0,0.0,0.0,20.43,1.38,0.0,0.0
2019-07-21 04:00:00,0.0,0.0,0.0,20.61,1.1,0.0,0.0
2019-07-21 05:00:00,724.5,31.0,10.33,21.31,0.83,0.0,0.0007245
2019-07-21 06:00:00,5051.5,143.0,20.62,22.92,0.76,0.0,0.0050515
2019-07-21 07:00:00,16797.0,440.0,31.19,24.19,0.69,0.0,0.016797
2019-07-21 08:00:00,23081.5,608.0,41.7,25.56,0.62,0.0,0.0230815
2019-07-21 09:00:00,27995.0,756.0,51.63,26.98,0.41,0.0,0.027995
2019-07-21 10:00:00,30990.0,851.01,60.03,28.17,0.55,0.0,0.03099
2019-07-21 11:00:00,31554.0,873.01,65.02,29.27,0.69,0.0,0.031554
2019-07-21 12:00:00,29902.5,826.01,64.38,30.42,0.83,0.0,0.0299025
2019-07-21 13:00:00,28517.0,791.0,58.46,31.05,0.48,0.0,0.028517
2019-07-21 14:00:00,26040.0,715.0,49.62,31.34,0.48,0.0,0.02604
2019-07-21 15:00:00,21181.0,574.0,39.51,31.48,0.62,0.0,0.021181
2019-07-21 16:00:00,15328.5,417.0,28.95,31.25,0.97,0.0,0.0153285
2019-07-21 17:00:00,8461.5,247.0,18.42,30.39,1.59,0.0,0.0084615
2019-07-21 18:00:00,2203.5,85.0,8.23,28.81,1.86,0.0,0.0022035
2019-07-21 19:00:00,0.0,0.0,0.0,27.16,2.62,0.0,0.0
2019-07-21 20:00:00,0.0,0.0,0.0,25.69,2.41,0.0,0.0
2019-07-21 21:00:00,0.0,0.0,0.0,24.76,1.79,0.0,0.0
2019-07-21 22:00:00,0.0,0.0,0.0,23.88,1.31,0.0,0.0
2019-07-21 23:00:00,0.0,0.0,0.0,23.08,1.31,0.0,0.0
2019-07-22 00:00:00,0.0,0.0,0.0,22.52,1.38,0.0,0.0
2019-07-22 01:00:00,0.0,0.0,0.0,22.56,1.1,0.0,0.0
2019-07-22 02:00:00,0.0,0.0,0.0,23.11,0.83,0.0,0.0
2019-07-22 03:00:00,0.0,0.0,0.0,22.3,1.03,0.0,0.0
2019-07-22 04:00:00,0.0,0.0,0.0,21.85,1.1,0.0,0.0
2019-07-22 05:00:00,1847.0,63.0,10.19,22.71,0.69,0.0,0.001847
2019-07-22 06:00:00,8256.5,228.0,20.48,24.0,0.48,0.0,0.0082565
2019-07-22 07:00:00,14186.5,372.0,31.06,24.92,1.24,0.0,0.0141865
2019-07-22 08:00:00,22456.0,590.0,41.56,26.27,1.03,0.0,0.022456
2019-07-22 09:00:00,27817.5,746.0,51.48,27.75,0.97,0.0,0.0278175
2019-07-22 10:00:00,30421.0,831.01,59.86,28.85,0.9,0.0,0.030421
2019-07-22 11:00:00,31027.0,858.01,64.82,29.98,0.83,0.0,0.031027
2019-07-22 12:00:00,29829.5,829.01,64.19,30.96,0.69,0.0,0.0298295
2019-07-22 13:00:00,27226.5,758.0,58.31,31.73,0.34,0.0,0.0272265
2019-07-22 14:00:00,25487.5,710.0,49.49,32.21,0.0,0.0,0.0254875
2019-07-22 15:00:00,20887.0,569.0,39.38,32.5,0.62,0.0,0.020887
2019-07-22 16:00:00,13434.0,368.0,28.83,32.43,0.97,0.0,0.013434
2019-07-22 17:00:00,7064.5,207.0,18.29,31.97,1.24,0.0,0.0070645
2019-07-22 18:00:00,1011.5,41.0,8.1,30.84,1.59,0.0,0.0010115
2019-07-22 19:00:00,0.0,0.0,0.0,29.05,1.72,0.0,0.0
2019-07-22 20:00:00,0.0,0.0,0.0,27.73,1.66,0.0,0.0
2019-07-22 21:00:00,0.0,0.0,0.0,26.47,1.66,0.0,0.0
2019-07-22 22:00:00,0.0,0.0,0.0,25.5,1.59,0.0,0.0
2019-07-22 23:00:00,0.0,0.0,0.0,24.72,1.52,0.0,0.0
2019-07-23 00:00:00,0.0,0.0,0.0,24.02,1.52,0.0,0.0
2019-07-23 01:00:00,0.0,0.0,0.0,23.54,1.38,0.0,0.0
2019-07-23 02:00:00,0.0,0.0,0.0,23.18,1.24,0.0,0.0
2019-07-23 03:00:00,0.0,0.0,0.0,22.83,1.17,0.0,0.0
2019-07-23 04:00:00,0.0,0.0,0.0,22.81,1.03,0.0,0.0
2019-07-23 05:00:00,2640.5,89.0,10.04,23.56,0.76,0.0,0.0026405
2019-07-23 06:00:00,9086.5,253.0,20.34,25.27,0.48,0.0,0.0090865
2019-07-23 07:00:00,16699.5,445.0,30.92,27.36,0.62,0.0,0.0166995
2019-07-23 08:00:00,23181.0,618.0,41.41,28.84,0.97,0.0,0.023181
2019-07-23 09:00:00,27717.0,752.0,51.32,29.99,0.97,0.0,0.027717
2019-07-23 10:00:00,30361.5,838.01,59.68,31.05,0.97,0.0,0.0303615
2019-07-23 11:00:00,31129.0,869.01,64.63,31.93,0.9,0.0,0.031129
2019-07-23 12:00:00,31310.5,884.01,64.0,32.71,0.62,0.0,0.0313105
2019-07-23 13:00:00,29810.5,845.01,58.14,33.31,0.28,0.0,0.0298105
2019-07-23 14:00:00,26325.5,736.0,49.35,33.68,0.28,0.0,0.0263255
2019-07-23 15:00:00,21450.0,590.0,39.26,33.83,0.48,0.0,0.02145
2019-07-23 16:00:00,14739.5,409.0,28.71,33.8,0.34,0.0,0.0147395
2019-07-23 17:00:00,8169.0,245.0,18.17,33.65,0.21,0.0,0.008169
2019-07-23 18:00:00,2175.5,90.0,7.96,32.16,0.69,0.0,0.0021755
2019-07-23 19:00:00,0.0,0.0,0.0,30.68,1.38,0.0,0.0
2019-07-23 20:00:00,0.0,0.0,0.0,28.66,1.66,0.0,0.0
2019-07-23 21:00:00,0.0,0.0,0.0,27.23,1.45,0.0,0.0
2019-07-23 22:00:00,0.0,0.0,0.0,25.99,1.52,0.0,0.0
2019-07-23 23:00:00,0.0,0.0,0.0,25.04,1.45,0.0,0.0
2019-07-24 00:00:00,0.0,0.0,0.0,24.32,1.45,0.0,0.0
2019-07-24 01:00:00,0.0,0.0,0.0,23.67,1.45,0.0,0.0
2019-07-24 02:00:00,0.0,0.0,0.0,23.59,1.17,0.0,0.0
2019-07-24 03:00:00,0.0,0.0,0.0,23.59,1.03,0.0,0.0
2019-07-24 04:00:00,0.0,0.0,0.0,23.24,1.03,0.0,0.0
2019-07-24 05:00:00,2757.0,94.0,9.89,23.94,0.83,0.0,0.002757
2019-07-24 06:00:00,9516.0,266.0,20.2,25.55,0.62,0.0,0.009516
2019-07-24 07:00:00,16872.0,449.0,30.78,28.01,1.1,0.0,0.016872
2019-07-24 08:00:00,22998.5,614.0,41.27,29.69,1.17,0.0,0.0229985
2019-07-24 09:00:00,27424.5,752.0,51.17,31.07,0.69,0.0,0.0274245
2019-07-24 10:00:00,30382.5,857.01,59.5,32.26,0.34,0.0,0.0303825
2019-07-24 11:00:00,31228.5,899.01,64.42,33.34,0.07,0.0,0.0312285
2019-07-24 12:00:00,30980.5,889.01,63.8,34.08,0.28,0.0,0.0309805
2019-07-24 13:00:00,29513.0,841.01,57.98,34.7,0.34,0.0,0.029513
2019-07-24 14:00:00,26186.0,732.0,49.2,35.04,0.62,0.0,0.026186
2019-07-24 15:00:00,22371.5,617.0,39.12,35.17,0.83,0.0,0.0223715
2019-07-24 16:00:00,14161.0,393.0,28.58,34.74,0.83,0.0,0.014161
2019-07-24 17:00:00,8093.5,243.0,18.03,34.35,1.1,0.0,0.0080935
2019-07-24 18:00:00,2077.5,86.0,7.82,31.93,1.03,0.0,0.0020775
2019-07-24 19:00:00,0.0,0.0,0.0,31.53,0.83,0.0,0.0
2019-07-24 20:00:00,0.0,0.0,0.0,30.71,0.9,0.0,0.0
2019-07-24 21:00:00,0.0,0.0,0.0,28.4,1.24,0.0,0.0
2019-07-24 22:00:00,0.0,0.0,0.0,27.23,1.31,0.0,0.0
2019-07-24 23:00:00,0.0,0.0,0.0,26.32,1.31,0.0,0.0
2019-07-25 00:00:00,0.0,0.0,0.0,25.68,1.24,0.0,0.0
2019-07-25 01:00:00,0.0,0.0,0.0,25.48,1.1,0.0,0.0
2019-07-25 02:00:00,0.0,0.0,0.0,25.1,1.1,0.0,0.0
2019-07-25 03:00:00,0.0,0.0,0.0,24.94,1.03,0.0,0.0
2019-07-25 04:00:00,0.0,0.0,0.0,25.05,0.9,0.0,0.0
2019-07-25 05:00:00,2606.0,89.0,9.74,23.74,1.1,0.0,0.002606
2019-07-25 06:00:00,8948.0,251.0,20.06,25.59,0.14,0.0,0.008948
2019-07-25 07:00:00,16361.0,432.0,30.63,27.33,1.66,0.0,0.016361
2019-07-25 08:00:00,22678.5,596.0,41.12,27.71,1.59,0.0,0.0226785
2019-07-25 09:00:00,27373.0,739.0,51.0,29.05,0.9,0.0,0.027373
2019-07-25 10:00:00,30594.0,843.01,59.31,31.02,1.03,0.0,0.030594
2019-07-25 11:00:00,31714.5,890.01,64.21,32.09,0.76,0.0,0.0317145
2019-07-25 12:00:00,31083.5,880.01,63.6,32.79,0.48,0.0,0.0310835
2019-07-25 13:00:00,29314.0,823.01,57.8,32.92,0.48,0.0,0.029314
2019-07-25 14:00:00,25758.5,711.0,49.05,33.24,0.69,0.0,0.0257585
2019-07-25 15:00:00,21457.5,578.0,38.98,32.57,1.52,0.0,0.0214575
2019-07-25 16:00:00,15102.0,411.0,28.44,31.49,1.24,0.0,0.015102
2019-07-25 17:00:00,8328.5,247.0,17.89,31.04,1.31,0.0,0.0083285
2019-07-25 18:00:00,1996.0,82.0,7.67,30.19,1.1,0.0,0.001996
2019-07-25 19:00:00,0.0,0.0,0.0,29.68,1.31,0.0,0.0
2019-07-25 20:00:00,0.0,0.0,0.0,28.49,1.24,0.0,0.0
2019-07-25 21:00:00,0.0,0.0,0.0,28.59,0.9,0.0,0.0
2019-07-25 22:00:00,0.0,0.0,0.0,27.11,0.97,0.0,0.0
2019-07-25 23:00:00,0.0,0.0,0.0,24.5,1.45,0.0,0.0
2019-07-26 00:00:00,0.0,0.0,0.0,24.6,1.1,0.0,0.0
2019-07-26 01:00:00,0.0,0.0,0.0,25.68,0.76,0.0,0.0
2019-07-26 02:00:00,0.0,0.0,0.0,24.36,0.97,0.0,0.0
2019-07-26 03:00:00,0.0,0.0,0.0,22.78,1.31,0.0,0.0
2019-07-26 04:00:00,0.0,0.0,0.0,22.25,1.38,0.0,0.0
2019-07-26 05:00:00,2750.5,95.0,9.59,22.88,1.1,0.0,0.0027505
2019-07-26 06:00:00,9478.0,265.0,19.91,25.0,0.76,0.0,0.009478
2019-07-26 07:00:00,16997.0,451.0,30.49,26.3,0.62,0.0,0.016997
2019-07-26 08:00:00,23257.5,618.0,40.97,28.41,1.03,0.0,0.0232575
2019-07-26 09:00:00,27972.5,759.0,50.84,30.2,1.03,0.0,0.0279725
2019-07-26 10:00:00,30973.5,860.01,59.12,31.65,0.9,0.0,0.0309735
2019-07-26 11:00:00,32165.0,904.01,64.0,32.65,0.9,0.0,0.032165
2019-07-26 12:00:00,31977.0,893.01,63.39,33.32,1.31,0.0,0.031977
2019-07-26 13:00:00,30395.0,840.01,57.62,33.69,1.59,0.0,0.030395
2019-07-26 14:00:00,26966.0,730.0,48.89,33.92,2.34,0.0,0.026966
2019-07-26 15:00:00,21819.0,587.0,38.84,33.66,2.21,0.0,0.021819
2019-07-26 16:00:00,15204.5,412.0,28.3,31.78,2.07,0.0,0.0152045
2019-07-26 17:00:00,8036.5,237.0,17.75,30.96,2.0,0.0,0.0080365
2019-07-26 18:00:00,1726.5,68.0,7.52,29.79,1.86,0.0,0.0017265
2019-07-26 19:00:00,0.0,0.0,0.0,28.37,1.03,0.0,0.0
2019-07-26 20:00:00,0.0,0.0,0.0,26.8,1.52,0.0,0.0
2019-07-26 21:00:00,0.0,0.0,0.0,26.0,2.0,0.0,0.0
2019-07-26 22:00:00,0.0,0.0,0.0,25.14,1.93,0.0,0.0
2019-07-26 23:00:00,0.0,0.0,0.0,23.95,1.38,0.0,0.0
2019-07-27 00:00:00,0.0,0.0,0.0,22.63,1.17,0.0,0.0
2019-07-27 01:00:00,0.0,0.0,0.0,22.52,0.97,0.0,0.0
2019-07-27 02:00:00,0.0,0.0,0.0,22.65,1.66,0.0,0.0
2019-07-27 03:00:00,0.0,0.0,0.0,21.77,1.45,0.0,0.0
2019-07-27 04:00:00,0.0,0.0,0.0,21.99,0.62,0.0,0.0
2019-07-27 05:00:00,2241.5,77.0,9.43,22.17,0.55,0.0,0.0022415
2019-07-27 06:00:00,1031.0,40.0,19.76,23.14,0.21,0.0,0.001031
2019-07-27 07:00:00,9198.5,244.0,30.34,23.15,1.52,0.0,0.0091985
2019-07-27 08:00:00,11032.0,289.0,40.82,22.57,1.1,0.0,0.011032
2019-07-27 09:00:00,14620.0,377.0,50.67,22.51,1.93,0.0,0.01462
2019-07-27 10:00:00,31505.5,811.01,58.93,22.06,2.34,0.0,0.0315055
2019-07-27 11:00:00,30514.0,801.01,63.78,22.1,1.17,0.0,0.030514
2019-07-27 12:00:00,2546.5,80.0,63.18,23.17,0.83,0.0,0.0025465
2019-07-27 13:00:00,2347.5,75.0,57.43,23.47,0.9,0.0,0.0023475
2019-07-27 14:00:00,2309.0,74.0,48.73,23.55,1.31,0.0,0.002309
2019-07-27 15:00:00,1914.0,64.0,38.69,24.42,1.31,0.0,0.001914
2019-07-27 16:00:00,5396.5,152.0,28.15,24.79,1.03,0.0,0.0053965
2019-07-27 17:00:00,5309.0,153.0,17.6,24.85,0.48,0.0,0.005309
2019-07-27 18:00:00,21.0,7.0,7.36,24.61,0.07,0.0,2.1e-05
2019-07-27 19:00:00,0.0,0.0,0.0,20.96,1.72,0.0,0.0
2019-07-27 20:00:00,0.0,0.0,0.0,20.69,1.03,0.0,0.0
2019-07-27 21:00:00,0.0,0.0,0.0,20.23,0.34,0.0,0.0
2019-07-27 22:00:00,0.0,0.0,0.0,19.99,1.24,0.0,0.0
2019-07-27 23:00:00,0.0,0.0,0.0,19.7,2.21,0.0,0.0
2019-07-28 00:00:00,0.0,0.0,0.0,19.45,2.28,0.0,0.0
2019-07-28 01:00:00,0.0,0.0,0.0,19.32,1.52,0.0,0.0
2019-07-28 02:00:00,0.0,0.0,0.0,19.13,1.03,0.0,0.0
2019-07-28 03:00:00,0.0,0.0,0.0,18.99,0.76,0.0,0.0
2019-07-28 04:00:00,0.0,0.0,0.0,18.82,1.45,0.0,0.0
2019-07-28 05:00:00,192.5,14.0,9.27,18.67,1.93,0.0,0.0001925
2019-07-28 06:00:00,1894.5,62.0,19.61,18.72,2.0,0.0,0.0018945
2019-07-28 07:00:00,10214.0,263.0,30.19,18.88,2.34,0.0,0.010214
2019-07-28 08:00:00,18469.0,464.0,40.66,19.45,2.34,0.0,0.018469
2019-07-28 09:00:00,27755.5,711.0,50.5,21.42,1.79,0.0,0.0277555
2019-07-28 10:00:00,22086.5,573.0,58.73,23.23,1.45,0.0,0.0220865
2019-07-28 11:00:00,30761.5,819.01,63.55,25.01,1.31,0.0,0.0307615
2019-07-28 12:00:00,31506.0,855.01,62.95,26.21,0.76,0.0,0.031506
2019-07-28 13:00:00,30377.5,827.01,57.24,27.11,0.55,0.0,0.0303775
2019-07-28 14:00:00,26586.0,718.0,48.56,27.8,0.41,0.0,0.026586
2019-07-28 15:00:00,14370.5,385.0,38.53,28.0,0.21,0.0,0.0143705
2019-07-28 16:00:00,15465.5,417.0,28.0,27.73,0.41,0.0,0.0154655
2019-07-28 17:00:00,8353.5,247.0,17.44,27.85,0.34,0.0,0.0083535
2019-07-28 18:00:00,1669.0,67.0,7.2,26.94,0.41,0.0,0.001669
2019-07-28 19:00:00,0.0,0.0,0.0,25.78,1.1,0.0,0.0
2019-07-28 20:00:00,0.0,0.0,0.0,24.23,1.1,0.0,0.0
2019-07-28 21:00:00,0.0,0.0,0.0,22.3,1.52,0.0,0.0
2019-07-28 22:00:00,0.0,0.0,0.0,21.21,1.79,0.0,0.0
2019-07-28 23:00:00,0.0,0.0,0.0,20.4,1.79,0.0,0.0
2019-07-29 00:00:00,0.0,0.0,0.0,19.55,1.72,0.0,0.0
2019-07-29 01:00:00,0.0,0.0,0.0,18.83,1.59,0.0,0.0
2019-07-29 02:00:00,0.0,0.0,0.0,18.34,1.45,0.0,0.0
2019-07-29 03:00:00,0.0,0.0,0.0,17.71,1.24,0.0,0.0
2019-07-29 04:00:00,0.0,0.0,0.0,17.65,1.31,0.0,0.0
2019-07-29 05:00:00,2923.5,104.0,9.11,17.59,1.1,0.0,0.0029235
2019-07-29 06:00:00,10284.5,283.0,19.46,19.87,0.83,0.0,0.0102845
2019-07-29 07:00:00,17888.0,467.0,30.04,23.57,1.03,0.0,0.017888
2019-07-29 08:00:00,24136.0,635.0,40.51,25.39,0.76,0.0,0.024136
2019-07-29 09:00:00,28631.0,773.01,50.33,26.88,0.48,0.0,0.028631
2019-07-29 10:00:00,31385.0,872.01,58.53,28.01,0.14,0.0,0.031385
2019-07-29 11:00:00,32681.5,912.01,63.33,28.82,0.41,0.0,0.0326815
2019-07-29 12:00:00,32683.0,906.01,62.73,29.63,0.83,0.0,0.032683
2019-07-29 13:00:00,31070.5,847.01,57.04,30.14,1.38,0.0,0.0310705
2019-07-29 14:00:00,27504.5,736.0,48.38,30.29,1.86,0.0,0.0275045
2019-07-29 15:00:00,22598.0,593.0,38.37,29.34,2.62,0.0,0.022598
2019-07-29 16:00:00,15768.5,419.0,27.84,28.55,2.9,0.0,0.0157685
2019-07-29 17:00:00,8358.5,245.0,17.28,27.75,2.62,0.0,0.0083585
2019-07-29 18:00:00,1747.0,73.0,7.03,26.82,2.34,0.0,0.001747
2019-07-29 19:00:00,0.0,0.0,0.0,25.09,2.48,0.0,0.0
2019-07-29 20:00:00,0.0,0.0,0.0,23.93,2.14,0.0,0.0
2019-07-29 21:00:00,0.0,0.0,0.0,23.04,2.14,0.0,0.0
2019-07-29 22:00:00,0.0,0.0,0.0,22.42,2.14,0.0,0.0
2019-07-29 23:00:00,0.0,0.0,0.0,21.84,2.07,0.0,0.0
2019-07-30 00:00:00,0.0,0.0,0.0,21.44,1.86,0.0,0.0
2019-07-30 01:00:00,0.0,0.0,0.0,21.0,1.72,0.0,0.0
2019-07-30 02:00:00,0.0,0.0,0.0,20.41,1.59,0.0,0.0
2019-07-30 03:00:00,0.0,0.0,0.0,19.73,1.45,0.0,0.0
2019-07-30 04:00:00,0.0,0.0,0.0,19.4,1.24,0.0,0.0
2019-07-30 05:00:00,2797.5,101.0,8.95,19.79,0.97,0.0,0.0027975
2019-07-30 06:00:00,9922.5,276.0,19.3,21.76,0.76,0.0,0.0099225
2019-07-30 07:00:00,17501.0,457.0,29.89,23.85,1.17,0.0,0.017501
2019-07-30 08:00:00,23897.0,627.0,40.35,25.55,0.97,0.0,0.023897
2019-07-30 09:00:00,28394.0,764.01,50.15,26.95,0.62,0.0,0.028394
2019-07-30 10:00:00,31616.5,867.01,58.33,28.21,0.69,0.0,0.0316165
2019-07-30 11:00:00,32922.0,906.01,63.09,29.36,1.1,0.0,0.032922
2019-07-30 12:00:00,32745.0,896.01,62.5,30.25,1.59,0.0,0.032745
2019-07-30 13:00:00,31005.5,837.01,56.83,30.76,2.14,0.0,0.0310055
2019-07-30 14:00:00,27491.5,731.0,48.2,31.08,2.69,0.0,0.0274915
2019-07-30 15:00:00,22164.5,585.0,38.2,30.74,2.76,0.0,0.0221645
2019-07-30 16:00:00,15489.5,415.0,27.68,29.99,2.83,0.0,0.0154895
2019-07-30 17:00:00,8132.5,240.0,17.12,28.79,2.76,0.0,0.0081325
2019-07-30 18:00:00,1673.0,71.0,6.86,27.48,2.69,0.0,0.001673
2019-07-30 19:00:00,0.0,0.0,0.0,25.98,2.55,0.0,0.0
2019-07-30 20:00:00,0.0,0.0,0.0,24.65,2.34,0.0,0.0
2019-07-30 21:00:00,0.0,0.0,0.0,23.68,2.21,0.0,0.0
2019-07-30 22:00:00,0.0,0.0,0.0,22.9,1.93,0.0,0.0
2019-07-30 23:00:00,0.0,0.0,0.0,22.32,1.79,0.0,0.0
2019-07-31 00:00:00,0.0,0.0,0.0,21.88,1.66,0.0,0.0
2019-07-31 01:00:00,0.0,0.0,0.0,21.59,1.66,0.0,0.0
2019-07-31 02:00:00,0.0,0.0,0.0,21.25,1.59,0.0,0.0
2019-07-31 03:00:00,0.0,0.0,0.0,20.89,1.59,0.0,0.0
2019-07-31 04:00:00,0.0,0.0,0.0,20.83,1.52,0.0,0.0
2019-07-31 05:00:00,1142.0,43.0,8.79,20.79,1.24,0.0,0.001142
2019-07-31 06:00:00,4703.0,134.0,19.15,22.19,0.97,0.0,0.004703
2019-07-31 07:00:00,15439.0,401.0,29.73,23.43,1.66,0.0,0.015439
2019-07-31 08:00:00,22856.5,589.0,40.18,24.1,1.79,0.0,0.0228565
2019-07-31 09:00:00,18587.0,487.0,49.97,25.59,1.24,0.0,0.018587
2019-07-31 10:00:00,29415.5,794.01,58.12,26.62,0.76,0.0,0.0294155
2019-07-31 11:00:00,27773.0,753.0,62.85,27.42,0.69,0.0,0.027773
2019-07-31 12:00:00,29813.0,810.01,62.26,27.98,0.97,0.0,0.029813
2019-07-31 13:00:00,28422.0,766.01,56.62,28.57,1.24,0.0,0.028422
2019-07-31 14:00:00,22596.0,602.0,48.01,28.81,1.24,0.0,0.022596
2019-07-31 15:00:00,18750.0,498.0,38.03,28.9,1.17,0.0,0.01875
2019-07-31 16:00:00,15017.0,404.0,27.51,28.65,1.31,0.0,0.015017
2019-07-31 17:00:00,7902.5,234.0,16.95,28.13,1.24,0.0,0.0079025
2019-07-31 18:00:00,1583.5,68.0,6.68,27.25,1.17,0.0,0.0015835
2019-07-31 19:00:00,0.0,0.0,0.0,25.53,0.9,0.0,0.0
2019-07-31 20:00:00,0.0,0.0,0.0,25.48,0.41,0.0,0.0
2019-07-31 21:00:00,0.0,0.0,0.0,24.48,0.62,0.0,0.0
2019-07-31 22:00:00,0.0,0.0,0.0,23.59,0.83,0.0,0.0
2019-07-31 23:00:00,0.0,0.0,0.0,22.47,1.17,0.0,0.0
2019-08-01 00:00:00,0.0,0.0,0.0,22.37,1.66,0.0,0.0
2019-08-01 01:00:00,0.0,0.0,0.0,22.36,1.66,0.0,0.0
2019-08-01 02:00:00,0.0,0.0,0.0,22.22,1.52,0.0,0.0
2019-08-01 03:00:00,0.0,0.0,0.0,21.84,1.31,0.0,0.0
2019-08-01 04:00:00,0.0,0.0,0.0,21.54,1.24,0.0,0.0
2019-08-01 05:00:00,1330.5,49.0,8.62,21.79,1.17,0.0,0.0013305
2019-08-01 06:00:00,8503.5,237.0,18.99,23.04,1.17,0.0,0.0085035
2019-08-01 07:00:00,16142.0,425.0,29.57,24.07,0.48,0.0,0.016142
2019-08-01 08:00:00,22640.0,595.0,40.02,24.98,0.55,0.0,0.02264
2019-08-01 09:00:00,26500.0,706.0,49.79,25.92,0.62,0.0,0.0265
2019-08-01 10:00:00,30133.5,815.01,57.91,26.84,0.76,0.0,0.0301335
2019-08-01 11:00:00,30852.5,844.01,62.61,27.45,0.62,0.0,0.0308525
2019-08-01 12:00:00,29702.5,810.01,62.01,27.8,0.69,0.0,0.0297025
2019-08-01 13:00:00,22987.0,622.0,56.41,28.37,0.34,0.0,0.022987
2019-08-01 14:00:00,25391.5,689.0,47.82,28.98,0.34,0.0,0.0253915
2019-08-01 15:00:00,20080.5,539.0,37.85,29.15,0.41,0.0,0.0200805
2019-08-01 16:00:00,14150.0,385.0,27.34,29.22,0.41,0.0,0.01415
2019-08-01 17:00:00,7438.5,221.0,16.77,28.81,1.45,0.0,0.0074385
2019-08-01 18:00:00,1456.5,63.0,6.49,27.23,0.83,0.0,0.0014565
2019-08-01 19:00:00,0.0,0.0,0.0,26.24,1.31,0.0,0.0
2019-08-01 20:00:00,0.0,0.0,0.0,25.83,0.76,0.0,0.0
2019-08-01 21:00:00,0.0,0.0,0.0,24.31,0.69,0.0,0.0
2019-08-01 22:00:00,0.0,0.0,0.0,22.9,1.03,0.0,0.0
2019-08-01 23:00:00,0.0,0.0,0.0,21.65,1.31,0.0,0.0
2019-08-02 00:00:00,0.0,0.0,0.0,22.4,0.62,0.0,0.0
2019-08-02 01:00:00,0.0,0.0,0.0,22.02,0.34,0.0,0.0
2019-08-02 02:00:00,0.0,0.0,0.0,21.37,0.55,0.0,0.0
2019-08-02 03:00:00,0.0,0.0,0.0,19.4,1.31,0.0,0.0
2019-08-02 04:00:00,0.0,0.0,0.0,19.18,1.31,0.0,0.0
2019-08-02 05:00:00,1673.0,59.0,8.46,19.45,1.72,0.0,0.001673
2019-08-02 06:00:00,9012.5,248.0,18.83,20.43,2.0,0.0,0.0090125
2019-08-02 07:00:00,16721.5,437.0,29.42,22.72,0.62,0.0,0.0167215
2019-08-02 08:00:00,23211.0,605.0,39.85,24.24,0.9,0.0,0.023211
2019-08-02 09:00:00,28361.5,739.01,49.6,25.11,1.93,0.0,0.0283615
2019-08-02 10:00:00,20852.0,541.0,57.69,24.9,2.21,0.0,0.020852
2019-08-02 11:00:00,32643.5,854.01,62.36,24.48,2.41,0.0,0.0326435
2019-08-02 12:00:00,32772.5,878.01,61.76,25.28,1.24,0.0,0.0327725
2019-08-02 13:00:00,30650.0,815.01,56.18,25.17,1.17,0.0,0.03065
2019-08-02 14:00:00,26960.0,698.0,47.62,25.44,2.41,0.0,0.02696
2019-08-02 15:00:00,22028.0,570.0,37.66,26.18,2.41,0.0,0.022028
2019-08-02 16:00:00,15266.0,406.0,27.16,26.43,1.59,0.0,0.015266
2019-08-02 17:00:00,7649.0,227.0,16.59,26.4,0.55,0.0,0.007649
2019-08-02 18:00:00,1417.5,61.0,6.3,25.87,0.34,0.0,0.0014175
2019-08-02 19:00:00,0.0,0.0,0.0,25.34,0.48,0.0,0.0
2019-08-02 20:00:00,0.0,0.0,0.0,22.92,1.24,0.0,0.0
2019-08-02 21:00:00,0.0,0.0,0.0,21.43,1.66,0.0,0.0
2019-08-02 22:00:00,0.0,0.0,0.0,20.82,1.38,0.0,0.0
2019-08-02 23:00:00,0.0,0.0,0.0,21.24,1.03,0.0,0.0
2019-08-03 00:00:00,0.0,0.0,0.0,21.55,0.83,0.0,0.0
2019-08-03 01:00:00,0.0,0.0,0.0,21.29,0.76,0.0,0.0
2019-08-03 02:00:00,0.0,0.0,0.0,20.85,0.76,0.0,0.0
2019-08-03 03:00:00,0.0,0.0,0.0,20.45,0.83,0.0,0.0
2019-08-03 04:00:00,0.0,0.0,0.0,20.16,0.83,0.0,0.0
2019-08-03 05:00:00,2409.0,89.0,8.29,19.8,0.9,0.0,0.002409
2019-08-03 06:00:00,9581.0,266.0,18.67,20.16,0.83,0.0,0.009581
2019-08-03 07:00:00,17460.5,453.0,29.26,21.75,0.97,0.0,0.0174605
2019-08-03 08:00:00,24230.5,627.0,39.69,23.21,1.17,0.0,0.0242305
2019-08-03 09:00:00,28992.5,766.01,49.42,24.48,0.97,0.0,0.0289925
2019-08-03 10:00:00,31858.5,866.01,57.47,25.81,0.55,0.0,0.0318585
2019-08-03 11:00:00,32920.5,910.01,62.11,27.34,0.48,0.0,0.0329205
2019-08-03 12:00:00,32451.0,899.01,61.51,28.39,0.55,0.0,0.032451
2019-08-03 13:00:00,30682.0,840.01,55.95,29.28,0.9,0.0,0.030682
2019-08-03 14:00:00,27444.5,736.01,47.42,29.74,1.52,0.0,0.0274445
2019-08-03 15:00:00,22012.5,588.0,37.47,29.72,1.17,0.0,0.0220125
2019-08-03 16:00:00,15247.5,414.0,26.97,29.77,1.17,0.0,0.0152475
2019-08-03 17:00:00,7744.5,233.0,16.4,29.04,1.17,0.0,0.0077445
2019-08-03 18:00:00,1361.0,61.0,6.11,27.72,0.83,0.0,0.001361
2019-08-03 19:00:00,0.0,0.0,0.0,28.05,0.28,0.0,0.0
2019-08-03 20:00:00,0.0,0.0,0.0,26.98,0.14,0.0,0.0
2019-08-03 21:00:00,0.0,0.0,0.0,25.86,0.34,0.0,0.0
2019-08-03 22:00:00,0.0,0.0,0.0,24.94,0.28,0.0,0.0
2019-08-03 23:00:00,0.0,0.0,0.0,24.14,0.14,0.0,0.0
2019-08-04 00:00:00,0.0,0.0,0.0,23.46,0.0,0.0,0.0
2019-08-04 01:00:00,0.0,0.0,0.0,23.02,0.41,0.0,0.0
2019-08-04 02:00:00,0.0,0.0,0.0,21.63,0.9,0.0,0.0
2019-08-04 03:00:00,0.0,0.0,0.0,20.19,1.17,0.0,0.0
2019-08-04 04:00:00,0.0,0.0,0.0,19.84,1.17,0.0,0.0
2019-08-04 05:00:00,2305.0,86.0,8.12,20.1,0.97,0.0,0.002305
2019-08-04 06:00:00,9190.5,258.0,18.5,21.79,0.76,0.0,0.0091905
2019-08-04 07:00:00,16969.0,441.0,29.09,23.28,1.66,0.0,0.016969
2019-08-04 08:00:00,23698.5,612.0,39.52,24.65,1.86,0.0,0.0236985
2019-08-04 09:00:00,28590.5,749.01,49.23,25.87,1.86,0.0,0.0285905
2019-08-04 10:00:00,31971.5,852.01,57.25,27.14,1.86,0.0,0.0319715
2019-08-04 11:00:00,33060.0,896.01,61.86,28.16,1.52,0.0,0.03306
2019-08-04 12:00:00,32532.5,885.01,61.25,28.89,1.45,0.0,0.0325325
2019-08-04 13:00:00,30180.5,822.01,55.72,29.74,1.17,0.0,0.0301805
2019-08-04 14:00:00,26850.5,723.0,47.21,30.02,1.24,0.0,0.0268505
2019-08-04 15:00:00,21335.5,573.0,37.28,30.44,0.97,0.0,0.0213355
2019-08-04 16:00:00,14565.5,399.0,26.78,30.43,0.62,0.0,0.0145655
2019-08-04 17:00:00,7279.0,221.0,16.21,29.86,0.55,0.0,0.007279
2019-08-04 18:00:00,1251.0,57.0,5.91,28.99,0.55,0.0,0.001251
2019-08-04 19:00:00,0.0,0.0,0.0,28.36,0.21,0.0,0.0
2019-08-04 20:00:00,0.0,0.0,0.0,27.32,0.41,0.0,0.0
2019-08-04 21:00:00,0.0,0.0,0.0,26.26,0.55,0.0,0.0
2019-08-04 22:00:00,0.0,0.0,0.0,24.61,0.83,0.0,0.0
2019-08-04 23:00:00,0.0,0.0,0.0,23.14,1.03,0.0,0.0
2019-08-05 00:00:00,0.0,0.0,0.0,22.85,0.9,0.0,0.0
2019-08-05 01:00:00,0.0,0.0,0.0,22.55,0.83,0.0,0.0
2019-08-05 02:00:00,0.0,0.0,0.0,22.01,0.9,0.0,0.0
2019-08-05 03:00:00,0.0,0.0,0.0,21.38,0.97,0.0,0.0
2019-08-05 04:00:00,0.0,0.0,0.0,20.61,1.03,0.0,0.0
2019-08-05 05:00:00,1917.0,70.0,7.94,20.56,0.9,0.0,0.001917
2019-08-05 06:00:00,8537.0,240.0,18.34,22.16,0.83,0.0,0.008537
2019-08-05 07:00:00,16107.0,423.0,28.93,24.28,1.03,0.0,0.016107
2019-08-05 08:00:00,22499.0,589.0,39.34,25.65,1.03,0.0,0.022499
2019-08-05 09:00:00,27471.0,734.01,49.04,27.0,0.83,0.0,0.027471
2019-08-05 10:00:00,30200.5,827.01,57.02,28.34,0.55,0.0,0.0302005
2019-08-05 11:00:00,31448.0,874.01,61.6,29.5,0.48,0.0,0.031448
2019-08-05 12:00:00,29872.0,827.01,60.99,30.57,0.69,0.0,0.029872
2019-08-05 13:00:00,28246.5,784.01,55.48,31.28,0.41,0.0,0.0282465
2019-08-05 14:00:00,22856.5,622.0,46.99,31.53,0.69,0.0,0.0228565
2019-08-05 15:00:00,19046.5,512.0,37.08,31.07,1.03,0.0,0.0190465
2019-08-05 16:00:00,14177.0,388.0,26.59,30.94,1.1,0.0,0.014177
2019-08-05 17:00:00,6923.0,210.0,16.01,30.07,1.79,0.0,0.006923
2019-08-05 18:00:00,988.0,49.69,5.7,28.69,2.0,0.0,0.000988
2019-08-05 19:00:00,0.0,0.0,0.0,26.74,2.21,0.0,0.0
2019-08-05 20:00:00,0.0,0.0,0.0,25.49,2.07,0.0,0.0
2019-08-05 21:00:00,0.0,0.0,0.0,24.51,1.86,0.0,0.0
2019-08-05 22:00:00,0.0,0.0,0.0,23.89,1.93,0.0,0.0
2019-08-05 23:00:00,0.0,0.0,0.0,23.11,1.72,0.0,0.0
2019-08-06 00:00:00,0.0,0.0,0.0,22.75,1.31,0.0,0.0
2019-08-06 01:00:00,0.0,0.0,0.0,22.43,1.17,0.0,0.0
2019-08-06 02:00:00,0.0,0.0,0.0,22.35,1.45,0.0,0.0
2019-08-06 03:00:00,0.0,0.0,0.0,21.82,1.17,0.0,0.0
2019-08-06 04:00:00,0.0,0.0,0.0,22.17,0.76,0.0,0.0
2019-08-06 05:00:00,1637.0,61.0,7.77,22.57,0.62,0.0,0.001637
2019-08-06 06:00:00,7779.0,220.0,18.17,23.17,0.34,0.0,0.007779
2019-08-06 07:00:00,14845.0,390.0,28.76,24.13,0.97,0.0,0.014845
2019-08-06 08:00:00,22261.5,583.0,39.17,25.05,0.76,0.0,0.0222615
2019-08-06 09:00:00,26065.5,699.0,48.84,25.96,0.21,0.0,0.0260655
2019-08-06 10:00:00,27633.5,754.01,56.79,26.92,0.07,0.0,0.0276335
2019-08-06 11:00:00,25944.0,710.0,61.33,27.55,0.0,0.0,0.025944
2019-08-06 12:00:00,27539.0,751.01,60.72,28.44,0.55,0.0,0.027539
2019-08-06 13:00:00,15877.5,428.0,55.23,29.03,0.34,0.0,0.0158775
2019-08-06 14:00:00,17146.5,457.0,46.77,29.34,1.31,0.0,0.0171465
2019-08-06 15:00:00,18873.0,503.0,36.87,29.84,1.24,0.0,0.018873
2019-08-06 16:00:00,13265.5,360.0,26.38,29.45,1.31,0.0,0.0132655
2019-08-06 17:00:00,7151.0,218.0,15.81,28.43,1.59,0.0,0.007151
2019-08-06 18:00:00,827.0,38.92,5.49,27.62,1.72,0.0,0.000827
2019-08-06 19:00:00,0.0,0.0,0.0,24.21,1.59,0.0,0.0
2019-08-06 20:00:00,0.0,0.0,0.0,23.83,1.52,0.0,0.0
2019-08-06 21:00:00,0.0,0.0,0.0,23.19,1.93,0.0,0.0
2019-08-06 22:00:00,0.0,0.0,0.0,22.61,2.07,0.0,0.0
2019-08-06 23:00:00,0.0,0.0,0.0,22.23,2.07,0.0,0.0
2019-08-07 00:00:00,0.0,0.0,0.0,22.02,1.59,0.0,0.0
2019-08-07 01:00:00,0.0,0.0,0.0,21.87,1.17,0.0,0.0
2019-08-07 02:00:00,0.0,0.0,0.0,21.63,0.9,0.0,0.0
2019-08-07 03:00:00,0.0,0.0,0.0,21.68,0.9,0.0,0.0
2019-08-07 04:00:00,0.0,0.0,0.0,21.61,1.03,0.0,0.0
2019-08-07 05:00:00,22.0,7.0,7.6,21.73,0.9,0.0,2.2e-05
2019-08-07 06:00:00,425.0,22.0,18.01,21.93,0.83,0.0,0.000425
2019-08-07 07:00:00,2062.0,67.0,28.6,21.28,1.38,0.0,0.002062
2019-08-07 08:00:00,6147.0,168.0,38.99,21.68,1.59,0.0,0.006147
2019-08-07 09:00:00,7283.5,196.0,48.64,22.06,1.59,0.0,0.0072835
2019-08-07 10:00:00,6710.5,183.0,56.56,22.96,1.17,0.0,0.0067105
2019-08-07 11:00:00,9740.0,259.0,61.06,23.52,0.76,0.0,0.00974
2019-08-07 12:00:00,3636.0,108.0,60.44,24.39,0.76,0.0,0.003636
2019-08-07 13:00:00,4713.0,135.0,54.98,24.71,0.97,0.0,0.004713
2019-08-07 14:00:00,10842.5,289.0,46.54,25.98,1.17,0.0,0.0108425
2019-08-07 15:00:00,9850.5,264.0,36.66,26.8,1.79,0.0,0.0098505
2019-08-07 16:00:00,5143.0,147.0,26.18,27.0,1.45,0.0,0.005143
2019-08-07 17:00:00,1699.0,59.0,15.6,27.09,0.76,0.0,0.001699
2019-08-07 18:00:00,589.0,28.56,5.28,26.21,0.76,0.0,0.000589
2019-08-07 19:00:00,0.0,0.0,0.0,24.82,1.52,0.0,0.0
2019-08-07 20:00:00,0.0,0.0,0.0,23.77,2.0,0.0,0.0
2019-08-07 21:00:00,0.0,0.0,0.0,22.79,2.14,0.0,0.0
2019-08-07 22:00:00,0.0,0.0,0.0,22.07,2.21,0.0,0.0
2019-08-07 23:00:00,0.0,0.0,0.0,21.54,1.72,0.0,0.0
2019-08-08 00:00:00,0.0,0.0,0.0,21.17,1.72,0.0,0.0
2019-08-08 01:00:00,0.0,0.0,0.0,21.0,1.38,0.0,0.0
2019-08-08 02:00:00,0.0,0.0,0.0,20.86,0.9,0.0,0.0
2019-08-08 03:00:00,0.0,0.0,0.0,20.75,0.97,0.0,0.0
2019-08-08 04:00:00,0.0,0.0,0.0,20.68,1.17,0.0,0.0
2019-08-08 05:00:00,396.5,21.0,7.42,20.73,1.24,0.0,0.0003965
2019-08-08 06:00:00,6117.5,171.0,17.84,21.17,1.31,0.0,0.0061175
2019-08-08 07:00:00,10253.5,269.0,28.43,21.77,1.31,0.0,0.0102535
2019-08-08 08:00:00,21180.0,546.0,38.82,23.07,1.24,0.0,0.02118
2019-08-08 09:00:00,26050.0,685.0,48.44,24.32,0.83,0.0,0.02605
2019-08-08 10:00:00,27529.5,741.01,56.32,25.8,0.41,0.0,0.0275295
2019-08-08 11:00:00,27748.0,756.01,60.79,27.46,0.41,0.0,0.027748
2019-08-08 12:00:00,27074.0,742.0,60.16,28.35,0.28,0.0,0.027074
2019-08-08 13:00:00,27492.0,756.01,54.72,29.34,0.28,0.0,0.027492
2019-08-08 14:00:00,24250.5,659.0,46.31,29.95,0.41,0.0,0.0242505
2019-08-08 15:00:00,20456.5,555.0,36.44,30.38,0.21,0.0,0.0204565
2019-08-08 16:00:00,14083.0,389.0,25.97,30.51,0.21,0.0,0.014083
2019-08-08 17:00:00,6741.5,209.0,15.38,30.23,0.28,0.0,0.0067415
2019-08-08 18:00:00,773.0,40.56,5.05,29.54,0.28,0.0,0.000773
2019-08-08 19:00:00,0.0,0.0,0.0,28.16,0.55,0.0,0.0
2019-08-08 20:00:00,0.0,0.0,0.0,27.27,0.14,0.0,0.0
2019-08-08 21:00:00,0.0,0.0,0.0,26.47,0.21,0.0,0.0
2019-08-08 22:00:00,0.0,0.0,0.0,25.85,0.21,0.0,0.0
2019-08-08 23:00:00,0.0,0.0,0.0,25.22,0.07,0.0,0.0
2019-08-09 00:00:00,0.0,0.0,0.0,24.71,0.55,0.0,0.0
2019-08-09 01:00:00,0.0,0.0,0.0,23.32,0.9,0.0,0.0
2019-08-09 02:00:00,0.0,0.0,0.0,23.07,0.83,0.0,0.0
2019-08-09 03:00:00,0.0,0.0,0.0,22.32,0.9,0.0,0.0
2019-08-09 04:00:00,0.0,0.0,0.0,21.42,1.1,0.0,0.0
2019-08-09 05:00:00,1566.0,60.0,7.24,21.41,1.03,0.0,0.001566
2019-08-09 06:00:00,927.0,37.0,17.67,22.72,0.83,0.0,0.000927
2019-08-09 07:00:00,9226.5,248.0,28.26,24.94,0.69,0.0,0.0092265
2019-08-09 08:00:00,19270.0,506.0,38.64,25.85,0.76,0.0,0.01927
2019-08-09 09:00:00,26839.0,713.01,48.24,26.75,0.97,0.0,0.026839
2019-08-09 10:00:00,25660.5,689.0,56.09,27.95,0.9,0.0,0.0256605
2019-08-09 11:00:00,18998.5,512.0,60.51,29.03,0.55,0.0,0.0189985
2019-08-09 12:00:00,23555.0,648.0,59.88,30.04,0.07,0.0,0.023555
2019-08-09 13:00:00,20527.0,557.0,54.46,30.64,0.62,0.0,0.020527
2019-08-09 14:00:00,20383.0,551.0,46.07,31.56,0.97,0.0,0.020383
2019-08-09 15:00:00,17401.5,472.0,36.22,31.91,0.62,0.0,0.0174015
2019-08-09 16:00:00,10253.0,284.0,25.75,31.61,0.83,0.0,0.010253
2019-08-09 17:00:00,4912.0,150.0,15.17,31.15,1.38,0.0,0.004912
2019-08-09 18:00:00,672.0,34.93,4.83,29.79,0.83,0.0,0.000672
2019-08-09 19:00:00,0.0,0.0,0.0,28.89,0.21,0.0,0.0
2019-08-09 20:00:00,0.0,0.0,0.0,27.91,0.21,0.0,0.0
2019-08-09 21:00:00,0.0,0.0,0.0,27.13,0.55,0.0,0.0
2019-08-09 22:00:00,0.0,0.0,0.0,26.58,0.48,0.0,0.0
2019-08-09 23:00:00,0.0,0.0,0.0,25.88,0.69,0.0,0.0
2019-08-10 00:00:00,0.0,0.0,0.0,24.73,0.9,0.0,0.0
2019-08-10 01:00:00,0.0,0.0,0.0,24.42,0.9,0.0,0.0
2019-08-10 02:00:00,0.0,0.0,0.0,24.13,0.9,0.0,0.0
2019-08-10 03:00:00,0.0,0.0,0.0,23.52,0.97,0.0,0.0
2019-08-10 04:00:00,0.0,0.0,0.0,23.21,1.03,0.0,0.0
2019-08-10 05:00:00,1494.0,59.0,7.06,23.1,1.1,0.0,0.001494
2019-08-10 06:00:00,7539.5,216.0,17.5,24.38,1.1,0.0,0.0075395
2019-08-10 07:00:00,15129.5,401.0,28.09,25.6,1.03,0.0,0.0151295
2019-08-10 08:00:00,21811.5,575.0,38.45,26.79,0.9,0.0,0.0218115
2019-08-10 09:00:00,26667.5,716.01,48.03,28.12,0.76,0.0,0.0266675
2019-08-10 10:00:00,27430.0,744.01,55.84,29.27,0.9,0.0,0.02743
2019-08-10 11:00:00,25362.5,688.0,60.23,30.39,1.17,0.0,0.0253625
2019-08-10 12:00:00,25144.5,683.0,59.59,31.34,1.38,0.0,0.0251445
2019-08-10 13:00:00,27098.0,736.01,54.19,32.14,1.66,0.0,0.027098
2019-08-10 14:00:00,25564.0,684.01,45.83,32.09,2.28,0.0,0.025564
2019-08-10 15:00:00,20261.5,539.0,35.99,31.65,2.41,0.0,0.0202615
2019-08-10 16:00:00,13573.5,370.0,25.53,30.8,2.41,0.0,0.0135735
2019-08-10 17:00:00,6182.5,191.0,14.94,29.87,2.48,0.0,0.0061825
2019-08-10 18:00:00,603.5,32.23,4.6,28.67,2.21,0.0,0.0006035
2019-08-10 19:00:00,0.0,0.0,0.0,27.41,1.93,0.0,0.0
2019-08-10 20:00:00,0.0,0.0,0.0,26.39,1.93,0.0,0.0
2019-08-10 21:00:00,0.0,0.0,0.0,25.74,1.86,0.0,0.0
2019-08-10 22:00:00,0.0,0.0,0.0,25.11,1.93,0.0,0.0
2019-08-10 23:00:00,0.0,0.0,0.0,24.5,1.72,0.0,0.0
2019-08-11 00:00:00,0.0,0.0,0.0,23.94,1.31,0.0,0.0
2019-08-11 01:00:00,0.0,0.0,0.0,23.55,0.76,0.0,0.0
2019-08-11 02:00:00,0.0,0.0,0.0,23.82,0.55,0.0,0.0
2019-08-11 03:00:00,0.0,0.0,0.0,23.81,0.55,0.0,0.0
2019-08-11 04:00:00,0.0,0.0,0.0,23.5,0.62,0.0,0.0
2019-08-11 05:00:00,1324.5,53.0,6.88,23.79,0.48,0.0,0.0013245
2019-08-11 06:00:00,7408.5,214.0,17.32,24.3,0.21,0.0,0.0074085
2019-08-11 07:00:00,15241.5,401.0,27.91,24.43,1.31,0.0,0.0152415
2019-08-11 08:00:00,21860.0,567.0,38.27,24.93,1.45,0.0,0.02186
2019-08-11 09:00:00,25279.5,662.0,47.83,25.77,1.45,0.0,0.0252795
2019-08-11 10:00:00,29177.0,777.01,55.6,27.1,1.45,0.0,0.029177
2019-08-11 11:00:00,29111.0,783.01,59.95,27.58,1.17,0.0,0.029111
2019-08-11 12:00:00,29934.5,821.01,59.29,28.27,0.48,0.0,0.0299345
2019-08-11 13:00:00,24714.0,673.0,53.92,29.27,0.34,0.0,0.024714
2019-08-11 14:00:00,19905.5,531.0,45.58,29.5,1.17,0.0,0.0199055
2019-08-11 15:00:00,1314.5,49.0,35.76,29.58,1.52,0.0,0.0013145
2019-08-11 16:00:00,13082.5,355.0,25.3,28.94,1.79,0.0,0.0130825
2019-08-11 17:00:00,6058.5,187.0,14.71,28.17,1.66,0.0,0.0060585
2019-08-11 18:00:00,575.5,31.94,4.36,27.3,1.66,0.0,0.0005755
2019-08-11 19:00:00,0.0,0.0,0.0,26.46,1.1,0.0,0.0
2019-08-11 20:00:00,0.0,0.0,0.0,25.44,0.97,0.0,0.0
2019-08-11 21:00:00,0.0,0.0,0.0,24.92,0.83,0.0,0.0
2019-08-11 22:00:00,0.0,0.0,0.0,24.97,0.55,0.0,0.0
2019-08-11 23:00:00,0.0,0.0,0.0,24.4,0.48,0.0,0.0
2019-08-12 00:00:00,0.0,0.0,0.0,22.51,1.17,0.0,0.0
2019-08-12 01:00:00,0.0,0.0,0.0,21.81,1.24,0.0,0.0
2019-08-12 02:00:00,0.0,0.0,0.0,21.73,1.03,0.0,0.0
2019-08-12 03:00:00,0.0,0.0,0.0,21.73,0.9,0.0,0.0
2019-08-12 04:00:00,0.0,0.0,0.0,21.57,0.9,0.0,0.0
2019-08-12 05:00:00,1568.0,65.0,6.7,21.74,0.83,0.0,0.001568
2019-08-12 06:00:00,7796.0,224.0,17.15,22.52,0.69,0.0,0.007796
2019-08-12 07:00:00,13817.5,366.0,27.74,23.72,0.21,0.0,0.0138175
2019-08-12 08:00:00,18110.5,476.0,38.08,25.18,0.41,0.0,0.0181105
2019-08-12 09:00:00,20001.0,531.0,47.61,26.27,0.34,0.0,0.020001
2019-08-12 10:00:00,27956.5,753.01,55.35,27.07,0.69,0.0,0.0279565
2019-08-12 11:00:00,22578.5,612.0,59.66,28.4,0.28,0.0,0.0225785
2019-08-12 12:00:00,24875.0,679.0,59.0,29.12,0.34,0.0,0.024875
2019-08-12 13:00:00,24203.0,652.0,53.64,29.21,0.9,0.0,0.024203
2019-08-12 14:00:00,14222.5,383.0,45.33,29.03,0.34,0.0,0.0142225
2019-08-12 15:00:00,1283.0,48.0,35.52,28.85,1.03,0.0,0.001283
2019-08-12 16:00:00,999.5,40.0,25.07,28.87,0.41,0.0,0.0009995
2019-08-12 17:00:00,4381.0,134.0,14.48,28.3,0.28,0.0,0.004381
2019-08-12 18:00:00,466.0,26.8,4.12,27.02,0.62,0.0,0.000466
2019-08-12 19:00:00,0.0,0.0,0.0,23.48,2.14,0.0,0.0
2019-08-12 20:00:00,0.0,0.0,0.0,22.91,1.45,0.0,0.0
2019-08-12 21:00:00,0.0,0.0,0.0,22.44,1.17,0.0,0.0
2019-08-12 22:00:00,0.0,0.0,0.0,21.52,0.83,0.0,0.0
2019-08-12 23:00:00,0.0,0.0,0.0,21.37,0.69,0.0,0.0
2019-08-13 00:00:00,0.0,0.0,0.0,20.36,1.03,0.0,0.0
2019-08-13 01:00:00,0.0,0.0,0.0,19.71,1.24,0.0,0.0
2019-08-13 02:00:00,0.0,0.0,0.0,19.29,1.24,0.0,0.0
2019-08-13 03:00:00,0.0,0.0,0.0,19.1,1.31,0.0,0.0
2019-08-13 04:00:00,0.0,0.0,0.0,18.36,1.72,0.0,0.0
2019-08-13 05:00:00,793.5,33.0,6.52,17.75,1.66,0.0,0.0007935
2019-08-13 06:00:00,5348.0,150.0,16.97,19.28,1.45,0.0,0.005348
2019-08-13 07:00:00,15570.0,402.0,27.56,21.41,2.0,0.0,0.01557
2019-08-13 08:00:00,23406.5,600.0,37.9,23.41,2.07,0.0,0.0234065
2019-08-13 09:00:00,27436.0,715.01,47.4,25.44,2.0,0.0,0.027436
2019-08-13 10:00:00,30132.0,799.01,55.09,26.61,1.79,0.0,0.030132
2019-08-13 11:00:00,26993.5,722.0,59.37,27.56,1.38,0.0,0.0269935
2019-08-13 12:00:00,21730.5,581.0,58.69,28.26,1.1,0.0,0.0217305
2019-08-13 13:00:00,15581.5,415.0,53.36,28.53,1.38,0.0,0.0155815
2019-08-13 14:00:00,16479.5,437.0,45.07,28.72,1.66,0.0,0.0164795
2019-08-13 15:00:00,13813.5,367.0,35.27,28.52,1.72,0.0,0.0138135
2019-08-13 16:00:00,11100.5,301.0,24.83,28.17,1.66,0.0,0.0111005
2019-08-13 17:00:00,1587.0,56.0,14.24,27.38,1.66,0.0,0.001587
2019-08-13 18:00:00,475.0,28.96,3.88,25.84,1.66,0.0,0.000475
2019-08-13 19:00:00,0.0,0.0,0.0,23.77,1.66,0.0,0.0
2019-08-13 20:00:00,0.0,0.0,0.0,22.04,1.59,0.0,0.0
2019-08-13 21:00:00,0.0,0.0,0.0,20.78,1.59,0.0,0.0
2019-08-13 22:00:00,0.0,0.0,0.0,20.09,1.31,0.0,0.0
2019-08-13 23:00:00,0.0,0.0,0.0,19.79,1.17,0.0,0.0
2019-08-14 00:00:00,0.0,0.0,0.0,19.74,1.03,0.0,0.0
2019-08-14 01:00:00,0.0,0.0,0.0,20.4,0.9,0.0,0.0
2019-08-14 02:00:00,0.0,0.0,0.0,20.63,0.55,0.0,0.0
2019-08-14 03:00:00,0.0,0.0,0.0,20.51,0.62,0.0,0.0
2019-08-14 04:00:00,0.0,0.0,0.0,17.19,1.59,0.0,0.0
2019-08-14 05:00:00,1498.0,61.0,6.33,15.89,1.86,0.0,0.001498
2019-08-14 06:00:00,7060.5,196.0,16.8,17.7,1.17,0.0,0.0070605
2019-08-14 07:00:00,13537.0,354.0,27.39,21.36,0.41,0.0,0.013537
2019-08-14 08:00:00,16295.5,421.0,37.71,23.04,1.31,0.0,0.0162955
2019-08-14 09:00:00,22477.0,581.0,47.19,24.22,1.93,0.0,0.022477
2019-08-14 10:00:00,31103.5,816.01,54.84,25.57,2.28,0.0,0.0311035
2019-08-14 11:00:00,33581.0,893.01,59.07,26.66,2.21,0.0,0.033581
2019-08-14 12:00:00,32816.0,876.01,58.38,27.5,2.14,0.0,0.032816
2019-08-14 13:00:00,29981.0,796.01,53.07,28.0,2.14,0.0,0.029981
2019-08-14 14:00:00,26500.0,700.01,44.8,28.23,1.93,0.0,0.0265
2019-08-14 15:00:00,20959.0,553.0,35.03,28.0,1.59,0.0,0.020959
2019-08-14 16:00:00,14087.5,383.0,24.59,27.94,1.38,0.0,0.0140875
2019-08-14 17:00:00,6205.0,195.0,14.0,27.21,0.9,0.0,0.006205
2019-08-14 18:00:00,400.0,24.75,3.63,25.81,0.83,0.0,0.0004
2019-08-14 19:00:00,0.0,0.0,0.0,24.26,1.79,0.0,0.0
2019-08-14 20:00:00,0.0,0.0,0.0,22.09,1.79,0.0,0.0
2019-08-14 21:00:00,0.0,0.0,0.0,21.03,1.52,0.0,0.0
2019-08-14 22:00:00,0.0,0.0,0.0,20.72,1.31,0.0,0.0
2019-08-14 23:00:00,0.0,0.0,0.0,20.6,1.17,0.0,0.0
2019-08-15 00:00:00,0.0,0.0,0.0,18.9,1.59,0.0,0.0
2019-08-15 01:00:00,0.0,0.0,0.0,17.86,1.72,0.0,0.0
2019-08-15 02:00:00,0.0,0.0,0.0,17.3,1.72,0.0,0.0
2019-08-15 03:00:00,0.0,0.0,0.0,17.11,1.59,0.0,0.0
2019-08-15 04:00:00,0.0,0.0,0.0,16.97,1.52,0.0,0.0
2019-08-15 05:00:00,780.0,33.0,6.15,16.76,1.45,0.0,0.00078
2019-08-15 06:00:00,6503.0,182.0,16.62,18.32,1.03,0.0,0.006503
2019-08-15 07:00:00,12145.0,315.0,27.21,21.03,1.79,0.0,0.012145
2019-08-15 08:00:00,14286.0,368.0,37.51,22.25,1.66,0.0,0.014286
2019-08-15 09:00:00,27480.0,713.01,46.97,23.55,1.52,0.0,0.02748
2019-08-15 10:00:00,30380.5,807.01,54.58,24.88,1.1,0.0,0.0303805
2019-08-15 11:00:00,25859.0,693.0,58.77,25.87,0.55,0.0,0.025859
2019-08-15 12:00:00,24689.0,660.0,58.07,26.57,0.76,0.0,0.024689
2019-08-15 13:00:00,25754.5,693.01,52.78,27.51,0.62,0.0,0.0257545
2019-08-15 14:00:00,22363.0,597.0,44.53,28.02,0.69,0.0,0.022363
2019-08-15 15:00:00,18444.5,490.0,34.77,27.99,0.83,0.0,0.0184445
2019-08-15 16:00:00,12892.5,353.0,24.34,27.94,0.55,0.0,0.0128925
2019-08-15 17:00:00,5668.5,179.0,13.75,27.31,0.41,0.0,0.0056685
2019-08-15 18:00:00,303.0,20.31,3.37,26.42,0.34,0.0,0.000303
2019-08-15 19:00:00,0.0,0.0,0.0,25.69,0.28,0.0,0.0
2019-08-15 20:00:00,0.0,0.0,0.0,24.66,0.55,0.0,0.0
2019-08-15 21:00:00,0.0,0.0,0.0,23.09,0.97,0.0,0.0
2019-08-15 22:00:00,0.0,0.0,0.0,21.16,1.31,0.0,0.0
2019-08-15 23:00:00,0.0,0.0,0.0,19.88,1.59,0.0,0.0
2019-08-16 00:00:00,0.0,0.0,0.0,19.56,1.31,0.0,0.0
2019-08-16 01:00:00,0.0,0.0,0.0,19.4,1.17,0.0,0.0
2019-08-16 02:00:00,0.0,0.0,0.0,18.71,1.31,0.0,0.0
2019-08-16 03:00:00,0.0,0.0,0.0,18.88,1.1,0.0,0.0
2019-08-16 04:00:00,0.0,0.0,0.0,18.55,1.1,0.0,0.0
2019-08-16 05:00:00,916.0,38.0,5.96,18.19,1.1,0.0,0.000916
2019-08-16 06:00:00,5455.5,154.0,16.44,19.22,0.9,0.0,0.0054555
2019-08-16 07:00:00,15335.0,400.0,27.03,22.33,1.52,0.0,0.015335
2019-08-16 08:00:00,22564.5,579.0,37.32,23.73,2.07,0.0,0.0225645
2019-08-16 09:00:00,27723.0,720.01,46.75,24.95,2.0,0.0,0.027723
2019-08-16 10:00:00,30857.5,819.01,54.32,25.97,1.52,0.0,0.0308575
2019-08-16 11:00:00,30404.5,816.01,58.47,27.0,1.31,0.0,0.0304045
2019-08-16 12:00:00,30555.5,827.01,57.76,27.85,1.1,0.0,0.0305555
2019-08-16 13:00:00,26709.5,721.01,52.48,28.49,0.83,0.0,0.0267095
2019-08-16 14:00:00,25333.5,679.01,44.26,28.72,0.9,0.0,0.0253335
2019-08-16 15:00:00,16082.0,428.0,34.51,28.83,1.17,0.0,0.016082
2019-08-16 16:00:00,9166.0,252.0,24.09,28.82,1.31,0.0,0.009166
2019-08-16 17:00:00,4518.0,140.0,13.5,28.27,1.52,0.0,0.004518
2019-08-16 18:00:00,236.5,16.0,3.11,26.86,1.45,0.0,0.0002365
2019-08-16 19:00:00,0.0,0.0,0.0,24.91,1.24,0.0,0.0
2019-08-16 20:00:00,0.0,0.0,0.0,23.87,1.31,0.0,0.0
2019-08-16 21:00:00,0.0,0.0,0.0,22.69,1.31,0.0,0.0
2019-08-16 22:00:00,0.0,0.0,0.0,21.89,1.31,0.0,0.0
2019-08-16 23:00:00,0.0,0.0,0.0,21.47,1.17,0.0,0.0
2019-08-17 00:00:00,0.0,0.0,0.0,20.94,1.17,0.0,0.0
2019-08-17 01:00:00,0.0,0.0,0.0,20.6,1.17,0.0,0.0
2019-08-17 02:00:00,0.0,0.0,0.0,20.04,1.17,0.0,0.0
2019-08-17 03:00:00,0.0,0.0,0.0,19.38,1.31,0.0,0.0
2019-08-17 04:00:00,0.0,0.0,0.0,18.98,1.24,0.0,0.0
2019-08-17 05:00:00,838.0,36.0,5.78,19.15,1.03,0.0,0.000838
2019-08-17 06:00:00,4215.0,122.0,16.26,20.32,0.76,0.0,0.004215
2019-08-17 07:00:00,10807.5,285.0,26.85,22.52,0.97,0.0,0.0108075
2019-08-17 08:00:00,16996.0,441.0,37.13,23.85,1.1,0.0,0.016996
2019-08-17 09:00:00,25997.5,685.01,46.52,25.12,0.9,0.0,0.0259975
2019-08-17 10:00:00,29709.0,793.01,54.05,26.15,1.1,0.0,0.029709
2019-08-17 11:00:00,24719.5,662.0,58.16,27.36,0.9,0.0,0.0247195
2019-08-17 12:00:00,23619.5,639.0,57.44,28.39,0.48,0.0,0.0236195
2019-08-17 13:00:00,21015.5,567.0,52.18,29.29,0.55,0.0,0.0210155
2019-08-17 14:00:00,21075.0,566.0,43.98,30.05,0.9,0.0,0.021075
2019-08-17 15:00:00,17465.0,469.0,34.25,30.24,0.9,0.0,0.017465
2019-08-17 16:00:00,9114.0,253.0,23.84,30.04,0.83,0.0,0.009114
2019-08-17 17:00:00,3330.5,105.0,13.25,29.04,0.9,0.0,0.0033305
2019-08-17 18:00:00,130.5,12.0,2.85,27.4,0.83,0.0,0.0001305
2019-08-17 19:00:00,0.0,0.0,0.0,25.77,1.86,0.0,0.0
2019-08-17 20:00:00,0.0,0.0,0.0,24.02,1.45,0.0,0.0
2019-08-17 21:00:00,0.0,0.0,0.0,23.19,1.24,0.0,0.0
2019-08-17 22:00:00,0.0,0.0,0.0,22.61,1.1,0.0,0.0
2019-08-17 23:00:00,0.0,0.0,0.0,22.25,1.03,0.0,0.0
2019-08-18 00:00:00,0.0,0.0,0.0,21.81,0.97,0.0,0.0
2019-08-18 01:00:00,0.0,0.0,0.0,22.19,0.76,0.0,0.0
2019-08-18 02:00:00,0.0,0.0,0.0,22.13,0.55,0.0,0.0
2019-08-18 03:00:00,0.0,0.0,0.0,21.93,0.41,0.0,0.0
2019-08-18 04:00:00,0.0,0.0,0.0,21.6,0.21,0.0,0.0
2019-08-18 05:00:00,500.0,24.82,5.59,21.29,0.28,0.0,0.0005
2019-08-18 06:00:00,5498.0,158.0,16.08,21.66,0.41,0.0,0.005498
2019-08-18 07:00:00,14934.5,395.0,26.66,22.44,0.21,0.0,0.0149345
2019-08-18 08:00:00,21492.5,565.0,36.93,23.43,0.0,0.0,0.0214925
2019-08-18 09:00:00,26255.5,701.01,46.3,24.33,0.0,0.0,0.0262555
2019-08-18 10:00:00,28857.5,781.01,53.78,25.0,0.07,0.0,0.0288575
2019-08-18 11:00:00,24937.5,675.0,57.85,26.18,0.0,0.0,0.0249375
2019-08-18 12:00:00,19287.0,517.0,57.11,26.89,0.14,0.0,0.019287
2019-08-18 13:00:00,23943.0,644.0,51.87,27.75,0.48,0.0,0.023943
2019-08-18 14:00:00,17279.0,461.0,43.7,28.73,0.83,0.0,0.017279
2019-08-18 15:00:00,8995.5,246.0,33.98,29.18,1.17,0.0,0.0089955
2019-08-18 16:00:00,4969.5,144.0,23.58,29.05,1.59,0.0,0.0049695
2019-08-18 17:00:00,2564.5,83.0,12.99,28.11,2.07,0.0,0.0025645
2019-08-18 18:00:00,20.0,7.0,2.58,26.77,2.07,0.0,2e-05
2019-08-18 19:00:00,0.0,0.0,0.0,25.55,2.41,0.0,0.0
2019-08-18 20:00:00,0.0,0.0,0.0,24.47,1.93,0.0,0.0
2019-08-18 21:00:00,0.0,0.0,0.0,23.79,1.93,0.0,0.0
2019-08-18 22:00:00,0.0,0.0,0.0,22.96,1.72,0.0,0.0
2019-08-18 23:00:00,0.0,0.0,0.0,22.54,1.66,0.0,0.0
2019-08-19 00:00:00,0.0,0.0,0.0,22.0,1.52,0.0,0.0
2019-08-19 01:00:00,0.0,0.0,0.0,21.42,1.38,0.0,0.0
2019-08-19 02:00:00,0.0,0.0,0.0,21.15,1.1,0.0,0.0
2019-08-19 03:00:00,0.0,0.0,0.0,21.48,0.83,0.0,0.0
2019-08-19 04:00:00,0.0,0.0,0.0,21.72,0.69,0.0,0.0
2019-08-19 05:00:00,498.5,24.81,5.4,21.62,0.62,0.0,0.0004985
2019-08-19 06:00:00,6621.5,193.0,15.9,22.05,0.48,0.0,0.0066215
2019-08-19 07:00:00,5609.5,157.0,26.48,24.12,0.76,0.0,0.0056095
2019-08-19 08:00:00,19810.0,520.0,36.73,25.32,0.62,0.0,0.01981
2019-08-19 09:00:00,24778.5,660.01,46.07,26.63,0.55,0.0,0.0247785
2019-08-19 10:00:00,24887.0,669.0,53.51,27.95,0.69,0.0,0.024887
2019-08-19 11:00:00,29704.5,810.01,57.53,29.09,0.9,0.0,0.0297045
2019-08-19 12:00:00,28340.0,772.01,56.78,29.79,0.97,0.0,0.02834
2019-08-19 13:00:00,12512.5,339.0,51.56,30.54,1.1,0.0,0.0125125
2019-08-19 14:00:00,13159.0,356.0,43.41,30.83,1.03,0.0,0.013159
2019-08-19 15:00:00,8832.5,244.0,33.71,30.55,0.69,0.0,0.0088325
2019-08-19 16:00:00,721.5,32.0,23.31,30.28,0.55,0.0,0.0007215
2019-08-19 17:00:00,1280.5,48.0,12.72,29.19,0.9,0.0,0.0012805
2019-08-19 18:00:00,0.0,2.0,2.31,27.59,0.69,0.0,0.0
2019-08-19 19:00:00,0.0,0.0,0.0,26.74,0.48,0.0,0.0
2019-08-19 20:00:00,0.0,0.0,0.0,26.02,0.48,0.0,0.0
2019-08-19 21:00:00,0.0,0.0,0.0,25.17,0.55,0.0,0.0
2019-08-19 22:00:00,0.0,0.0,0.0,23.84,0.76,0.0,0.0
2019-08-19 23:00:00,0.0,0.0,0.0,22.88,1.03,0.0,0.0
2019-08-20 00:00:00,0.0,0.0,0.0,22.58,1.17,0.0,0.0
2019-08-20 01:00:00,0.0,0.0,0.0,22.34,1.17,0.0,0.0
2019-08-20 02:00:00,0.0,0.0,0.0,21.84,1.03,0.0,0.0
2019-08-20 03:00:00,0.0,0.0,0.0,21.61,1.03,0.0,0.0
2019-08-20 04:00:00,0.0,0.0,0.0,21.4,1.1,0.0,0.0
2019-08-20 05:00:00,136.5,12.0,5.21,21.23,1.1,0.0,0.0001365
2019-08-20 06:00:00,2169.5,70.0,15.72,22.02,0.97,0.0,0.0021695
2019-08-20 07:00:00,4971.0,140.0,26.29,22.21,0.69,0.0,0.004971
2019-08-20 08:00:00,4990.5,141.0,36.53,22.93,0.48,0.0,0.0049905
2019-08-20 09:00:00,17879.5,466.0,45.84,23.8,0.76,0.0,0.0178795
2019-08-20 10:00:00,19845.5,522.0,53.24,25.05,0.76,0.0,0.0198455
2019-08-20 11:00:00,18742.0,496.0,57.22,25.78,0.62,0.0,0.018742
2019-08-20 12:00:00,13464.5,361.0,56.45,27.02,0.14,0.0,0.0134645
2019-08-20 13:00:00,14367.5,386.0,51.24,28.28,0.34,0.0,0.0143675
2019-08-20 14:00:00,16002.0,430.0,43.12,29.05,0.34,0.0,0.016002
2019-08-20 15:00:00,8151.5,226.0,33.44,29.47,0.21,0.0,0.0081515
2019-08-20 16:00:00,2133.0,71.0,23.04,28.8,1.03,0.0,0.002133
2019-08-20 17:00:00,181.0,14.0,12.45,28.04,1.72,0.0,0.000181
2019-08-20 18:00:00,0.0,0.0,0.0,26.97,1.66,0.0,0.0
2019-08-20 19:00:00,0.0,0.0,0.0,25.78,1.17,0.0,0.0
2019-08-20 20:00:00,0.0,0.0,0.0,24.68,1.31,0.0,0.0
2019-08-20 21:00:00,0.0,0.0,0.0,23.89,1.45,0.0,0.0
2019-08-20 22:00:00,0.0,0.0,0.0,22.66,1.93,0.0,0.0
2019-08-20 23:00:00,0.0,0.0,0.0,21.79,2.62,0.0,0.0
2019-08-21 00:00:00,0.0,0.0,0.0,20.77,2.21,0.0,0.0
2019-08-21 01:00:00,0.0,0.0,0.0,20.06,1.38,0.0,0.0
2019-08-21 02:00:00,0.0,0.0,0.0,19.8,0.55,0.0,0.0
2019-08-21 03:00:00,0.0,0.0,0.0,19.34,0.83,0.0,0.0
2019-08-21 04:00:00,0.0,0.0,0.0,18.99,1.31,0.0,0.0
2019-08-21 05:00:00,766.0,37.43,5.02,19.17,1.17,0.0,0.000766
2019-08-21 06:00:00,6522.0,189.0,15.54,20.21,0.83,0.0,0.006522
2019-08-21 07:00:00,12640.5,332.0,26.11,22.82,1.52,0.0,0.0126405
2019-08-21 08:00:00,19501.0,506.0,36.33,24.03,1.1,0.0,0.019501
2019-08-21 09:00:00,26450.0,696.01,45.61,25.28,1.03,0.0,0.02645
2019-08-21 10:00:00,29411.5,785.01,52.96,26.61,1.17,0.0,0.0294115
2019-08-21 11:00:00,31235.5,836.01,56.89,27.56,1.66,0.0,0.0312355
2019-08-21 12:00:00,30287.5,809.01,56.12,28.4,1.93,0.0,0.0302875
2019-08-21 13:00:00,28317.0,757.01,50.92,28.78,1.59,0.0,0.028317
2019-08-21 14:00:00,23719.5,633.01,42.82,29.21,1.17,0.0,0.0237195
2019-08-21 15:00:00,18550.0,495.0,33.15,29.04,1.03,0.0,0.01855
2019-08-21 16:00:00,11566.0,319.0,22.77,28.77,1.52,0.0,0.011566
2019-08-21 17:00:00,4133.5,133.0,12.18,27.89,1.38,0.0,0.0041335
2019-08-21 18:00:00,0.0,0.0,0.0,26.38,1.79,0.0,0.0
2019-08-21 19:00:00,0.0,0.0,0.0,26.13,1.86,0.0,0.0
2019-08-21 20:00:00,0.0,0.0,0.0,25.04,1.93,0.0,0.0
2019-08-21 21:00:00,0.0,0.0,0.0,24.05,1.93,0.0,0.0
2019-08-21 22:00:00,0.0,0.0,0.0,23.11,2.07,0.0,0.0
2019-08-21 23:00:00,0.0,0.0,0.0,22.41,3.38,0.0,0.0
2019-08-22 00:00:00,0.0,0.0,0.0,21.35,3.86,0.0,0.0
2019-08-22 01:00:00,0.0,0.0,0.0,20.54,3.17,0.0,0.0
2019-08-22 02:00:00,0.0,0.0,0.0,20.49,2.48,0.0,0.0
2019-08-22 03:00:00,0.0,0.0,0.0,20.61,2.21,0.0,0.0
2019-08-22 04:00:00,0.0,0.0,0.0,20.77,1.79,0.0,0.0
2019-08-22 05:00:00,0.0,4.0,4.83,20.67,1.52,0.0,0.0
2019-08-22 06:00:00,305.0,18.0,15.35,20.67,1.86,0.0,0.000305
2019-08-22 07:00:00,973.5,38.0,25.92,20.78,1.45,0.0,0.0009735
2019-08-22 08:00:00,1409.5,50.0,36.12,21.65,2.0,0.0,0.0014095
2019-08-22 09:00:00,1860.5,62.0,45.37,22.27,2.28,0.0,0.0018605
2019-08-22 10:00:00,6720.0,183.0,52.68,23.44,2.34,0.0,0.00672
2019-08-22 11:00:00,23519.0,610.0,56.57,24.15,1.93,0.0,0.023519
2019-08-22 12:00:00,21039.0,551.0,55.78,25.42,1.45,0.0,0.021039
2019-08-22 13:00:00,16423.5,433.0,50.6,26.07,0.97,0.0,0.0164235
2019-08-22 14:00:00,23336.5,617.01,42.52,27.0,0.97,0.0,0.0233365
2019-08-22 15:00:00,18389.0,485.0,32.87,27.52,1.45,0.0,0.018389
2019-08-22 16:00:00,11602.0,319.0,22.49,27.34,1.38,0.0,0.011602
2019-08-22 17:00:00,4608.5,154.0,11.9,26.54,1.59,0.0,0.0046085
2019-08-22 18:00:00,0.0,0.0,0.0,25.8,1.17,0.0,0.0
2019-08-22 19:00:00,0.0,0.0,0.0,25.11,0.97,0.0,0.0
2019-08-22 20:00:00,0.0,0.0,0.0,23.43,1.24,0.0,0.0
2019-08-22 21:00:00,0.0,0.0,0.0,22.26,1.52,0.0,0.0
2019-08-22 22:00:00,0.0,0.0,0.0,21.77,1.38,0.0,0.0
2019-08-22 23:00:00,0.0,0.0,0.0,22.7,0.97,0.0,0.0
2019-08-23 00:00:00,0.0,0.0,0.0,21.12,1.17,0.0,0.0
2019-08-23 01:00:00,0.0,0.0,0.0,19.84,1.38,0.0,0.0
2019-08-23 02:00:00,0.0,0.0,0.0,19.47,1.38,0.0,0.0
2019-08-23 03:00:00,0.0,0.0,0.0,19.18,1.31,0.0,0.0
2019-08-23 04:00:00,0.0,0.0,0.0,19.13,1.17,0.0,0.0
2019-08-23 05:00:00,559.5,28.84,4.64,19.77,0.9,0.0,0.0005595
2019-08-23 06:00:00,6385.0,187.0,15.17,20.04,0.76,0.0,0.006385
2019-08-23 07:00:00,14011.5,367.0,25.73,21.92,1.52,0.0,0.0140115
2019-08-23 08:00:00,13268.0,345.0,35.92,23.58,1.59,0.0,0.013268
2019-08-23 09:00:00,14922.5,390.0,45.14,24.68,1.24,0.0,0.0149225
2019-08-23 10:00:00,8133.0,221.0,52.4,25.71,0.9,0.0,0.008133
2019-08-23 11:00:00,18308.0,484.0,56.24,26.71,1.1,0.0,0.018308
2019-08-23 12:00:00,28974.5,770.01,55.44,26.98,1.59,0.0,0.0289745
2019-08-23 13:00:00,21889.0,570.0,50.27,26.32,2.28,0.0,0.021889
2019-08-23 14:00:00,16807.0,435.0,42.21,25.7,2.83,0.0,0.016807
2019-08-23 15:00:00,18057.0,466.0,32.58,25.3,2.97,0.0,0.018057
2019-08-23 16:00:00,12106.0,327.0,22.21,24.48,2.83,0.0,0.012106
2019-08-23 17:00:00,299.5,18.0,11.62,23.54,2.07,0.0,0.0002995
2019-08-23 18:00:00,0.0,0.0,0.0,22.61,1.03,0.0,0.0
2019-08-23 19:00:00,0.0,0.0,0.0,22.17,1.93,0.0,0.0
2019-08-23 20:00:00,0.0,0.0,0.0,21.47,1.79,0.0,0.0
2019-08-23 21:00:00,0.0,0.0,0.0,20.55,1.24,0.0,0.0
2019-08-23 22:00:00,0.0,0.0,0.0,19.98,1.1,0.0,0.0
2019-08-23 23:00:00,0.0,0.0,0.0,19.36,1.24,0.0,0.0
2019-08-24 00:00:00,0.0,0.0,0.0,18.76,1.31,0.0,0.0
2019-08-24 01:00:00,0.0,0.0,0.0,18.4,1.59,0.0,0.0
2019-08-24 02:00:00,0.0,0.0,0.0,18.41,1.59,0.0,0.0
2019-08-24 03:00:00,0.0,0.0,0.0,18.49,1.66,0.0,0.0
2019-08-24 04:00:00,0.0,0.0,0.0,18.59,1.59,0.0,0.0
2019-08-24 05:00:00,521.5,27.07,4.45,18.73,1.45,0.0,0.0005215
2019-08-24 06:00:00,6167.0,180.0,14.98,19.41,0.97,0.0,0.006167
2019-08-24 07:00:00,13528.0,354.0,25.54,21.21,1.24,0.0,0.013528
2019-08-24 08:00:00,20760.5,531.0,35.71,22.11,1.59,0.0,0.0207605
2019-08-24 09:00:00,26218.0,678.01,44.9,23.27,1.45,0.0,0.026218
2019-08-24 10:00:00,27788.5,729.01,52.12,24.63,1.38,0.0,0.0277885
2019-08-24 11:00:00,25998.5,689.01,55.91,26.02,1.17,0.0,0.0259985
2019-08-24 12:00:00,27814.0,746.01,55.09,27.16,0.97,0.0,0.027814
2019-08-24 13:00:00,25370.0,680.01,49.94,27.98,0.83,0.0,0.02537
2019-08-24 14:00:00,22569.0,603.01,41.9,28.41,0.69,0.0,0.022569
2019-08-24 15:00:00,17335.0,462.0,32.29,28.64,1.03,0.0,0.017335
2019-08-24 16:00:00,10744.5,299.0,21.93,28.37,0.83,0.0,0.0107445
2019-08-24 17:00:00,3838.5,128.0,11.34,27.42,0.62,0.0,0.0038385
2019-08-24 18:00:00,0.0,0.0,0.0,26.67,0.69,0.0,0.0
2019-08-24 19:00:00,0.0,0.0,0.0,24.29,0.69,0.0,0.0
2019-08-24 20:00:00,0.0,0.0,0.0,25.05,0.14,0.0,0.0
2019-08-24 21:00:00,0.0,0.0,0.0,24.4,0.69,0.0,0.0
2019-08-24 22:00:00,0.0,0.0,0.0,22.17,1.38,0.0,0.0
2019-08-24 23:00:00,0.0,0.0,0.0,22.02,1.31,0.0,0.0
2019-08-25 00:00:00,0.0,0.0,0.0,22.36,1.1,0.0,0.0
2019-08-25 01:00:00,0.0,0.0,0.0,23.01,0.83,0.0,0.0
2019-08-25 02:00:00,0.0,0.0,0.0,22.85,0.48,0.0,0.0
2019-08-25 03:00:00,0.0,0.0,0.0,22.39,0.48,0.0,0.0
2019-08-25 04:00:00,0.0,0.0,0.0,21.62,0.83,0.0,0.0
2019-08-25 05:00:00,478.5,25.3,4.25,19.75,1.1,0.0,0.0004785
2019-08-25 06:00:00,6100.5,180.0,14.79,20.36,0.76,0.0,0.0061005
2019-08-25 07:00:00,13781.5,364.0,25.34,22.07,0.76,0.0,0.0137815
2019-08-25 08:00:00,20525.5,533.0,35.5,23.8,0.97,0.0,0.0205255
2019-08-25 09:00:00,25770.5,678.01,44.66,25.36,0.97,0.0,0.0257705
2019-08-25 10:00:00,28955.0,779.01,51.83,26.74,0.69,0.0,0.028955
2019-08-25 11:00:00,28882.5,789.01,55.58,27.97,0.41,0.0,0.0288825
2019-08-25 12:00:00,29327.5,802.01,54.74,28.92,0.62,0.0,0.0293275
2019-08-25 13:00:00,27174.5,739.01,49.6,29.69,0.69,0.0,0.0271745
2019-08-25 14:00:00,23610.5,636.01,41.59,29.98,0.76,0.0,0.0236105
2019-08-25 15:00:00,18064.0,486.0,31.99,30.09,0.9,0.0,0.018064
2019-08-25 16:00:00,11038.5,311.0,21.64,29.94,0.83,0.0,0.0110385
2019-08-25 17:00:00,3817.0,131.0,11.05,29.16,1.24,0.0,0.003817
2019-08-25 18:00:00,0.0,0.0,0.0,27.63,1.52,0.0,0.0
2019-08-25 19:00:00,0.0,0.0,0.0,27.37,0.76,0.0,0.0
2019-08-25 20:00:00,0.0,0.0,0.0,24.86,1.24,0.0,0.0
2019-08-25 21:00:00,0.0,0.0,0.0,23.36,1.72,0.0,0.0
2019-08-25 22:00:00,0.0,0.0,0.0,22.42,1.79,0.0,0.0
2019-08-25 23:00:00,0.0,0.0,0.0,21.62,1.66,0.0,0.0
2019-08-26 00:00:00,0.0,0.0,0.0,21.53,1.31,0.0,0.0
2019-08-26 01:00:00,0.0,0.0,0.0,21.62,1.1,0.0,0.0
2019-08-26 02:00:00,0.0,0.0,0.0,21.67,0.97,0.0,0.0
2019-08-26 03:00:00,0.0,0.0,0.0,22.16,0.76,0.0,0.0
2019-08-26 04:00:00,0.0,0.0,0.0,22.21,0.55,0.0,0.0
2019-08-26 05:00:00,308.5,18.81,4.06,21.66,0.83,0.0,0.0003085
2019-08-26 06:00:00,6008.5,179.0,14.6,21.73,0.69,0.0,0.0060085
2019-08-26 07:00:00,13801.0,365.0,25.15,22.27,0.83,0.0,0.013801
2019-08-26 08:00:00,20507.5,533.0,35.29,23.88,0.97,0.0,0.0205075
2019-08-26 09:00:00,25649.5,677.01,44.41,25.74,0.9,0.0,0.0256495
2019-08-26 10:00:00,28545.5,765.01,51.54,27.36,1.03,0.0,0.0285455
2019-08-26 11:00:00,28661.5,776.01,55.24,28.49,0.97,0.0,0.0286615
2019-08-26 12:00:00,29548.5,805.01,54.39,29.41,0.97,0.0,0.0295485
2019-08-26 13:00:00,27269.0,742.01,49.26,29.95,0.76,0.0,0.027269
2019-08-26 14:00:00,23651.5,637.01,41.27,30.3,0.9,0.0,0.0236515
2019-08-26 15:00:00,17809.5,481.0,31.69,30.43,0.76,0.0,0.0178095
2019-08-26 16:00:00,10706.5,303.0,21.34,30.17,0.55,0.0,0.0107065
2019-08-26 17:00:00,3547.5,122.0,10.76,29.54,1.03,0.0,0.0035475
2019-08-26 18:00:00,0.0,0.0,0.0,28.08,1.79,0.0,0.0
2019-08-26 19:00:00,0.0,0.0,0.0,26.35,1.59,0.0,0.0
2019-08-26 20:00:00,0.0,0.0,0.0,25.32,1.79,0.0,0.0
2019-08-26 21:00:00,0.0,0.0,0.0,24.34,1.79,0.0,0.0
2019-08-26 22:00:00,0.0,0.0,0.0,23.35,1.52,0.0,0.0
2019-08-26 23:00:00,0.0,0.0,0.0,22.57,1.52,0.0,0.0
2019-08-27 00:00:00,0.0,0.0,0.0,21.94,1.59,0.0,0.0
2019-08-27 01:00:00,0.0,0.0,0.0,21.22,1.45,0.0,0.0
2019-08-27 02:00:00,0.0,0.0,0.0,21.35,1.03,0.0,0.0
2019-08-27 03:00:00,0.0,0.0,0.0,20.71,1.24,0.0,0.0
2019-08-27 04:00:00,0.0,0.0,0.0,20.32,1.17,0.0,0.0
2019-08-27 05:00:00,345.5,20.58,3.87,20.3,1.03,0.0,0.0003455
2019-08-27 06:00:00,5308.0,157.0,14.41,21.11,0.83,0.0,0.005308
2019-08-27 07:00:00,8451.0,228.0,24.96,23.66,0.69,0.0,0.008451
2019-08-27 08:00:00,19225.5,505.0,35.08,24.93,0.48,0.0,0.0192255
2019-08-27 09:00:00,24148.0,643.01,44.17,26.1,0.34,0.0,0.024148
2019-08-27 10:00:00,26554.5,715.01,51.24,27.35,0.55,0.0,0.0265545
2019-08-27 11:00:00,27602.5,744.01,54.91,28.18,0.97,0.0,0.0276025
2019-08-27 12:00:00,22661.0,611.0,54.03,29.01,0.69,0.0,0.022661
2019-08-27 13:00:00,25407.5,688.01,48.92,29.55,0.69,0.0,0.0254075
2019-08-27 14:00:00,18219.5,490.0,40.95,29.89,0.55,0.0,0.0182195
2019-08-27 15:00:00,10559.0,287.0,31.38,29.41,0.76,0.0,0.010559
2019-08-27 16:00:00,4835.5,141.0,21.05,29.02,1.17,0.0,0.0048355
2019-08-27 17:00:00,1353.5,50.0,10.46,27.71,1.1,0.0,0.0013535
2019-08-27 18:00:00,0.0,0.0,0.0,26.64,1.66,0.0,0.0
2019-08-27 19:00:00,0.0,0.0,0.0,25.48,1.1,0.0,0.0
2019-08-27 20:00:00,0.0,0.0,0.0,25.25,0.9,0.0,0.0
2019-08-27 21:00:00,0.0,0.0,0.0,24.98,0.9,0.0,0.0
2019-08-27 22:00:00,0.0,0.0,0.0,24.5,0.9,0.0,0.0
2019-08-27 23:00:00,0.0,0.0,0.0,23.34,1.1,0.0,0.0
2019-08-28 00:00:00,0.0,0.0,0.0,22.54,1.1,0.0,0.0
2019-08-28 01:00:00,0.0,0.0,0.0,21.73,1.52,0.0,0.0
2019-08-28 02:00:00,0.0,0.0,0.0,21.28,1.72,0.0,0.0
2019-08-28 03:00:00,0.0,0.0,0.0,20.81,1.17,0.0,0.0
2019-08-28 04:00:00,0.0,0.0,0.0,20.78,0.69,0.0,0.0
2019-08-28 05:00:00,0.0,3.0,3.67,19.96,0.97,0.0,0.0
2019-08-28 06:00:00,493.0,24.0,14.22,20.48,1.03,0.0,0.000493
2019-08-28 07:00:00,2329.0,74.0,24.76,21.87,1.31,0.0,0.002329
2019-08-28 08:00:00,11126.0,293.0,34.86,23.89,1.1,0.0,0.011126
2019-08-28 09:00:00,3695.0,110.0,43.92,25.5,0.76,0.0,0.003695
2019-08-28 10:00:00,2514.5,80.0,50.95,25.75,1.1,0.0,0.0025145
2019-08-28 11:00:00,2856.0,89.0,54.56,26.5,1.52,0.0,0.002856
2019-08-28 12:00:00,12039.5,321.0,53.67,27.2,1.38,0.0,0.0120395
2019-08-28 13:00:00,11315.5,303.0,48.57,27.46,1.24,0.0,0.0113155
2019-08-28 14:00:00,7534.0,208.0,40.62,27.85,0.9,0.0,0.007534
2019-08-28 15:00:00,10755.5,290.0,31.08,28.08,0.9,0.0,0.0107555
2019-08-28 16:00:00,7218.0,203.0,20.75,28.03,1.03,0.0,0.007218
2019-08-28 17:00:00,3384.5,120.0,10.16,27.21,0.62,0.0,0.0033845
2019-08-28 18:00:00,0.0,0.0,0.0,26.06,0.21,0.0,0.0
2019-08-28 19:00:00,0.0,0.0,0.0,23.57,0.83,0.0,0.0
2019-08-28 20:00:00,0.0,0.0,0.0,23.42,0.48,0.0,0.0
2019-08-28 21:00:00,0.0,0.0,0.0,23.15,0.21,0.0,0.0
2019-08-28 22:00:00,0.0,0.0,0.0,22.78,0.55,0.0,0.0
2019-08-28 23:00:00,0.0,0.0,0.0,21.18,1.03,0.0,0.0
2019-08-29 00:00:00,0.0,0.0,0.0,19.76,1.52,0.0,0.0
2019-08-29 01:00:00,0.0,0.0,0.0,19.36,1.66,0.0,0.0
2019-08-29 02:00:00,0.0,0.0,0.0,19.05,1.59,0.0,0.0
2019-08-29 03:00:00,0.0,0.0,0.0,18.81,1.52,0.0,0.0
2019-08-29 04:00:00,0.0,0.0,0.0,18.59,1.52,0.0,0.0
2019-08-29 05:00:00,254.0,16.8,3.48,18.45,1.52,0.0,0.000254
2019-08-29 06:00:00,4249.0,125.0,14.03,19.5,1.1,0.0,0.004249
2019-08-29 07:00:00,13703.0,364.0,24.56,22.57,0.97,0.0,0.013703
2019-08-29 08:00:00,20552.0,536.0,34.65,24.65,1.03,0.0,0.020552
2019-08-29 09:00:00,25488.0,676.01,43.67,26.58,0.83,0.0,0.025488
2019-08-29 10:00:00,28566.0,778.01,50.65,28.13,0.41,0.0,0.028566
2019-08-29 11:00:00,30055.5,824.01,54.22,29.32,0.69,0.0,0.0300555
2019-08-29 12:00:00,29193.5,800.01,53.31,30.0,0.76,0.0,0.0291935
2019-08-29 13:00:00,27115.5,735.01,48.22,30.37,1.03,0.0,0.0271155
2019-08-29 14:00:00,23490.5,631.01,40.29,30.67,1.17,0.0,0.0234905
2019-08-29 15:00:00,17589.5,472.0,30.76,30.82,1.79,0.0,0.0175895
2019-08-29 16:00:00,10471.0,297.0,20.45,30.18,2.07,0.0,0.010471
2019-08-29 17:00:00,3240.5,117.0,9.86,29.12,1.72,0.0,0.0032405
2019-08-29 18:00:00,0.0,0.0,0.0,27.42,1.59,0.0,0.0
2019-08-29 19:00:00,0.0,0.0,0.0,25.56,1.45,0.0,0.0
2019-08-29 20:00:00,0.0,0.0,0.0,24.14,1.79,0.0,0.0
2019-08-29 21:00:00,0.0,0.0,0.0,23.02,1.86,0.0,0.0
2019-08-29 22:00:00,0.0,0.0,0.0,22.16,1.59,0.0,0.0
2019-08-29 23:00:00,0.0,0.0,0.0,22.37,1.24,0.0,0.0
2019-08-30 00:00:00,0.0,0.0,0.0,21.25,1.38,0.0,0.0
2019-08-30 01:00:00,0.0,0.0,0.0,20.53,1.38,0.0,0.0
2019-08-30 02:00:00,0.0,0.0,0.0,20.59,1.24,0.0,0.0
2019-08-30 03:00:00,0.0,0.0,0.0,21.34,1.03,0.0,0.0
2019-08-30 04:00:00,0.0,0.0,0.0,22.02,0.62,0.0,0.0
2019-08-30 05:00:00,223.0,16.61,3.28,22.07,0.41,0.0,0.000223
2019-08-30 06:00:00,5856.5,181.0,13.84,22.25,0.28,0.0,0.0058565
2019-08-30 07:00:00,13641.5,366.0,24.37,24.14,0.9,0.0,0.0136415
2019-08-30 08:00:00,20173.0,531.01,34.43,26.17,0.9,0.0,0.020173
2019-08-30 09:00:00,25018.0,668.01,43.41,28.01,0.83,0.0,0.025018
2019-08-30 10:00:00,28226.5,768.01,50.35,29.25,0.69,0.0,0.0282265
2019-08-30 11:00:00,28871.5,791.01,53.87,30.32,0.83,0.0,0.0288715
2019-08-30 12:00:00,28290.0,777.01,52.95,31.1,0.83,0.0,0.02829
2019-08-30 13:00:00,26157.0,713.01,47.87,31.55,0.97,0.0,0.026157
2019-08-30 14:00:00,23181.0,625.01,39.96,31.81,1.31,0.0,0.023181
2019-08-30 15:00:00,17305.0,466.0,30.45,31.15,1.66,0.0,0.017305
2019-08-30 16:00:00,7845.0,223.0,20.14,30.46,1.45,0.0,0.007845
2019-08-30 17:00:00,2393.0,84.0,9.55,29.37,0.83,0.0,0.002393
2019-08-30 18:00:00,0.0,0.0,0.0,29.28,0.62,0.0,0.0
2019-08-30 19:00:00,0.0,0.0,0.0,25.72,1.45,0.0,0.0
2019-08-30 20:00:00,0.0,0.0,0.0,24.58,1.52,0.0,0.0
2019-08-30 21:00:00,0.0,0.0,0.0,23.95,1.45,0.0,0.0
2019-08-30 22:00:00,0.0,0.0,0.0,23.26,1.45,0.0,0.0
2019-08-30 23:00:00,0.0,0.0,0.0,22.36,1.52,0.0,0.0
2019-08-31 00:00:00,0.0,0.0,0.0,21.8,1.38,0.0,0.0
2019-08-31 01:00:00,0.0,0.0,0.0,21.38,1.17,0.0,0.0
2019-08-31 02:00:00,0.0,0.0,0.0,20.75,1.31,0.0,0.0
2019-08-31 03:00:00,0.0,0.0,0.0,19.87,1.38,0.0,0.0
2019-08-31 04:00:00,0.0,0.0,0.0,19.75,1.24,0.0,0.0
2019-08-31 05:00:00,65.0,9.0,3.08,19.24,1.38,0.0,6.5e-05
2019-08-31 06:00:00,4913.0,147.0,13.65,20.08,1.03,0.0,0.004913
2019-08-31 07:00:00,10175.5,269.0,24.17,21.69,1.66,0.0,0.0101755
2019-08-31 08:00:00,19030.5,487.0,34.21,22.69,2.0,0.0,0.0190305
2019-08-31 09:00:00,24506.0,634.01,43.16,23.95,1.52,0.0,0.024506
2019-08-31 10:00:00,28349.0,746.01,50.04,25.38,1.38,0.0,0.028349
2019-08-31 11:00:00,29715.5,799.01,53.52,26.9,0.9,0.0,0.0297155
2019-08-31 12:00:00,28468.5,771.01,52.58,27.79,0.62,0.0,0.0284685
2019-08-31 13:00:00,25846.5,691.01,47.52,27.86,0.9,0.0,0.0258465
2019-08-31 14:00:00,8001.0,220.0,39.63,28.38,1.24,0.0,0.008001
2019-08-31 15:00:00,12502.0,336.0,30.13,28.32,0.76,0.0,0.012502
2019-08-31 16:00:00,7010.5,198.0,19.83,26.99,0.34,0.0,0.0070105
2019-08-31 17:00:00,908.0,37.0,9.25,26.5,0.69,0.0,0.000908
2019-08-31 18:00:00,0.0,0.0,0.0,25.43,0.9,0.0,0.0
2019-08-31 19:00:00,0.0,0.0,0.0,25.39,0.21,0.0,0.0
2019-08-31 20:00:00,0.0,0.0,0.0,25.01,0.62,0.0,0.0
2019-08-31 21:00:00,0.0,0.0,0.0,22.24,1.38,0.0,0.0
2019-08-31 22:00:00,0.0,0.0,0.0,21.66,1.31,0.0,0.0
2019-08-31 23:00:00,0.0,0.0,0.0,21.03,1.31,0.0,0.0
2019-09-01 00:00:00,0.0,0.0,0.0,20.66,1.24,0.0,0.0
2019-09-01 01:00:00,0.0,0.0,0.0,20.34,1.24,0.0,0.0
2019-09-01 02:00:00,0.0,0.0,0.0,20.88,0.97,0.0,0.0
2019-09-01 03:00:00,0.0,0.0,0.0,21.08,0.9,0.0,0.0
2019-09-01 04:00:00,0.0,0.0,0.0,20.69,0.9,0.0,0.0
2019-09-01 05:00:00,167.0,13.81,2.88,19.6,1.1,0.0,0.000167
2019-09-01 06:00:00,5227.0,158.0,13.45,19.67,1.03,0.0,0.005227
2019-09-01 07:00:00,12770.5,340.0,23.96,22.28,0.9,0.0,0.0127705
2019-09-01 08:00:00,19391.0,503.0,33.99,24.16,1.31,0.0,0.019391
2019-09-01 09:00:00,24679.0,645.01,42.9,25.96,1.52,0.0,0.024679
2019-09-01 10:00:00,27986.0,747.01,49.74,27.34,1.1,0.0,0.027986
2019-09-01 11:00:00,29048.5,791.01,53.17,28.47,0.62,0.0,0.0290485
2019-09-01 12:00:00,28261.0,780.01,52.21,29.33,0.14,0.0,0.028261
2019-09-01 13:00:00,26079.0,711.01,47.16,30.06,0.48,0.0,0.026079
2019-09-01 14:00:00,21900.0,594.01,39.29,30.5,0.34,0.0,0.0219
2019-09-01 15:00:00,16323.0,442.0,29.81,29.57,0.41,0.0,0.016323
2019-09-01 16:00:00,10059.0,289.0,19.52,28.83,1.03,0.0,0.010059
2019-09-01 17:00:00,2537.0,92.0,8.94,27.41,0.83,0.0,0.002537
2019-09-01 18:00:00,0.0,0.0,0.0,26.11,0.97,0.0,0.0
2019-09-01 19:00:00,0.0,0.0,0.0,24.56,1.66,0.0,0.0
2019-09-01 20:00:00,0.0,0.0,0.0,23.51,1.45,0.0,0.0
2019-09-01 21:00:00,0.0,0.0,0.0,24.09,0.34,0.0,0.0
2019-09-01 22:00:00,0.0,0.0,0.0,21.38,1.38,0.0,0.0
2019-09-01 23:00:00,0.0,0.0,0.0,21.62,0.9,0.0,0.0
2019-09-02 00:00:00,0.0,0.0,0.0,20.77,1.59,0.0,0.0
2019-09-02 01:00:00,0.0,0.0,0.0,20.23,1.17,0.0,0.0
2019-09-02 02:00:00,0.0,0.0,0.0,19.74,1.38,0.0,0.0
2019-09-02 03:00:00,0.0,0.0,0.0,19.58,1.66,0.0,0.0
2019-09-02 04:00:00,0.0,0.0,0.0,19.46,1.93,0.0,0.0
2019-09-02 05:00:00,4.0,6.0,2.69,19.35,1.66,0.0,4e-06
2019-09-02 06:00:00,218.5,15.0,13.26,20.14,1.45,0.0,0.0002185
2019-09-02 07:00:00,759.0,32.0,23.76,21.26,1.24,0.0,0.000759
2019-09-02 08:00:00,15909.5,413.0,33.76,22.31,0.48,0.0,0.0159095
2019-09-02 09:00:00,25058.0,657.01,42.64,23.83,0.62,0.0,0.025058
2019-09-02 10:00:00,28281.0,761.01,49.43,24.95,0.14,0.0,0.028281
2019-09-02 11:00:00,30059.0,801.01,52.82,26.02,1.17,0.0,0.030059
2019-09-02 12:00:00,29647.0,789.01,51.84,26.94,1.45,0.0,0.029647
2019-09-02 13:00:00,27219.0,722.01,46.8,27.43,1.38,0.0,0.027219
2019-09-02 14:00:00,23032.0,607.01,38.95,27.5,1.38,0.0,0.023032
2019-09-02 15:00:00,16823.5,448.0,29.48,27.71,1.24,0.0,0.0168235
2019-09-02 16:00:00,9448.0,269.0,19.2,27.57,1.24,0.0,0.009448
2019-09-02 17:00:00,2500.5,93.0,8.62,26.84,1.24,0.0,0.0025005
2019-09-02 18:00:00,0.0,0.0,0.0,25.3,1.45,0.0,0.0
2019-09-02 19:00:00,0.0,0.0,0.0,24.11,1.17,0.0,0.0
2019-09-02 20:00:00,0.0,0.0,0.0,22.99,1.59,0.0,0.0
2019-09-02 21:00:00,0.0,0.0,0.0,22.31,1.72,0.0,0.0
2019-09-02 22:00:00,0.0,0.0,0.0,21.38,1.72,0.0,0.0
2019-09-02 23:00:00,0.0,0.0,0.0,20.85,1.45,0.0,0.0
2019-09-03 00:00:00,0.0,0.0,0.0,21.59,0.97,0.0,0.0
2019-09-03 01:00:00,0.0,0.0,0.0,22.23,0.69,0.0,0.0
2019-09-03 02:00:00,0.0,0.0,0.0,20.39,1.24,0.0,0.0
2019-09-03 03:00:00,0.0,0.0,0.0,18.85,1.72,0.0,0.0
2019-09-03 04:00:00,0.0,0.0,0.0,18.2,2.07,0.0,0.0
2019-09-03 05:00:00,91.0,10.83,2.49,18.21,2.14,0.0,9.1e-05
2019-09-03 06:00:00,5590.0,173.0,13.06,18.92,1.93,0.0,0.00559
2019-09-03 07:00:00,13280.5,353.0,23.56,21.57,1.1,0.0,0.0132805
2019-09-03 08:00:00,19998.5,515.01,33.54,23.29,1.72,0.0,0.0199985
2019-09-03 09:00:00,25509.0,657.01,42.38,24.27,2.14,0.0,0.025509
2019-09-03 10:00:00,29087.5,757.01,49.12,25.22,2.21,0.0,0.0290875
2019-09-03 11:00:00,21923.0,572.0,52.46,25.86,2.0,0.0,0.021923
2019-09-03 12:00:00,28032.0,739.01,51.46,26.55,1.79,0.0,0.028032
2019-09-03 13:00:00,25322.0,668.01,46.43,27.12,1.52,0.0,0.025322
2019-09-03 14:00:00,22895.5,602.01,38.6,27.5,1.59,0.0,0.0228955
2019-09-03 15:00:00,16893.5,448.0,29.16,27.61,1.79,0.0,0.0168935
2019-09-03 16:00:00,9542.0,272.0,18.88,27.32,1.86,0.0,0.009542
2019-09-03 17:00:00,2468.0,94.0,8.3,26.45,1.45,0.0,0.002468
2019-09-03 18:00:00,0.0,0.0,0.0,24.71,1.17,0.0,0.0
2019-09-03 19:00:00,0.0,0.0,0.0,23.07,1.59,0.0,0.0
2019-09-03 20:00:00,0.0,0.0,0.0,21.91,1.52,0.0,0.0
2019-09-03 21:00:00,0.0,0.0,0.0,21.04,1.52,0.0,0.0
2019-09-03 22:00:00,0.0,0.0,0.0,20.57,1.52,0.0,0.0
2019-09-03 23:00:00,0.0,0.0,0.0,19.81,1.59,0.0,0.0
2019-09-04 00:00:00,0.0,0.0,0.0,19.36,1.59,0.0,0.0
2019-09-04 01:00:00,0.0,0.0,0.0,18.73,1.66,0.0,0.0
2019-09-04 02:00:00,0.0,0.0,0.0,18.19,1.66,0.0,0.0
2019-09-04 03:00:00,0.0,0.0,0.0,17.77,1.72,0.0,0.0
2019-09-04 04:00:00,0.0,0.0,0.0,17.38,1.72,0.0,0.0
2019-09-04 05:00:00,44.0,8.0,2.29,17.37,1.66,0.0,4.4e-05
2019-09-04 06:00:00,5508.0,171.0,12.87,18.08,1.45,0.0,0.005508
2019-09-04 07:00:00,9958.0,263.0,23.35,20.67,1.59,0.0,0.009958
2019-09-04 08:00:00,19812.0,506.01,33.31,21.68,1.79,0.0,0.019812
2019-09-04 09:00:00,20748.5,532.0,42.11,22.7,1.72,0.0,0.0207485
2019-09-04 10:00:00,18017.5,466.0,48.8,23.54,1.59,0.0,0.0180175
2019-09-04 11:00:00,26952.5,704.01,52.1,24.39,1.59,0.0,0.0269525
2019-09-04 12:00:00,24695.0,647.01,51.08,25.04,1.38,0.0,0.024695
2019-09-04 13:00:00,21690.5,569.0,46.06,25.9,1.24,0.0,0.0216905
2019-09-04 14:00:00,17397.0,457.0,38.26,26.32,1.1,0.0,0.017397
2019-09-04 15:00:00,14809.5,393.0,28.83,26.33,1.03,0.0,0.0148095
2019-09-04 16:00:00,8092.5,229.0,18.56,26.11,1.1,0.0,0.0080925
2019-09-04 17:00:00,1337.5,50.0,7.99,25.55,1.17,0.0,0.0013375
2019-09-04 18:00:00,0.0,0.0,0.0,24.22,1.38,0.0,0.0
2019-09-04 19:00:00,0.0,0.0,0.0,22.63,1.66,0.0,0.0
2019-09-04 20:00:00,0.0,0.0,0.0,21.15,1.24,0.0,0.0
2019-09-04 21:00:00,0.0,0.0,0.0,20.75,1.03,0.0,0.0
2019-09-04 22:00:00,0.0,0.0,0.0,21.13,0.9,0.0,0.0
2019-09-04 23:00:00,0.0,0.0,0.0,20.16,1.03,0.0,0.0
2019-09-05 00:00:00,0.0,0.0,0.0,19.54,1.03,0.0,0.0
2019-09-05 01:00:00,0.0,0.0,0.0,18.75,1.24,0.0,0.0
2019-09-05 02:00:00,0.0,0.0,0.0,18.33,1.24,0.0,0.0
2019-09-05 03:00:00,0.0,0.0,0.0,18.46,1.03,0.0,0.0
2019-09-05 04:00:00,0.0,0.0,0.0,18.37,1.03,0.0,0.0
2019-09-05 05:00:00,0.0,0.0,0.0,18.08,1.03,0.0,0.0
2019-09-05 06:00:00,1844.0,61.0,12.67,18.73,0.76,0.0,0.001844
2019-09-05 07:00:00,5009.5,140.0,23.15,20.38,0.62,0.0,0.0050095
2019-09-05 08:00:00,8136.0,217.0,33.08,21.53,0.69,0.0,0.008136
2019-09-05 09:00:00,10548.5,277.0,41.85,22.18,0.9,0.0,0.0105485
2019-09-05 10:00:00,20458.5,530.0,48.49,22.52,0.9,0.0,0.0204585
2019-09-05 11:00:00,25819.0,675.01,51.74,22.47,0.76,0.0,0.025819
2019-09-05 12:00:00,28546.0,754.01,50.71,22.86,0.55,0.0,0.028546
2019-09-05 13:00:00,26556.0,692.01,45.69,22.53,0.83,0.0,0.026556
2019-09-05 14:00:00,22897.0,588.01,37.91,21.64,1.1,0.0,0.022897
2019-09-05 15:00:00,1225.5,45.0,28.49,21.1,0.83,0.0,0.0012255
2019-09-05 16:00:00,461.0,23.0,18.24,20.29,0.48,0.0,0.000461
2019-09-05 17:00:00,43.0,8.0,7.66,19.77,0.62,0.0,4.3e-05
2019-09-05 18:00:00,0.0,0.0,0.0,19.05,1.45,0.0,0.0
2019-09-05 19:00:00,0.0,0.0,0.0,17.49,4.76,0.0,0.0
2019-09-05 20:00:00,0.0,0.0,0.0,16.55,4.34,0.0,0.0
2019-09-05 21:00:00,0.0,0.0,0.0,15.9,3.24,0.0,0.0
2019-09-05 22:00:00,0.0,0.0,0.0,15.53,2.07,0.0,0.0
2019-09-05 23:00:00,0.0,0.0,0.0,15.25,1.17,0.0,0.0
2019-09-06 00:00:00,0.0,0.0,0.0,15.26,0.97,0.0,0.0
2019-09-06 01:00:00,0.0,0.0,0.0,14.89,0.55,0.0,0.0
2019-09-06 02:00:00,0.0,0.0,0.0,15.08,0.14,0.0,0.0
2019-09-06 03:00:00,0.0,0.0,0.0,15.0,0.76,0.0,0.0
2019-09-06 04:00:00,0.0,0.0,0.0,14.77,1.31,0.0,0.0
2019-09-06 05:00:00,0.0,0.0,0.0,14.57,1.45,0.0,0.0
2019-09-06 06:00:00,931.0,36.0,12.47,14.75,0.83,0.0,0.000931
2019-09-06 07:00:00,2610.0,79.0,22.94,15.38,1.31,0.0,0.00261
2019-09-06 08:00:00,8405.0,218.0,32.85,16.28,1.1,0.0,0.008405
2019-09-06 09:00:00,2988.0,89.0,41.58,17.35,0.9,0.0,0.002988
2019-09-06 10:00:00,3844.5,110.0,48.17,18.06,1.86,0.0,0.0038445
2019-09-06 11:00:00,2262.5,71.0,51.38,17.63,2.14,0.0,0.0022625
2019-09-06 12:00:00,7459.0,196.0,50.32,17.69,2.34,0.0,0.007459
2019-09-06 13:00:00,9943.0,255.0,45.32,17.36,2.14,0.0,0.009943
2019-09-06 14:00:00,15918.5,399.0,37.55,17.5,1.93,0.0,0.0159185
2019-09-06 15:00:00,16949.0,429.0,28.16,17.55,1.86,0.0,0.016949
2019-09-06 16:00:00,8802.5,241.0,17.91,17.32,1.86,0.0,0.0088025
2019-09-06 17:00:00,2106.0,81.0,7.34,17.06,1.52,0.0,0.002106
2019-09-06 18:00:00,0.0,0.0,0.0,16.72,1.31,0.0,0.0
2019-09-06 19:00:00,0.0,0.0,0.0,17.65,0.41,0.0,0.0
2019-09-06 20:00:00,0.0,0.0,0.0,16.65,0.76,0.0,0.0
2019-09-06 21:00:00,0.0,0.0,0.0,15.78,0.97,0.0,0.0
2019-09-06 22:00:00,0.0,0.0,0.0,14.89,1.17,0.0,0.0
2019-09-06 23:00:00,0.0,0.0,0.0,14.39,1.31,0.0,0.0
2019-09-07 00:00:00,0.0,0.0,0.0,13.68,1.45,0.0,0.0
2019-09-07 01:00:00,0.0,0.0,0.0,13.45,1.38,0.0,0.0
2019-09-07 02:00:00,0.0,0.0,0.0,12.98,1.38,0.0,0.0
2019-09-07 03:00:00,0.0,0.0,0.0,12.65,1.31,0.0,0.0
2019-09-07 04:00:00,0.0,0.0,0.0,12.31,1.24,0.0,0.0
2019-09-07 05:00:00,0.0,0.0,0.0,12.45,1.1,0.0,0.0
2019-09-07 06:00:00,4725.5,143.0,12.27,13.99,0.48,0.0,0.0047255
2019-09-07 07:00:00,12359.5,322.0,22.73,16.0,0.62,0.0,0.0123595
2019-09-07 08:00:00,14568.5,371.0,32.62,17.96,0.55,0.0,0.0145685
2019-09-07 09:00:00,12820.5,331.0,41.31,19.57,0.28,0.0,0.0128205
2019-09-07 10:00:00,28076.5,741.01,47.85,20.86,0.0,0.0,0.0280765
2019-09-07 11:00:00,29560.0,784.01,51.01,21.9,0.28,0.0,0.02956
2019-09-07 12:00:00,26189.0,688.01,49.94,22.68,0.55,0.0,0.026189
2019-09-07 13:00:00,27161.0,714.01,44.95,23.27,0.62,0.0,0.027161
2019-09-07 14:00:00,22663.5,591.01,37.2,23.67,0.76,0.0,0.0226635
2019-09-07 15:00:00,16286.5,430.0,27.82,23.46,0.48,0.0,0.0162865
2019-09-07 16:00:00,8074.0,229.0,17.58,23.27,0.62,0.0,0.008074
2019-09-07 17:00:00,1461.0,56.0,7.02,22.81,0.21,0.0,0.001461
2019-09-07 18:00:00,0.0,0.0,0.0,20.94,0.69,0.0,0.0
2019-09-07 19:00:00,0.0,0.0,0.0,20.79,0.34,0.0,0.0
2019-09-07 20:00:00,0.0,0.0,0.0,19.57,0.69,0.0,0.0
2019-09-07 21:00:00,0.0,0.0,0.0,17.41,1.17,0.0,0.0
2019-09-07 22:00:00,0.0,0.0,0.0,16.4,1.52,0.0,0.0
2019-09-07 23:00:00,0.0,0.0,0.0,16.07,1.59,0.0,0.0
2019-09-08 00:00:00,0.0,0.0,0.0,15.93,1.31,0.0,0.0
2019-09-08 01:00:00,0.0,0.0,0.0,15.92,0.76,0.0,0.0
2019-09-08 02:00:00,0.0,0.0,0.0,15.78,0.69,0.0,0.0
2019-09-08 03:00:00,0.0,0.0,0.0,15.98,1.17,0.0,0.0
2019-09-08 04:00:00,0.0,0.0,0.0,15.62,1.72,0.0,0.0
2019-09-08 05:00:00,0.0,0.0,0.0,15.13,2.0,0.0,0.0
2019-09-08 06:00:00,4413.5,133.0,12.07,15.03,1.72,0.0,0.0044135
2019-09-08 07:00:00,8845.5,230.0,22.52,15.97,1.79,0.0,0.0088455
2019-09-08 08:00:00,15403.5,387.0,32.38,16.81,1.45,0.0,0.0154035
2019-09-08 09:00:00,25020.5,633.01,41.04,17.7,0.97,0.0,0.0250205
2019-09-08 10:00:00,28979.0,751.01,47.53,18.98,0.48,0.0,0.028979
2019-09-08 11:00:00,30176.5,786.01,50.65,19.85,0.69,0.0,0.0301765
2019-09-08 12:00:00,30169.5,781.01,49.56,20.55,1.17,0.0,0.0301695
2019-09-08 13:00:00,27517.0,707.01,44.57,21.07,1.38,0.0,0.027517
2019-09-08 14:00:00,2734.0,84.0,36.84,21.2,1.45,0.0,0.002734
2019-09-08 15:00:00,10372.0,271.0,27.48,21.11,1.59,0.0,0.010372
2019-09-08 16:00:00,2955.0,89.0,17.25,19.67,2.0,0.0,0.002955
2019-09-08 17:00:00,1434.5,55.0,6.69,18.43,0.76,0.0,0.0014345
2019-09-08 18:00:00,0.0,0.0,0.0,16.74,1.03,0.0,0.0
2019-09-08 19:00:00,0.0,0.0,0.0,15.59,1.72,0.0,0.0
2019-09-08 20:00:00,0.0,0.0,0.0,14.62,1.93,0.0,0.0
2019-09-08 21:00:00,0.0,0.0,0.0,13.99,2.0,0.0,0.0
2019-09-08 22:00:00,0.0,0.0,0.0,13.14,1.93,0.0,0.0
2019-09-08 23:00:00,0.0,0.0,0.0,12.46,1.79,0.0,0.0
2019-09-09 00:00:00,0.0,0.0,0.0,11.88,1.72,0.0,0.0
2019-09-09 01:00:00,0.0,0.0,0.0,11.49,1.66,0.0,0.0
2019-09-09 02:00:00,0.0,0.0,0.0,11.09,1.59,0.0,0.0
2019-09-09 03:00:00,0.0,0.0,0.0,10.99,1.31,0.0,0.0
2019-09-09 04:00:00,0.0,0.0,0.0,10.97,1.17,0.0,0.0
2019-09-09 05:00:00,0.0,0.0,0.0,10.19,1.31,0.0,0.0
2019-09-09 06:00:00,5388.5,169.0,11.87,10.44,1.24,0.0,0.0053885
2019-09-09 07:00:00,13855.5,359.0,22.31,13.66,0.83,0.0,0.0138555
2019-09-09 08:00:00,20907.5,525.01,32.15,16.07,1.03,0.0,0.0209075
2019-09-09 09:00:00,26424.0,673.01,40.76,18.14,0.83,0.0,0.026424
2019-09-09 10:00:00,29409.5,768.01,47.2,19.82,0.41,0.0,0.0294095
2019-09-09 11:00:00,30303.5,803.01,50.28,21.14,0.28,0.0,0.0303035
2019-09-09 12:00:00,29909.0,789.01,49.17,22.07,0.62,0.0,0.029909
2019-09-09 13:00:00,27384.0,714.01,44.2,22.78,1.03,0.0,0.027384
2019-09-09 14:00:00,22383.0,576.01,36.48,23.16,1.72,0.0,0.022383
2019-09-09 15:00:00,15344.0,400.0,27.14,23.15,2.0,0.0,0.015344
2019-09-09 16:00:00,4749.0,136.0,16.92,22.61,1.79,0.0,0.004749
2019-09-09 17:00:00,956.0,39.0,6.36,21.34,1.59,0.0,0.000956
2019-09-09 18:00:00,0.0,0.0,0.0,19.36,1.66,0.0,0.0
2019-09-09 19:00:00,0.0,0.0,0.0,17.48,1.45,0.0,0.0
2019-09-09 20:00:00,0.0,0.0,0.0,16.98,1.17,0.0,0.0
2019-09-09 21:00:00,0.0,0.0,0.0,16.67,1.03,0.0,0.0
2019-09-09 22:00:00,0.0,0.0,0.0,16.9,0.9,0.0,0.0
2019-09-09 23:00:00,0.0,0.0,0.0,17.14,0.76,0.0,0.0
2019-09-10 00:00:00,0.0,0.0,0.0,16.87,0.69,0.0,0.0
2019-09-10 01:00:00,0.0,0.0,0.0,15.65,0.97,0.0,0.0
2019-09-10 02:00:00,0.0,0.0,0.0,15.0,1.1,0.0,0.0
2019-09-10 03:00:00,0.0,0.0,0.0,14.39,1.45,0.0,0.0
2019-09-10 04:00:00,0.0,0.0,0.0,14.45,1.45,0.0,0.0
2019-09-10 05:00:00,0.0,0.0,0.0,14.68,1.45,0.0,0.0
2019-09-10 06:00:00,1114.0,41.0,11.67,15.19,1.31,0.0,0.001114
2019-09-10 07:00:00,7339.0,193.0,22.1,15.43,1.59,0.0,0.007339
2019-09-10 08:00:00,2523.5,77.0,31.91,15.88,1.66,0.0,0.0025235
2019-09-10 09:00:00,5137.5,140.0,40.49,16.11,1.66,0.0,0.0051375
2019-09-10 10:00:00,5011.5,137.0,46.88,15.96,1.38,0.0,0.0050115
2019-09-10 11:00:00,5153.5,140.0,49.91,15.58,1.86,0.0,0.0051535
2019-09-10 12:00:00,4865.5,133.0,48.78,15.38,2.14,0.0,0.0048655
2019-09-10 13:00:00,5671.5,152.0,43.82,15.53,2.55,0.0,0.0056715
2019-09-10 14:00:00,10192.5,258.0,36.12,15.32,2.55,0.0,0.0101925
2019-09-10 15:00:00,6436.0,170.0,26.79,15.38,2.41,0.0,0.006436
2019-09-10 16:00:00,1227.5,44.0,16.59,15.27,2.21,0.0,0.0012275
2019-09-10 17:00:00,768.5,32.0,6.03,15.11,2.21,0.0,0.0007685
2019-09-10 18:00:00,0.0,0.0,0.0,14.91,2.14,0.0,0.0
2019-09-10 19:00:00,0.0,0.0,0.0,15.32,1.93,0.0,0.0
2019-09-10 20:00:00,0.0,0.0,0.0,15.18,1.72,0.0,0.0
2019-09-10 21:00:00,0.0,0.0,0.0,15.04,1.86,0.0,0.0
2019-09-10 22:00:00,0.0,0.0,0.0,14.96,2.0,0.0,0.0
2019-09-10 23:00:00,0.0,0.0,0.0,14.73,2.14,0.0,0.0
2019-09-11 00:00:00,0.0,0.0,0.0,14.58,2.21,0.0,0.0
2019-09-11 01:00:00,0.0,0.0,0.0,14.41,2.14,0.0,0.0
2019-09-11 02:00:00,0.0,0.0,0.0,14.04,2.07,0.0,0.0
2019-09-11 03:00:00,0.0,0.0,0.0,13.6,2.0,0.0,0.0
2019-09-11 04:00:00,0.0,0.0,0.0,13.19,1.72,0.0,0.0
2019-09-11 05:00:00,0.0,0.0,0.0,12.78,1.52,0.0,0.0
2019-09-11 06:00:00,4718.0,150.0,11.47,12.72,1.24,0.0,0.004718
2019-09-11 07:00:00,12596.5,329.0,21.88,15.05,0.97,0.0,0.0125965
2019-09-11 08:00:00,19486.0,494.01,31.67,17.53,0.76,0.0,0.019486
2019-09-11 09:00:00,24957.0,640.01,40.21,19.72,0.69,0.0,0.024957
2019-09-11 10:00:00,28039.5,728.01,46.55,21.17,0.83,0.0,0.0280395
2019-09-11 11:00:00,29099.0,766.01,49.53,22.27,0.62,0.0,0.029099
2019-09-11 12:00:00,28430.5,755.01,48.39,23.23,0.34,0.0,0.0284305
2019-09-11 13:00:00,25876.5,688.01,43.43,23.91,0.07,0.0,0.0258765
2019-09-11 14:00:00,22519.0,590.01,35.76,24.29,0.69,0.0,0.022519
2019-09-11 15:00:00,15282.5,406.0,26.45,24.39,0.83,0.0,0.0152825
2019-09-11 16:00:00,7144.5,207.0,16.25,24.11,1.17,0.0,0.0071445
2019-09-11 17:00:00,1066.5,50.03,5.69,22.96,1.38,0.0,0.0010665
2019-09-11 18:00:00,0.0,0.0,0.0,21.08,1.59,0.0,0.0
2019-09-11 19:00:00,0.0,0.0,0.0,19.99,1.31,0.0,0.0
2019-09-11 20:00:00,0.0,0.0,0.0,19.79,1.1,0.0,0.0
2019-09-11 21:00:00,0.0,0.0,0.0,18.76,1.24,0.0,0.0
2019-09-11 22:00:00,0.0,0.0,0.0,17.27,1.52,0.0,0.0
2019-09-11 23:00:00,0.0,0.0,0.0,16.87,1.31,0.0,0.0
2019-09-12 00:00:00,0.0,0.0,0.0,17.04,1.03,0.0,0.0
2019-09-12 01:00:00,0.0,0.0,0.0,16.7,0.97,0.0,0.0
2019-09-12 02:00:00,0.0,0.0,0.0,16.33,0.9,0.0,0.0
2019-09-12 03:00:00,0.0,0.0,0.0,16.24,0.83,0.0,0.0
2019-09-12 04:00:00,0.0,0.0,0.0,16.1,0.62,0.0,0.0
2019-09-12 05:00:00,0.0,0.0,0.0,16.07,0.41,0.0,0.0
2019-09-12 06:00:00,4593.5,151.0,11.26,16.18,0.48,0.0,0.0045935
2019-09-12 07:00:00,12451.5,331.0,21.67,17.53,0.55,0.0,0.0124515
2019-09-12 08:00:00,19169.5,493.01,31.43,20.21,0.69,0.0,0.0191695
2019-09-12 09:00:00,24650.0,639.01,39.93,22.35,0.83,0.0,0.02465
2019-09-12 10:00:00,27967.0,735.01,46.22,23.8,0.9,0.0,0.027967
2019-09-12 11:00:00,28910.5,765.01,49.16,24.87,1.03,0.0,0.0289105
2019-09-12 12:00:00,28489.0,754.01,48.0,25.64,1.17,0.0,0.028489
2019-09-12 13:00:00,26192.0,690.01,43.05,26.12,1.24,0.0,0.026192
2019-09-12 14:00:00,21565.0,566.01,35.4,26.34,1.31,0.0,0.021565
2019-09-12 15:00:00,15222.0,407.0,26.1,26.25,1.38,0.0,0.015222
2019-09-12 16:00:00,7570.5,225.0,15.92,25.81,1.38,0.0,0.0075705
2019-09-12 17:00:00,942.0,47.15,5.36,24.48,1.1,0.0,0.000942
2019-09-12 18:00:00,0.0,0.0,0.0,23.13,0.9,0.0,0.0
2019-09-12 19:00:00,0.0,0.0,0.0,21.23,1.45,0.0,0.0
2019-09-12 20:00:00,0.0,0.0,0.0,20.91,1.24,0.0,0.0
2019-09-12 21:00:00,0.0,0.0,0.0,21.71,0.83,0.0,0.0
2019-09-12 22:00:00,0.0,0.0,0.0,21.58,0.28,0.0,0.0
2019-09-12 23:00:00,0.0,0.0,0.0,21.0,0.34,0.0,0.0
2019-09-13 00:00:00,0.0,0.0,0.0,20.29,0.76,0.0,0.0
2019-09-13 01:00:00,0.0,0.0,0.0,19.5,0.9,0.0,0.0
2019-09-13 02:00:00,0.0,0.0,0.0,18.93,0.97,0.0,0.0
2019-09-13 03:00:00,0.0,0.0,0.0,18.66,0.97,0.0,0.0
2019-09-13 04:00:00,0.0,0.0,0.0,18.51,0.97,0.0,0.0
2019-09-13 05:00:00,0.0,0.0,0.0,18.23,0.97,0.0,0.0
2019-09-13 06:00:00,4234.0,139.0,11.06,17.71,0.97,0.0,0.004234
2019-09-13 07:00:00,11719.0,313.0,21.45,18.76,0.69,0.0,0.011719
2019-09-13 08:00:00,18574.0,478.01,31.19,21.11,1.03,0.0,0.018574
2019-09-13 09:00:00,23938.0,618.01,39.64,22.68,1.17,0.0,0.023938
2019-09-13 10:00:00,26994.0,707.01,45.89,23.96,1.03,0.0,0.026994
2019-09-13 11:00:00,28157.5,748.01,48.78,25.0,0.76,0.0,0.0281575
2019-09-13 12:00:00,27596.0,736.01,47.61,25.85,0.69,0.0,0.027596
2019-09-13 13:00:00,25066.0,666.01,42.67,26.43,0.69,0.0,0.025066
2019-09-13 14:00:00,20775.5,550.01,35.03,26.8,0.76,0.0,0.0207755
2019-09-13 15:00:00,14462.5,390.0,25.75,26.81,0.83,0.0,0.0144625
2019-09-13 16:00:00,7133.0,214.0,15.58,26.44,0.9,0.0,0.007133
2019-09-13 17:00:00,823.5,41.48,5.03,25.14,0.9,0.0,0.0008235
2019-09-13 18:00:00,0.0,0.0,0.0,24.83,0.76,0.0,0.0
2019-09-13 19:00:00,0.0,0.0,0.0,22.28,1.17,0.0,0.0
2019-09-13 20:00:00,0.0,0.0,0.0,21.86,1.1,0.0,0.0
2019-09-13 21:00:00,0.0,0.0,0.0,22.31,0.83,0.0,0.0
2019-09-13 22:00:00,0.0,0.0,0.0,21.81,0.76,0.0,0.0
2019-09-13 23:00:00,0.0,0.0,0.0,20.85,0.9,0.0,0.0
2019-09-14 00:00:00,0.0,0.0,0.0,19.1,1.1,0.0,0.0
2019-09-14 01:00:00,0.0,0.0,0.0,18.24,1.1,0.0,0.0
2019-09-14 02:00:00,0.0,0.0,0.0,17.71,1.1,0.0,0.0
2019-09-14 03:00:00,0.0,0.0,0.0,17.72,0.97,0.0,0.0
2019-09-14 04:00:00,0.0,0.0,0.0,18.06,0.9,0.0,0.0
2019-09-14 05:00:00,0.0,0.0,0.0,17.89,0.83,0.0,0.0
2019-09-14 06:00:00,4057.5,133.0,10.85,17.75,0.62,0.0,0.0040575
2019-09-14 07:00:00,11457.5,308.0,21.23,19.72,0.69,0.0,0.0114575
2019-09-14 08:00:00,17963.5,467.01,30.94,22.21,0.62,0.0,0.0179635
2019-09-14 09:00:00,23199.0,604.01,39.36,23.53,0.83,0.0,0.023199
2019-09-14 10:00:00,26473.5,692.01,45.55,24.54,1.31,0.0,0.0264735
2019-09-14 11:00:00,27832.0,731.01,48.41,25.21,1.45,0.0,0.027832
2019-09-14 12:00:00,26811.0,705.01,47.21,25.8,1.45,0.0,0.026811
2019-09-14 13:00:00,24463.5,643.01,42.28,26.31,1.31,0.0,0.0244635
2019-09-14 14:00:00,19881.0,522.01,34.66,26.5,1.31,0.0,0.019881
2019-09-14 15:00:00,13386.5,360.0,25.4,26.49,1.03,0.0,0.0133865
2019-09-14 16:00:00,5177.0,153.0,15.24,26.01,0.76,0.0,0.005177
2019-09-14 17:00:00,601.5,30.02,4.69,24.76,0.83,0.0,0.0006015
2019-09-14 18:00:00,0.0,0.0,0.0,23.23,1.24,0.0,0.0
2019-09-14 19:00:00,0.0,0.0,0.0,21.51,1.86,0.0,0.0
2019-09-14 20:00:00,0.0,0.0,0.0,20.64,1.52,0.0,0.0
2019-09-14 21:00:00,0.0,0.0,0.0,19.8,1.59,0.0,0.0
2019-09-14 22:00:00,0.0,0.0,0.0,19.11,1.52,0.0,0.0
2019-09-14 23:00:00,0.0,0.0,0.0,18.54,1.45,0.0,0.0
2019-09-15 00:00:00,0.0,0.0,0.0,18.07,1.45,0.0,0.0
2019-09-15 01:00:00,0.0,0.0,0.0,18.21,1.17,0.0,0.0
2019-09-15 02:00:00,0.0,0.0,0.0,18.59,0.9,0.0,0.0
2019-09-15 03:00:00,0.0,0.0,0.0,19.15,0.55,0.0,0.0
2019-09-15 04:00:00,0.0,0.0,0.0,18.18,0.83,0.0,0.0
2019-09-15 05:00:00,0.0,0.0,0.0,17.16,1.17,0.0,0.0
2019-09-15 06:00:00,3807.5,125.0,10.65,17.43,1.03,0.0,0.0038075
2019-09-15 07:00:00,10927.5,294.0,21.01,19.77,0.76,0.0,0.0109275
2019-09-15 08:00:00,17498.5,453.01,30.7,21.64,0.76,0.0,0.0174985
2019-09-15 09:00:00,22987.0,598.01,39.07,23.08,0.69,0.0,0.022987
2019-09-15 10:00:00,25956.0,681.01,45.22,24.28,0.9,0.0,0.025956
2019-09-15 11:00:00,27677.5,732.01,48.03,25.21,0.97,0.0,0.0276775
2019-09-15 12:00:00,27086.0,720.01,46.82,25.8,0.76,0.0,0.027086
2019-09-15 13:00:00,24503.5,650.01,41.89,26.38,0.69,0.0,0.0245035
2019-09-15 14:00:00,19963.0,528.01,34.3,26.66,0.76,0.0,0.019963
2019-09-15 15:00:00,13674.0,370.0,25.05,26.61,0.69,0.0,0.013674
2019-09-15 16:00:00,6287.5,190.0,14.9,26.29,0.97,0.0,0.0062875
2019-09-15 17:00:00,613.5,32.89,4.35,25.11,0.76,0.0,0.0006135
2019-09-15 18:00:00,0.0,0.0,0.0,25.13,0.41,0.0,0.0
2019-09-15 19:00:00,0.0,0.0,0.0,22.48,1.31,0.0,0.0
2019-09-15 20:00:00,0.0,0.0,0.0,22.65,0.97,0.0,0.0
2019-09-15 21:00:00,0.0,0.0,0.0,22.92,0.55,0.0,0.0
2019-09-15 22:00:00,0.0,0.0,0.0,22.55,0.55,0.0,0.0
2019-09-15 23:00:00,0.0,0.0,0.0,21.55,0.9,0.0,0.0
2019-09-16 00:00:00,0.0,0.0,0.0,20.7,0.83,0.0,0.0
2019-09-16 01:00:00,0.0,0.0,0.0,20.19,0.76,0.0,0.0
2019-09-16 02:00:00,0.0,0.0,0.0,19.82,0.69,0.0,0.0
2019-09-16 03:00:00,0.0,0.0,0.0,19.5,0.76,0.0,0.0
2019-09-16 04:00:00,0.0,0.0,0.0,19.21,0.76,0.0,0.0
2019-09-16 05:00:00,0.0,0.0,0.0,18.88,0.76,0.0,0.0
2019-09-16 06:00:00,3568.5,118.0,10.44,19.15,0.41,0.0,0.0035685
2019-09-16 07:00:00,10606.5,288.0,20.79,20.9,0.48,0.0,0.0106065
2019-09-16 08:00:00,17268.0,453.01,30.45,23.44,0.41,0.0,0.017268
2019-09-16 09:00:00,22581.5,595.01,38.78,25.03,0.48,0.0,0.0225815
2019-09-16 10:00:00,25527.5,682.01,44.88,26.25,0.41,0.0,0.0255275
2019-09-16 11:00:00,27003.5,725.01,47.65,27.34,0.69,0.0,0.0270035
2019-09-16 12:00:00,26621.0,713.01,46.42,28.29,1.03,0.0,0.026621
2019-09-16 13:00:00,24129.5,642.01,41.51,28.84,1.31,0.0,0.0241295
2019-09-16 14:00:00,19681.5,524.01,33.93,29.17,1.31,0.0,0.0196815
2019-09-16 15:00:00,13318.5,364.0,24.7,29.05,1.17,0.0,0.0133185
2019-09-16 16:00:00,6039.0,185.0,14.55,28.5,1.72,0.0,0.006039
2019-09-16 17:00:00,498.5,28.48,4.01,27.1,1.93,0.0,0.0004985
2019-09-16 18:00:00,0.0,0.0,0.0,25.31,2.21,0.0,0.0
2019-09-16 19:00:00,0.0,0.0,0.0,23.7,2.21,0.0,0.0
2019-09-16 20:00:00,0.0,0.0,0.0,22.54,2.21,0.0,0.0
2019-09-16 21:00:00,0.0,0.0,0.0,21.7,2.0,0.0,0.0
2019-09-16 22:00:00,0.0,0.0,0.0,20.87,1.86,0.0,0.0
2019-09-16 23:00:00,0.0,0.0,0.0,19.96,1.79,0.0,0.0
2019-09-17 00:00:00,0.0,0.0,0.0,19.03,1.59,0.0,0.0
2019-09-17 01:00:00,0.0,0.0,0.0,18.3,1.38,0.0,0.0
2019-09-17 02:00:00,0.0,0.0,0.0,18.03,1.24,0.0,0.0
2019-09-17 03:00:00,0.0,0.0,0.0,17.67,1.24,0.0,0.0
2019-09-17 04:00:00,0.0,0.0,0.0,17.41,1.24,0.0,0.0
2019-09-17 05:00:00,0.0,0.0,0.0,17.59,1.1,0.0,0.0
2019-09-17 06:00:00,3576.5,120.0,10.23,18.06,0.9,0.0,0.0035765
2019-09-17 07:00:00,10926.5,295.0,20.57,19.75,1.1,0.0,0.0109265
2019-09-17 08:00:00,17735.5,459.01,30.2,21.88,1.03,0.0,0.0177355
2019-09-17 09:00:00,23061.0,599.01,38.49,23.87,1.1,0.0,0.023061
2019-09-17 10:00:00,26265.0,688.01,44.54,25.5,1.45,0.0,0.026265
2019-09-17 11:00:00,27615.0,727.01,47.27,26.8,1.79,0.0,0.027615
2019-09-17 12:00:00,27143.5,714.01,46.02,27.73,2.14,0.0,0.0271435
2019-09-17 13:00:00,24685.0,646.01,41.12,28.17,2.48,0.0,0.024685
2019-09-17 14:00:00,20122.5,526.01,33.56,28.06,2.83,0.0,0.0201225
2019-09-17 15:00:00,13724.5,369.0,24.34,27.48,3.1,0.0,0.0137245
2019-09-17 16:00:00,6169.0,189.0,14.21,26.33,2.97,0.0,0.006169
2019-09-17 17:00:00,463.5,26.67,3.67,24.78,2.9,0.0,0.0004635
2019-09-17 18:00:00,0.0,0.0,0.0,23.16,2.76,0.0,0.0
2019-09-17 19:00:00,0.0,0.0,0.0,22.07,2.83,0.0,0.0
2019-09-17 20:00:00,0.0,0.0,0.0,21.3,2.41,0.0,0.0
2019-09-17 21:00:00,0.0,0.0,0.0,20.65,2.14,0.0,0.0
2019-09-17 22:00:00,0.0,0.0,0.0,20.15,2.0,0.0,0.0
2019-09-17 23:00:00,0.0,0.0,0.0,19.56,1.86,0.0,0.0
2019-09-18 00:00:00,0.0,0.0,0.0,19.12,1.72,0.0,0.0
2019-09-18 01:00:00,0.0,0.0,0.0,18.82,1.66,0.0,0.0
2019-09-18 02:00:00,0.0,0.0,0.0,18.62,1.59,0.0,0.0
2019-09-18 03:00:00,0.0,0.0,0.0,18.23,1.45,0.0,0.0
2019-09-18 04:00:00,0.0,0.0,0.0,17.91,1.24,0.0,0.0
2019-09-18 05:00:00,0.0,0.0,0.0,17.91,0.97,0.0,0.0
2019-09-18 06:00:00,3121.0,103.0,10.02,18.38,0.62,0.0,0.003121
2019-09-18 07:00:00,10593.0,288.0,20.34,20.21,0.69,0.0,0.010593
2019-09-18 08:00:00,17250.5,447.01,29.95,21.21,0.62,0.0,0.0172505
2019-09-18 09:00:00,21912.0,572.01,38.2,22.31,0.14,0.0,0.021912
2019-09-18 10:00:00,25428.0,664.01,44.2,23.64,0.9,0.0,0.025428
2019-09-18 11:00:00,26847.5,702.01,46.89,24.48,1.31,0.0,0.0268475
2019-09-18 12:00:00,25549.0,667.01,45.62,25.32,1.59,0.0,0.025549
2019-09-18 13:00:00,23452.5,612.01,40.73,25.59,1.45,0.0,0.0234525
2019-09-18 14:00:00,16992.5,445.0,33.18,25.86,1.38,0.0,0.0169925
2019-09-18 15:00:00,13049.0,353.0,23.99,25.55,0.83,0.0,0.013049
2019-09-18 16:00:00,5036.0,152.0,13.87,24.24,0.76,0.0,0.005036
2019-09-18 17:00:00,188.0,14.0,3.33,22.17,1.79,0.0,0.000188
2019-09-18 18:00:00,0.0,0.0,0.0,21.32,1.31,0.0,0.0
2019-09-18 19:00:00,0.0,0.0,0.0,20.99,1.93,0.0,0.0
2019-09-18 20:00:00,0.0,0.0,0.0,20.42,2.41,0.0,0.0
2019-09-18 21:00:00,0.0,0.0,0.0,19.58,2.28,0.0,0.0
2019-09-18 22:00:00,0.0,0.0,0.0,19.1,1.72,0.0,0.0
2019-09-18 23:00:00,0.0,0.0,0.0,18.89,1.17,0.0,0.0
2019-09-19 00:00:00,0.0,0.0,0.0,18.66,1.17,0.0,0.0
2019-09-19 01:00:00,0.0,0.0,0.0,18.37,1.31,0.0,0.0
2019-09-19 02:00:00,0.0,0.0,0.0,18.22,1.52,0.0,0.0
2019-09-19 03:00:00,0.0,0.0,0.0,17.77,2.0,0.0,0.0
2019-09-19 04:00:00,0.0,0.0,0.0,17.32,2.28,0.0,0.0
2019-09-19 05:00:00,0.0,0.0,0.0,16.81,2.41,0.0,0.0
2019-09-19 06:00:00,2249.5,73.0,9.81,16.31,2.62,0.0,0.0022495
2019-09-19 07:00:00,4611.5,128.0,20.12,16.82,2.55,0.0,0.0046115
2019-09-19 08:00:00,1993.5,64.0,29.7,16.81,2.76,0.0,0.0019935
2019-09-19 09:00:00,2598.0,79.0,37.91,16.78,3.1,0.0,0.002598
2019-09-19 10:00:00,3094.0,91.0,43.86,16.42,3.03,0.0,0.003094
2019-09-19 11:00:00,2929.0,87.0,46.51,16.43,2.97,0.0,0.002929
2019-09-19 12:00:00,6279.5,167.0,45.23,16.61,2.83,0.0,0.0062795
2019-09-19 13:00:00,17936.0,445.0,40.34,16.96,2.69,0.0,0.017936
2019-09-19 14:00:00,10169.5,260.0,32.81,17.36,2.34,0.0,0.0101695
2019-09-19 15:00:00,11318.0,293.0,23.63,17.92,2.14,0.0,0.011318
2019-09-19 16:00:00,4299.0,126.0,13.52,18.11,1.86,0.0,0.004299
2019-09-19 17:00:00,194.0,14.0,2.99,17.78,1.31,0.0,0.000194
2019-09-19 18:00:00,0.0,0.0,0.0,17.0,1.17,0.0,0.0
2019-09-19 19:00:00,0.0,0.0,0.0,17.27,1.86,0.0,0.0
2019-09-19 20:00:00,0.0,0.0,0.0,17.16,1.93,0.0,0.0
2019-09-19 21:00:00,0.0,0.0,0.0,16.98,2.07,0.0,0.0
2019-09-19 22:00:00,0.0,0.0,0.0,16.83,2.0,0.0,0.0
2019-09-19 23:00:00,0.0,0.0,0.0,16.65,2.07,0.0,0.0
2019-09-20 00:00:00,0.0,0.0,0.0,16.34,2.07,0.0,0.0
2019-09-20 01:00:00,0.0,0.0,0.0,16.34,2.21,0.0,0.0
2019-09-20 02:00:00,0.0,0.0,0.0,16.25,2.34,0.0,0.0
2019-09-20 03:00:00,0.0,0.0,0.0,15.82,2.28,0.0,0.0
2019-09-20 04:00:00,0.0,0.0,0.0,15.47,2.07,0.0,0.0
2019-09-20 05:00:00,0.0,0.0,0.0,15.17,2.0,0.0,0.0
2019-09-20 06:00:00,1798.5,60.0,9.6,15.36,1.93,0.0,0.0017985
2019-09-20 07:00:00,7289.0,194.0,19.89,16.52,2.07,0.0,0.007289
2019-09-20 08:00:00,14555.0,366.0,29.44,17.22,2.41,0.0,0.014555
2019-09-20 09:00:00,23927.0,597.01,37.61,17.98,2.21,0.0,0.023927
2019-09-20 10:00:00,26859.0,674.01,43.52,18.52,2.14,0.0,0.026859
2019-09-20 11:00:00,28530.0,720.01,46.12,19.14,2.14,0.0,0.02853
2019-09-20 12:00:00,26285.0,664.01,44.83,19.79,2.14,0.0,0.026285
2019-09-20 13:00:00,18388.5,465.0,39.95,20.24,2.14,0.0,0.0183885
2019-09-20 14:00:00,5364.5,148.0,32.44,20.55,2.28,0.0,0.0053645
2019-09-20 15:00:00,5322.0,147.0,23.28,20.38,2.28,0.0,0.005322
2019-09-20 16:00:00,2876.0,88.0,13.18,19.98,2.28,0.0,0.002876
2019-09-20 17:00:00,88.5,10.0,2.65,19.11,2.0,0.0,8.85e-05
2019-09-20 18:00:00,0.0,0.0,0.0,17.84,2.0,0.0,0.0
2019-09-20 19:00:00,0.0,0.0,0.0,17.2,2.21,0.0,0.0
2019-09-20 20:00:00,0.0,0.0,0.0,16.37,2.0,0.0,0.0
2019-09-20 21:00:00,0.0,0.0,0.0,15.68,1.86,0.0,0.0
2019-09-20 22:00:00,0.0,0.0,0.0,15.06,1.79,0.0,0.0
2019-09-20 23:00:00,0.0,0.0,0.0,14.46,1.72,0.0,0.0
2019-09-21 00:00:00,0.0,0.0,0.0,14.01,1.72,0.0,0.0
2019-09-21 01:00:00,0.0,0.0,0.0,13.4,1.66,0.0,0.0
2019-09-21 02:00:00,0.0,0.0,0.0,12.97,1.59,0.0,0.0
2019-09-21 03:00:00,0.0,0.0,0.0,12.49,1.52,0.0,0.0
2019-09-21 04:00:00,0.0,0.0,0.0,12.09,1.45,0.0,0.0
2019-09-21 05:00:00,0.0,0.0,0.0,11.97,1.24,0.0,0.0
2019-09-21 06:00:00,1232.5,44.0,9.38,12.38,1.03,0.0,0.0012325
2019-09-21 07:00:00,3981.0,112.0,19.66,14.6,0.97,0.0,0.003981
2019-09-21 08:00:00,6062.0,162.0,29.19,15.86,1.1,0.0,0.006062
2019-09-21 09:00:00,13668.0,345.0,37.32,16.8,1.17,0.0,0.013668
2019-09-21 10:00:00,25787.5,650.01,43.17,17.66,1.31,0.0,0.0257875
2019-09-21 11:00:00,27085.0,686.01,45.74,18.31,1.38,0.0,0.027085
2019-09-21 12:00:00,24876.5,631.01,44.43,18.95,1.31,0.0,0.0248765
2019-09-21 13:00:00,18282.5,464.0,39.56,19.24,1.1,0.0,0.0182825
2019-09-21 14:00:00,13872.0,355.0,32.07,19.44,1.03,0.0,0.013872
2019-09-21 15:00:00,9452.0,250.0,22.92,19.48,0.69,0.0,0.009452
2019-09-21 16:00:00,4046.0,121.0,12.84,19.15,0.55,0.0,0.004046
2019-09-21 17:00:00,43.5,8.0,2.31,18.34,1.17,0.0,4.35e-05
2019-09-21 18:00:00,0.0,0.0,0.0,17.36,1.45,0.0,0.0
2019-09-21 19:00:00,0.0,0.0,0.0,16.19,1.45,0.0,0.0
2019-09-21 20:00:00,0.0,0.0,0.0,15.61,1.38,0.0,0.0
2019-09-21 21:00:00,0.0,0.0,0.0,14.98,1.17,0.0,0.0
2019-09-21 22:00:00,0.0,0.0,0.0,14.64,1.17,0.0,0.0
2019-09-21 23:00:00,0.0,0.0,0.0,14.38,0.83,0.0,0.0
2019-09-22 00:00:00,0.0,0.0,0.0,14.32,0.55,0.0,0.0
2019-09-22 01:00:00,0.0,0.0,0.0,14.03,0.9,0.0,0.0
2019-09-22 02:00:00,0.0,0.0,0.0,13.76,1.17,0.0,0.0
2019-09-22 03:00:00,0.0,0.0,0.0,13.67,1.31,0.0,0.0
2019-09-22 04:00:00,0.0,0.0,0.0,13.63,1.24,0.0,0.0
2019-09-22 05:00:00,0.0,0.0,0.0,13.68,1.17,0.0,0.0
2019-09-22 06:00:00,413.0,21.0,9.17,13.76,0.83,0.0,0.000413
2019-09-22 07:00:00,7667.0,203.0,19.43,14.44,1.31,0.0,0.007667
2019-09-22 08:00:00,7090.5,186.0,28.93,15.11,0.83,0.0,0.0070905
2019-09-22 09:00:00,3136.5,92.0,37.02,15.71,0.97,0.0,0.0031365
2019-09-22 10:00:00,11878.0,301.0,42.83,16.57,1.52,0.0,0.011878
2019-09-22 11:00:00,6417.5,171.0,45.35,17.06,1.79,0.0,0.0064175
2019-09-22 12:00:00,3605.0,104.0,44.03,17.6,1.86,0.0,0.003605
2019-09-22 13:00:00,2859.5,86.0,39.16,18.17,2.0,0.0,0.0028595
2019-09-22 14:00:00,2454.5,76.0,31.69,18.32,2.14,0.0,0.0024545
2019-09-22 15:00:00,5366.0,147.0,22.56,18.62,2.34,0.0,0.005366
2019-09-22 16:00:00,1209.0,44.0,12.49,18.11,2.14,0.0,0.001209
2019-09-22 17:00:00,0.0,0.0,0.0,17.42,1.72,0.0,0.0
2019-09-22 18:00:00,0.0,0.0,0.0,16.72,1.45,0.0,0.0
2019-09-22 19:00:00,0.0,0.0,0.0,15.11,1.52,0.0,0.0
2019-09-22 20:00:00,0.0,0.0,0.0,15.19,1.31,0.0,0.0
2019-09-22 21:00:00,0.0,0.0,0.0,14.89,0.97,0.0,0.0
2019-09-22 22:00:00,0.0,0.0,0.0,14.53,0.76,0.0,0.0
2019-09-22 23:00:00,0.0,0.0,0.0,14.31,0.48,0.0,0.0
2019-09-23 00:00:00,0.0,0.0,0.0,14.34,0.34,0.0,0.0
2019-09-23 01:00:00,0.0,0.0,0.0,13.68,0.69,0.0,0.0
2019-09-23 02:00:00,0.0,0.0,0.0,13.67,1.24,0.0,0.0
2019-09-23 03:00:00,0.0,0.0,0.0,13.71,1.31,0.0,0.0
2019-09-23 04:00:00,0.0,0.0,0.0,13.62,1.31,0.0,0.0
2019-09-23 05:00:00,0.0,0.0,0.0,13.48,1.31,0.0,0.0
2019-09-23 06:00:00,650.5,28.0,8.96,13.35,1.24,0.0,0.0006505
2019-09-23 07:00:00,6728.5,179.0,19.2,13.88,0.83,0.0,0.0067285
2019-09-23 08:00:00,16905.0,428.01,28.67,15.21,0.34,0.0,0.016905
2019-09-23 09:00:00,21143.0,536.01,36.72,16.86,0.28,0.0,0.021143
2019-09-23 10:00:00,22589.5,572.01,42.48,18.52,1.1,0.0,0.0225895
2019-09-23 11:00:00,26856.0,688.01,44.97,19.6,1.03,0.0,0.026856
2019-09-23 12:00:00,26404.5,685.01,43.63,20.95,0.62,0.0,0.0264045
2019-09-23 13:00:00,23795.0,618.01,38.77,21.93,0.55,0.0,0.023795
2019-09-23 14:00:00,18956.5,493.01,31.32,22.54,0.76,0.0,0.0189565
2019-09-23 15:00:00,12373.0,334.0,22.21,22.7,0.9,0.0,0.012373
2019-09-23 16:00:00,5093.5,164.0,12.15,22.36,0.83,0.0,0.0050935
2019-09-23 17:00:00,0.0,0.0,0.0,21.02,0.76,0.0,0.0
2019-09-23 18:00:00,0.0,0.0,0.0,19.86,0.83,0.0,0.0
2019-09-23 19:00:00,0.0,0.0,0.0,19.37,0.07,0.0,0.0
2019-09-23 20:00:00,0.0,0.0,0.0,18.4,0.76,0.0,0.0
2019-09-23 21:00:00,0.0,0.0,0.0,15.96,1.38,0.0,0.0
2019-09-23 22:00:00,0.0,0.0,0.0,15.12,1.38,0.0,0.0
2019-09-23 23:00:00,0.0,0.0,0.0,14.79,1.24,0.0,0.0
2019-09-24 00:00:00,0.0,0.0,0.0,14.87,1.1,0.0,0.0
2019-09-24 01:00:00,0.0,0.0,0.0,15.73,0.83,0.0,0.0
2019-09-24 02:00:00,0.0,0.0,0.0,15.65,0.69,0.0,0.0
2019-09-24 03:00:00,0.0,0.0,0.0,15.37,0.76,0.0,0.0
2019-09-24 04:00:00,0.0,0.0,0.0,15.05,0.69,0.0,0.0
2019-09-24 05:00:00,0.0,0.0,0.0,14.65,0.83,0.0,0.0
2019-09-24 06:00:00,2860.5,102.0,8.74,14.75,0.41,0.0,0.0028605
2019-09-24 07:00:00,9981.5,269.0,18.97,14.62,0.28,0.0,0.0099815
2019-09-24 08:00:00,15047.5,386.0,28.41,17.33,0.07,0.0,0.0150475
2019-09-24 09:00:00,19713.0,502.01,36.42,18.94,0.62,0.0,0.019713
2019-09-24 10:00:00,21540.5,552.01,42.13,20.3,0.76,0.0,0.0215405
2019-09-24 11:00:00,22348.5,572.01,44.58,21.13,1.31,0.0,0.0223485
2019-09-24 12:00:00,25435.5,657.01,43.23,21.44,0.9,0.0,0.0254355
2019-09-24 13:00:00,22915.5,595.01,38.38,21.78,0.41,0.0,0.0229155
2019-09-24 14:00:00,17555.5,458.01,30.95,22.13,0.28,0.0,0.0175555
2019-09-24 15:00:00,11873.0,322.0,21.85,22.33,0.41,0.0,0.011873
2019-09-24 16:00:00,4248.0,134.0,11.8,22.08,0.76,0.0,0.004248
2019-09-24 17:00:00,0.0,0.0,0.0,20.68,1.1,0.0,0.0
2019-09-24 18:00:00,0.0,0.0,0.0,18.69,1.1,0.0,0.0
2019-09-24 19:00:00,0.0,0.0,0.0,17.72,1.1,0.0,0.0
2019-09-24 20:00:00,0.0,0.0,0.0,17.88,0.83,0.0,0.0
2019-09-24 21:00:00,0.0,0.0,0.0,17.3,0.76,0.0,0.0
2019-09-24 22:00:00,0.0,0.0,0.0,15.78,0.97,0.0,0.0
2019-09-24 23:00:00,0.0,0.0,0.0,15.86,0.83,0.0,0.0
2019-09-25 00:00:00,0.0,0.0,0.0,15.29,0.83,0.0,0.0
2019-09-25 01:00:00,0.0,0.0,0.0,14.74,0.83,0.0,0.0
2019-09-25 02:00:00,0.0,0.0,0.0,14.06,0.97,0.0,0.0
2019-09-25 03:00:00,0.0,0.0,0.0,14.22,0.83,0.0,0.0
2019-09-25 04:00:00,0.0,0.0,0.0,13.76,0.97,0.0,0.0
2019-09-25 05:00:00,0.0,0.0,0.0,13.57,0.97,0.0,0.0
2019-09-25 06:00:00,2518.0,87.0,8.52,13.88,0.83,0.0,0.002518
2019-09-25 07:00:00,10428.0,285.0,18.74,15.48,0.21,0.0,0.010428
2019-09-25 08:00:00,16606.5,427.01,28.15,18.04,0.34,0.0,0.0166065
2019-09-25 09:00:00,21432.0,550.01,36.12,19.65,0.41,0.0,0.021432
2019-09-25 10:00:00,22806.5,591.01,41.78,20.83,0.28,0.0,0.0228065
2019-09-25 11:00:00,25903.0,676.01,44.2,21.8,0.48,0.0,0.025903
2019-09-25 12:00:00,24672.5,643.01,42.83,22.69,0.69,0.0,0.0246725
2019-09-25 13:00:00,20682.0,536.01,37.99,23.07,0.9,0.0,0.020682
2019-09-25 14:00:00,16209.5,423.01,30.57,23.47,0.9,0.0,0.0162095
2019-09-25 15:00:00,11849.0,323.0,21.5,23.67,1.1,0.0,0.011849
2019-09-25 16:00:00,4270.5,138.0,11.46,22.98,0.83,0.0,0.0042705
2019-09-25 17:00:00,0.0,0.0,0.0,21.73,0.76,0.0,0.0
2019-09-25 18:00:00,0.0,0.0,0.0,20.88,0.55,0.0,0.0
2019-09-25 19:00:00,0.0,0.0,0.0,20.31,0.83,0.0,0.0
2019-09-25 20:00:00,0.0,0.0,0.0,19.0,0.97,0.0,0.0
2019-09-25 21:00:00,0.0,0.0,0.0,18.96,0.76,0.0,0.0
2019-09-25 22:00:00,0.0,0.0,0.0,17.92,0.97,0.0,0.0
2019-09-25 23:00:00,0.0,0.0,0.0,18.0,0.55,0.0,0.0
2019-09-26 00:00:00,0.0,0.0,0.0,17.82,0.34,0.0,0.0
2019-09-26 01:00:00,0.0,0.0,0.0,17.42,0.28,0.0,0.0
2019-09-26 02:00:00,0.0,0.0,0.0,16.77,0.21,0.0,0.0
2019-09-26 03:00:00,0.0,0.0,0.0,16.1,0.28,0.0,0.0
2019-09-26 04:00:00,0.0,0.0,0.0,15.79,0.34,0.0,0.0
2019-09-26 05:00:00,0.0,0.0,0.0,15.36,0.41,0.0,0.0
2019-09-26 06:00:00,1198.0,44.0,8.31,15.25,0.41,0.0,0.001198
2019-09-26 07:00:00,7165.5,194.0,18.5,16.53,0.62,0.0,0.0071655
2019-09-26 08:00:00,10759.5,278.0,27.88,18.32,0.83,0.0,0.0107595
2019-09-26 09:00:00,11877.0,306.0,35.81,19.83,1.1,0.0,0.011877
2019-09-26 10:00:00,19069.0,488.0,41.43,21.28,1.24,0.0,0.019069
2019-09-26 11:00:00,22362.0,577.01,43.81,22.54,1.17,0.0,0.022362
2019-09-26 12:00:00,21343.0,553.01,42.43,23.4,1.1,0.0,0.021343
2019-09-26 13:00:00,18072.5,469.0,37.6,23.89,1.1,0.0,0.0180725
2019-09-26 14:00:00,17109.5,447.01,30.2,24.22,1.24,0.0,0.0171095
2019-09-26 15:00:00,10953.0,300.0,21.14,24.23,1.1,0.0,0.010953
2019-09-26 16:00:00,4115.0,137.0,11.11,23.84,1.03,0.0,0.004115
2019-09-26 17:00:00,0.0,0.0,0.0,22.42,1.03,0.0,0.0
2019-09-26 18:00:00,0.0,0.0,0.0,20.23,1.17,0.0,0.0
2019-09-26 19:00:00,0.0,0.0,0.0,19.28,1.17,0.0,0.0
2019-09-26 20:00:00,0.0,0.0,0.0,20.11,0.69,0.0,0.0
2019-09-26 21:00:00,0.0,0.0,0.0,19.57,0.48,0.0,0.0
2019-09-26 22:00:00,0.0,0.0,0.0,19.13,0.55,0.0,0.0
2019-09-26 23:00:00,0.0,0.0,0.0,18.64,0.55,0.0,0.0
2019-09-27 00:00:00,0.0,0.0,0.0,18.29,0.41,0.0,0.0
2019-09-27 01:00:00,0.0,0.0,0.0,17.97,0.34,0.0,0.0
2019-09-27 02:00:00,0.0,0.0,0.0,17.8,0.55,0.0,0.0
2019-09-27 03:00:00,0.0,0.0,0.0,17.19,0.83,0.0,0.0
2019-09-27 04:00:00,0.0,0.0,0.0,16.36,0.97,0.0,0.0
2019-09-27 05:00:00,0.0,0.0,0.0,16.05,0.97,0.0,0.0
2019-09-27 06:00:00,1267.0,46.0,8.09,16.24,0.83,0.0,0.001267
2019-09-27 07:00:00,4178.0,119.0,18.27,18.33,0.48,0.0,0.004178
2019-09-27 08:00:00,8610.5,227.0,27.62,19.33,0.41,0.0,0.0086105
2019-09-27 09:00:00,11655.5,302.0,35.51,20.07,0.55,0.0,0.0116555
2019-09-27 10:00:00,18222.0,470.0,41.08,20.99,0.41,0.0,0.018222
2019-09-27 11:00:00,14649.5,380.0,43.42,21.4,0.34,0.0,0.0146495
2019-09-27 12:00:00,15002.5,390.0,42.03,21.56,0.14,0.0,0.0150025
2019-09-27 13:00:00,8777.0,234.0,37.21,22.11,0.21,0.0,0.008777
2019-09-27 14:00:00,7603.0,205.0,29.83,22.41,0.48,0.0,0.007603
2019-09-27 15:00:00,3947.5,115.0,20.79,22.4,0.34,0.0,0.0039475
2019-09-27 16:00:00,1618.5,56.0,10.77,22.06,0.07,0.0,0.0016185
2019-09-27 17:00:00,0.0,0.0,0.0,21.48,0.07,0.0,0.0
2019-09-27 18:00:00,0.0,0.0,0.0,20.79,0.21,0.0,0.0
2019-09-27 19:00:00,0.0,0.0,0.0,19.71,0.76,0.0,0.0
2019-09-27 20:00:00,0.0,0.0,0.0,19.25,0.69,0.0,0.0
2019-09-27 21:00:00,0.0,0.0,0.0,19.17,0.69,0.0,0.0
2019-09-27 22:00:00,0.0,0.0,0.0,19.11,0.62,0.0,0.0
2019-09-27 23:00:00,0.0,0.0,0.0,19.43,0.28,0.0,0.0
2019-09-28 00:00:00,0.0,0.0,0.0,19.29,0.34,0.0,0.0
2019-09-28 01:00:00,0.0,0.0,0.0,19.17,0.28,0.0,0.0
2019-09-28 02:00:00,0.0,0.0,0.0,18.93,0.41,0.0,0.0
2019-09-28 03:00:00,0.0,0.0,0.0,18.9,0.14,0.0,0.0
2019-09-28 04:00:00,0.0,0.0,0.0,18.76,0.28,0.0,0.0
2019-09-28 05:00:00,0.0,0.0,0.0,18.66,0.0,0.0,0.0
2019-09-28 06:00:00,2294.0,85.0,7.87,18.58,0.14,0.0,0.002294
2019-09-28 07:00:00,8660.5,238.0,18.03,18.74,1.03,0.0,0.0086605
2019-09-28 08:00:00,16190.0,418.01,27.35,19.64,0.97,0.0,0.01619
2019-09-28 09:00:00,20325.0,524.01,35.2,20.93,0.55,0.0,0.020325
2019-09-28 10:00:00,23399.0,611.01,40.73,22.05,0.28,0.0,0.023399
2019-09-28 11:00:00,22121.0,581.01,43.04,23.16,0.21,0.0,0.022121
2019-09-28 12:00:00,21268.0,560.01,41.63,23.94,0.21,0.0,0.021268
2019-09-28 13:00:00,20603.5,541.01,36.82,24.81,0.62,0.0,0.0206035
2019-09-28 14:00:00,17057.5,449.01,29.46,24.94,1.03,0.0,0.0170575
2019-09-28 15:00:00,10999.0,304.0,20.43,25.04,1.31,0.0,0.010999
2019-09-28 16:00:00,3828.5,130.0,10.43,24.34,1.24,0.0,0.0038285
2019-09-28 17:00:00,0.0,0.0,0.0,22.51,0.97,0.0,0.0
2019-09-28 18:00:00,0.0,0.0,0.0,21.72,0.69,0.0,0.0
2019-09-28 19:00:00,0.0,0.0,0.0,19.02,1.66,0.0,0.0
2019-09-28 20:00:00,0.0,0.0,0.0,18.34,1.59,0.0,0.0
2019-09-28 21:00:00,0.0,0.0,0.0,17.88,1.31,0.0,0.0
2019-09-28 22:00:00,0.0,0.0,0.0,17.8,1.1,0.0,0.0
2019-09-28 23:00:00,0.0,0.0,0.0,18.09,0.83,0.0,0.0
2019-09-29 00:00:00,0.0,0.0,0.0,18.52,0.48,0.0,0.0
2019-09-29 01:00:00,0.0,0.0,0.0,18.23,0.28,0.0,0.0
2019-09-29 02:00:00,0.0,0.0,0.0,17.69,0.21,0.0,0.0
2019-09-29 03:00:00,0.0,0.0,0.0,17.09,0.28,0.0,0.0
2019-09-29 04:00:00,0.0,0.0,0.0,16.87,0.28,0.0,0.0
2019-09-29 05:00:00,0.0,0.0,0.0,16.63,0.07,0.0,0.0
2019-09-29 06:00:00,1929.5,70.0,7.65,16.48,0.21,0.0,0.0019295
2019-09-29 07:00:00,7969.5,219.0,17.79,17.57,0.41,0.0,0.0079695
2019-09-29 08:00:00,15563.5,402.01,27.08,19.05,0.69,0.0,0.0155635
2019-09-29 09:00:00,20889.5,536.01,34.89,20.52,0.76,0.0,0.0208895
2019-09-29 10:00:00,23228.5,599.01,40.38,21.51,0.83,0.0,0.0232285
2019-09-29 11:00:00,19607.0,506.0,42.65,22.1,0.9,0.0,0.019607
2019-09-29 12:00:00,19999.5,518.01,41.23,22.9,0.9,0.0,0.0199995
2019-09-29 13:00:00,18369.0,477.01,36.43,23.36,0.83,0.0,0.018369
2019-09-29 14:00:00,12239.5,322.0,29.08,23.77,0.97,0.0,0.0122395
2019-09-29 15:00:00,9077.0,249.0,20.08,23.37,1.1,0.0,0.009077
2019-09-29 16:00:00,3440.5,116.0,10.09,22.67,1.03,0.0,0.0034405
2019-09-29 17:00:00,0.0,0.0,0.0,21.48,1.38,0.0,0.0
2019-09-29 18:00:00,0.0,0.0,0.0,19.97,1.38,0.0,0.0
2019-09-29 19:00:00,0.0,0.0,0.0,18.93,1.72,0.0,0.0
2019-09-29 20:00:00,0.0,0.0,0.0,18.03,1.45,0.0,0.0
2019-09-29 21:00:00,0.0,0.0,0.0,17.66,1.1,0.0,0.0
2019-09-29 22:00:00,0.0,0.0,0.0,18.24,0.55,0.0,0.0
2019-09-29 23:00:00,0.0,0.0,0.0,18.02,0.14,0.0,0.0
2019-09-30 00:00:00,0.0,0.0,0.0,17.37,0.34,0.0,0.0
2019-09-30 01:00:00,0.0,0.0,0.0,16.68,0.48,0.0,0.0
2019-09-30 02:00:00,0.0,0.0,0.0,15.9,0.83,0.0,0.0
2019-09-30 03:00:00,0.0,0.0,0.0,15.49,0.83,0.0,0.0
2019-09-30 04:00:00,0.0,0.0,0.0,15.98,0.62,0.0,0.0
2019-09-30 05:00:00,0.0,0.0,0.0,15.94,0.34,0.0,0.0
2019-09-30 06:00:00,1771.5,64.0,7.42,15.83,0.21,0.0,0.0017715
2019-09-30 07:00:00,9050.0,251.0,17.55,16.81,0.28,0.0,0.00905
2019-09-30 08:00:00,16116.5,418.01,26.81,18.81,0.34,0.0,0.0161165
2019-09-30 09:00:00,19895.0,513.01,34.58,20.44,0.34,0.0,0.019895
2019-09-30 10:00:00,23071.0,602.01,40.02,22.09,0.28,0.0,0.023071
2019-09-30 11:00:00,24288.5,643.01,42.26,23.61,0.07,0.0,0.0242885
2019-09-30 12:00:00,23845.0,632.01,40.83,24.82,0.28,0.0,0.023845
2019-09-30 13:00:00,21639.5,571.01,36.04,25.57,0.62,0.0,0.0216395
2019-09-30 14:00:00,17030.0,452.01,28.71,26.01,0.97,0.0,0.01703
2019-09-30 15:00:00,10608.5,298.01,19.73,25.99,1.1,0.0,0.0106085
2019-09-30 16:00:00,3392.0,119.0,9.75,25.31,0.9,0.0,0.003392
2019-09-30 17:00:00,0.0,0.0,0.0,23.36,0.83,0.0,0.0
2019-09-30 18:00:00,0.0,0.0,0.0,21.45,1.1,0.0,0.0
2019-09-30 19:00:00,0.0,0.0,0.0,20.26,2.48,0.0,0.0
2019-09-30 20:00:00,0.0,0.0,0.0,19.53,2.21,0.0,0.0
2019-09-30 21:00:00,0.0,0.0,0.0,18.88,2.0,0.0,0.0
2019-09-30 22:00:00,0.0,0.0,0.0,18.54,2.0,0.0,0.0
2019-09-30 23:00:00,0.0,0.0,0.0,18.21,2.0,0.0,0.0
2019-10-01 00:00:00,0.0,0.0,0.0,17.59,1.86,0.0,0.0
2019-10-01 01:00:00,0.0,0.0,0.0,17.35,1.66,0.0,0.0
2019-10-01 02:00:00,0.0,0.0,0.0,16.65,1.24,0.0,0.0
2019-10-01 03:00:00,0.0,0.0,0.0,17.46,0.69,0.0,0.0
2019-10-01 04:00:00,0.0,0.0,0.0,16.36,0.76,0.0,0.0
2019-10-01 05:00:00,0.0,0.0,0.0,15.71,0.9,0.0,0.0
2019-10-01 06:00:00,1317.0,49.0,7.2,15.76,0.83,0.0,0.001317
2019-10-01 07:00:00,5987.5,165.0,17.31,16.9,0.55,0.0,0.0059875
2019-10-01 08:00:00,14374.0,371.01,26.54,18.08,0.41,0.0,0.014374
2019-10-01 09:00:00,20844.0,533.01,34.27,19.24,0.55,0.0,0.020844
2019-10-01 10:00:00,20568.0,529.01,39.67,20.32,0.41,0.0,0.020568
2019-10-01 11:00:00,16741.5,434.0,41.88,21.57,0.28,0.0,0.0167415
2019-10-01 12:00:00,16504.5,430.0,40.44,22.31,0.14,0.0,0.0165045
2019-10-01 13:00:00,11909.0,313.0,35.65,22.86,0.28,0.0,0.011909
2019-10-01 14:00:00,11738.0,309.0,28.34,23.1,0.76,0.0,0.011738
2019-10-01 15:00:00,2043.0,67.0,19.37,22.83,0.55,0.0,0.002043
2019-10-01 16:00:00,1935.5,66.0,9.41,22.45,0.69,0.0,0.0019355
2019-10-01 17:00:00,0.0,0.0,0.0,21.32,0.62,0.0,0.0
2019-10-01 18:00:00,0.0,0.0,0.0,20.69,0.41,0.0,0.0
2019-10-01 19:00:00,0.0,0.0,0.0,20.28,0.48,0.0,0.0
2019-10-01 20:00:00,0.0,0.0,0.0,19.85,0.21,0.0,0.0
2019-10-01 21:00:00,0.0,0.0,0.0,19.35,0.34,0.0,0.0
2019-10-01 22:00:00,0.0,0.0,0.0,18.93,0.55,0.0,0.0
2019-10-01 23:00:00,0.0,0.0,0.0,18.47,0.62,0.0,0.0
2019-10-02 00:00:00,0.0,0.0,0.0,17.9,0.76,0.0,0.0
2019-10-02 01:00:00,0.0,0.0,0.0,17.19,1.1,0.0,0.0
2019-10-02 02:00:00,0.0,0.0,0.0,17.1,1.24,0.0,0.0
2019-10-02 03:00:00,0.0,0.0,0.0,17.01,0.97,0.0,0.0
2019-10-02 04:00:00,0.0,0.0,0.0,17.14,0.76,0.0,0.0
2019-10-02 05:00:00,0.0,0.0,0.0,16.95,0.69,0.0,0.0
2019-10-02 06:00:00,1902.5,75.0,6.98,16.1,0.9,0.0,0.0019025
2019-10-02 07:00:00,8738.5,244.0,17.07,16.52,0.41,0.0,0.0087385
2019-10-02 08:00:00,9859.0,257.0,26.27,18.43,0.48,0.0,0.009859
2019-10-02 09:00:00,10882.0,282.0,33.96,19.95,1.03,0.0,0.010882
2019-10-02 10:00:00,22557.5,579.01,39.32,21.36,1.1,0.0,0.0225575
2019-10-02 11:00:00,25329.0,656.01,41.49,22.57,1.1,0.0,0.025329
2019-10-02 12:00:00,24410.0,635.01,40.04,23.48,1.03,0.0,0.02441
2019-10-02 13:00:00,21727.0,566.01,35.26,24.05,1.03,0.0,0.021727
2019-10-02 14:00:00,16878.0,443.01,27.98,24.17,1.45,0.0,0.016878
2019-10-02 15:00:00,10188.0,286.01,19.02,24.07,1.1,0.0,0.010188
2019-10-02 16:00:00,3118.5,115.0,9.07,23.57,0.28,0.0,0.0031185
2019-10-02 17:00:00,0.0,0.0,0.0,23.09,0.14,0.0,0.0
2019-10-02 18:00:00,0.0,0.0,0.0,21.63,0.69,0.0,0.0
2019-10-02 19:00:00,0.0,0.0,0.0,17.52,1.86,0.0,0.0
2019-10-02 20:00:00,0.0,0.0,0.0,16.48,2.14,0.0,0.0
2019-10-02 21:00:00,0.0,0.0,0.0,15.96,2.21,0.0,0.0
2019-10-02 22:00:00,0.0,0.0,0.0,15.39,2.07,0.0,0.0
2019-10-02 23:00:00,0.0,0.0,0.0,15.0,1.66,0.0,0.0
2019-10-03 00:00:00,0.0,0.0,0.0,14.3,1.66,0.0,0.0
2019-10-03 01:00:00,0.0,0.0,0.0,13.53,2.0,0.0,0.0
2019-10-03 02:00:00,0.0,0.0,0.0,12.94,2.14,0.0,0.0
2019-10-03 03:00:00,0.0,0.0,0.0,12.22,1.93,0.0,0.0
2019-10-03 04:00:00,0.0,0.0,0.0,11.76,1.72,0.0,0.0
2019-10-03 05:00:00,0.0,0.0,0.0,11.14,1.66,0.0,0.0
2019-10-03 06:00:00,2005.5,82.0,6.75,11.04,1.45,0.0,0.0020055
2019-10-03 07:00:00,9502.0,261.01,16.83,12.18,1.17,0.0,0.009502
2019-10-03 08:00:00,17027.0,433.01,26.0,15.77,1.38,0.0,0.017027
2019-10-03 09:00:00,22446.5,563.01,33.65,17.11,1.59,0.0,0.0224465
2019-10-03 10:00:00,25479.0,642.01,38.96,18.27,1.66,0.0,0.025479
2019-10-03 11:00:00,26305.5,669.01,41.11,19.2,1.38,0.0,0.0263055
2019-10-03 12:00:00,25299.0,646.01,39.64,19.9,1.24,0.0,0.025299
2019-10-03 13:00:00,22495.5,576.01,34.88,20.37,1.1,0.0,0.0224955
2019-10-03 14:00:00,17597.5,456.01,27.61,20.57,1.1,0.0,0.0175975
2019-10-03 15:00:00,10491.5,290.01,18.67,20.4,1.17,0.0,0.0104915
2019-10-03 16:00:00,3162.0,117.0,8.74,19.59,0.97,0.0,0.003162
2019-10-03 17:00:00,0.0,0.0,0.0,17.82,1.03,0.0,0.0
2019-10-03 18:00:00,0.0,0.0,0.0,16.17,1.31,0.0,0.0
2019-10-03 19:00:00,0.0,0.0,0.0,17.43,0.69,0.0,0.0
2019-10-03 20:00:00,0.0,0.0,0.0,16.71,0.41,0.0,0.0
2019-10-03 21:00:00,0.0,0.0,0.0,15.74,0.41,0.0,0.0
2019-10-03 22:00:00,0.0,0.0,0.0,14.64,0.55,0.0,0.0
2019-10-03 23:00:00,0.0,0.0,0.0,13.66,0.62,0.0,0.0
2019-10-04 00:00:00,0.0,0.0,0.0,13.02,0.41,0.0,0.0
2019-10-04 01:00:00,0.0,0.0,0.0,12.23,0.41,0.0,0.0
2019-10-04 02:00:00,0.0,0.0,0.0,11.55,0.62,0.0,0.0
2019-10-04 03:00:00,0.0,0.0,0.0,10.6,0.97,0.0,0.0
2019-10-04 04:00:00,0.0,0.0,0.0,10.4,0.97,0.0,0.0
2019-10-04 05:00:00,0.0,0.0,0.0,10.35,0.9,0.0,0.0
2019-10-04 06:00:00,1727.5,68.0,6.53,9.38,0.97,0.0,0.0017275
2019-10-04 07:00:00,8575.5,234.0,16.58,10.59,0.76,0.0,0.0085755
2019-10-04 08:00:00,16121.5,406.01,25.72,12.74,0.9,0.0,0.0161215
2019-10-04 09:00:00,20645.5,511.01,33.34,14.68,1.59,0.0,0.0206455
2019-10-04 10:00:00,23792.5,594.01,38.61,16.15,1.31,0.0,0.0237925
2019-10-04 11:00:00,24755.0,626.01,40.72,17.02,0.76,0.0,0.024755
2019-10-04 12:00:00,24021.5,611.01,39.25,17.96,0.62,0.0,0.0240215
2019-10-04 13:00:00,16057.0,409.0,34.49,18.74,0.69,0.0,0.016057
2019-10-04 14:00:00,15474.5,399.01,27.24,19.27,0.9,0.0,0.0154745
2019-10-04 15:00:00,9379.0,259.0,18.33,19.39,0.9,0.0,0.009379
2019-10-04 16:00:00,2649.0,96.0,8.4,18.93,0.83,0.0,0.002649
2019-10-04 17:00:00,0.0,0.0,0.0,17.16,0.69,0.0,0.0
2019-10-04 18:00:00,0.0,0.0,0.0,16.2,0.62,0.0,0.0
2019-10-04 19:00:00,0.0,0.0,0.0,14.71,0.97,0.0,0.0
2019-10-04 20:00:00,0.0,0.0,0.0,14.25,0.9,0.0,0.0
2019-10-04 21:00:00,0.0,0.0,0.0,13.08,1.1,0.0,0.0
2019-10-04 22:00:00,0.0,0.0,0.0,12.09,1.31,0.0,0.0
2019-10-04 23:00:00,0.0,0.0,0.0,11.57,1.31,0.0,0.0
2019-10-05 00:00:00,0.0,0.0,0.0,11.63,1.03,0.0,0.0
2019-10-05 01:00:00,0.0,0.0,0.0,12.34,0.76,0.0,0.0
2019-10-05 02:00:00,0.0,0.0,0.0,10.02,1.38,0.0,0.0
2019-10-05 03:00:00,0.0,0.0,0.0,9.51,1.31,0.0,0.0
2019-10-05 04:00:00,0.0,0.0,0.0,9.13,1.38,0.0,0.0
2019-10-05 05:00:00,0.0,0.0,0.0,8.84,1.38,0.0,0.0
2019-10-05 06:00:00,1659.5,67.0,6.3,8.83,1.38,0.0,0.0016595
2019-10-05 07:00:00,8610.0,238.0,16.34,11.8,0.48,0.0,0.00861
2019-10-05 08:00:00,16045.0,410.01,25.45,15.08,0.69,0.0,0.016045
2019-10-05 09:00:00,21130.0,535.01,33.02,17.11,0.69,0.0,0.02113
2019-10-05 10:00:00,23151.0,592.01,38.26,18.69,0.48,0.0,0.023151
2019-10-05 11:00:00,24926.0,642.01,40.34,20.03,0.62,0.0,0.024926
2019-10-05 12:00:00,19571.0,503.01,38.86,20.97,0.76,0.0,0.019571
2019-10-05 13:00:00,20634.0,532.01,34.11,21.56,0.9,0.0,0.020634
2019-10-05 14:00:00,15372.0,401.01,26.88,21.86,1.17,0.0,0.015372
2019-10-05 15:00:00,9441.0,265.0,17.98,21.83,1.17,0.0,0.009441
2019-10-05 16:00:00,2517.0,94.0,8.07,21.05,0.9,0.0,0.002517
2019-10-05 17:00:00,0.0,0.0,0.0,19.03,0.97,0.0,0.0
2019-10-05 18:00:00,0.0,0.0,0.0,18.31,0.9,0.0,0.0
2019-10-05 19:00:00,0.0,0.0,0.0,18.69,0.76,0.0,0.0
2019-10-05 20:00:00,0.0,0.0,0.0,15.81,1.31,0.0,0.0
2019-10-05 21:00:00,0.0,0.0,0.0,13.58,1.66,0.0,0.0
2019-10-05 22:00:00,0.0,0.0,0.0,12.6,1.72,0.0,0.0
2019-10-05 23:00:00,0.0,0.0,0.0,12.69,1.38,0.0,0.0
2019-10-06 00:00:00,0.0,0.0,0.0,13.22,1.1,0.0,0.0
2019-10-06 01:00:00,0.0,0.0,0.0,13.54,0.9,0.0,0.0
2019-10-06 02:00:00,0.0,0.0,0.0,13.48,0.69,0.0,0.0
2019-10-06 03:00:00,0.0,0.0,0.0,13.31,0.34,0.0,0.0
2019-10-06 04:00:00,0.0,0.0,0.0,13.14,0.34,0.0,0.0
2019-10-06 05:00:00,0.0,0.0,0.0,11.05,1.31,0.0,0.0
2019-10-06 06:00:00,1387.5,55.0,6.07,10.17,1.45,0.0,0.0013875
2019-10-06 07:00:00,7413.5,203.0,16.09,11.86,0.9,0.0,0.0074135
2019-10-06 08:00:00,11375.5,289.0,25.17,13.72,0.62,0.0,0.0113755
2019-10-06 09:00:00,18267.5,459.01,32.71,16.03,0.76,0.0,0.0182675
2019-10-06 10:00:00,14010.5,355.0,37.9,17.85,1.24,0.0,0.0140105
2019-10-06 11:00:00,17727.0,450.0,39.95,19.39,1.24,0.0,0.017727
2019-10-06 12:00:00,15117.5,387.0,38.47,20.31,1.1,0.0,0.0151175
2019-10-06 13:00:00,11497.0,298.0,33.73,20.88,1.24,0.0,0.011497
2019-10-06 14:00:00,9502.0,250.0,26.52,21.04,1.31,0.0,0.009502
2019-10-06 15:00:00,5616.0,157.0,17.64,20.8,1.17,0.0,0.005616
2019-10-06 16:00:00,998.0,39.0,7.74,20.14,1.03,0.0,0.000998
2019-10-06 17:00:00,0.0,0.0,0.0,18.74,1.79,0.0,0.0
2019-10-06 18:00:00,0.0,0.0,0.0,17.58,2.28,0.0,0.0
2019-10-06 19:00:00,0.0,0.0,0.0,16.53,1.93,0.0,0.0
2019-10-06 20:00:00,0.0,0.0,0.0,15.84,1.66,0.0,0.0
2019-10-06 21:00:00,0.0,0.0,0.0,15.15,1.38,0.0,0.0
2019-10-06 22:00:00,0.0,0.0,0.0,14.53,1.31,0.0,0.0
2019-10-06 23:00:00,0.0,0.0,0.0,14.01,1.79,0.0,0.0
2019-10-07 00:00:00,0.0,0.0,0.0,13.57,1.86,0.0,0.0
2019-10-07 01:00:00,0.0,0.0,0.0,13.1,2.14,0.0,0.0
2019-10-07 02:00:00,0.0,0.0,0.0,12.77,2.28,0.0,0.0
2019-10-07 03:00:00,0.0,0.0,0.0,12.34,2.76,0.0,0.0
2019-10-07 04:00:00,0.0,0.0,0.0,12.15,2.41,0.0,0.0
2019-10-07 05:00:00,0.0,0.0,0.0,11.93,2.07,0.0,0.0
2019-10-07 06:00:00,1409.0,60.0,5.85,11.73,2.0,0.0,0.001409
2019-10-07 07:00:00,8294.5,232.0,15.84,13.17,1.86,0.0,0.0082945
2019-10-07 08:00:00,11030.5,280.0,24.9,14.45,1.66,0.0,0.0110305
2019-10-07 09:00:00,19127.5,477.01,32.39,15.71,1.45,0.0,0.0191275
2019-10-07 10:00:00,23648.5,594.01,37.55,17.08,1.24,0.0,0.0236485
2019-10-07 11:00:00,24948.5,634.01,39.57,18.24,0.9,0.0,0.0249485
2019-10-07 12:00:00,23513.0,601.01,38.08,19.11,0.69,0.0,0.023513
2019-10-07 13:00:00,20838.0,537.01,33.35,19.81,0.34,0.0,0.020838
2019-10-07 14:00:00,15775.0,414.01,26.16,20.23,0.14,0.0,0.015775
2019-10-07 15:00:00,9128.5,258.01,17.3,20.22,0.69,0.0,0.0091285
2019-10-07 16:00:00,2238.0,87.0,7.41,19.65,1.1,0.0,0.002238
2019-10-07 17:00:00,0.0,0.0,0.0,17.83,1.31,0.0,0.0
2019-10-07 18:00:00,0.0,0.0,0.0,16.09,1.31,0.0,0.0
2019-10-07 19:00:00,0.0,0.0,0.0,17.38,0.97,0.0,0.0
2019-10-07 20:00:00,0.0,0.0,0.0,17.05,0.83,0.0,0.0
2019-10-07 21:00:00,0.0,0.0,0.0,16.72,0.34,0.0,0.0
2019-10-07 22:00:00,0.0,0.0,0.0,16.16,0.76,0.0,0.0
2019-10-07 23:00:00,0.0,0.0,0.0,13.47,1.38,0.0,0.0
2019-10-08 00:00:00,0.0,0.0,0.0,13.27,1.1,0.0,0.0
2019-10-08 01:00:00,0.0,0.0,0.0,12.11,1.17,0.0,0.0
2019-10-08 02:00:00,0.0,0.0,0.0,10.57,1.59,0.0,0.0
2019-10-08 03:00:00,0.0,0.0,0.0,9.76,1.79,0.0,0.0
2019-10-08 04:00:00,0.0,0.0,0.0,9.52,1.72,0.0,0.0
2019-10-08 05:00:00,0.0,0.0,0.0,9.65,1.31,0.0,0.0
2019-10-08 06:00:00,1100.5,48.44,5.62,9.49,1.17,0.0,0.0011005
2019-10-08 07:00:00,7877.0,220.0,15.59,10.94,0.76,0.0,0.007877
2019-10-08 08:00:00,15076.0,382.01,24.62,13.32,1.17,0.0,0.015076
2019-10-08 09:00:00,20306.0,506.01,32.08,14.77,1.1,0.0,0.020306
2019-10-08 10:00:00,23622.5,591.01,37.19,16.22,1.17,0.0,0.0236225
2019-10-08 11:00:00,24648.0,619.01,39.19,17.4,1.38,0.0,0.024648
2019-10-08 12:00:00,20462.5,515.01,37.69,18.15,1.38,0.0,0.0204625
2019-10-08 13:00:00,20162.5,511.01,32.97,18.78,1.24,0.0,0.0201625
2019-10-08 14:00:00,15426.5,399.01,25.8,19.21,1.31,0.0,0.0154265
2019-10-08 15:00:00,8575.0,241.0,16.96,19.1,1.59,0.0,0.008575
2019-10-08 16:00:00,1959.5,76.0,7.08,18.55,1.66,0.0,0.0019595
2019-10-08 17:00:00,0.0,0.0,0.0,17.25,1.86,0.0,0.0
2019-10-08 18:00:00,0.0,0.0,0.0,15.91,1.86,0.0,0.0
2019-10-08 19:00:00,0.0,0.0,0.0,15.14,1.52,0.0,0.0
2019-10-08 20:00:00,0.0,0.0,0.0,13.94,1.52,0.0,0.0
2019-10-08 21:00:00,0.0,0.0,0.0,13.19,1.38,0.0,0.0
2019-10-08 22:00:00,0.0,0.0,0.0,12.78,1.24,0.0,0.0
2019-10-08 23:00:00,0.0,0.0,0.0,12.52,1.1,0.0,0.0
2019-10-09 00:00:00,0.0,0.0,0.0,12.14,1.03,0.0,0.0
2019-10-09 01:00:00,0.0,0.0,0.0,11.89,0.97,0.0,0.0
2019-10-09 02:00:00,0.0,0.0,0.0,11.77,0.9,0.0,0.0
2019-10-09 03:00:00,0.0,0.0,0.0,11.57,0.9,0.0,0.0
2019-10-09 04:00:00,0.0,0.0,0.0,11.11,1.03,0.0,0.0
2019-10-09 05:00:00,0.0,0.0,0.0,10.93,0.97,0.0,0.0
2019-10-09 06:00:00,147.0,12.0,5.39,10.94,0.83,0.0,0.000147
2019-10-09 07:00:00,415.5,21.0,15.34,12.73,0.97,0.0,0.0004155
2019-10-09 08:00:00,7433.5,193.0,24.34,13.52,1.17,0.0,0.0074335
2019-10-09 09:00:00,2334.5,72.0,31.76,14.67,1.38,0.0,0.0023345
2019-10-09 10:00:00,2526.5,77.0,36.84,15.59,1.38,0.0,0.0025265
2019-10-09 11:00:00,2641.0,80.0,38.81,16.17,1.38,0.0,0.002641
2019-10-09 12:00:00,1598.5,54.0,37.3,16.86,1.66,0.0,0.0015985
2019-10-09 13:00:00,2065.5,66.0,32.6,17.27,1.52,0.0,0.0020655
2019-10-09 14:00:00,1402.5,49.0,25.44,17.45,2.14,0.0,0.0014025
2019-10-09 15:00:00,1952.5,63.0,16.62,17.0,3.03,0.0,0.0019525
2019-10-09 16:00:00,801.5,33.0,6.76,16.11,2.69,0.0,0.0008015
2019-10-09 17:00:00,0.0,0.0,0.0,15.15,2.28,0.0,0.0
2019-10-09 18:00:00,0.0,0.0,0.0,14.6,1.66,0.0,0.0
2019-10-09 19:00:00,0.0,0.0,0.0,13.37,1.31,0.0,0.0
2019-10-09 20:00:00,0.0,0.0,0.0,13.09,0.83,0.0,0.0
2019-10-09 21:00:00,0.0,0.0,0.0,12.5,1.03,0.0,0.0
2019-10-09 22:00:00,0.0,0.0,0.0,11.92,0.97,0.0,0.0
2019-10-09 23:00:00,0.0,0.0,0.0,11.9,0.62,0.0,0.0
2019-10-10 00:00:00,0.0,0.0,0.0,11.9,0.55,0.0,0.0
2019-10-10 01:00:00,0.0,0.0,0.0,11.73,0.48,0.0,0.0
2019-10-10 02:00:00,0.0,0.0,0.0,11.52,0.34,0.0,0.0
2019-10-10 03:00:00,0.0,0.0,0.0,11.32,0.55,0.0,0.0
2019-10-10 04:00:00,0.0,0.0,0.0,9.86,1.24,0.0,0.0
2019-10-10 05:00:00,0.0,0.0,0.0,9.93,1.31,0.0,0.0
2019-10-10 06:00:00,678.0,29.55,5.15,10.34,1.45,0.0,0.000678
2019-10-10 07:00:00,5281.0,145.0,15.09,10.61,0.14,0.0,0.005281
2019-10-10 08:00:00,7046.5,183.0,24.06,12.06,0.62,0.0,0.0070465
2019-10-10 09:00:00,11612.5,292.0,31.45,13.66,0.76,0.0,0.0116125
2019-10-10 10:00:00,16406.0,412.0,36.49,15.57,0.55,0.0,0.016406
2019-10-10 11:00:00,22350.0,567.01,38.43,17.25,0.48,0.0,0.02235
2019-10-10 12:00:00,22194.5,568.01,36.91,18.78,0.41,0.0,0.0221945
2019-10-10 13:00:00,19584.0,503.01,32.22,19.84,0.62,0.0,0.019584
2019-10-10 14:00:00,13437.0,351.01,25.09,20.31,0.9,0.0,0.013437
2019-10-10 15:00:00,8301.0,238.01,16.28,20.27,1.03,0.0,0.008301
2019-10-10 16:00:00,1541.5,60.0,6.44,19.31,0.69,0.0,0.0015415
2019-10-10 17:00:00,0.0,0.0,0.0,18.92,0.48,0.0,0.0
2019-10-10 18:00:00,0.0,0.0,0.0,16.03,1.17,0.0,0.0
2019-10-10 19:00:00,0.0,0.0,0.0,14.04,1.45,0.0,0.0
2019-10-10 20:00:00,0.0,0.0,0.0,12.44,1.72,0.0,0.0
2019-10-10 21:00:00,0.0,0.0,0.0,11.9,1.59,0.0,0.0
2019-10-10 22:00:00,0.0,0.0,0.0,11.31,1.45,0.0,0.0
2019-10-10 23:00:00,0.0,0.0,0.0,12.25,0.97,0.0,0.0
2019-10-11 00:00:00,0.0,0.0,0.0,12.18,0.69,0.0,0.0
2019-10-11 01:00:00,0.0,0.0,0.0,11.57,0.41,0.0,0.0
2019-10-11 02:00:00,0.0,0.0,0.0,11.24,0.0,0.0,0.0
2019-10-11 03:00:00,0.0,0.0,0.0,11.02,0.48,0.0,0.0
2019-10-11 04:00:00,0.0,0.0,0.0,10.62,0.97,0.0,0.0
2019-10-11 05:00:00,0.0,0.0,0.0,9.28,1.1,0.0,0.0
2019-10-11 06:00:00,694.5,31.05,4.92,9.35,0.97,0.0,0.0006945
2019-10-11 07:00:00,4119.5,115.0,14.84,10.58,0.76,0.0,0.0041195
2019-10-11 08:00:00,6839.5,179.0,23.78,13.35,0.9,0.0,0.0068395
2019-10-11 09:00:00,11376.0,287.0,31.13,14.75,1.24,0.0,0.011376
2019-10-11 10:00:00,21471.0,535.01,36.14,15.78,1.31,0.0,0.021471
2019-10-11 11:00:00,23417.5,587.01,38.05,16.57,1.17,0.0,0.0234175
2019-10-11 12:00:00,16664.5,420.0,36.53,17.45,1.1,0.0,0.0166645
2019-10-11 13:00:00,18481.5,467.01,31.85,17.78,1.17,0.0,0.0184815
2019-10-11 14:00:00,14602.5,378.01,24.74,18.27,1.24,0.0,0.0146025
2019-10-11 15:00:00,7901.0,225.0,15.95,18.25,1.1,0.0,0.007901
2019-10-11 16:00:00,1532.0,64.0,6.12,17.71,0.9,0.0,0.001532
2019-10-11 17:00:00,0.0,0.0,0.0,16.54,1.1,0.0,0.0
2019-10-11 18:00:00,0.0,0.0,0.0,14.57,1.38,0.0,0.0
2019-10-11 19:00:00,0.0,0.0,0.0,12.96,1.59,0.0,0.0
2019-10-11 20:00:00,0.0,0.0,0.0,12.09,1.45,0.0,0.0
2019-10-11 21:00:00,0.0,0.0,0.0,11.58,1.45,0.0,0.0
2019-10-11 22:00:00,0.0,0.0,0.0,10.88,1.52,0.0,0.0
2019-10-11 23:00:00,0.0,0.0,0.0,10.42,1.45,0.0,0.0
2019-10-12 00:00:00,0.0,0.0,0.0,9.86,1.45,0.0,0.0
2019-10-12 01:00:00,0.0,0.0,0.0,9.56,1.38,0.0,0.0
2019-10-12 02:00:00,0.0,0.0,0.0,9.15,1.45,0.0,0.0
2019-10-12 03:00:00,0.0,0.0,0.0,8.83,1.38,0.0,0.0
2019-10-12 04:00:00,0.0,0.0,0.0,8.64,1.31,0.0,0.0
2019-10-12 05:00:00,0.0,0.0,0.0,8.25,1.38,0.0,0.0
2019-10-12 06:00:00,715.0,33.26,4.69,8.05,1.24,0.0,0.000715
2019-10-12 07:00:00,5269.5,146.0,14.59,10.82,0.41,0.0,0.0052695
2019-10-12 08:00:00,12476.5,318.01,23.5,12.93,0.55,0.0,0.0124765
2019-10-12 09:00:00,18752.0,470.01,30.81,14.25,0.48,0.0,0.018752
2019-10-12 10:00:00,21679.5,543.01,35.78,15.15,0.62,0.0,0.0216795
2019-10-12 11:00:00,18044.0,454.0,37.68,16.19,0.55,0.0,0.018044
2019-10-12 12:00:00,19513.0,493.01,36.15,16.99,0.55,0.0,0.019513
2019-10-12 13:00:00,17766.5,452.01,31.48,17.48,0.41,0.0,0.0177665
2019-10-12 14:00:00,10307.0,269.0,24.39,17.73,0.14,0.0,0.010307
2019-10-12 15:00:00,6092.5,172.0,15.62,17.83,0.14,0.0,0.0060925
2019-10-12 16:00:00,1439.5,64.0,5.8,17.57,0.97,0.0,0.0014395
2019-10-12 17:00:00,0.0,0.0,0.0,16.34,1.66,0.0,0.0
2019-10-12 18:00:00,0.0,0.0,0.0,15.23,1.59,0.0,0.0
2019-10-12 19:00:00,0.0,0.0,0.0,14.0,1.38,0.0,0.0
2019-10-12 20:00:00,0.0,0.0,0.0,13.02,1.31,0.0,0.0
2019-10-12 21:00:00,0.0,0.0,0.0,12.59,1.17,0.0,0.0
2019-10-12 22:00:00,0.0,0.0,0.0,12.0,1.17,0.0,0.0
2019-10-12 23:00:00,0.0,0.0,0.0,11.8,1.03,0.0,0.0
2019-10-13 00:00:00,0.0,0.0,0.0,12.12,0.83,0.0,0.0
2019-10-13 01:00:00,0.0,0.0,0.0,11.66,0.9,0.0,0.0
2019-10-13 02:00:00,0.0,0.0,0.0,11.04,0.97,0.0,0.0
2019-10-13 03:00:00,0.0,0.0,0.0,10.67,1.03,0.0,0.0
2019-10-13 04:00:00,0.0,0.0,0.0,10.2,1.17,0.0,0.0
2019-10-13 05:00:00,0.0,0.0,0.0,10.23,1.17,0.0,0.0
2019-10-13 06:00:00,174.5,13.0,4.46,10.67,0.97,0.0,0.0001745
2019-10-13 07:00:00,4137.0,117.0,14.34,12.06,0.34,0.0,0.004137
2019-10-13 08:00:00,12197.0,314.01,23.22,14.18,0.34,0.0,0.012197
2019-10-13 09:00:00,7598.0,199.0,30.5,15.77,0.34,0.0,0.007598
2019-10-13 10:00:00,10373.0,267.0,35.43,16.98,0.34,0.0,0.010373
2019-10-13 11:00:00,8844.5,231.0,37.3,17.76,0.28,0.0,0.0088445
2019-10-13 12:00:00,14946.0,383.0,35.77,18.67,0.14,0.0,0.014946
2019-10-13 13:00:00,9196.5,241.0,31.12,19.11,0.28,0.0,0.0091965
2019-10-13 14:00:00,3275.5,97.0,24.04,19.46,0.28,0.0,0.0032755
2019-10-13 15:00:00,2826.0,86.0,15.29,19.65,0.69,0.0,0.002826
2019-10-13 16:00:00,639.0,28.79,5.49,19.23,1.17,0.0,0.000639
2019-10-13 17:00:00,0.0,0.0,0.0,17.93,1.45,0.0,0.0
2019-10-13 18:00:00,0.0,0.0,0.0,16.72,1.24,0.0,0.0
2019-10-13 19:00:00,0.0,0.0,0.0,15.59,1.24,0.0,0.0
2019-10-13 20:00:00,0.0,0.0,0.0,14.8,1.31,0.0,0.0
2019-10-13 21:00:00,0.0,0.0,0.0,14.47,1.31,0.0,0.0
2019-10-13 22:00:00,0.0,0.0,0.0,14.02,1.24,0.0,0.0
2019-10-13 23:00:00,0.0,0.0,0.0,13.87,1.03,0.0,0.0
2019-10-14 00:00:00,0.0,0.0,0.0,13.79,0.97,0.0,0.0
2019-10-14 01:00:00,0.0,0.0,0.0,13.68,0.97,0.0,0.0
2019-10-14 02:00:00,0.0,0.0,0.0,13.4,1.03,0.0,0.0
2019-10-14 03:00:00,0.0,0.0,0.0,13.15,1.1,0.0,0.0
2019-10-14 04:00:00,0.0,0.0,0.0,13.09,1.03,0.0,0.0
2019-10-14 05:00:00,0.0,0.0,0.0,12.97,1.03,0.0,0.0
2019-10-14 06:00:00,319.0,18.0,4.22,13.25,0.9,0.0,0.000319
2019-10-14 07:00:00,2649.5,80.0,14.08,14.31,0.97,0.0,0.0026495
2019-10-14 08:00:00,3295.0,96.0,22.94,16.11,0.97,0.0,0.003295
2019-10-14 09:00:00,2345.0,73.0,30.18,17.05,0.83,0.0,0.002345
2019-10-14 10:00:00,12480.5,319.0,35.08,17.86,0.62,0.0,0.0124805
2019-10-14 11:00:00,9402.5,245.0,36.93,18.62,0.62,0.0,0.0094025
2019-10-14 12:00:00,18728.0,478.01,35.39,19.27,0.62,0.0,0.018728
2019-10-14 13:00:00,17242.0,444.01,30.75,19.77,0.41,0.0,0.017242
2019-10-14 14:00:00,7591.0,203.0,23.69,19.71,0.48,0.0,0.007591
2019-10-14 15:00:00,2272.0,72.0,14.97,19.79,0.62,0.0,0.002272
2019-10-14 16:00:00,537.0,25.8,5.18,19.51,1.17,0.0,0.000537
2019-10-14 17:00:00,0.0,0.0,0.0,18.67,1.38,0.0,0.0
2019-10-14 18:00:00,0.0,0.0,0.0,18.08,1.45,0.0,0.0
2019-10-14 19:00:00,0.0,0.0,0.0,17.75,1.52,0.0,0.0
2019-10-14 20:00:00,0.0,0.0,0.0,17.36,1.38,0.0,0.0
2019-10-14 21:00:00,0.0,0.0,0.0,16.94,1.03,0.0,0.0
2019-10-14 22:00:00,0.0,0.0,0.0,16.55,0.97,0.0,0.0
2019-10-14 23:00:00,0.0,0.0,0.0,16.27,1.03,0.0,0.0
2019-10-15 00:00:00,0.0,0.0,0.0,15.85,0.9,0.0,0.0
2019-10-15 01:00:00,0.0,0.0,0.0,15.63,0.9,0.0,0.0
2019-10-15 02:00:00,0.0,0.0,0.0,15.3,1.1,0.0,0.0
2019-10-15 03:00:00,0.0,0.0,0.0,15.06,1.03,0.0,0.0
2019-10-15 04:00:00,0.0,0.0,0.0,14.8,0.69,0.0,0.0
2019-10-15 05:00:00,0.0,0.0,0.0,14.82,0.69,0.0,0.0
2019-10-15 06:00:00,0.0,4.0,3.99,14.71,0.83,0.0,0.0
2019-10-15 07:00:00,285.5,17.0,13.83,14.75,0.55,0.0,0.0002855
2019-10-15 08:00:00,1152.5,42.0,22.65,14.84,0.34,0.0,0.0011525
2019-10-15 09:00:00,1153.0,42.0,29.86,14.81,0.62,0.0,0.001153
2019-10-15 10:00:00,2812.5,84.0,34.73,15.19,0.41,0.0,0.0028125
2019-10-15 11:00:00,1802.5,59.0,36.56,15.8,1.24,0.0,0.0018025
2019-10-15 12:00:00,2643.0,80.0,35.02,16.06,1.52,0.0,0.002643
2019-10-15 13:00:00,1450.0,50.0,30.39,16.05,1.38,0.0,0.00145
2019-10-15 14:00:00,1565.0,53.0,23.35,16.13,1.03,0.0,0.001565
2019-10-15 15:00:00,923.5,36.0,14.64,16.22,0.62,0.0,0.0009235
2019-10-15 16:00:00,448.0,22.81,4.87,16.12,0.9,0.0,0.000448
2019-10-15 17:00:00,0.0,0.0,0.0,15.58,0.62,0.0,0.0
2019-10-15 18:00:00,0.0,0.0,0.0,15.0,0.21,0.0,0.0
2019-10-15 19:00:00,0.0,0.0,0.0,14.64,1.59,0.0,0.0
2019-10-15 20:00:00,0.0,0.0,0.0,14.09,1.38,0.0,0.0
2019-10-15 21:00:00,0.0,0.0,0.0,13.03,0.97,0.0,0.0
2019-10-15 22:00:00,0.0,0.0,0.0,12.36,0.9,0.0,0.0
2019-10-15 23:00:00,0.0,0.0,0.0,11.48,1.1,0.0,0.0
2019-10-16 00:00:00,0.0,0.0,0.0,11.19,0.97,0.0,0.0
2019-10-16 01:00:00,0.0,0.0,0.0,11.33,0.62,0.0,0.0
2019-10-16 02:00:00,0.0,0.0,0.0,11.29,0.41,0.0,0.0
2019-10-16 03:00:00,0.0,0.0,0.0,9.98,1.03,0.0,0.0
2019-10-16 04:00:00,0.0,0.0,0.0,9.37,1.45,0.0,0.0
2019-10-16 05:00:00,0.0,0.0,0.0,8.95,1.45,0.0,0.0
2019-10-16 06:00:00,7.0,6.0,3.75,8.69,1.17,0.0,7e-06
2019-10-16 07:00:00,3816.0,108.0,13.58,9.8,0.97,0.0,0.003816
2019-10-16 08:00:00,7401.0,192.0,22.37,12.22,0.69,0.0,0.007401
2019-10-16 09:00:00,8708.0,224.0,29.55,14.48,0.62,0.0,0.008708
2019-10-16 10:00:00,21878.0,553.01,34.38,16.33,0.48,0.0,0.021878
2019-10-16 11:00:00,23081.5,590.01,36.19,17.85,0.28,0.0,0.0230815
2019-10-16 12:00:00,21935.0,561.01,34.65,18.9,0.55,0.0,0.021935
2019-10-16 13:00:00,18892.0,486.01,30.03,19.58,0.69,0.0,0.018892
2019-10-16 14:00:00,13532.5,358.01,23.01,19.86,0.9,0.0,0.0135325
2019-10-16 15:00:00,6789.0,202.0,14.33,19.74,0.97,0.0,0.006789
2019-10-16 16:00:00,739.5,42.15,4.57,18.62,0.69,0.0,0.0007395
2019-10-16 17:00:00,0.0,0.0,0.0,16.95,0.76,0.0,0.0
2019-10-16 18:00:00,0.0,0.0,0.0,16.28,0.76,0.0,0.0
2019-10-16 19:00:00,0.0,0.0,0.0,14.98,0.83,0.0,0.0
2019-10-16 20:00:00,0.0,0.0,0.0,14.95,0.69,0.0,0.0
2019-10-16 21:00:00,0.0,0.0,0.0,14.62,0.55,0.0,0.0
2019-10-16 22:00:00,0.0,0.0,0.0,14.33,0.41,0.0,0.0
2019-10-16 23:00:00,0.0,0.0,0.0,14.03,0.55,0.0,0.0
2019-10-17 00:00:00,0.0,0.0,0.0,13.46,0.76,0.0,0.0
2019-10-17 01:00:00,0.0,0.0,0.0,13.52,0.69,0.0,0.0
2019-10-17 02:00:00,0.0,0.0,0.0,13.92,0.48,0.0,0.0
2019-10-17 03:00:00,0.0,0.0,0.0,13.09,0.9,0.0,0.0
2019-10-17 04:00:00,0.0,0.0,0.0,12.88,0.97,0.0,0.0
2019-10-17 05:00:00,0.0,0.0,0.0,12.63,0.97,0.0,0.0
2019-10-17 06:00:00,397.0,23.05,3.52,12.6,0.97,0.0,0.000397
2019-10-17 07:00:00,5515.5,160.0,13.32,12.91,0.9,0.0,0.0055155
2019-10-17 08:00:00,7180.0,188.0,22.09,13.83,0.97,0.0,0.00718
2019-10-17 09:00:00,17474.5,437.01,29.23,14.75,1.24,0.0,0.0174745
2019-10-17 10:00:00,21276.5,529.01,34.04,14.99,1.24,0.0,0.0212765
2019-10-17 11:00:00,17933.0,447.01,35.82,15.64,1.24,0.0,0.017933
2019-10-17 12:00:00,17452.0,436.01,34.28,15.94,1.24,0.0,0.017452
2019-10-17 13:00:00,16674.0,420.01,29.68,16.36,1.17,0.0,0.016674
2019-10-17 14:00:00,12433.0,323.01,22.68,16.27,1.03,0.0,0.012433
2019-10-17 15:00:00,6532.0,193.0,14.01,16.22,0.83,0.0,0.006532
2019-10-17 16:00:00,667.5,36.58,4.27,16.0,0.97,0.0,0.0006675
2019-10-17 17:00:00,0.0,0.0,0.0,15.38,1.24,0.0,0.0
2019-10-17 18:00:00,0.0,0.0,0.0,15.0,1.24,0.0,0.0
2019-10-17 19:00:00,0.0,0.0,0.0,14.72,1.1,0.0,0.0
2019-10-17 20:00:00,0.0,0.0,0.0,14.6,1.03,0.0,0.0
2019-10-17 21:00:00,0.0,0.0,0.0,14.6,0.97,0.0,0.0
2019-10-17 22:00:00,0.0,0.0,0.0,14.48,0.97,0.0,0.0
2019-10-17 23:00:00,0.0,0.0,0.0,14.21,0.97,0.0,0.0
2019-10-18 00:00:00,0.0,0.0,0.0,14.1,0.97,0.0,0.0
2019-10-18 01:00:00,0.0,0.0,0.0,13.96,0.9,0.0,0.0
2019-10-18 02:00:00,0.0,0.0,0.0,13.84,0.97,0.0,0.0
2019-10-18 03:00:00,0.0,0.0,0.0,13.73,1.03,0.0,0.0
2019-10-18 04:00:00,0.0,0.0,0.0,13.79,1.03,0.0,0.0
2019-10-18 05:00:00,0.0,0.0,0.0,13.78,0.97,0.0,0.0
2019-10-18 06:00:00,203.0,14.82,3.28,13.73,0.9,0.0,0.000203
2019-10-18 07:00:00,1428.5,49.0,13.06,13.72,1.03,0.0,0.0014285
2019-10-18 08:00:00,5716.0,153.0,21.8,14.15,1.24,0.0,0.005716
2019-10-18 09:00:00,10877.5,275.0,28.92,14.43,1.24,0.0,0.0108775
2019-10-18 10:00:00,12792.0,321.0,33.69,14.96,1.24,0.0,0.012792
2019-10-18 11:00:00,11456.5,290.0,35.46,15.61,1.17,0.0,0.0114565
2019-10-18 12:00:00,10658.0,271.0,33.91,15.84,1.31,0.0,0.010658
2019-10-18 13:00:00,10890.5,277.0,29.32,15.91,1.31,0.0,0.0108905
2019-10-18 14:00:00,4757.0,131.0,22.35,15.88,1.31,0.0,0.004757
2019-10-18 15:00:00,2591.0,79.0,13.7,15.72,1.31,0.0,0.002591
2019-10-18 16:00:00,225.5,15.0,3.97,15.51,1.24,0.0,0.0002255
2019-10-18 17:00:00,0.0,0.0,0.0,15.21,1.17,0.0,0.0
2019-10-18 18:00:00,0.0,0.0,0.0,14.71,1.1,0.0,0.0
2019-10-18 19:00:00,0.0,0.0,0.0,15.32,1.17,0.0,0.0
2019-10-18 20:00:00,0.0,0.0,0.0,15.24,1.17,0.0,0.0
2019-10-18 21:00:00,0.0,0.0,0.0,15.25,0.97,0.0,0.0
2019-10-18 22:00:00,0.0,0.0,0.0,15.31,1.03,0.0,0.0
2019-10-18 23:00:00,0.0,0.0,0.0,15.23,1.1,0.0,0.0
2019-10-19 00:00:00,0.0,0.0,0.0,15.07,1.1,0.0,0.0
2019-10-19 01:00:00,0.0,0.0,0.0,14.87,1.1,0.0,0.0
2019-10-19 02:00:00,0.0,0.0,0.0,14.65,1.1,0.0,0.0
2019-10-19 03:00:00,0.0,0.0,0.0,14.47,1.1,0.0,0.0
2019-10-19 04:00:00,0.0,0.0,0.0,14.23,1.17,0.0,0.0
2019-10-19 05:00:00,0.0,0.0,0.0,14.19,1.17,0.0,0.0
2019-10-19 06:00:00,5.5,6.0,3.05,14.05,1.1,0.0,5.5e-06
2019-10-19 07:00:00,1937.0,62.0,12.81,14.17,1.31,0.0,0.001937
2019-10-19 08:00:00,6618.5,175.0,21.52,14.51,1.24,0.0,0.0066185
2019-10-19 09:00:00,3813.5,108.0,28.6,15.02,1.17,0.0,0.0038135
2019-10-19 10:00:00,4513.0,125.0,33.35,15.59,1.1,0.0,0.004513
2019-10-19 11:00:00,4134.0,116.0,35.09,15.82,1.38,0.0,0.004134
2019-10-19 12:00:00,1408.0,49.0,33.55,16.48,0.83,0.0,0.001408
2019-10-19 13:00:00,1869.5,61.0,28.97,16.86,0.48,0.0,0.0018695
2019-10-19 14:00:00,4216.5,119.0,22.02,17.05,0.07,0.0,0.0042165
2019-10-19 15:00:00,343.0,19.0,13.39,16.79,0.55,0.0,0.000343
2019-10-19 16:00:00,258.5,16.82,3.68,16.22,1.31,0.0,0.0002585
2019-10-19 17:00:00,0.0,0.0,0.0,15.76,1.52,0.0,0.0
2019-10-19 18:00:00,0.0,0.0,0.0,15.53,1.31,0.0,0.0
2019-10-19 19:00:00,0.0,0.0,0.0,14.7,0.55,0.0,0.0
2019-10-19 20:00:00,0.0,0.0,0.0,14.84,0.34,0.0,0.0
2019-10-19 21:00:00,0.0,0.0,0.0,14.76,0.41,0.0,0.0
2019-10-19 22:00:00,0.0,0.0,0.0,14.16,0.76,0.0,0.0
2019-10-19 23:00:00,0.0,0.0,0.0,14.04,0.97,0.0,0.0
2019-10-20 00:00:00,0.0,0.0,0.0,13.76,1.1,0.0,0.0
2019-10-20 01:00:00,0.0,0.0,0.0,13.89,1.03,0.0,0.0
2019-10-20 02:00:00,0.0,0.0,0.0,14.4,0.83,0.0,0.0
2019-10-20 03:00:00,0.0,0.0,0.0,14.83,0.69,0.0,0.0
2019-10-20 04:00:00,0.0,0.0,0.0,15.02,1.38,0.0,0.0
2019-10-20 05:00:00,0.0,0.0,0.0,15.31,1.52,0.0,0.0
2019-10-20 06:00:00,45.0,8.0,2.81,15.3,1.59,0.0,4.5e-05
2019-10-20 07:00:00,1269.5,45.0,12.55,14.44,1.1,0.0,0.0012695
2019-10-20 08:00:00,821.5,33.0,21.24,14.94,1.1,0.0,0.0008215
2019-10-20 09:00:00,1075.0,40.0,28.29,15.53,1.24,0.0,0.001075
2019-10-20 10:00:00,2686.0,81.0,33.0,15.81,1.31,0.0,0.002686
2019-10-20 11:00:00,1997.0,64.0,34.73,16.11,1.1,0.0,0.001997
2019-10-20 12:00:00,3623.5,104.0,33.19,16.28,1.1,0.0,0.0036235
2019-10-20 13:00:00,1110.0,41.0,28.63,15.93,1.24,0.0,0.00111
2019-10-20 14:00:00,999.0,38.0,21.69,15.85,1.38,0.0,0.000999
2019-10-20 15:00:00,441.0,22.0,13.08,15.73,1.66,0.0,0.000441
2019-10-20 16:00:00,321.5,19.56,3.39,15.43,1.79,0.0,0.0003215
2019-10-20 17:00:00,0.0,0.0,0.0,15.18,1.59,0.0,0.0
2019-10-20 18:00:00,0.0,0.0,0.0,15.0,1.45,0.0,0.0
2019-10-20 19:00:00,0.0,0.0,0.0,15.13,1.45,0.0,0.0
2019-10-20 20:00:00,0.0,0.0,0.0,15.03,1.03,0.0,0.0
2019-10-20 21:00:00,0.0,0.0,0.0,14.92,0.55,0.0,0.0
2019-10-20 22:00:00,0.0,0.0,0.0,14.94,0.48,0.0,0.0
2019-10-20 23:00:00,0.0,0.0,0.0,14.89,0.76,0.0,0.0
2019-10-21 00:00:00,0.0,0.0,0.0,14.93,0.97,0.0,0.0
2019-10-21 01:00:00,0.0,0.0,0.0,15.03,0.97,0.0,0.0
2019-10-21 02:00:00,0.0,0.0,0.0,14.98,1.03,0.0,0.0
2019-10-21 03:00:00,0.0,0.0,0.0,14.73,1.03,0.0,0.0
2019-10-21 04:00:00,0.0,0.0,0.0,14.63,0.14,0.0,0.0
2019-10-21 05:00:00,0.0,0.0,0.0,14.7,1.03,0.0,0.0
2019-10-21 06:00:00,91.5,10.0,2.57,14.73,1.31,0.0,9.15e-05
2019-10-21 07:00:00,3802.0,113.0,12.3,14.9,0.76,0.0,0.003802
2019-10-21 08:00:00,892.0,35.0,20.96,15.16,0.28,0.0,0.000892
2019-10-21 09:00:00,1187.5,43.0,27.97,15.25,0.14,0.0,0.0011875
2019-10-21 10:00:00,2479.5,76.0,32.66,15.75,0.41,0.0,0.0024795
2019-10-21 11:00:00,1839.0,60.0,34.37,16.03,0.83,0.0,0.001839
2019-10-21 12:00:00,1487.5,51.0,32.83,16.12,0.97,0.0,0.0014875
2019-10-21 13:00:00,2757.0,83.0,28.29,16.5,1.1,0.0,0.002757
2019-10-21 14:00:00,3813.5,109.0,21.37,17.24,1.17,0.0,0.0038135
2019-10-21 15:00:00,251.0,16.0,12.78,17.67,0.83,0.0,0.000251
2019-10-21 16:00:00,140.0,12.0,3.1,17.58,0.41,0.0,0.00014
2019-10-21 17:00:00,0.0,0.0,0.0,17.52,0.14,0.0,0.0
2019-10-21 18:00:00,0.0,0.0,0.0,16.92,1.1,0.0,0.0
2019-10-21 19:00:00,0.0,0.0,0.0,16.03,0.41,0.0,0.0
2019-10-21 20:00:00,0.0,0.0,0.0,16.0,0.83,0.0,0.0
2019-10-21 21:00:00,0.0,0.0,0.0,15.84,0.69,0.0,0.0
2019-10-21 22:00:00,0.0,0.0,0.0,15.87,0.48,0.0,0.0
2019-10-21 23:00:00,0.0,0.0,0.0,15.93,0.34,0.0,0.0
2019-10-22 00:00:00,0.0,0.0,0.0,15.91,0.28,0.0,0.0
2019-10-22 01:00:00,0.0,0.0,0.0,16.0,0.55,0.0,0.0
2019-10-22 02:00:00,0.0,0.0,0.0,16.02,0.69,0.0,0.0
2019-10-22 03:00:00,0.0,0.0,0.0,16.02,0.55,0.0,0.0
2019-10-22 04:00:00,0.0,0.0,0.0,16.03,0.62,0.0,0.0
2019-10-22 05:00:00,0.0,0.0,0.0,16.1,0.76,0.0,0.0
2019-10-22 06:00:00,0.0,2.0,2.33,16.03,0.83,0.0,0.0
2019-10-22 07:00:00,3797.5,114.0,12.04,16.04,0.97,0.0,0.0037975
2019-10-22 08:00:00,2478.0,76.0,20.67,16.13,1.17,0.0,0.002478
2019-10-22 09:00:00,3622.0,104.0,27.66,16.36,1.1,0.0,0.003622
2019-10-22 10:00:00,7542.5,198.0,32.32,16.81,1.03,0.0,0.0075425
2019-10-22 11:00:00,4432.0,124.0,34.02,17.25,0.9,0.0,0.004432
2019-10-22 12:00:00,4305.0,121.0,32.48,17.36,0.9,0.0,0.004305
2019-10-22 13:00:00,2824.0,85.0,27.95,17.51,1.03,0.0,0.002824
2019-10-22 14:00:00,3727.5,107.0,21.05,17.45,1.24,0.0,0.0037275
2019-10-22 15:00:00,2015.5,65.0,12.48,17.49,1.59,0.0,0.0020155
2019-10-22 16:00:00,114.5,11.0,2.82,17.36,1.52,0.0,0.0001145
2019-10-22 17:00:00,0.0,0.0,0.0,16.96,1.59,0.0,0.0
2019-10-22 18:00:00,0.0,0.0,0.0,16.69,1.52,0.0,0.0
2019-10-22 19:00:00,0.0,0.0,0.0,16.5,1.1,0.0,0.0
2019-10-22 20:00:00,0.0,0.0,0.0,15.81,1.24,0.0,0.0
2019-10-22 21:00:00,0.0,0.0,0.0,15.25,1.45,0.0,0.0
2019-10-22 22:00:00,0.0,0.0,0.0,14.65,1.52,0.0,0.0
2019-10-22 23:00:00,0.0,0.0,0.0,14.32,1.52,0.0,0.0
2019-10-23 00:00:00,0.0,0.0,0.0,14.02,1.59,0.0,0.0
2019-10-23 01:00:00,0.0,0.0,0.0,14.02,1.72,0.0,0.0
2019-10-23 02:00:00,0.0,0.0,0.0,13.75,1.72,0.0,0.0
2019-10-23 03:00:00,0.0,0.0,0.0,13.36,1.38,0.0,0.0
2019-10-23 04:00:00,0.0,0.0,0.0,12.72,1.45,0.0,0.0
2019-10-23 05:00:00,0.0,0.0,0.0,12.4,1.52,0.0,0.0
2019-10-23 06:00:00,0.0,0.0,0.0,11.95,1.17,0.0,0.0
2019-10-23 07:00:00,2206.5,69.0,11.78,13.5,1.1,0.0,0.0022065
2019-10-23 08:00:00,6831.0,182.0,20.39,15.92,1.17,0.0,0.006831
2019-10-23 09:00:00,7108.5,188.0,27.35,16.95,0.83,0.0,0.0071085
2019-10-23 10:00:00,6733.0,180.0,31.98,18.18,0.69,0.0,0.006733
2019-10-23 11:00:00,2004.0,65.0,33.66,19.17,0.76,0.0,0.002004
2019-10-23 12:00:00,3559.0,104.0,32.12,19.88,1.1,0.0,0.003559
2019-10-23 13:00:00,3843.0,111.0,27.61,19.81,0.76,0.0,0.003843
2019-10-23 14:00:00,1456.5,51.0,20.74,19.91,0.07,0.0,0.0014565
2019-10-23 15:00:00,247.5,16.0,12.19,19.78,0.21,0.0,0.0002475
2019-10-23 16:00:00,65.0,9.0,2.54,19.09,0.9,0.0,6.5e-05
2019-10-23 17:00:00,0.0,0.0,0.0,18.06,1.03,0.0,0.0
2019-10-23 18:00:00,0.0,0.0,0.0,16.61,1.17,0.0,0.0
2019-10-23 19:00:00,0.0,0.0,0.0,15.53,1.17,0.0,0.0
2019-10-23 20:00:00,0.0,0.0,0.0,15.36,0.9,0.0,0.0
2019-10-23 21:00:00,0.0,0.0,0.0,15.27,1.03,0.0,0.0
2019-10-23 22:00:00,0.0,0.0,0.0,15.38,0.69,0.0,0.0
2019-10-23 23:00:00,0.0,0.0,0.0,14.94,0.76,0.0,0.0
2019-10-24 00:00:00,0.0,0.0,0.0,14.99,1.03,0.0,0.0
2019-10-24 01:00:00,0.0,0.0,0.0,15.09,1.45,0.0,0.0
2019-10-24 02:00:00,0.0,0.0,0.0,15.2,2.34,0.0,0.0
2019-10-24 03:00:00,0.0,0.0,0.0,15.28,2.28,0.0,0.0
2019-10-24 04:00:00,0.0,0.0,0.0,15.09,1.93,0.0,0.0
2019-10-24 05:00:00,0.0,0.0,0.0,15.15,2.07,0.0,0.0
2019-10-24 06:00:00,0.0,0.0,0.0,15.24,2.55,0.0,0.0
2019-10-24 07:00:00,2520.5,78.0,11.53,15.42,1.59,0.0,0.0025205
2019-10-24 08:00:00,3142.5,92.0,20.11,15.54,1.52,0.0,0.0031425
2019-10-24 09:00:00,3224.5,94.0,27.04,15.65,1.79,0.0,0.0032245
2019-10-24 10:00:00,2243.0,70.0,31.65,15.77,2.0,0.0,0.002243
2019-10-24 11:00:00,4272.5,119.0,33.31,15.5,2.07,0.0,0.0042725
2019-10-24 12:00:00,2410.5,74.0,31.78,15.29,2.07,0.0,0.0024105
2019-10-24 13:00:00,2129.0,67.0,27.28,15.17,1.93,0.0,0.002129
2019-10-24 14:00:00,2454.0,75.0,20.43,15.0,1.79,0.0,0.002454
2019-10-24 15:00:00,930.5,36.0,11.9,15.08,2.07,0.0,0.0009305
2019-10-24 16:00:00,24.5,7.0,2.27,15.01,1.72,0.0,2.45e-05
2019-10-24 17:00:00,0.0,0.0,0.0,14.78,1.93,0.0,0.0
2019-10-24 18:00:00,0.0,0.0,0.0,14.72,1.72,0.0,0.0
2019-10-24 19:00:00,0.0,0.0,0.0,14.73,1.86,0.0,0.0
2019-10-24 20:00:00,0.0,0.0,0.0,14.77,1.72,0.0,0.0
2019-10-24 21:00:00,0.0,0.0,0.0,14.78,1.59,0.0,0.0
2019-10-24 22:00:00,0.0,0.0,0.0,14.66,1.31,0.0,0.0
2019-10-24 23:00:00,0.0,0.0,0.0,14.53,1.24,0.0,0.0
2019-10-25 00:00:00,0.0,0.0,0.0,14.01,1.24,0.0,0.0
2019-10-25 01:00:00,0.0,0.0,0.0,13.81,1.03,0.0,0.0
2019-10-25 02:00:00,0.0,0.0,0.0,13.53,1.24,0.0,0.0
2019-10-25 03:00:00,0.0,0.0,0.0,13.19,1.45,0.0,0.0
2019-10-25 04:00:00,0.0,0.0,0.0,13.25,1.59,0.0,0.0
2019-10-25 05:00:00,0.0,0.0,0.0,13.3,1.52,0.0,0.0
2019-10-25 06:00:00,0.0,0.0,0.0,13.41,1.45,0.0,0.0
2019-10-25 07:00:00,3253.5,98.0,11.27,13.19,1.79,0.0,0.0032535
2019-10-25 08:00:00,9069.0,238.0,19.83,14.43,1.52,0.0,0.009069
2019-10-25 09:00:00,15285.0,387.01,26.73,16.02,1.45,0.0,0.015285
2019-10-25 10:00:00,19680.5,498.01,31.31,18.1,1.31,0.0,0.0196805
2019-10-25 11:00:00,17972.0,459.01,32.97,19.84,0.97,0.0,0.017972
2019-10-25 12:00:00,18547.0,479.01,31.43,20.92,0.62,0.0,0.018547
2019-10-25 13:00:00,15929.5,419.01,26.95,21.51,0.21,0.0,0.0159295
2019-10-25 14:00:00,11022.5,303.01,20.12,21.79,0.55,0.0,0.0110225
2019-10-25 15:00:00,4608.0,149.0,11.62,21.46,0.83,0.0,0.004608
2019-10-25 16:00:00,0.0,0.0,0.0,20.18,1.17,0.0,0.0
2019-10-25 17:00:00,0.0,0.0,0.0,17.95,1.59,0.0,0.0
2019-10-25 18:00:00,0.0,0.0,0.0,16.22,1.72,0.0,0.0
2019-10-25 19:00:00,0.0,0.0,0.0,15.48,1.38,0.0,0.0
2019-10-25 20:00:00,0.0,0.0,0.0,16.32,0.9,0.0,0.0
2019-10-25 21:00:00,0.0,0.0,0.0,16.35,0.62,0.0,0.0
2019-10-25 22:00:00,0.0,0.0,0.0,15.85,0.76,0.0,0.0
2019-10-25 23:00:00,0.0,0.0,0.0,14.77,1.1,0.0,0.0
2019-10-26 00:00:00,0.0,0.0,0.0,13.04,1.31,0.0,0.0
2019-10-26 01:00:00,0.0,0.0,0.0,12.02,1.45,0.0,0.0
2019-10-26 02:00:00,0.0,0.0,0.0,11.26,1.52,0.0,0.0
2019-10-26 03:00:00,0.0,0.0,0.0,10.76,1.59,0.0,0.0
2019-10-26 04:00:00,0.0,0.0,0.0,10.31,1.52,0.0,0.0
2019-10-26 05:00:00,0.0,0.0,0.0,9.92,1.38,0.0,0.0
2019-10-26 06:00:00,0.0,0.0,0.0,9.71,1.31,0.0,0.0
2019-10-26 07:00:00,4540.5,143.0,11.01,11.04,0.97,0.0,0.0045405
2019-10-26 08:00:00,11313.0,300.01,19.55,13.51,1.1,0.0,0.011313
2019-10-26 09:00:00,17118.0,436.01,26.42,15.86,1.03,0.0,0.017118
2019-10-26 10:00:00,20510.0,522.01,30.98,18.19,0.97,0.0,0.02051
2019-10-26 11:00:00,21212.5,543.01,32.62,19.84,0.97,0.0,0.0212125
2019-10-26 12:00:00,19985.0,516.01,31.09,20.74,0.76,0.0,0.019985
2019-10-26 13:00:00,16643.5,436.01,26.63,21.2,0.69,0.0,0.0166435
2019-10-26 14:00:00,11162.0,307.01,19.82,21.28,0.69,0.0,0.011162
2019-10-26 15:00:00,4659.0,154.0,11.33,20.97,0.55,0.0,0.004659
2019-10-26 16:00:00,0.0,0.0,0.0,20.57,0.14,0.0,0.0
2019-10-26 17:00:00,0.0,0.0,0.0,19.52,0.76,0.0,0.0
2019-10-26 18:00:00,0.0,0.0,0.0,16.26,1.31,0.0,0.0
2019-10-26 19:00:00,0.0,0.0,0.0,14.66,1.59,0.0,0.0
2019-10-26 20:00:00,0.0,0.0,0.0,13.26,1.66,0.0,0.0
2019-10-26 21:00:00,0.0,0.0,0.0,12.6,1.45,0.0,0.0
2019-10-26 22:00:00,0.0,0.0,0.0,12.5,1.24,0.0,0.0
2019-10-26 23:00:00,0.0,0.0,0.0,11.86,1.31,0.0,0.0
2019-10-27 00:00:00,0.0,0.0,0.0,10.92,1.52,0.0,0.0
2019-10-27 01:00:00,0.0,0.0,0.0,10.36,1.66,0.0,0.0
2019-10-27 02:00:00,0.0,0.0,0.0,10.15,1.59,0.0,0.0
2019-10-27 03:00:00,0.0,0.0,0.0,10.21,1.45,0.0,0.0
2019-10-27 04:00:00,0.0,0.0,0.0,10.52,1.31,0.0,0.0
2019-10-27 05:00:00,0.0,0.0,0.0,10.48,1.24,0.0,0.0
2019-10-27 06:00:00,0.0,0.0,0.0,10.04,1.1,0.0,0.0
2019-10-27 07:00:00,4385.5,141.0,10.76,11.69,0.62,0.0,0.0043855
2019-10-27 08:00:00,11089.5,296.01,19.27,13.61,0.62,0.0,0.0110895
2019-10-27 09:00:00,16570.5,425.01,26.12,16.32,0.62,0.0,0.0165705
2019-10-27 10:00:00,20100.0,515.01,30.65,18.27,0.48,0.0,0.0201
2019-10-27 11:00:00,20626.5,533.01,32.28,19.69,0.21,0.0,0.0206265
2019-10-27 12:00:00,19556.5,509.01,30.75,20.63,0.14,0.0,0.0195565
2019-10-27 13:00:00,16228.0,427.01,26.31,21.17,0.34,0.0,0.016228
2019-10-27 14:00:00,10661.5,294.01,19.52,21.32,0.48,0.0,0.0106615
2019-10-27 15:00:00,3915.0,125.0,11.06,21.06,0.55,0.0,0.003915
2019-10-27 16:00:00,0.0,0.0,0.0,19.7,1.17,0.0,0.0
2019-10-27 17:00:00,0.0,0.0,0.0,17.32,1.24,0.0,0.0
2019-10-27 18:00:00,0.0,0.0,0.0,17.77,0.83,0.0,0.0
2019-10-27 19:00:00,0.0,0.0,0.0,16.61,0.28,0.0,0.0
2019-10-27 20:00:00,0.0,0.0,0.0,15.3,0.69,0.0,0.0
2019-10-27 21:00:00,0.0,0.0,0.0,14.15,0.83,0.0,0.0
2019-10-27 22:00:00,0.0,0.0,0.0,13.82,0.76,0.0,0.0
2019-10-27 23:00:00,0.0,0.0,0.0,13.63,0.76,0.0,0.0
2019-10-28 00:00:00,0.0,0.0,0.0,12.42,1.03,0.0,0.0
2019-10-28 01:00:00,0.0,0.0,0.0,11.53,1.17,0.0,0.0
2019-10-28 02:00:00,0.0,0.0,0.0,11.31,1.17,0.0,0.0
2019-10-28 03:00:00,0.0,0.0,0.0,11.15,1.1,0.0,0.0
2019-10-28 04:00:00,0.0,0.0,0.0,10.66,1.24,0.0,0.0
2019-10-28 05:00:00,0.0,0.0,0.0,10.75,1.1,0.0,0.0
2019-10-28 06:00:00,0.0,0.0,0.0,10.65,1.03,0.0,0.0
2019-10-28 07:00:00,3973.5,126.0,10.5,11.32,0.69,0.0,0.0039735
2019-10-28 08:00:00,7617.5,201.0,18.99,12.84,0.69,0.0,0.0076175
2019-10-28 09:00:00,10647.0,272.0,25.81,14.83,0.62,0.0,0.010647
2019-10-28 10:00:00,16590.0,421.01,30.32,16.36,0.28,0.0,0.01659
2019-10-28 11:00:00,13916.0,355.0,31.94,17.44,0.28,0.0,0.013916
2019-10-28 12:00:00,14866.5,381.01,30.42,18.49,0.34,0.0,0.0148665
2019-10-28 13:00:00,10108.0,264.0,25.99,19.03,0.48,0.0,0.010108
2019-10-28 14:00:00,8524.5,231.0,19.23,19.11,0.76,0.0,0.0085245
2019-10-28 15:00:00,2786.5,88.0,10.79,18.79,0.9,0.0,0.0027865
2019-10-28 16:00:00,0.0,0.0,0.0,17.88,1.31,0.0,0.0
2019-10-28 17:00:00,0.0,0.0,0.0,16.67,1.45,0.0,0.0
2019-10-28 18:00:00,0.0,0.0,0.0,15.82,1.24,0.0,0.0
2019-10-28 19:00:00,0.0,0.0,0.0,15.09,0.76,0.0,0.0
2019-10-28 20:00:00,0.0,0.0,0.0,15.08,0.69,0.0,0.0
2019-10-28 21:00:00,0.0,0.0,0.0,15.27,0.62,0.0,0.0
2019-10-28 22:00:00,0.0,0.0,0.0,14.56,0.76,0.0,0.0
2019-10-28 23:00:00,0.0,0.0,0.0,14.47,0.69,0.0,0.0
2019-10-29 00:00:00,0.0,0.0,0.0,14.41,0.69,0.0,0.0
2019-10-29 01:00:00,0.0,0.0,0.0,14.46,0.62,0.0,0.0
2019-10-29 02:00:00,0.0,0.0,0.0,14.32,0.69,0.0,0.0
2019-10-29 03:00:00,0.0,0.0,0.0,14.12,0.83,0.0,0.0
2019-10-29 04:00:00,0.0,0.0,0.0,14.03,0.9,0.0,0.0
2019-10-29 05:00:00,0.0,0.0,0.0,14.01,0.83,0.0,0.0
2019-10-29 06:00:00,0.0,0.0,0.0,14.03,0.83,0.0,0.0
2019-10-29 07:00:00,2122.5,68.0,10.25,13.73,0.48,0.0,0.0021225
2019-10-29 08:00:00,6456.5,173.0,18.71,14.33,0.62,0.0,0.0064565
2019-10-29 09:00:00,5365.5,145.0,25.51,15.03,1.03,0.0,0.0053655
2019-10-29 10:00:00,3836.5,109.0,30.0,15.96,1.03,0.0,0.0038365
2019-10-29 11:00:00,3863.0,110.0,31.61,16.64,0.83,0.0,0.003863
2019-10-29 12:00:00,3024.0,90.0,30.09,17.59,0.69,0.0,0.003024
2019-10-29 13:00:00,2528.0,78.0,25.68,18.33,0.55,0.0,0.002528
2019-10-29 14:00:00,3291.5,97.0,18.94,18.46,0.62,0.0,0.0032915
2019-10-29 15:00:00,2302.5,74.0,10.52,18.42,0.83,0.0,0.0023025
2019-10-29 16:00:00,0.0,0.0,0.0,17.91,1.1,0.0,0.0
2019-10-29 17:00:00,0.0,0.0,0.0,16.94,1.31,0.0,0.0
2019-10-29 18:00:00,0.0,0.0,0.0,16.11,1.24,0.0,0.0
2019-10-29 19:00:00,0.0,0.0,0.0,15.31,0.9,0.0,0.0
2019-10-29 20:00:00,0.0,0.0,0.0,15.14,0.69,0.0,0.0
2019-10-29 21:00:00,0.0,0.0,0.0,14.98,0.83,0.0,0.0
2019-10-29 22:00:00,0.0,0.0,0.0,14.51,1.17,0.0,0.0
2019-10-29 23:00:00,0.0,0.0,0.0,14.24,1.24,0.0,0.0
2019-10-30 00:00:00,0.0,0.0,0.0,14.1,1.31,0.0,0.0
2019-10-30 01:00:00,0.0,0.0,0.0,14.06,1.31,0.0,0.0
2019-10-30 02:00:00,0.0,0.0,0.0,14.05,1.17,0.0,0.0
2019-10-30 03:00:00,0.0,0.0,0.0,14.08,1.24,0.0,0.0
2019-10-30 04:00:00,0.0,0.0,0.0,14.02,1.24,0.0,0.0
2019-10-30 05:00:00,0.0,0.0,0.0,13.93,1.24,0.0,0.0
2019-10-30 06:00:00,0.0,0.0,0.0,14.04,1.31,0.0,0.0
2019-10-30 07:00:00,1906.5,62.0,9.99,13.65,1.24,0.0,0.0019065
2019-10-30 08:00:00,5261.5,143.0,18.43,14.23,1.31,0.0,0.0052615
2019-10-30 09:00:00,3817.0,108.0,25.21,14.9,1.31,0.0,0.003817
2019-10-30 10:00:00,8282.5,214.0,29.68,15.2,1.24,0.0,0.0082825
2019-10-30 11:00:00,5358.0,145.0,31.28,15.54,1.31,0.0,0.005358
2019-10-30 12:00:00,9489.5,243.0,29.77,15.83,1.59,0.0,0.0094895
2019-10-30 13:00:00,4020.5,113.0,25.37,15.46,1.93,0.0,0.0040205
2019-10-30 14:00:00,3314.5,96.0,18.66,15.16,2.34,0.0,0.0033145
2019-10-30 15:00:00,1872.5,61.0,10.25,14.62,2.28,0.0,0.0018725
2019-10-30 16:00:00,0.0,0.0,0.0,14.16,2.28,0.0,0.0
2019-10-30 17:00:00,0.0,0.0,0.0,13.76,2.28,0.0,0.0
2019-10-30 18:00:00,0.0,0.0,0.0,13.33,2.21,0.0,0.0
2019-10-30 19:00:00,0.0,0.0,0.0,13.48,2.21,0.0,0.0
2019-10-30 20:00:00,0.0,0.0,0.0,13.15,2.14,0.0,0.0
2019-10-30 21:00:00,0.0,0.0,0.0,12.9,2.28,0.0,0.0
2019-10-30 22:00:00,0.0,0.0,0.0,12.76,2.34,0.0,0.0
2019-10-30 23:00:00,0.0,0.0,0.0,12.49,2.34,0.0,0.0
2019-10-31 00:00:00,0.0,0.0,0.0,12.18,2.34,0.0,0.0
2019-10-31 01:00:00,0.0,0.0,0.0,11.81,2.28,0.0,0.0
2019-10-31 02:00:00,0.0,0.0,0.0,11.59,2.21,0.0,0.0
2019-10-31 03:00:00,0.0,0.0,0.0,11.39,2.28,0.0,0.0
2019-10-31 04:00:00,0.0,0.0,0.0,11.21,2.21,0.0,0.0
2019-10-31 05:00:00,0.0,0.0,0.0,11.01,2.14,0.0,0.0
2019-10-31 06:00:00,0.0,0.0,0.0,10.82,2.07,0.0,0.0
2019-10-31 07:00:00,1293.0,45.0,9.74,11.11,1.93,0.0,0.001293
2019-10-31 08:00:00,912.0,35.0,18.16,11.26,2.0,0.0,0.000912
2019-10-31 09:00:00,2665.0,79.0,24.91,11.42,2.07,0.0,0.002665
2019-10-31 10:00:00,2952.0,86.0,29.36,11.8,2.14,0.0,0.002952
2019-10-31 11:00:00,2740.5,81.0,30.95,12.02,2.14,0.0,0.0027405
2019-10-31 12:00:00,2907.0,85.0,29.45,12.1,2.34,0.0,0.002907
2019-10-31 13:00:00,3496.0,99.0,25.07,12.06,2.28,0.0,0.003496
2019-10-31 14:00:00,2041.5,64.0,18.38,11.99,2.14,0.0,0.0020415
2019-10-31 15:00:00,322.0,18.0,10.0,11.86,2.07,0.0,0.000322
2019-10-31 16:00:00,0.0,0.0,0.0,11.6,1.93,0.0,0.0
2019-10-31 17:00:00,0.0,0.0,0.0,11.33,1.86,0.0,0.0
2019-10-31 18:00:00,0.0,0.0,0.0,11.05,1.86,0.0,0.0
2019-10-31 19:00:00,0.0,0.0,0.0,11.38,1.72,0.0,0.0
2019-10-31 20:00:00,0.0,0.0,0.0,11.28,1.72,0.0,0.0
2019-10-31 21:00:00,0.0,0.0,0.0,11.21,1.72,0.0,0.0
2019-10-31 22:00:00,0.0,0.0,0.0,11.13,1.72,0.0,0.0
2019-10-31 23:00:00,0.0,0.0,0.0,11.0,1.79,0.0,0.0
2019-11-01 00:00:00,0.0,0.0,0.0,11.0,1.72,0.0,0.0
2019-11-01 01:00:00,0.0,0.0,0.0,10.96,1.52,0.0,0.0
2019-11-01 02:00:00,0.0,0.0,0.0,10.75,1.38,0.0,0.0
2019-11-01 03:00:00,0.0,0.0,0.0,10.71,1.31,0.0,0.0
2019-11-01 04:00:00,0.0,0.0,0.0,10.71,1.31,0.0,0.0
2019-11-01 05:00:00,0.0,0.0,0.0,10.67,1.31,0.0,0.0
2019-11-01 06:00:00,0.0,0.0,0.0,10.56,1.24,0.0,0.0
2019-11-01 07:00:00,1814.0,59.0,9.48,10.45,1.24,0.0,0.001814
2019-11-01 08:00:00,3633.0,102.0,17.88,10.97,1.45,0.0,0.003633
2019-11-01 09:00:00,2996.0,87.0,24.61,11.49,1.52,0.0,0.002996
2019-11-01 10:00:00,3922.0,109.0,29.04,11.76,1.72,0.0,0.003922
2019-11-01 11:00:00,5268.0,141.0,30.63,12.66,1.72,0.0,0.005268
2019-11-01 12:00:00,7783.5,200.0,29.13,12.87,1.45,0.0,0.0077835
2019-11-01 13:00:00,5043.5,136.0,24.77,12.96,1.52,0.0,0.0050435
2019-11-01 14:00:00,3519.5,100.0,18.1,12.72,1.72,0.0,0.0035195
2019-11-01 15:00:00,1544.5,52.0,9.74,12.37,1.38,0.0,0.0015445
2019-11-01 16:00:00,0.0,0.0,0.0,12.0,1.31,0.0,0.0
2019-11-01 17:00:00,0.0,0.0,0.0,11.52,1.38,0.0,0.0
2019-11-01 18:00:00,0.0,0.0,0.0,11.0,1.17,0.0,0.0
2019-11-01 19:00:00,0.0,0.0,0.0,10.53,1.52,0.0,0.0
2019-11-01 20:00:00,0.0,0.0,0.0,10.28,1.52,0.0,0.0
2019-11-01 21:00:00,0.0,0.0,0.0,9.96,1.31,0.0,0.0
2019-11-01 22:00:00,0.0,0.0,0.0,9.77,1.24,0.0,0.0
2019-11-01 23:00:00,0.0,0.0,0.0,9.59,1.24,0.0,0.0
2019-11-02 00:00:00,0.0,0.0,0.0,9.49,1.31,0.0,0.0
2019-11-02 01:00:00,0.0,0.0,0.0,9.32,1.24,0.0,0.0
2019-11-02 02:00:00,0.0,0.0,0.0,9.22,1.17,0.0,0.0
2019-11-02 03:00:00,0.0,0.0,0.0,9.09,1.24,0.0,0.0
2019-11-02 04:00:00,0.0,0.0,0.0,9.04,1.38,0.0,0.0
2019-11-02 05:00:00,0.0,0.0,0.0,8.92,1.38,0.0,0.0
2019-11-02 06:00:00,0.0,0.0,0.0,8.8,1.1,0.0,0.0
2019-11-02 07:00:00,3285.0,109.0,9.23,8.26,1.03,0.0,0.003285
2019-11-02 08:00:00,4510.5,122.0,17.61,8.61,0.97,0.0,0.0045105
2019-11-02 09:00:00,4313.0,117.0,24.31,9.1,1.17,0.0,0.004313
2019-11-02 10:00:00,6991.5,179.0,28.73,9.56,1.31,0.0,0.0069915
2019-11-02 11:00:00,6634.5,171.0,30.31,9.83,1.24,0.0,0.0066345
2019-11-02 12:00:00,4117.5,113.0,28.82,10.19,1.03,0.0,0.0041175
2019-11-02 13:00:00,3770.0,105.0,24.48,10.5,1.03,0.0,0.00377
2019-11-02 14:00:00,2505.5,75.0,17.83,10.6,1.03,0.0,0.0025055
2019-11-02 15:00:00,2276.5,72.0,9.49,10.7,1.1,0.0,0.0022765
2019-11-02 16:00:00,0.0,0.0,0.0,10.66,1.17,0.0,0.0
2019-11-02 17:00:00,0.0,0.0,0.0,10.53,1.17,0.0,0.0
2019-11-02 18:00:00,0.0,0.0,0.0,10.44,1.24,0.0,0.0
2019-11-02 19:00:00,0.0,0.0,0.0,9.66,1.38,0.0,0.0
2019-11-02 20:00:00,0.0,0.0,0.0,9.69,1.24,0.0,0.0
2019-11-02 21:00:00,0.0,0.0,0.0,9.6,1.17,0.0,0.0
2019-11-02 22:00:00,0.0,0.0,0.0,9.55,1.31,0.0,0.0
2019-11-02 23:00:00,0.0,0.0,0.0,9.52,1.31,0.0,0.0
2019-11-03 00:00:00,0.0,0.0,0.0,9.47,1.31,0.0,0.0
2019-11-03 01:00:00,0.0,0.0,0.0,9.22,1.17,0.0,0.0
2019-11-03 02:00:00,0.0,0.0,0.0,9.04,0.83,0.0,0.0
2019-11-03 03:00:00,0.0,0.0,0.0,8.89,0.9,0.0,0.0
2019-11-03 04:00:00,0.0,0.0,0.0,8.83,1.1,0.0,0.0
2019-11-03 05:00:00,0.0,0.0,0.0,8.79,1.38,0.0,0.0
2019-11-03 06:00:00,0.0,0.0,0.0,8.78,1.38,0.0,0.0
2019-11-03 07:00:00,494.5,23.0,8.98,8.03,1.03,0.0,0.0004945
2019-11-03 08:00:00,1271.0,44.0,17.33,8.25,0.55,0.0,0.001271
2019-11-03 09:00:00,3206.0,91.0,24.02,8.53,0.83,0.0,0.003206
2019-11-03 10:00:00,3035.0,87.0,28.42,8.8,1.38,0.0,0.003035
2019-11-03 11:00:00,6352.5,164.0,29.99,9.16,1.31,0.0,0.0063525
2019-11-03 12:00:00,1740.0,56.0,28.51,9.45,1.17,0.0,0.00174
2019-11-03 13:00:00,2060.5,64.0,24.19,9.95,1.31,0.0,0.0020605
2019-11-03 14:00:00,2018.5,63.0,17.56,10.13,1.52,0.0,0.0020185
2019-11-03 15:00:00,2737.5,87.0,9.25,10.57,1.59,0.0,0.0027375
2019-11-03 16:00:00,0.0,0.0,0.0,10.36,1.59,0.0,0.0
2019-11-03 17:00:00,0.0,0.0,0.0,9.77,1.45,0.0,0.0
2019-11-03 18:00:00,0.0,0.0,0.0,9.13,1.17,0.0,0.0
2019-11-03 19:00:00,0.0,0.0,0.0,8.25,1.1,0.0,0.0
2019-11-03 20:00:00,0.0,0.0,0.0,7.09,1.45,0.0,0.0
2019-11-03 21:00:00,0.0,0.0,0.0,6.3,1.59,0.0,0.0
2019-11-03 22:00:00,0.0,0.0,0.0,5.69,1.38,0.0,0.0
2019-11-03 23:00:00,0.0,0.0,0.0,6.0,0.9,0.0,0.0
2019-11-04 00:00:00,0.0,0.0,0.0,5.93,0.55,0.0,0.0
2019-11-04 01:00:00,0.0,0.0,0.0,6.02,0.48,0.0,0.0
2019-11-04 02:00:00,0.0,0.0,0.0,5.71,0.48,0.0,0.0
2019-11-04 03:00:00,0.0,0.0,0.0,5.56,0.55,0.0,0.0
2019-11-04 04:00:00,0.0,0.0,0.0,5.12,0.69,0.0,0.0
2019-11-04 05:00:00,0.0,0.0,0.0,4.85,0.83,0.0,0.0
2019-11-04 06:00:00,0.0,0.0,0.0,4.44,0.97,0.0,0.0
2019-11-04 07:00:00,2431.0,77.0,8.73,5.58,0.62,0.0,0.002431
2019-11-04 08:00:00,6389.0,168.0,17.06,7.74,0.41,0.0,0.006389
2019-11-04 09:00:00,10242.5,258.0,23.73,10.12,0.41,0.0,0.0102425
2019-11-04 10:00:00,15982.0,398.01,28.11,12.18,0.62,0.0,0.015982
2019-11-04 11:00:00,20285.0,504.01,29.68,13.92,1.59,0.0,0.020285
2019-11-04 12:00:00,19163.0,478.01,28.21,14.96,2.28,0.0,0.019163
2019-11-04 13:00:00,15611.5,398.01,23.91,14.89,2.34,0.0,0.0156115
2019-11-04 14:00:00,9857.5,272.01,17.3,14.97,2.07,0.0,0.0098575
2019-11-04 15:00:00,3347.5,121.01,9.01,14.59,1.59,0.0,0.0033475
2019-11-04 16:00:00,0.0,0.0,0.0,13.43,1.24,0.0,0.0
2019-11-04 17:00:00,0.0,0.0,0.0,12.28,0.55,0.0,0.0
2019-11-04 18:00:00,0.0,0.0,0.0,11.52,0.34,0.0,0.0
2019-11-04 19:00:00,0.0,0.0,0.0,11.52,0.62,0.0,0.0
2019-11-04 20:00:00,0.0,0.0,0.0,11.23,0.34,0.0,0.0
2019-11-04 21:00:00,0.0,0.0,0.0,10.28,0.76,0.0,0.0
2019-11-04 22:00:00,0.0,0.0,0.0,8.86,1.17,0.0,0.0
2019-11-04 23:00:00,0.0,0.0,0.0,9.11,1.1,0.0,0.0
2019-11-05 00:00:00,0.0,0.0,0.0,9.51,0.9,0.0,0.0
2019-11-05 01:00:00,0.0,0.0,0.0,10.06,0.62,0.0,0.0
2019-11-05 02:00:00,0.0,0.0,0.0,10.21,0.48,0.0,0.0
2019-11-05 03:00:00,0.0,0.0,0.0,10.13,0.48,0.0,0.0
2019-11-05 04:00:00,0.0,0.0,0.0,10.08,0.55,0.0,0.0
2019-11-05 05:00:00,0.0,0.0,0.0,10.03,0.41,0.0,0.0
2019-11-05 06:00:00,0.0,0.0,0.0,9.8,0.48,0.0,0.0
2019-11-05 07:00:00,3117.5,114.01,8.48,8.55,0.69,0.0,0.0031175
2019-11-05 08:00:00,9689.5,265.01,16.8,9.7,0.34,0.0,0.0096895
2019-11-05 09:00:00,13561.0,344.01,23.44,11.27,0.28,0.0,0.013561
2019-11-05 10:00:00,18718.5,471.01,27.81,12.8,0.34,0.0,0.0187185
2019-11-05 11:00:00,16678.0,417.01,29.37,14.04,0.83,0.0,0.016678
2019-11-05 12:00:00,12661.5,319.0,27.91,14.76,1.17,0.0,0.0126615
2019-11-05 13:00:00,14459.5,371.01,23.63,15.01,1.24,0.0,0.0144595
2019-11-05 14:00:00,8819.0,242.01,17.05,15.1,1.1,0.0,0.008819
2019-11-05 15:00:00,3212.5,118.01,8.78,14.83,0.83,0.0,0.0032125
2019-11-05 16:00:00,0.0,0.0,0.0,13.75,0.69,0.0,0.0
2019-11-05 17:00:00,0.0,0.0,0.0,11.78,1.24,0.0,0.0
2019-11-05 18:00:00,0.0,0.0,0.0,10.1,1.66,0.0,0.0
2019-11-05 19:00:00,0.0,0.0,0.0,10.03,1.86,0.0,0.0
2019-11-05 20:00:00,0.0,0.0,0.0,9.64,1.38,0.0,0.0
2019-11-05 21:00:00,0.0,0.0,0.0,11.14,0.48,0.0,0.0
2019-11-05 22:00:00,0.0,0.0,0.0,10.79,0.62,0.0,0.0
2019-11-05 23:00:00,0.0,0.0,0.0,10.1,0.83,0.0,0.0
2019-11-06 00:00:00,0.0,0.0,0.0,10.08,0.28,0.0,0.0
2019-11-06 01:00:00,0.0,0.0,0.0,9.31,0.14,0.0,0.0
2019-11-06 02:00:00,0.0,0.0,0.0,8.02,0.69,0.0,0.0
2019-11-06 03:00:00,0.0,0.0,0.0,6.7,1.03,0.0,0.0
2019-11-06 04:00:00,0.0,0.0,0.0,6.49,1.1,0.0,0.0
2019-11-06 05:00:00,0.0,0.0,0.0,6.3,1.17,0.0,0.0
2019-11-06 06:00:00,0.0,0.0,0.0,6.77,0.83,0.0,0.0
2019-11-06 07:00:00,1227.0,43.0,8.23,6.9,1.1,0.0,0.001227
2019-11-06 08:00:00,6097.0,162.0,16.53,9.11,0.97,0.0,0.006097
2019-11-06 09:00:00,6873.5,178.0,23.15,10.69,0.55,0.0,0.0068735
2019-11-06 10:00:00,12920.0,323.0,27.51,11.94,0.41,0.0,0.01292
2019-11-06 11:00:00,14899.0,372.01,29.07,13.13,0.62,0.0,0.014899
2019-11-06 12:00:00,2709.0,81.0,27.62,13.91,0.76,0.0,0.002709
2019-11-06 13:00:00,4704.5,129.0,23.35,14.28,0.76,0.0,0.0047045
2019-11-06 14:00:00,7325.5,199.0,16.8,14.3,0.69,0.0,0.0073255
2019-11-06 15:00:00,3094.5,117.01,8.55,14.03,0.69,0.0,0.0030945
2019-11-06 16:00:00,0.0,0.0,0.0,12.73,0.9,0.0,0.0
2019-11-06 17:00:00,0.0,0.0,0.0,11.87,0.83,0.0,0.0
2019-11-06 18:00:00,0.0,0.0,0.0,11.21,0.9,0.0,0.0
2019-11-06 19:00:00,0.0,0.0,0.0,8.06,1.24,0.0,0.0
2019-11-06 20:00:00,0.0,0.0,0.0,8.32,0.97,0.0,0.0
2019-11-06 21:00:00,0.0,0.0,0.0,8.18,0.62,0.0,0.0
2019-11-06 22:00:00,0.0,0.0,0.0,7.71,0.41,0.0,0.0
2019-11-06 23:00:00,0.0,0.0,0.0,7.26,0.48,0.0,0.0
2019-11-07 00:00:00,0.0,0.0,0.0,6.79,0.34,0.0,0.0
2019-11-07 01:00:00,0.0,0.0,0.0,6.48,0.28,0.0,0.0
2019-11-07 02:00:00,0.0,0.0,0.0,6.28,0.28,0.0,0.0
2019-11-07 03:00:00,0.0,0.0,0.0,5.97,0.48,0.0,0.0
2019-11-07 04:00:00,0.0,0.0,0.0,5.61,0.69,0.0,0.0
2019-11-07 05:00:00,0.0,0.0,0.0,4.97,0.9,0.0,0.0
2019-11-07 06:00:00,0.0,0.0,0.0,4.59,1.1,0.0,0.0
2019-11-07 07:00:00,73.5,9.0,7.98,5.93,1.31,0.0,7.35e-05
2019-11-07 08:00:00,709.5,29.0,16.26,7.16,1.86,0.0,0.0007095
2019-11-07 09:00:00,1595.5,52.0,22.87,7.61,2.07,0.0,0.0015955
2019-11-07 10:00:00,7764.5,195.0,27.21,8.05,2.34,0.0,0.0077645
2019-11-07 11:00:00,9367.5,232.0,28.77,8.45,2.14,0.0,0.0093675
2019-11-07 12:00:00,6423.0,165.0,27.33,8.59,1.86,0.0,0.006423
2019-11-07 13:00:00,4754.5,127.0,23.08,8.85,1.66,0.0,0.0047545
2019-11-07 14:00:00,4165.0,114.0,16.55,8.87,1.45,0.0,0.004165
2019-11-07 15:00:00,1152.5,41.0,8.33,8.7,1.38,0.0,0.0011525
2019-11-07 16:00:00,0.0,0.0,0.0,8.54,1.45,0.0,0.0
2019-11-07 17:00:00,0.0,0.0,0.0,8.42,1.52,0.0,0.0
2019-11-07 18:00:00,0.0,0.0,0.0,8.29,1.52,0.0,0.0
2019-11-07 19:00:00,0.0,0.0,0.0,8.13,1.59,0.0,0.0
2019-11-07 20:00:00,0.0,0.0,0.0,8.0,2.0,0.0,0.0
2019-11-07 21:00:00,0.0,0.0,0.0,7.87,2.21,0.0,0.0
2019-11-07 22:00:00,0.0,0.0,0.0,7.78,2.21,0.0,0.0
2019-11-07 23:00:00,0.0,0.0,0.0,7.67,2.0,0.0,0.0
2019-11-08 00:00:00,0.0,0.0,0.0,7.54,1.59,0.0,0.0
2019-11-08 01:00:00,0.0,0.0,0.0,7.52,1.31,0.0,0.0
2019-11-08 02:00:00,0.0,0.0,0.0,7.53,1.17,0.0,0.0
2019-11-08 03:00:00,0.0,0.0,0.0,7.54,1.31,0.0,0.0
2019-11-08 04:00:00,0.0,0.0,0.0,7.56,1.45,0.0,0.0
2019-11-08 05:00:00,0.0,0.0,0.0,7.64,1.31,0.0,0.0
2019-11-08 06:00:00,0.0,0.0,0.0,7.63,1.03,0.0,0.0
2019-11-08 07:00:00,1325.0,46.0,7.74,7.5,1.31,0.0,0.001325
2019-11-08 08:00:00,3382.0,95.0,16.0,7.92,1.03,0.0,0.003382
2019-11-08 09:00:00,3969.5,109.0,22.59,8.66,0.41,0.0,0.0039695
2019-11-08 10:00:00,3184.5,91.0,26.92,9.84,0.69,0.0,0.0031845
2019-11-08 11:00:00,6868.0,177.0,28.48,10.58,1.17,0.0,0.006868
2019-11-08 12:00:00,5905.5,155.0,27.05,11.09,1.31,0.0,0.0059055
2019-11-08 13:00:00,13385.0,338.01,22.82,11.23,1.38,0.0,0.013385
2019-11-08 14:00:00,9281.5,256.01,16.31,11.24,1.59,0.0,0.0092815
2019-11-08 15:00:00,1370.5,47.0,8.11,11.08,1.72,0.0,0.0013705
2019-11-08 16:00:00,0.0,0.0,0.0,10.55,1.38,0.0,0.0
2019-11-08 17:00:00,0.0,0.0,0.0,10.03,0.9,0.0,0.0
2019-11-08 18:00:00,0.0,0.0,0.0,9.3,0.83,0.0,0.0
2019-11-08 19:00:00,0.0,0.0,0.0,9.2,0.76,0.0,0.0
2019-11-08 20:00:00,0.0,0.0,0.0,9.55,0.48,0.0,0.0
2019-11-08 21:00:00,0.0,0.0,0.0,8.57,0.83,0.0,0.0
2019-11-08 22:00:00,0.0,0.0,0.0,7.28,1.17,0.0,0.0
2019-11-08 23:00:00,0.0,0.0,0.0,6.22,1.45,0.0,0.0
2019-11-09 00:00:00,0.0,0.0,0.0,6.27,1.38,0.0,0.0
2019-11-09 01:00:00,0.0,0.0,0.0,6.19,1.24,0.0,0.0
2019-11-09 02:00:00,0.0,0.0,0.0,5.91,1.24,0.0,0.0
2019-11-09 03:00:00,0.0,0.0,0.0,4.96,1.38,0.0,0.0
2019-11-09 04:00:00,0.0,0.0,0.0,4.27,1.52,0.0,0.0
2019-11-09 05:00:00,0.0,0.0,0.0,3.79,1.52,0.0,0.0
2019-11-09 06:00:00,0.0,0.0,0.0,3.7,1.24,0.0,0.0
2019-11-09 07:00:00,2264.5,77.0,7.5,3.6,1.03,0.0,0.0022645
2019-11-09 08:00:00,5883.5,155.0,15.74,5.66,1.1,0.0,0.0058835
2019-11-09 09:00:00,8770.0,220.0,22.31,7.6,1.03,0.0,0.00877
2019-11-09 10:00:00,16287.0,402.01,26.63,9.42,0.69,0.0,0.016287
2019-11-09 11:00:00,19557.0,487.01,28.19,11.08,0.48,0.0,0.019557
2019-11-09 12:00:00,18298.5,461.01,26.77,12.06,0.28,0.0,0.0182985
2019-11-09 13:00:00,13459.5,345.01,22.56,12.62,0.55,0.0,0.0134595
2019-11-09 14:00:00,9131.5,256.01,16.08,12.79,0.97,0.0,0.0091315
2019-11-09 15:00:00,1282.5,45.0,7.9,12.52,0.97,0.0,0.0012825
2019-11-09 16:00:00,0.0,0.0,0.0,11.23,1.31,0.0,0.0
2019-11-09 17:00:00,0.0,0.0,0.0,9.24,1.38,0.0,0.0
2019-11-09 18:00:00,0.0,0.0,0.0,7.97,1.24,0.0,0.0
2019-11-09 19:00:00,0.0,0.0,0.0,9.79,0.41,0.0,0.0
2019-11-09 20:00:00,0.0,0.0,0.0,9.02,0.76,0.0,0.0
2019-11-09 21:00:00,0.0,0.0,0.0,7.5,1.1,0.0,0.0
2019-11-09 22:00:00,0.0,0.0,0.0,6.99,1.24,0.0,0.0
2019-11-09 23:00:00,0.0,0.0,0.0,6.59,1.24,0.0,0.0
2019-11-10 00:00:00,0.0,0.0,0.0,6.17,1.24,0.0,0.0
2019-11-10 01:00:00,0.0,0.0,0.0,5.9,1.17,0.0,0.0
2019-11-10 02:00:00,0.0,0.0,0.0,5.68,1.24,0.0,0.0
2019-11-10 03:00:00,0.0,0.0,0.0,5.46,1.38,0.0,0.0
2019-11-10 04:00:00,0.0,0.0,0.0,5.54,1.31,0.0,0.0
2019-11-10 05:00:00,0.0,0.0,0.0,5.83,1.24,0.0,0.0
2019-11-10 06:00:00,0.0,0.0,0.0,5.97,1.24,0.0,0.0
2019-11-10 07:00:00,1549.0,53.0,7.25,5.7,1.24,0.0,0.001549
2019-11-10 08:00:00,5155.0,138.0,15.48,6.97,0.97,0.0,0.005155
2019-11-10 09:00:00,3262.5,92.0,22.04,7.72,1.03,0.0,0.0032625
2019-11-10 10:00:00,8405.5,211.0,26.35,8.59,1.17,0.0,0.0084055
2019-11-10 11:00:00,8879.5,222.0,27.9,8.99,1.38,0.0,0.0088795
2019-11-10 12:00:00,7509.0,191.0,26.49,9.6,1.38,0.0,0.007509
2019-11-10 13:00:00,6050.5,158.0,22.31,10.07,1.17,0.0,0.0060505
2019-11-10 14:00:00,6314.5,170.0,15.85,10.24,0.83,0.0,0.0063145
2019-11-10 15:00:00,1455.0,49.0,7.69,10.09,0.69,0.0,0.001455
2019-11-10 16:00:00,0.0,0.0,0.0,9.32,1.17,0.0,0.0
2019-11-10 17:00:00,0.0,0.0,0.0,8.2,1.59,0.0,0.0
2019-11-10 18:00:00,0.0,0.0,0.0,7.23,1.72,0.0,0.0
2019-11-10 19:00:00,0.0,0.0,0.0,7.55,1.45,0.0,0.0
2019-11-10 20:00:00,0.0,0.0,0.0,6.97,1.66,0.0,0.0
2019-11-10 21:00:00,0.0,0.0,0.0,6.57,1.66,0.0,0.0
2019-11-10 22:00:00,0.0,0.0,0.0,5.98,1.52,0.0,0.0
2019-11-10 23:00:00,0.0,0.0,0.0,5.21,1.45,0.0,0.0
2019-11-11 00:00:00,0.0,0.0,0.0,5.23,1.31,0.0,0.0
2019-11-11 01:00:00,0.0,0.0,0.0,4.81,1.45,0.0,0.0
2019-11-11 02:00:00,0.0,0.0,0.0,5.16,1.45,0.0,0.0
2019-11-11 03:00:00,0.0,0.0,0.0,5.29,1.38,0.0,0.0
2019-11-11 04:00:00,0.0,0.0,0.0,5.27,1.45,0.0,0.0
2019-11-11 05:00:00,0.0,0.0,0.0,5.35,1.38,0.0,0.0
2019-11-11 06:00:00,0.0,0.0,0.0,5.57,1.24,0.0,0.0
2019-11-11 07:00:00,1885.0,66.0,7.01,5.65,1.24,0.0,0.001885
2019-11-11 08:00:00,2896.5,83.0,15.23,6.12,1.17,0.0,0.0028965
2019-11-11 09:00:00,3922.0,107.0,21.77,7.05,1.24,0.0,0.003922
2019-11-11 10:00:00,5792.0,150.0,26.07,7.36,1.31,0.0,0.005792
2019-11-11 11:00:00,8677.5,216.0,27.62,7.55,1.38,0.0,0.0086775
2019-11-11 12:00:00,7755.5,195.0,26.23,7.67,1.52,0.0,0.0077555
2019-11-11 13:00:00,3307.5,93.0,22.06,7.71,1.38,0.0,0.0033075
2019-11-11 14:00:00,0.0,0.0,0.0,7.65,1.03,0.0,0.0
2019-11-11 15:00:00,1554.0,51.0,7.49,7.51,0.76,0.0,0.001554
2019-11-11 16:00:00,0.0,0.0,0.0,7.28,1.03,0.0,0.0
2019-11-11 17:00:00,0.0,0.0,0.0,7.03,1.17,0.0,0.0
2019-11-11 18:00:00,0.0,0.0,0.0,6.9,1.24,0.0,0.0
2019-11-11 19:00:00,0.0,0.0,0.0,6.63,1.1,0.0,0.0
2019-11-11 20:00:00,0.0,0.0,0.0,6.47,0.9,0.0,0.0
2019-11-11 21:00:00,0.0,0.0,0.0,6.31,0.9,0.0,0.0
2019-11-11 22:00:00,0.0,0.0,0.0,6.06,1.1,0.0,0.0
2019-11-11 23:00:00,0.0,0.0,0.0,5.8,1.31,0.0,0.0
2019-11-12 00:00:00,0.0,0.0,0.0,5.71,1.52,0.0,0.0
2019-11-12 01:00:00,0.0,0.0,0.0,5.3,1.45,0.0,0.0
2019-11-12 02:00:00,0.0,0.0,0.0,4.92,1.38,0.0,0.0
2019-11-12 03:00:00,0.0,0.0,0.0,4.78,1.31,0.0,0.0
2019-11-12 04:00:00,0.0,0.0,0.0,4.64,1.24,0.0,0.0
2019-11-12 05:00:00,0.0,0.0,0.0,4.5,1.31,0.0,0.0
2019-11-12 06:00:00,0.0,0.0,0.0,4.28,1.31,0.0,0.0
2019-11-12 07:00:00,1753.0,61.0,6.78,4.63,1.93,0.0,0.001753
2019-11-12 08:00:00,4124.0,112.0,14.97,5.62,1.59,0.0,0.004124
2019-11-12 09:00:00,8947.5,224.0,21.5,7.11,1.45,0.0,0.0089475
2019-11-12 10:00:00,14180.0,347.01,25.79,8.36,1.52,0.0,0.01418
2019-11-12 11:00:00,19002.5,465.01,27.35,9.55,1.79,0.0,0.0190025
2019-11-12 12:00:00,17799.0,442.01,25.96,11.03,1.59,0.0,0.017799
2019-11-12 13:00:00,14097.0,363.01,21.82,12.03,1.03,0.0,0.014097
2019-11-12 14:00:00,8567.0,243.01,15.41,12.27,0.9,0.0,0.008567
2019-11-12 15:00:00,1057.0,39.0,7.3,11.94,0.83,0.0,0.001057
2019-11-12 16:00:00,0.0,0.0,0.0,10.44,0.9,0.0,0.0
2019-11-12 17:00:00,0.0,0.0,0.0,7.86,1.72,0.0,0.0
2019-11-12 18:00:00,0.0,0.0,0.0,6.31,2.0,0.0,0.0
2019-11-12 19:00:00,0.0,0.0,0.0,5.55,1.52,0.0,0.0
2019-11-12 20:00:00,0.0,0.0,0.0,5.0,1.45,0.0,0.0
2019-11-12 21:00:00,0.0,0.0,0.0,5.26,1.17,0.0,0.0
2019-11-12 22:00:00,0.0,0.0,0.0,5.1,1.1,0.0,0.0
2019-11-12 23:00:00,0.0,0.0,0.0,2.44,1.72,0.0,0.0
2019-11-13 00:00:00,0.0,0.0,0.0,1.45,1.93,0.0,0.0
2019-11-13 01:00:00,0.0,0.0,0.0,1.09,1.79,0.0,0.0
2019-11-13 02:00:00,0.0,0.0,0.0,0.61,1.66,0.0,0.0
2019-11-13 03:00:00,0.0,0.0,0.0,0.34,1.52,0.0,0.0
2019-11-13 04:00:00,0.0,0.0,0.0,1.15,1.17,0.0,0.0
2019-11-13 05:00:00,0.0,0.0,0.0,1.74,0.76,0.0,0.0
2019-11-13 06:00:00,0.0,0.0,0.0,1.22,0.9,0.0,0.0
2019-11-13 07:00:00,2144.5,86.01,6.54,0.59,1.24,0.0,0.0021445
2019-11-13 08:00:00,8702.5,239.01,14.72,2.49,1.52,0.0,0.0087025
2019-11-13 09:00:00,14366.0,360.01,21.24,6.39,1.79,0.0,0.014366
2019-11-13 10:00:00,18424.0,453.01,25.52,8.84,1.93,0.0,0.018424
2019-11-13 11:00:00,19269.5,475.01,27.08,10.66,1.72,0.0,0.0192695
2019-11-13 12:00:00,17942.0,449.01,25.71,11.89,1.31,0.0,0.017942
2019-11-13 13:00:00,14394.5,373.01,21.59,12.51,0.83,0.0,0.0143945
2019-11-13 14:00:00,8781.5,253.01,15.2,12.64,0.34,0.0,0.0087815
2019-11-13 15:00:00,834.5,33.0,7.11,11.89,0.34,0.0,0.0008345
2019-11-13 16:00:00,0.0,0.0,0.0,9.44,1.17,0.0,0.0
2019-11-13 17:00:00,0.0,0.0,0.0,8.21,1.24,0.0,0.0
2019-11-13 18:00:00,0.0,0.0,0.0,9.0,0.83,0.0,0.0
2019-11-13 19:00:00,0.0,0.0,0.0,7.06,1.38,0.0,0.0
2019-11-13 20:00:00,0.0,0.0,0.0,8.29,0.97,0.0,0.0
2019-11-13 21:00:00,0.0,0.0,0.0,7.27,0.83,0.0,0.0
2019-11-13 22:00:00,0.0,0.0,0.0,6.35,0.69,0.0,0.0
2019-11-13 23:00:00,0.0,0.0,0.0,5.84,0.41,0.0,0.0
2019-11-14 00:00:00,0.0,0.0,0.0,5.26,0.76,0.0,0.0
2019-11-14 01:00:00,0.0,0.0,0.0,4.68,0.76,0.0,0.0
2019-11-14 02:00:00,0.0,0.0,0.0,4.43,0.55,0.0,0.0
2019-11-14 03:00:00,0.0,0.0,0.0,4.01,0.48,0.0,0.0
2019-11-14 04:00:00,0.0,0.0,0.0,3.43,0.48,0.0,0.0
2019-11-14 05:00:00,0.0,0.0,0.0,2.98,0.62,0.0,0.0
2019-11-14 06:00:00,0.0,0.0,0.0,2.64,0.48,0.0,0.0
2019-11-14 07:00:00,213.5,14.0,6.31,2.89,0.69,0.0,0.0002135
2019-11-14 08:00:00,1341.5,45.0,14.48,3.64,0.69,0.0,0.0013415
2019-11-14 09:00:00,2280.5,68.0,20.98,4.84,0.83,0.0,0.0022805
2019-11-14 10:00:00,6161.0,157.0,25.25,5.01,1.03,0.0,0.006161
2019-11-14 11:00:00,2109.5,64.0,26.81,5.22,1.31,0.0,0.0021095
2019-11-14 12:00:00,2616.5,76.0,25.46,5.28,1.52,0.0,0.0026165
2019-11-14 13:00:00,2361.0,70.0,21.36,5.32,1.38,0.0,0.002361
2019-11-14 14:00:00,1330.5,45.0,14.99,5.35,0.9,0.0,0.0013305
2019-11-14 15:00:00,827.5,32.0,6.93,5.34,1.24,0.0,0.0008275
2019-11-14 16:00:00,0.0,0.0,0.0,4.56,1.59,0.0,0.0
2019-11-14 17:00:00,0.0,0.0,0.0,4.33,1.93,0.0,0.0
2019-11-14 18:00:00,0.0,0.0,0.0,4.31,1.93,0.0,0.0
2019-11-14 19:00:00,0.0,0.0,0.0,4.09,2.41,0.0,0.0
2019-11-14 20:00:00,0.0,0.0,0.0,3.88,1.52,0.0,0.0
2019-11-14 21:00:00,0.0,0.0,0.0,3.78,0.83,0.0,0.0
2019-11-14 22:00:00,0.0,0.0,0.0,3.71,0.83,0.0,0.0
2019-11-14 23:00:00,0.0,0.0,0.0,3.62,1.17,0.0,0.0
2019-11-15 00:00:00,0.0,0.0,0.0,3.71,1.59,0.0,0.0
2019-11-15 01:00:00,0.0,0.0,0.0,3.63,2.28,0.0,0.0
2019-11-15 02:00:00,0.0,0.0,0.0,3.54,2.41,0.0,0.0
2019-11-15 03:00:00,0.0,0.0,0.0,3.5,2.48,0.0,0.0
2019-11-15 04:00:00,0.0,0.0,0.0,3.52,2.41,0.0,0.0
2019-11-15 05:00:00,0.0,0.0,0.0,3.59,2.0,0.0,0.0
2019-11-15 06:00:00,0.0,0.0,0.0,3.23,1.79,0.0,0.0
2019-11-15 07:00:00,856.0,33.0,6.08,3.25,0.9,0.0,0.000856
2019-11-15 08:00:00,5152.5,138.0,14.23,3.95,0.83,0.0,0.0051525
2019-11-15 09:00:00,3741.0,102.0,20.72,4.69,0.41,0.0,0.003741
2019-11-15 10:00:00,4465.5,119.0,24.99,5.65,0.55,0.0,0.0044655
2019-11-15 11:00:00,3026.5,86.0,26.56,6.39,1.03,0.0,0.0030265
2019-11-15 12:00:00,4702.0,125.0,25.21,7.3,1.45,0.0,0.004702
2019-11-15 13:00:00,3481.5,97.0,21.13,7.59,1.38,0.0,0.0034815
2019-11-15 14:00:00,2996.5,86.0,14.8,7.98,1.03,0.0,0.0029965
2019-11-15 15:00:00,1117.5,40.0,6.75,7.97,0.55,0.0,0.0011175
2019-11-15 16:00:00,0.0,0.0,0.0,7.06,1.45,0.0,0.0
2019-11-15 17:00:00,0.0,0.0,0.0,6.23,1.72,0.0,0.0
2019-11-15 18:00:00,0.0,0.0,0.0,5.75,1.72,0.0,0.0
2019-11-15 19:00:00,0.0,0.0,0.0,5.52,2.0,0.0,0.0
2019-11-15 20:00:00,0.0,0.0,0.0,5.1,2.07,0.0,0.0
2019-11-15 21:00:00,0.0,0.0,0.0,4.66,2.21,0.0,0.0
2019-11-15 22:00:00,0.0,0.0,0.0,4.44,2.07,0.0,0.0
2019-11-15 23:00:00,0.0,0.0,0.0,4.27,1.66,0.0,0.0
2019-11-16 00:00:00,0.0,0.0,0.0,4.1,1.24,0.0,0.0
2019-11-16 01:00:00,0.0,0.0,0.0,4.02,1.1,0.0,0.0
2019-11-16 02:00:00,0.0,0.0,0.0,4.02,0.9,0.0,0.0
2019-11-16 03:00:00,0.0,0.0,0.0,3.94,0.55,0.0,0.0
2019-11-16 04:00:00,0.0,0.0,0.0,4.06,0.48,0.0,0.0
2019-11-16 05:00:00,0.0,0.0,0.0,4.05,0.62,0.0,0.0
2019-11-16 06:00:00,0.0,0.0,0.0,4.39,0.69,0.0,0.0
2019-11-16 07:00:00,1500.5,58.0,5.85,4.39,0.83,0.0,0.0015005
2019-11-16 08:00:00,3940.0,108.0,13.99,5.04,0.9,0.0,0.00394
2019-11-16 09:00:00,3162.0,89.0,20.47,5.91,0.97,0.0,0.003162
2019-11-16 10:00:00,2974.5,85.0,24.73,7.07,1.24,0.0,0.0029745
2019-11-16 11:00:00,7390.0,187.0,26.3,7.93,1.24,0.0,0.00739
2019-11-16 12:00:00,4493.5,121.0,24.97,8.51,0.76,0.0,0.0044935
2019-11-16 13:00:00,4400.0,119.0,20.92,8.73,0.76,0.0,0.0044
2019-11-16 14:00:00,3807.0,106.0,14.6,8.78,1.52,0.0,0.003807
2019-11-16 15:00:00,426.0,21.0,6.58,8.54,1.03,0.0,0.000426
2019-11-16 16:00:00,0.0,0.0,0.0,8.03,1.03,0.0,0.0
2019-11-16 17:00:00,0.0,0.0,0.0,7.59,1.52,0.0,0.0
2019-11-16 18:00:00,0.0,0.0,0.0,7.36,1.72,0.0,0.0
2019-11-16 19:00:00,0.0,0.0,0.0,7.02,1.93,0.0,0.0
2019-11-16 20:00:00,0.0,0.0,0.0,6.92,1.93,0.0,0.0
2019-11-16 21:00:00,0.0,0.0,0.0,6.71,2.07,0.0,0.0
2019-11-16 22:00:00,0.0,0.0,0.0,6.42,2.07,0.0,0.0
2019-11-16 23:00:00,0.0,0.0,0.0,6.13,2.0,0.0,0.0
2019-11-17 00:00:00,0.0,0.0,0.0,5.92,1.86,0.0,0.0
2019-11-17 01:00:00,0.0,0.0,0.0,5.87,1.45,0.0,0.0
2019-11-17 02:00:00,0.0,0.0,0.0,5.74,1.03,0.0,0.0
2019-11-17 03:00:00,0.0,0.0,0.0,5.55,1.1,0.0,0.0
2019-11-17 04:00:00,0.0,0.0,0.0,5.37,0.9,0.0,0.0
2019-11-17 05:00:00,0.0,0.0,0.0,5.11,0.48,0.0,0.0
2019-11-17 06:00:00,0.0,0.0,0.0,4.94,0.69,0.0,0.0
2019-11-17 07:00:00,608.5,26.0,5.62,5.09,0.83,0.0,0.0006085
2019-11-17 08:00:00,1132.0,40.0,13.75,5.58,1.24,0.0,0.001132
2019-11-17 09:00:00,3507.5,97.0,20.22,6.06,1.45,0.0,0.0035075
2019-11-17 10:00:00,4024.5,109.0,24.48,6.28,1.38,0.0,0.0040245
2019-11-17 11:00:00,16450.5,401.01,26.05,6.71,0.97,0.0,0.0164505
2019-11-17 12:00:00,8646.0,216.0,24.74,7.21,0.69,0.0,0.008646
2019-11-17 13:00:00,13898.5,358.01,20.71,7.85,0.48,0.0,0.0138985
2019-11-17 14:00:00,5086.5,139.0,14.41,8.22,0.21,0.0,0.0050865
2019-11-17 15:00:00,1155.5,41.0,6.41,8.07,0.62,0.0,0.0011555
2019-11-17 16:00:00,0.0,0.0,0.0,7.32,0.83,0.0,0.0
2019-11-17 17:00:00,0.0,0.0,0.0,6.05,0.97,0.0,0.0
2019-11-17 18:00:00,0.0,0.0,0.0,5.53,1.45,0.0,0.0
2019-11-17 19:00:00,0.0,0.0,0.0,5.27,1.45,0.0,0.0
2019-11-17 20:00:00,0.0,0.0,0.0,6.27,0.41,0.0,0.0
2019-11-17 21:00:00,0.0,0.0,0.0,6.11,0.55,0.0,0.0
2019-11-17 22:00:00,0.0,0.0,0.0,5.15,0.76,0.0,0.0
2019-11-17 23:00:00,0.0,0.0,0.0,4.86,0.69,0.0,0.0
2019-11-18 00:00:00,0.0,0.0,0.0,4.79,0.55,0.0,0.0
2019-11-18 01:00:00,0.0,0.0,0.0,4.28,0.83,0.0,0.0
2019-11-18 02:00:00,0.0,0.0,0.0,3.16,1.1,0.0,0.0
2019-11-18 03:00:00,0.0,0.0,0.0,2.15,1.24,0.0,0.0
2019-11-18 04:00:00,0.0,0.0,0.0,1.53,1.1,0.0,0.0
2019-11-18 05:00:00,0.0,0.0,0.0,1.3,0.83,0.0,0.0
2019-11-18 06:00:00,0.0,0.0,0.0,1.19,0.55,0.0,0.0
2019-11-18 07:00:00,1018.0,40.87,5.4,2.85,1.1,0.0,0.001018
2019-11-18 08:00:00,2328.0,69.0,13.52,4.36,0.9,0.0,0.002328
2019-11-18 09:00:00,3420.5,95.0,19.98,5.65,0.41,0.0,0.0034205
2019-11-18 10:00:00,7050.0,179.0,24.23,6.66,0.28,0.0,0.00705
2019-11-18 11:00:00,7224.0,183.0,25.81,7.57,1.1,0.0,0.007224
2019-11-18 12:00:00,2830.5,82.0,24.51,8.26,1.24,0.0,0.0028305
2019-11-18 13:00:00,2075.5,64.0,20.5,8.53,1.31,0.0,0.0020755
2019-11-18 14:00:00,1231.5,43.0,14.23,8.53,1.59,0.0,0.0012315
2019-11-18 15:00:00,494.5,23.0,6.25,8.17,1.24,0.0,0.0004945
2019-11-18 16:00:00,0.0,0.0,0.0,7.31,0.9,0.0,0.0
2019-11-18 17:00:00,0.0,0.0,0.0,6.74,0.76,0.0,0.0
2019-11-18 18:00:00,0.0,0.0,0.0,6.69,1.24,0.0,0.0
2019-11-18 19:00:00,0.0,0.0,0.0,6.27,2.0,0.0,0.0
2019-11-18 20:00:00,0.0,0.0,0.0,6.15,2.07,0.0,0.0
2019-11-18 21:00:00,0.0,0.0,0.0,6.14,2.07,0.0,0.0
2019-11-18 22:00:00,0.0,0.0,0.0,6.15,2.14,0.0,0.0
2019-11-18 23:00:00,0.0,0.0,0.0,6.15,2.28,0.0,0.0
2019-11-19 00:00:00,0.0,0.0,0.0,6.07,2.28,0.0,0.0
2019-11-19 01:00:00,0.0,0.0,0.0,5.82,2.28,0.0,0.0
2019-11-19 02:00:00,0.0,0.0,0.0,5.44,2.41,0.0,0.0
2019-11-19 03:00:00,0.0,0.0,0.0,4.96,2.69,0.0,0.0
2019-11-19 04:00:00,0.0,0.0,0.0,4.39,2.62,0.0,0.0
2019-11-19 05:00:00,0.0,0.0,0.0,4.34,2.48,0.0,0.0
2019-11-19 06:00:00,0.0,0.0,0.0,4.28,2.34,0.0,0.0
2019-11-19 07:00:00,733.5,30.54,5.18,5.41,2.21,0.0,0.0007335
2019-11-19 08:00:00,940.0,35.0,13.28,5.58,2.14,0.0,0.00094
2019-11-19 09:00:00,1569.5,51.0,19.74,5.83,2.0,0.0,0.0015695
2019-11-19 10:00:00,2520.0,74.0,23.99,6.26,1.79,0.0,0.00252
2019-11-19 11:00:00,1047.5,38.0,25.57,6.97,1.59,0.0,0.0010475
2019-11-19 12:00:00,2719.0,79.0,24.29,7.17,1.38,0.0,0.002719
2019-11-19 13:00:00,1083.0,39.0,20.3,7.4,1.24,0.0,0.001083
2019-11-19 14:00:00,362.0,19.0,14.06,7.65,1.1,0.0,0.000362
2019-11-19 15:00:00,27.0,7.0,6.1,7.69,0.97,0.0,2.7e-05
2019-11-19 16:00:00,0.0,0.0,0.0,7.63,1.03,0.0,0.0
2019-11-19 17:00:00,0.0,0.0,0.0,7.67,1.1,0.0,0.0
2019-11-19 18:00:00,0.0,0.0,0.0,7.7,1.03,0.0,0.0
2019-11-19 19:00:00,0.0,0.0,0.0,7.72,1.45,0.0,0.0
2019-11-19 20:00:00,0.0,0.0,0.0,7.73,1.38,0.0,0.0
2019-11-19 21:00:00,0.0,0.0,0.0,7.73,1.24,0.0,0.0
2019-11-19 22:00:00,0.0,0.0,0.0,7.69,1.1,0.0,0.0
2019-11-19 23:00:00,0.0,0.0,0.0,7.72,1.1,0.0,0.0
2019-11-20 00:00:00,0.0,0.0,0.0,7.72,1.1,0.0,0.0
2019-11-20 01:00:00,0.0,0.0,0.0,7.75,1.17,0.0,0.0
2019-11-20 02:00:00,0.0,0.0,0.0,7.73,1.1,0.0,0.0
2019-11-20 03:00:00,0.0,0.0,0.0,7.65,1.03,0.0,0.0
2019-11-20 04:00:00,0.0,0.0,0.0,7.56,1.1,0.0,0.0
2019-11-20 05:00:00,0.0,0.0,0.0,7.47,1.24,0.0,0.0
2019-11-20 06:00:00,0.0,0.0,0.0,7.5,1.31,0.0,0.0
2019-11-20 07:00:00,808.5,33.98,4.96,7.64,0.9,0.0,0.0008085
2019-11-20 08:00:00,3248.5,93.0,13.06,8.07,0.9,0.0,0.0032485
2019-11-20 09:00:00,2071.5,64.0,19.5,8.83,1.03,0.0,0.0020715
2019-11-20 10:00:00,1380.5,47.0,23.75,9.56,1.17,0.0,0.0013805
2019-11-20 11:00:00,1259.0,44.0,25.34,10.25,1.31,0.0,0.001259
2019-11-20 12:00:00,4321.5,118.0,24.07,10.78,1.24,0.0,0.0043215
2019-11-20 13:00:00,4727.0,128.0,20.11,11.22,0.9,0.0,0.004727
2019-11-20 14:00:00,5778.0,163.0,13.89,11.5,0.62,0.0,0.005778
2019-11-20 15:00:00,291.5,17.0,5.95,11.32,0.76,0.0,0.0002915
2019-11-20 16:00:00,0.0,0.0,0.0,10.36,1.38,0.0,0.0
2019-11-20 17:00:00,0.0,0.0,0.0,9.13,1.66,0.0,0.0
2019-11-20 18:00:00,0.0,0.0,0.0,8.15,1.52,0.0,0.0
2019-11-20 19:00:00,0.0,0.0,0.0,9.42,0.48,0.0,0.0
2019-11-20 20:00:00,0.0,0.0,0.0,8.56,0.76,0.0,0.0
2019-11-20 21:00:00,0.0,0.0,0.0,6.86,1.31,0.0,0.0
2019-11-20 22:00:00,0.0,0.0,0.0,6.39,1.24,0.0,0.0
2019-11-20 23:00:00,0.0,0.0,0.0,6.37,1.03,0.0,0.0
2019-11-21 00:00:00,0.0,0.0,0.0,6.7,0.83,0.0,0.0
2019-11-21 01:00:00,0.0,0.0,0.0,6.82,0.69,0.0,0.0
2019-11-21 02:00:00,0.0,0.0,0.0,7.31,0.48,0.0,0.0
2019-11-21 03:00:00,0.0,0.0,0.0,7.64,0.34,0.0,0.0
2019-11-21 04:00:00,0.0,0.0,0.0,7.3,0.48,0.0,0.0
2019-11-21 05:00:00,0.0,0.0,0.0,7.17,0.28,0.0,0.0
2019-11-21 06:00:00,0.0,0.0,0.0,6.96,0.21,0.0,0.0
2019-11-21 07:00:00,836.0,37.59,4.74,7.36,0.21,0.0,0.000836
2019-11-21 08:00:00,2770.5,81.0,12.83,7.43,0.62,0.0,0.0027705
2019-11-21 09:00:00,5412.0,143.0,19.27,8.91,0.9,0.0,0.005412
2019-11-21 10:00:00,2351.5,71.0,23.52,9.62,1.03,0.0,0.0023515
2019-11-21 11:00:00,2054.5,64.0,25.11,10.52,1.17,0.0,0.0020545
2019-11-21 12:00:00,5907.5,155.0,23.86,10.89,1.31,0.0,0.0059075
2019-11-21 13:00:00,4527.0,123.0,19.92,11.06,1.59,0.0,0.004527
2019-11-21 14:00:00,1176.0,42.0,13.73,11.21,1.52,0.0,0.001176
2019-11-21 15:00:00,625.5,27.0,5.81,10.53,1.17,0.0,0.0006255
2019-11-21 16:00:00,0.0,0.0,0.0,9.87,1.17,0.0,0.0
2019-11-21 17:00:00,0.0,0.0,0.0,9.37,1.38,0.0,0.0
2019-11-21 18:00:00,0.0,0.0,0.0,9.09,1.38,0.0,0.0
2019-11-21 19:00:00,0.0,0.0,0.0,9.22,1.31,0.0,0.0
2019-11-21 20:00:00,0.0,0.0,0.0,9.08,1.24,0.0,0.0
2019-11-21 21:00:00,0.0,0.0,0.0,8.91,1.31,0.0,0.0
2019-11-21 22:00:00,0.0,0.0,0.0,8.79,1.17,0.0,0.0
2019-11-21 23:00:00,0.0,0.0,0.0,8.63,1.1,0.0,0.0
2019-11-22 00:00:00,0.0,0.0,0.0,8.43,1.1,0.0,0.0
2019-11-22 01:00:00,0.0,0.0,0.0,8.32,1.1,0.0,0.0
2019-11-22 02:00:00,0.0,0.0,0.0,8.32,1.24,0.0,0.0
2019-11-22 03:00:00,0.0,0.0,0.0,8.28,1.03,0.0,0.0
2019-11-22 04:00:00,0.0,0.0,0.0,8.29,1.03,0.0,0.0
2019-11-22 05:00:00,0.0,0.0,0.0,8.31,0.97,0.0,0.0
2019-11-22 06:00:00,0.0,0.0,0.0,8.34,0.83,0.0,0.0
2019-11-22 07:00:00,236.5,15.0,4.53,7.87,1.72,0.0,0.0002365
2019-11-22 08:00:00,2164.5,66.0,12.61,7.96,1.52,0.0,0.0021645
2019-11-22 09:00:00,6239.0,162.0,19.04,8.05,1.38,0.0,0.006239
2019-11-22 10:00:00,2876.0,83.0,23.29,8.12,1.52,0.0,0.002876
2019-11-22 11:00:00,3430.0,96.0,24.89,8.2,1.66,0.0,0.00343
2019-11-22 12:00:00,5684.5,148.0,23.66,8.25,1.72,0.0,0.0056845
2019-11-22 13:00:00,2493.0,74.0,19.74,8.4,1.59,0.0,0.002493
2019-11-22 14:00:00,360.5,19.0,13.57,8.34,1.24,0.0,0.0003605
2019-11-22 15:00:00,850.5,33.0,5.68,8.5,0.9,0.0,0.0008505
2019-11-22 16:00:00,0.0,0.0,0.0,8.48,0.97,0.0,0.0
2019-11-22 17:00:00,0.0,0.0,0.0,8.48,0.97,0.0,0.0
2019-11-22 18:00:00,0.0,0.0,0.0,8.36,0.83,0.0,0.0
2019-11-22 19:00:00,0.0,0.0,0.0,7.76,1.31,0.0,0.0
2019-11-22 20:00:00,0.0,0.0,0.0,7.73,1.31,0.0,0.0
2019-11-22 21:00:00,0.0,0.0,0.0,7.77,1.45,0.0,0.0
2019-11-22 22:00:00,0.0,0.0,0.0,7.74,1.45,0.0,0.0
2019-11-22 23:00:00,0.0,0.0,0.0,7.76,1.52,0.0,0.0
2019-11-23 00:00:00,0.0,0.0,0.0,7.76,0.9,0.0,0.0
2019-11-23 01:00:00,0.0,0.0,0.0,7.7,0.9,0.0,0.0
2019-11-23 02:00:00,0.0,0.0,0.0,7.65,0.9,0.0,0.0
2019-11-23 03:00:00,0.0,0.0,0.0,7.58,0.76,0.0,0.0
2019-11-23 04:00:00,0.0,0.0,0.0,7.53,0.62,0.0,0.0
2019-11-23 05:00:00,0.0,0.0,0.0,7.52,0.34,0.0,0.0
2019-11-23 06:00:00,0.0,0.0,0.0,7.55,0.28,0.0,0.0
2019-11-23 07:00:00,7.0,6.0,4.32,8.19,0.55,0.0,7e-06
2019-11-23 08:00:00,776.5,31.0,12.39,8.47,0.34,0.0,0.0007765
2019-11-23 09:00:00,1585.5,52.0,18.82,8.49,0.34,0.0,0.0015855
2019-11-23 10:00:00,3290.0,93.0,23.07,8.53,0.69,0.0,0.00329
2019-11-23 11:00:00,2485.0,74.0,24.68,8.75,0.62,0.0,0.002485
2019-11-23 12:00:00,1989.0,62.0,23.46,8.77,0.76,0.0,0.001989
2019-11-23 13:00:00,2692.0,79.0,19.57,9.02,0.9,0.0,0.002692
2019-11-23 14:00:00,3242.0,93.0,13.42,9.14,0.9,0.0,0.003242
2019-11-23 15:00:00,234.5,15.0,5.55,9.26,1.24,0.0,0.0002345
2019-11-23 16:00:00,0.0,0.0,0.0,9.32,1.45,0.0,0.0
2019-11-23 17:00:00,0.0,0.0,0.0,9.47,2.34,0.0,0.0
2019-11-23 18:00:00,0.0,0.0,0.0,9.86,3.1,0.0,0.0
2019-11-23 19:00:00,0.0,0.0,0.0,10.23,3.59,0.0,0.0
2019-11-23 20:00:00,0.0,0.0,0.0,10.45,4.14,0.0,0.0
2019-11-23 21:00:00,0.0,0.0,0.0,10.5,3.45,0.0,0.0
2019-11-23 22:00:00,0.0,0.0,0.0,10.43,2.55,0.0,0.0
2019-11-23 23:00:00,0.0,0.0,0.0,10.38,2.14,0.0,0.0
2019-11-24 00:00:00,0.0,0.0,0.0,10.33,1.86,0.0,0.0
2019-11-24 01:00:00,0.0,0.0,0.0,10.34,1.52,0.0,0.0
2019-11-24 02:00:00,0.0,0.0,0.0,10.27,1.31,0.0,0.0
2019-11-24 03:00:00,0.0,0.0,0.0,10.27,1.66,0.0,0.0
2019-11-24 04:00:00,0.0,0.0,0.0,10.47,2.69,0.0,0.0
2019-11-24 05:00:00,0.0,0.0,0.0,10.59,3.45,0.0,0.0
2019-11-24 06:00:00,0.0,0.0,0.0,10.6,3.59,0.0,0.0
2019-11-24 07:00:00,203.5,14.0,4.12,10.54,4.0,0.0,0.0002035
2019-11-24 08:00:00,916.5,35.0,12.18,10.55,3.86,0.0,0.0009165
2019-11-24 09:00:00,1977.0,62.0,18.6,10.57,3.45,0.0,0.001977
2019-11-24 10:00:00,2469.0,74.0,22.85,10.69,3.03,0.0,0.002469
2019-11-24 11:00:00,1931.5,61.0,24.47,10.92,2.69,0.0,0.0019315
2019-11-24 12:00:00,1294.0,45.0,23.27,10.99,2.41,0.0,0.001294
2019-11-24 13:00:00,1293.0,45.0,19.4,11.16,2.28,0.0,0.001293
2019-11-24 14:00:00,875.5,34.0,13.28,11.2,2.34,0.0,0.0008755
2019-11-24 15:00:00,94.5,10.0,5.43,11.16,2.07,0.0,9.45e-05
2019-11-24 16:00:00,0.0,0.0,0.0,11.07,1.93,0.0,0.0
2019-11-24 17:00:00,0.0,0.0,0.0,10.99,2.0,0.0,0.0
2019-11-24 18:00:00,0.0,0.0,0.0,10.97,2.0,0.0,0.0
2019-11-24 19:00:00,0.0,0.0,0.0,10.88,1.59,0.0,0.0
2019-11-24 20:00:00,0.0,0.0,0.0,10.84,1.59,0.0,0.0
2019-11-24 21:00:00,0.0,0.0,0.0,10.87,1.72,0.0,0.0
2019-11-24 22:00:00,0.0,0.0,0.0,10.89,1.79,0.0,0.0
2019-11-24 23:00:00,0.0,0.0,0.0,10.98,1.86,0.0,0.0
2019-11-25 00:00:00,0.0,0.0,0.0,11.09,2.0,0.0,0.0
2019-11-25 01:00:00,0.0,0.0,0.0,11.21,2.07,0.0,0.0
2019-11-25 02:00:00,0.0,0.0,0.0,11.23,2.21,0.0,0.0
2019-11-25 03:00:00,0.0,0.0,0.0,11.13,2.07,0.0,0.0
2019-11-25 04:00:00,0.0,0.0,0.0,11.08,1.86,0.0,0.0
2019-11-25 05:00:00,0.0,0.0,0.0,11.05,1.66,0.0,0.0
2019-11-25 06:00:00,0.0,0.0,0.0,11.02,1.59,0.0,0.0
2019-11-25 07:00:00,120.0,11.0,3.92,10.98,1.17,0.0,0.00012
2019-11-25 08:00:00,730.0,30.0,11.97,11.15,1.31,0.0,0.00073
2019-11-25 09:00:00,3662.5,103.0,18.39,11.71,1.45,0.0,0.0036625
2019-11-25 10:00:00,2897.5,85.0,22.64,12.54,1.59,0.0,0.0028975
2019-11-25 11:00:00,3393.5,97.0,24.27,12.96,1.79,0.0,0.0033935
2019-11-25 12:00:00,6723.5,176.0,23.09,13.65,1.93,0.0,0.0067235
2019-11-25 13:00:00,4882.5,133.0,19.24,13.85,1.86,0.0,0.0048825
2019-11-25 14:00:00,3235.0,95.0,13.14,14.0,1.59,0.0,0.003235
2019-11-25 15:00:00,900.5,35.0,5.32,13.64,1.72,0.0,0.0009005
2019-11-25 16:00:00,0.0,0.0,0.0,12.4,2.07,0.0,0.0
2019-11-25 17:00:00,0.0,0.0,0.0,11.37,2.0,0.0,0.0
2019-11-25 18:00:00,0.0,0.0,0.0,10.45,1.86,0.0,0.0
2019-11-25 19:00:00,0.0,0.0,0.0,9.92,1.52,0.0,0.0
2019-11-25 20:00:00,0.0,0.0,0.0,8.96,1.45,0.0,0.0
2019-11-25 21:00:00,0.0,0.0,0.0,8.27,1.52,0.0,0.0
2019-11-25 22:00:00,0.0,0.0,0.0,7.67,1.52,0.0,0.0
2019-11-25 23:00:00,0.0,0.0,0.0,7.29,1.52,0.0,0.0
2019-11-26 00:00:00,0.0,0.0,0.0,7.17,1.38,0.0,0.0
2019-11-26 01:00:00,0.0,0.0,0.0,7.4,1.1,0.0,0.0
2019-11-26 02:00:00,0.0,0.0,0.0,8.15,0.9,0.0,0.0
2019-11-26 03:00:00,0.0,0.0,0.0,7.69,0.83,0.0,0.0
2019-11-26 04:00:00,0.0,0.0,0.0,6.54,0.97,0.0,0.0
2019-11-26 05:00:00,0.0,0.0,0.0,6.18,0.83,0.0,0.0
2019-11-26 06:00:00,0.0,0.0,0.0,6.2,0.83,0.0,0.0
2019-11-26 07:00:00,406.5,21.56,3.72,6.47,0.83,0.0,0.0004065
2019-11-26 08:00:00,4346.5,126.0,11.77,7.78,0.48,0.0,0.0043465
2019-11-26 09:00:00,8079.5,211.0,18.18,9.62,0.55,0.0,0.0080795
2019-11-26 10:00:00,8026.0,206.0,22.43,11.2,0.62,0.0,0.008026
2019-11-26 11:00:00,9229.0,235.0,24.08,12.16,0.76,0.0,0.009229
2019-11-26 12:00:00,8378.5,216.0,22.91,12.97,0.62,0.0,0.0083785
2019-11-26 13:00:00,7148.0,189.0,19.09,13.41,0.55,0.0,0.007148
2019-11-26 14:00:00,5917.0,176.01,13.01,13.6,0.48,0.0,0.005917
2019-11-26 15:00:00,829.0,33.0,5.21,13.27,0.83,0.0,0.000829
2019-11-26 16:00:00,0.0,0.0,0.0,12.12,1.17,0.0,0.0
2019-11-26 17:00:00,0.0,0.0,0.0,10.64,1.1,0.0,0.0
2019-11-26 18:00:00,0.0,0.0,0.0,11.3,0.55,0.0,0.0
2019-11-26 19:00:00,0.0,0.0,0.0,9.86,0.69,0.0,0.0
2019-11-26 20:00:00,0.0,0.0,0.0,9.57,0.69,0.0,0.0
2019-11-26 21:00:00,0.0,0.0,0.0,9.51,0.76,0.0,0.0
2019-11-26 22:00:00,0.0,0.0,0.0,9.17,1.03,0.0,0.0
2019-11-26 23:00:00,0.0,0.0,0.0,9.42,1.1,0.0,0.0
2019-11-27 00:00:00,0.0,0.0,0.0,9.85,1.24,0.0,0.0
2019-11-27 01:00:00,0.0,0.0,0.0,9.97,1.31,0.0,0.0
2019-11-27 02:00:00,0.0,0.0,0.0,9.92,1.45,0.0,0.0
2019-11-27 03:00:00,0.0,0.0,0.0,9.76,1.31,0.0,0.0
2019-11-27 04:00:00,0.0,0.0,0.0,9.59,1.17,0.0,0.0
2019-11-27 05:00:00,0.0,0.0,0.0,9.51,0.97,0.0,0.0
2019-11-27 06:00:00,0.0,0.0,0.0,9.53,0.97,0.0,0.0
2019-11-27 07:00:00,7.0,6.0,3.52,8.71,1.79,0.0,7e-06
2019-11-27 08:00:00,925.0,35.0,11.57,8.61,2.14,0.0,0.000925
2019-11-27 09:00:00,887.5,34.0,17.98,8.69,2.28,0.0,0.0008875
2019-11-27 10:00:00,9096.5,228.0,22.23,8.7,2.28,0.0,0.0090965
2019-11-27 11:00:00,2695.5,79.0,23.89,8.88,1.24,0.0,0.0026955
2019-11-27 12:00:00,2515.0,75.0,22.74,9.79,0.9,0.0,0.002515
2019-11-27 13:00:00,2381.0,72.0,18.94,10.61,0.9,0.0,0.002381
2019-11-27 14:00:00,1409.5,48.0,12.89,11.02,1.38,0.0,0.0014095
2019-11-27 15:00:00,292.5,17.0,5.1,10.81,1.17,0.0,0.0002925
2019-11-27 16:00:00,0.0,0.0,0.0,10.3,0.9,0.0,0.0
2019-11-27 17:00:00,0.0,0.0,0.0,9.72,0.55,0.0,0.0
2019-11-27 18:00:00,0.0,0.0,0.0,9.54,0.62,0.0,0.0
2019-11-27 19:00:00,0.0,0.0,0.0,8.95,0.41,0.0,0.0
2019-11-27 20:00:00,0.0,0.0,0.0,8.56,0.62,0.0,0.0
2019-11-27 21:00:00,0.0,0.0,0.0,8.23,0.55,0.0,0.0
2019-11-27 22:00:00,0.0,0.0,0.0,8.02,0.55,0.0,0.0
2019-11-27 23:00:00,0.0,0.0,0.0,7.32,0.69,0.0,0.0
2019-11-28 00:00:00,0.0,0.0,0.0,7.07,0.76,0.0,0.0
2019-11-28 01:00:00,0.0,0.0,0.0,7.06,0.62,0.0,0.0
2019-11-28 02:00:00,0.0,0.0,0.0,7.09,0.34,0.0,0.0
2019-11-28 03:00:00,0.0,0.0,0.0,6.8,0.34,0.0,0.0
2019-11-28 04:00:00,0.0,0.0,0.0,6.55,0.34,0.0,0.0
2019-11-28 05:00:00,0.0,0.0,0.0,6.28,0.34,0.0,0.0
2019-11-28 06:00:00,0.0,0.0,0.0,6.02,0.28,0.0,0.0
2019-11-28 07:00:00,340.5,19.56,3.33,5.65,0.69,0.0,0.0003405
2019-11-28 08:00:00,1362.0,46.0,11.37,6.39,0.21,0.0,0.001362
2019-11-28 09:00:00,5197.0,138.0,17.78,7.87,0.41,0.0,0.005197
2019-11-28 10:00:00,8043.0,205.0,22.04,9.48,0.69,0.0,0.008043
2019-11-28 11:00:00,11309.0,284.0,23.71,10.62,0.83,0.0,0.011309
2019-11-28 12:00:00,7810.0,201.0,22.58,11.55,0.69,0.0,0.00781
2019-11-28 13:00:00,2569.0,77.0,18.8,11.98,0.62,0.0,0.002569
2019-11-28 14:00:00,6000.5,180.01,12.77,12.22,0.69,0.0,0.0060005
2019-11-28 15:00:00,763.5,31.0,5.01,11.66,0.97,0.0,0.0007635
2019-11-28 16:00:00,0.0,0.0,0.0,10.07,1.1,0.0,0.0
2019-11-28 17:00:00,0.0,0.0,0.0,8.53,0.9,0.0,0.0
2019-11-28 18:00:00,0.0,0.0,0.0,8.37,0.48,0.0,0.0
2019-11-28 19:00:00,0.0,0.0,0.0,6.83,1.03,0.0,0.0
2019-11-28 20:00:00,0.0,0.0,0.0,4.88,1.59,0.0,0.0
2019-11-28 21:00:00,0.0,0.0,0.0,4.59,1.66,0.0,0.0
2019-11-28 22:00:00,0.0,0.0,0.0,4.65,1.31,0.0,0.0
2019-11-28 23:00:00,0.0,0.0,0.0,5.69,0.9,0.0,0.0
2019-11-29 00:00:00,0.0,0.0,0.0,5.48,0.76,0.0,0.0
2019-11-29 01:00:00,0.0,0.0,0.0,5.43,0.41,0.0,0.0
2019-11-29 02:00:00,0.0,0.0,0.0,4.72,0.83,0.0,0.0
2019-11-29 03:00:00,0.0,0.0,0.0,4.35,0.76,0.0,0.0
2019-11-29 04:00:00,0.0,0.0,0.0,3.97,0.28,0.0,0.0
2019-11-29 05:00:00,0.0,0.0,0.0,3.83,0.14,0.0,0.0
2019-11-29 06:00:00,0.0,0.0,0.0,3.71,0.55,0.0,0.0
2019-11-29 07:00:00,343.0,19.53,3.15,3.68,0.48,0.0,0.000343
2019-11-29 08:00:00,4150.0,120.0,11.18,4.65,0.28,0.0,0.00415
2019-11-29 09:00:00,6138.0,160.0,17.59,6.44,0.14,0.0,0.006138
2019-11-29 10:00:00,7738.0,197.0,21.85,8.18,0.21,0.0,0.007738
2019-11-29 11:00:00,6435.5,167.0,23.53,9.67,0.34,0.0,0.0064355
2019-11-29 12:00:00,7528.5,194.0,22.42,11.02,0.48,0.0,0.0075285
2019-11-29 13:00:00,9724.0,256.01,18.66,11.9,0.62,0.0,0.009724
2019-11-29 14:00:00,5966.5,178.01,12.66,12.01,0.97,0.0,0.0059665
2019-11-29 15:00:00,838.5,33.0,4.92,11.15,1.1,0.0,0.0008385
2019-11-29 16:00:00,0.0,0.0,0.0,9.26,0.9,0.0,0.0
2019-11-29 17:00:00,0.0,0.0,0.0,8.41,0.62,0.0,0.0
2019-11-29 18:00:00,0.0,0.0,0.0,7.31,0.9,0.0,0.0
2019-11-29 19:00:00,0.0,0.0,0.0,8.09,0.55,0.0,0.0
2019-11-29 20:00:00,0.0,0.0,0.0,7.74,0.76,0.0,0.0
2019-11-29 21:00:00,0.0,0.0,0.0,7.57,0.76,0.0,0.0
2019-11-29 22:00:00,0.0,0.0,0.0,7.16,0.83,0.0,0.0
2019-11-29 23:00:00,0.0,0.0,0.0,6.49,1.03,0.0,0.0
2019-11-30 00:00:00,0.0,0.0,0.0,5.62,1.24,0.0,0.0
2019-11-30 01:00:00,0.0,0.0,0.0,4.44,1.38,0.0,0.0
2019-11-30 02:00:00,0.0,0.0,0.0,3.81,1.45,0.0,0.0
2019-11-30 03:00:00,0.0,0.0,0.0,3.06,1.52,0.0,0.0
2019-11-30 04:00:00,0.0,0.0,0.0,2.7,1.52,0.0,0.0
2019-11-30 05:00:00,0.0,0.0,0.0,2.78,1.38,0.0,0.0
2019-11-30 06:00:00,0.0,0.0,0.0,2.77,1.38,0.0,0.0
2019-11-30 07:00:00,349.5,22.51,2.96,2.73,1.31,0.0,0.0003495
2019-11-30 08:00:00,5235.5,162.01,11.0,3.72,1.1,0.0,0.0052355
2019-11-30 09:00:00,10764.0,285.01,17.4,6.45,1.1,0.0,0.010764
2019-11-30 10:00:00,14517.0,368.01,21.67,8.57,1.1,0.0,0.014517
2019-11-30 11:00:00,15628.5,394.01,23.36,10.36,1.03,0.0,0.0156285
2019-11-30 12:00:00,14842.5,380.01,22.27,11.56,0.97,0.0,0.0148425
2019-11-30 13:00:00,11019.0,293.01,18.54,12.17,1.03,0.0,0.011019
2019-11-30 14:00:00,6101.0,184.01,12.56,12.11,1.03,0.0,0.006101
2019-11-30 15:00:00,802.0,32.0,4.84,11.21,1.1,0.0,0.000802
2019-11-30 16:00:00,0.0,0.0,0.0,9.17,1.38,0.0,0.0
2019-11-30 17:00:00,0.0,0.0,0.0,7.38,1.45,0.0,0.0
2019-11-30 18:00:00,0.0,0.0,0.0,6.67,1.31,0.0,0.0
2019-11-30 19:00:00,0.0,0.0,0.0,6.17,1.31,0.0,0.0
2019-11-30 20:00:00,0.0,0.0,0.0,6.34,1.1,0.0,0.0
2019-11-30 21:00:00,0.0,0.0,0.0,5.65,1.17,0.0,0.0
2019-11-30 22:00:00,0.0,0.0,0.0,5.58,1.1,0.0,0.0
2019-11-30 23:00:00,0.0,0.0,0.0,5.63,1.03,0.0,0.0
2019-12-01 00:00:00,0.0,0.0,0.0,5.71,1.03,0.0,0.0
2019-12-01 01:00:00,0.0,0.0,0.0,5.63,1.03,0.0,0.0
2019-12-01 02:00:00,0.0,0.0,0.0,6.04,0.9,0.0,0.0
2019-12-01 03:00:00,0.0,0.0,0.0,6.19,0.97,0.0,0.0
2019-12-01 04:00:00,0.0,0.0,0.0,6.41,1.03,0.0,0.0
2019-12-01 05:00:00,0.0,0.0,0.0,6.42,0.9,0.0,0.0
2019-12-01 06:00:00,0.0,0.0,0.0,6.53,0.83,0.0,0.0
2019-12-01 07:00:00,0.0,5.0,2.78,6.2,1.52,0.0,0.0
2019-12-01 08:00:00,209.0,14.0,10.82,6.32,1.79,0.0,0.000209
2019-12-01 09:00:00,2392.0,71.0,17.22,6.42,2.0,0.0,0.002392
2019-12-01 10:00:00,823.0,32.0,21.5,6.42,2.28,0.0,0.000823
2019-12-01 11:00:00,935.5,35.0,23.2,6.51,2.14,0.0,0.0009355
2019-12-01 12:00:00,3501.5,97.0,22.13,6.65,2.07,0.0,0.0035015
2019-12-01 13:00:00,2642.5,77.0,18.42,6.69,1.93,0.0,0.0026425
2019-12-01 14:00:00,1363.5,46.0,12.46,6.52,2.28,0.0,0.0013635
2019-12-01 15:00:00,0.0,5.0,4.76,6.4,2.21,0.0,0.0
2019-12-01 16:00:00,0.0,0.0,0.0,6.29,2.07,0.0,0.0
2019-12-01 17:00:00,0.0,0.0,0.0,6.19,2.14,0.0,0.0
2019-12-01 18:00:00,0.0,0.0,0.0,5.98,1.93,0.0,0.0
2019-12-01 19:00:00,0.0,0.0,0.0,5.58,2.0,0.0,0.0
2019-12-01 20:00:00,0.0,0.0,0.0,5.52,1.72,0.0,0.0
2019-12-01 21:00:00,0.0,0.0,0.0,5.28,1.59,0.0,0.0
2019-12-01 22:00:00,0.0,0.0,0.0,5.2,1.66,0.0,0.0
2019-12-01 23:00:00,0.0,0.0,0.0,5.22,1.52,0.0,0.0
2019-12-02 00:00:00,0.0,0.0,0.0,5.18,1.45,0.0,0.0
2019-12-02 01:00:00,0.0,0.0,0.0,5.04,1.45,0.0,0.0
2019-12-02 02:00:00,0.0,0.0,0.0,4.88,1.38,0.0,0.0
2019-12-02 03:00:00,0.0,0.0,0.0,4.73,1.17,0.0,0.0
2019-12-02 04:00:00,0.0,0.0,0.0,4.6,1.03,0.0,0.0
2019-12-02 05:00:00,0.0,0.0,0.0,4.29,0.97,0.0,0.0
2019-12-02 06:00:00,0.0,0.0,0.0,3.86,1.1,0.0,0.0
2019-12-02 07:00:00,225.5,21.03,2.61,3.51,1.1,0.0,0.0002255
2019-12-02 08:00:00,3727.0,109.0,10.64,4.27,1.03,0.0,0.003727
2019-12-02 09:00:00,9546.0,251.01,17.05,5.97,1.31,0.0,0.009546
2019-12-02 10:00:00,13342.5,336.01,21.33,7.44,1.31,0.0,0.0133425
2019-12-02 11:00:00,15718.0,395.02,23.04,8.8,1.17,0.0,0.015718
2019-12-02 12:00:00,14524.5,371.01,22.0,10.0,0.83,0.0,0.0145245
2019-12-02 13:00:00,11051.5,296.01,18.31,10.64,0.41,0.0,0.0110515
2019-12-02 14:00:00,6009.5,186.01,12.37,10.81,0.07,0.0,0.0060095
2019-12-02 15:00:00,661.0,28.0,4.69,10.44,0.69,0.0,0.000661
2019-12-02 16:00:00,0.0,0.0,0.0,8.78,1.38,0.0,0.0
2019-12-02 17:00:00,0.0,0.0,0.0,7.1,1.17,0.0,0.0
2019-12-02 18:00:00,0.0,0.0,0.0,7.9,0.76,0.0,0.0
2019-12-02 19:00:00,0.0,0.0,0.0,7.57,0.34,0.0,0.0
2019-12-02 20:00:00,0.0,0.0,0.0,7.42,0.41,0.0,0.0
2019-12-02 21:00:00,0.0,0.0,0.0,6.42,1.17,0.0,0.0
2019-12-02 22:00:00,0.0,0.0,0.0,4.17,1.72,0.0,0.0
2019-12-02 23:00:00,0.0,0.0,0.0,4.75,2.0,0.0,0.0
2019-12-03 00:00:00,0.0,0.0,0.0,5.58,2.21,0.0,0.0
2019-12-03 01:00:00,0.0,0.0,0.0,6.63,2.34,0.0,0.0
2019-12-03 02:00:00,0.0,0.0,0.0,6.82,2.55,0.0,0.0
2019-12-03 03:00:00,0.0,0.0,0.0,6.88,2.62,0.0,0.0
2019-12-03 04:00:00,0.0,0.0,0.0,6.97,2.48,0.0,0.0
2019-12-03 05:00:00,0.0,0.0,0.0,6.92,2.21,0.0,0.0
2019-12-03 06:00:00,0.0,0.0,0.0,6.77,1.93,0.0,0.0
2019-12-03 07:00:00,0.0,4.0,2.44,7.14,1.52,0.0,0.0
2019-12-03 08:00:00,2301.5,70.0,10.47,7.47,1.45,0.0,0.0023015
2019-12-03 09:00:00,3510.0,98.0,16.88,8.11,1.31,0.0,0.00351
2019-12-03 10:00:00,3421.0,96.0,21.16,8.74,1.66,0.0,0.003421
2019-12-03 11:00:00,5789.5,151.0,22.9,9.08,1.66,0.0,0.0057895
2019-12-03 12:00:00,7020.0,180.0,21.87,9.36,1.66,0.0,0.00702
2019-12-03 13:00:00,2816.5,82.0,18.2,9.46,1.86,0.0,0.0028165
2019-12-03 14:00:00,2506.0,75.0,12.29,9.34,1.86,0.0,0.002506
2019-12-03 15:00:00,631.5,27.0,4.63,8.88,1.66,0.0,0.0006315
2019-12-03 16:00:00,0.0,0.0,0.0,8.09,1.79,0.0,0.0
2019-12-03 17:00:00,0.0,0.0,0.0,7.32,1.86,0.0,0.0
2019-12-03 18:00:00,0.0,0.0,0.0,6.8,1.72,0.0,0.0
2019-12-03 19:00:00,0.0,0.0,0.0,6.76,1.72,0.0,0.0
2019-12-03 20:00:00,0.0,0.0,0.0,6.4,1.93,0.0,0.0
2019-12-03 21:00:00,0.0,0.0,0.0,6.26,2.0,0.0,0.0
2019-12-03 22:00:00,0.0,0.0,0.0,5.88,1.93,0.0,0.0
2019-12-03 23:00:00,0.0,0.0,0.0,5.72,1.72,0.0,0.0
2019-12-04 00:00:00,0.0,0.0,0.0,5.24,1.66,0.0,0.0
2019-12-04 01:00:00,0.0,0.0,0.0,4.72,1.66,0.0,0.0
2019-12-04 02:00:00,0.0,0.0,0.0,4.53,1.59,0.0,0.0
2019-12-04 03:00:00,0.0,0.0,0.0,4.33,1.45,0.0,0.0
2019-12-04 04:00:00,0.0,0.0,0.0,3.94,1.31,0.0,0.0
2019-12-04 05:00:00,0.0,0.0,0.0,3.42,1.31,0.0,0.0
2019-12-04 06:00:00,0.0,0.0,0.0,3.07,1.31,0.0,0.0
2019-12-04 07:00:00,0.0,5.0,2.27,2.52,1.31,0.0,0.0
2019-12-04 08:00:00,2830.5,83.0,10.3,3.35,0.97,0.0,0.0028305
2019-12-04 09:00:00,3688.0,101.0,16.71,5.34,1.31,0.0,0.003688
2019-12-04 10:00:00,7161.0,181.0,21.01,6.01,1.52,0.0,0.007161
2019-12-04 11:00:00,9231.0,229.0,22.75,6.52,1.52,0.0,0.009231
2019-12-04 12:00:00,14402.5,360.01,21.75,6.86,1.66,0.0,0.0144025
2019-12-04 13:00:00,10303.5,267.01,18.1,7.19,1.59,0.0,0.0103035
2019-12-04 14:00:00,5138.0,147.0,12.21,7.1,1.52,0.0,0.005138
2019-12-04 15:00:00,603.5,26.0,4.57,6.69,1.24,0.0,0.0006035
2019-12-04 16:00:00,0.0,0.0,0.0,5.71,1.24,0.0,0.0
2019-12-04 17:00:00,0.0,0.0,0.0,4.31,1.1,0.0,0.0
2019-12-04 18:00:00,0.0,0.0,0.0,4.48,0.76,0.0,0.0
2019-12-04 19:00:00,0.0,0.0,0.0,3.94,0.55,0.0,0.0
2019-12-04 20:00:00,0.0,0.0,0.0,3.54,0.55,0.0,0.0
2019-12-04 21:00:00,0.0,0.0,0.0,3.1,0.76,0.0,0.0
2019-12-04 22:00:00,0.0,0.0,0.0,2.82,0.76,0.0,0.0
2019-12-04 23:00:00,0.0,0.0,0.0,2.57,0.76,0.0,0.0
2019-12-05 00:00:00,0.0,0.0,0.0,2.4,0.55,0.0,0.0
2019-12-05 01:00:00,0.0,0.0,0.0,2.25,0.21,0.0,0.0
2019-12-05 02:00:00,0.0,0.0,0.0,2.24,0.28,0.0,0.0
2019-12-05 03:00:00,0.0,0.0,0.0,2.39,0.28,0.0,0.0
2019-12-05 04:00:00,0.0,0.0,0.0,2.18,0.76,0.0,0.0
2019-12-05 05:00:00,0.0,0.0,0.0,0.94,1.03,0.0,0.0
2019-12-05 06:00:00,0.0,0.0,0.0,1.49,0.55,0.0,0.0
2019-12-05 07:00:00,0.0,0.0,0.0,-0.48,0.69,0.0,0.0
2019-12-05 08:00:00,4372.0,135.01,10.14,0.34,0.28,0.0,0.004372
2019-12-05 09:00:00,9034.0,235.01,16.56,2.5,0.34,0.0,0.009034
2019-12-05 10:00:00,12923.5,323.01,20.86,4.61,0.69,0.0,0.0129235
2019-12-05 11:00:00,15691.5,391.02,22.62,6.33,1.1,0.0,0.0156915
2019-12-05 12:00:00,14830.5,374.01,21.63,7.04,1.17,0.0,0.0148305
2019-12-05 13:00:00,10295.0,268.01,18.01,7.39,1.24,0.0,0.010295
2019-12-05 14:00:00,6021.0,182.01,12.14,7.34,1.24,0.0,0.006021
2019-12-05 15:00:00,675.0,28.0,4.52,6.65,1.03,0.0,0.000675
2019-12-05 16:00:00,0.0,0.0,0.0,5.41,1.1,0.0,0.0
2019-12-05 17:00:00,0.0,0.0,0.0,4.6,0.76,0.0,0.0
2019-12-05 18:00:00,0.0,0.0,0.0,4.33,0.48,0.0,0.0
2019-12-05 19:00:00,0.0,0.0,0.0,3.1,0.62,0.0,0.0
2019-12-05 20:00:00,0.0,0.0,0.0,3.01,0.69,0.0,0.0
2019-12-05 21:00:00,0.0,0.0,0.0,2.5,0.76,0.0,0.0
2019-12-05 22:00:00,0.0,0.0,0.0,2.0,0.62,0.0,0.0
2019-12-05 23:00:00,0.0,0.0,0.0,1.58,0.34,0.0,0.0
2019-12-06 00:00:00,0.0,0.0,0.0,1.04,0.21,0.0,0.0
2019-12-06 01:00:00,0.0,0.0,0.0,0.62,0.14,0.0,0.0
2019-12-06 02:00:00,0.0,0.0,0.0,0.55,0.21,0.0,0.0
2019-12-06 03:00:00,0.0,0.0,0.0,0.46,0.14,0.0,0.0
2019-12-06 04:00:00,0.0,0.0,0.0,0.27,0.28,0.0,0.0
2019-12-06 05:00:00,0.0,0.0,0.0,0.05,0.41,0.0,0.0
2019-12-06 06:00:00,0.0,0.0,0.0,-0.25,0.34,0.0,0.0
2019-12-06 07:00:00,0.0,0.0,0.0,0.14,0.07,0.0,0.0
2019-12-06 08:00:00,3556.5,105.0,9.99,0.46,0.34,0.0,0.0035565
2019-12-06 09:00:00,7726.5,199.0,16.4,2.01,0.48,0.0,0.0077265
2019-12-06 10:00:00,7978.0,199.0,20.72,3.6,0.62,0.0,0.007978
2019-12-06 11:00:00,10498.0,259.0,22.49,4.98,0.48,0.0,0.010498
2019-12-06 12:00:00,14354.0,363.01,21.52,6.14,0.34,0.0,0.014354
2019-12-06 13:00:00,10903.5,288.01,17.93,6.9,0.62,0.0,0.0109035
2019-12-06 14:00:00,5865.0,179.01,12.08,6.94,0.9,0.0,0.005865
2019-12-06 15:00:00,640.0,27.0,4.48,6.34,0.9,0.0,0.00064
2019-12-06 16:00:00,0.0,0.0,0.0,5.35,1.1,0.0,0.0
2019-12-06 17:00:00,0.0,0.0,0.0,4.05,0.83,0.0,0.0
2019-12-06 18:00:00,0.0,0.0,0.0,3.78,0.76,0.0,0.0
2019-12-06 19:00:00,0.0,0.0,0.0,2.63,0.62,0.0,0.0
2019-12-06 20:00:00,0.0,0.0,0.0,2.23,0.83,0.0,0.0
2019-12-06 21:00:00,0.0,0.0,0.0,1.96,0.9,0.0,0.0
2019-12-06 22:00:00,0.0,0.0,0.0,1.72,0.9,0.0,0.0
2019-12-06 23:00:00,0.0,0.0,0.0,0.69,1.03,0.0,0.0
2019-12-07 00:00:00,0.0,0.0,0.0,1.46,0.76,0.0,0.0
2019-12-07 01:00:00,0.0,0.0,0.0,1.72,0.55,0.0,0.0
2019-12-07 02:00:00,0.0,0.0,0.0,1.75,0.48,0.0,0.0
2019-12-07 03:00:00,0.0,0.0,0.0,1.47,0.62,0.0,0.0
2019-12-07 04:00:00,0.0,0.0,0.0,1.08,0.41,0.0,0.0
2019-12-07 05:00:00,0.0,0.0,0.0,0.99,0.34,0.0,0.0
2019-12-07 06:00:00,0.0,0.0,0.0,0.65,0.48,0.0,0.0
2019-12-07 07:00:00,0.0,0.0,0.0,0.8,0.28,0.0,0.0
2019-12-07 08:00:00,3316.5,98.0,9.84,1.51,0.34,0.0,0.0033165
2019-12-07 09:00:00,9725.0,260.01,16.26,3.4,0.55,0.0,0.009725
2019-12-07 10:00:00,10768.0,269.01,20.58,5.23,0.62,0.0,0.010768
2019-12-07 11:00:00,9252.0,231.0,22.37,6.81,0.62,0.0,0.009252
2019-12-07 12:00:00,10013.0,252.0,21.42,8.06,0.55,0.0,0.010013
2019-12-07 13:00:00,10843.5,290.01,17.85,8.8,0.28,0.0,0.0108435
2019-12-07 14:00:00,5889.5,183.01,12.03,8.98,0.21,0.0,0.0058895
2019-12-07 15:00:00,633.0,27.0,4.44,8.32,0.97,0.0,0.000633
2019-12-07 16:00:00,0.0,0.0,0.0,6.55,1.17,0.0,0.0
2019-12-07 17:00:00,0.0,0.0,0.0,5.42,0.9,0.0,0.0
2019-12-07 18:00:00,0.0,0.0,0.0,5.67,0.55,0.0,0.0
2019-12-07 19:00:00,0.0,0.0,0.0,5.74,0.28,0.0,0.0
2019-12-07 20:00:00,0.0,0.0,0.0,4.93,0.28,0.0,0.0
2019-12-07 21:00:00,0.0,0.0,0.0,3.79,0.48,0.0,0.0
2019-12-07 22:00:00,0.0,0.0,0.0,3.78,0.14,0.0,0.0
2019-12-07 23:00:00,0.0,0.0,0.0,3.59,0.41,0.0,0.0
2019-12-08 00:00:00,0.0,0.0,0.0,2.84,0.48,0.0,0.0
2019-12-08 01:00:00,0.0,0.0,0.0,2.71,0.48,0.0,0.0
2019-12-08 02:00:00,0.0,0.0,0.0,2.51,0.62,0.0,0.0
2019-12-08 03:00:00,0.0,0.0,0.0,2.21,0.69,0.0,0.0
2019-12-08 04:00:00,0.0,0.0,0.0,1.94,0.69,0.0,0.0
2019-12-08 05:00:00,0.0,0.0,0.0,1.63,0.69,0.0,0.0
2019-12-08 06:00:00,0.0,0.0,0.0,1.41,0.62,0.0,0.0
2019-12-08 07:00:00,0.0,0.0,0.0,1.28,0.55,0.0,0.0
2019-12-08 08:00:00,2337.0,70.0,9.69,1.5,0.55,0.0,0.002337
2019-12-08 09:00:00,4017.5,108.0,16.12,3.15,0.62,0.0,0.0040175
2019-12-08 10:00:00,4440.5,118.0,20.45,4.72,0.69,0.0,0.0044405
2019-12-08 11:00:00,5895.5,152.0,22.26,6.08,0.62,0.0,0.0058955
2019-12-08 12:00:00,8948.5,225.0,21.33,7.05,0.55,0.0,0.0089485
2019-12-08 13:00:00,9765.0,256.01,17.78,7.52,0.55,0.0,0.009765
2019-12-08 14:00:00,3671.5,105.0,11.98,7.75,0.83,0.0,0.0036715
2019-12-08 15:00:00,496.5,23.0,4.41,7.34,1.1,0.0,0.0004965
2019-12-08 16:00:00,0.0,0.0,0.0,6.59,1.24,0.0,0.0
2019-12-08 17:00:00,0.0,0.0,0.0,6.11,1.03,0.0,0.0
2019-12-08 18:00:00,0.0,0.0,0.0,5.98,1.03,0.0,0.0
2019-12-08 19:00:00,0.0,0.0,0.0,6.57,1.24,0.0,0.0
2019-12-08 20:00:00,0.0,0.0,0.0,6.62,1.1,0.0,0.0
2019-12-08 21:00:00,0.0,0.0,0.0,6.53,0.97,0.0,0.0
2019-12-08 22:00:00,0.0,0.0,0.0,6.38,1.03,0.0,0.0
2019-12-08 23:00:00,0.0,0.0,0.0,6.22,0.97,0.0,0.0
2019-12-09 00:00:00,0.0,0.0,0.0,6.09,0.9,0.0,0.0
2019-12-09 01:00:00,0.0,0.0,0.0,6.02,0.69,0.0,0.0
2019-12-09 02:00:00,0.0,0.0,0.0,5.92,0.83,0.0,0.0
2019-12-09 03:00:00,0.0,0.0,0.0,5.89,0.9,0.0,0.0
2019-12-09 04:00:00,0.0,0.0,0.0,5.76,0.83,0.0,0.0
2019-12-09 05:00:00,0.0,0.0,0.0,5.53,0.83,0.0,0.0
2019-12-09 06:00:00,0.0,0.0,0.0,5.15,0.55,0.0,0.0
2019-12-09 07:00:00,0.0,0.0,0.0,5.28,0.07,0.0,0.0
2019-12-09 08:00:00,3741.0,120.01,9.55,5.17,0.48,0.0,0.003741
2019-12-09 09:00:00,9402.5,257.01,15.99,6.39,0.28,0.0,0.0094025
2019-12-09 10:00:00,13286.0,342.01,20.33,7.46,0.28,0.0,0.013286
2019-12-09 11:00:00,14846.0,378.01,22.15,8.84,0.34,0.0,0.014846
2019-12-09 12:00:00,13997.0,361.01,21.25,9.83,0.34,0.0,0.013997
2019-12-09 13:00:00,9706.0,258.01,17.72,10.5,0.69,0.0,0.009706
2019-12-09 14:00:00,5835.0,183.01,11.94,10.5,0.83,0.0,0.005835
2019-12-09 15:00:00,558.0,25.0,4.39,9.93,1.03,0.0,0.000558
2019-12-09 16:00:00,0.0,0.0,0.0,8.27,1.24,0.0,0.0
2019-12-09 17:00:00,0.0,0.0,0.0,7.46,0.83,0.0,0.0
2019-12-09 18:00:00,0.0,0.0,0.0,7.3,0.83,0.0,0.0
2019-12-09 19:00:00,0.0,0.0,0.0,6.7,0.9,0.0,0.0
2019-12-09 20:00:00,0.0,0.0,0.0,5.34,1.1,0.0,0.0
2019-12-09 21:00:00,0.0,0.0,0.0,5.31,1.03,0.0,0.0
2019-12-09 22:00:00,0.0,0.0,0.0,3.42,1.45,0.0,0.0
2019-12-09 23:00:00,0.0,0.0,0.0,1.93,1.79,0.0,0.0
2019-12-10 00:00:00,0.0,0.0,0.0,1.24,1.93,0.0,0.0
2019-12-10 01:00:00,0.0,0.0,0.0,0.86,2.0,0.0,0.0
2019-12-10 02:00:00,0.0,0.0,0.0,0.53,1.86,0.0,0.0
2019-12-10 03:00:00,0.0,0.0,0.0,0.07,1.86,0.0,0.0
2019-12-10 04:00:00,0.0,0.0,0.0,-0.38,1.86,0.0,0.0
2019-12-10 05:00:00,0.0,0.0,0.0,-0.64,1.86,0.0,0.0
2019-12-10 06:00:00,0.0,0.0,0.0,-0.87,1.79,0.0,0.0
2019-12-10 07:00:00,0.0,0.0,0.0,0.43,1.38,0.0,0.0
2019-12-10 08:00:00,4164.5,140.01,9.42,1.57,1.17,0.0,0.0041645
2019-12-10 09:00:00,9948.0,269.01,15.86,3.43,1.03,0.0,0.009948
2019-12-10 10:00:00,13838.5,354.01,20.22,6.9,1.1,0.0,0.0138385
2019-12-10 11:00:00,15319.0,388.02,22.06,8.88,1.1,0.0,0.015319
2019-12-10 12:00:00,14427.0,371.01,21.17,10.13,0.97,0.0,0.014427
2019-12-10 13:00:00,11120.0,300.01,17.66,10.55,0.83,0.0,0.01112
2019-12-10 14:00:00,6038.0,190.01,11.9,10.29,0.83,0.0,0.006038
2019-12-10 15:00:00,595.5,26.0,4.37,9.09,0.97,0.0,0.0005955
2019-12-10 16:00:00,0.0,0.0,0.0,7.74,0.97,0.0,0.0
2019-12-10 17:00:00,0.0,0.0,0.0,7.53,0.41,0.0,0.0
2019-12-10 18:00:00,0.0,0.0,0.0,6.33,0.48,0.0,0.0
2019-12-10 19:00:00,0.0,0.0,0.0,7.06,0.48,0.0,0.0
2019-12-10 20:00:00,0.0,0.0,0.0,6.29,0.76,0.0,0.0
2019-12-10 21:00:00,0.0,0.0,0.0,5.21,0.97,0.0,0.0
2019-12-10 22:00:00,0.0,0.0,0.0,4.46,0.97,0.0,0.0
2019-12-10 23:00:00,0.0,0.0,0.0,4.28,0.55,0.0,0.0
2019-12-11 00:00:00,0.0,0.0,0.0,3.79,0.34,0.0,0.0
2019-12-11 01:00:00,0.0,0.0,0.0,2.75,0.62,0.0,0.0
2019-12-11 02:00:00,0.0,0.0,0.0,2.11,0.62,0.0,0.0
2019-12-11 03:00:00,0.0,0.0,0.0,1.04,0.83,0.0,0.0
2019-12-11 04:00:00,0.0,0.0,0.0,0.32,0.76,0.0,0.0
2019-12-11 05:00:00,0.0,0.0,0.0,-0.16,0.76,0.0,0.0
2019-12-11 06:00:00,0.0,0.0,0.0,-0.6,0.9,0.0,0.0
2019-12-11 07:00:00,0.0,0.0,0.0,-0.1,0.48,0.0,0.0
2019-12-11 08:00:00,516.0,23.0,9.29,0.39,0.28,0.0,0.000516
2019-12-11 09:00:00,4299.0,114.0,15.74,1.22,0.34,0.0,0.004299
2019-12-11 10:00:00,9634.0,240.0,20.11,3.55,0.28,0.0,0.009634
2019-12-11 11:00:00,7414.5,186.0,21.96,4.7,0.76,0.0,0.0074145
2019-12-11 12:00:00,6568.5,167.0,21.1,5.38,1.1,0.0,0.0065685
2019-12-11 13:00:00,4630.5,123.0,17.61,5.41,1.1,0.0,0.0046305
2019-12-11 14:00:00,2952.0,85.0,11.87,5.13,1.03,0.0,0.002952
2019-12-11 15:00:00,211.5,14.0,4.36,4.59,0.76,0.0,0.0002115
2019-12-11 16:00:00,0.0,0.0,0.0,3.74,0.9,0.0,0.0
2019-12-11 17:00:00,0.0,0.0,0.0,2.92,1.03,0.0,0.0
2019-12-11 18:00:00,0.0,0.0,0.0,2.47,0.9,0.0,0.0
2019-12-11 19:00:00,0.0,0.0,0.0,2.45,0.55,0.0,0.0
2019-12-11 20:00:00,0.0,0.0,0.0,2.07,0.69,0.0,0.0
2019-12-11 21:00:00,0.0,0.0,0.0,1.75,0.83,0.0,0.0
2019-12-11 22:00:00,0.0,0.0,0.0,1.55,0.97,0.0,0.0
2019-12-11 23:00:00,0.0,0.0,0.0,1.34,1.03,0.0,0.0
2019-12-12 00:00:00,0.0,0.0,0.0,1.08,1.03,0.0,0.0
2019-12-12 01:00:00,0.0,0.0,0.0,0.79,0.9,0.0,0.0
2019-12-12 02:00:00,0.0,0.0,0.0,0.33,0.97,0.0,0.0
2019-12-12 03:00:00,0.0,0.0,0.0,0.59,0.76,0.0,0.0
2019-12-12 04:00:00,0.0,0.0,0.0,0.32,0.83,0.0,0.0
2019-12-12 05:00:00,0.0,0.0,0.0,-0.11,0.9,0.0,0.0
2019-12-12 06:00:00,0.0,0.0,0.0,-0.73,0.97,0.0,0.0
2019-12-12 07:00:00,0.0,0.0,0.0,-0.52,0.69,0.0,0.0
2019-12-12 08:00:00,3048.5,92.0,9.17,-0.06,0.14,0.0,0.0030485
2019-12-12 09:00:00,4586.0,121.0,15.63,1.65,0.14,0.0,0.004586
2019-12-12 10:00:00,3242.5,90.0,20.01,3.37,0.62,0.0,0.0032425
2019-12-12 11:00:00,2539.5,74.0,21.88,4.49,1.03,0.0,0.0025395
2019-12-12 12:00:00,3261.0,91.0,21.04,5.2,1.24,0.0,0.003261
2019-12-12 13:00:00,2910.0,83.0,17.57,5.65,1.31,0.0,0.00291
2019-12-12 14:00:00,2506.5,74.0,11.85,5.69,1.52,0.0,0.0025065
2019-12-12 15:00:00,538.0,24.0,4.36,5.1,1.38,0.0,0.000538
2019-12-12 16:00:00,0.0,0.0,0.0,3.68,1.45,0.0,0.0
2019-12-12 17:00:00,0.0,0.0,0.0,2.22,0.97,0.0,0.0
2019-12-12 18:00:00,0.0,0.0,0.0,2.26,0.48,0.0,0.0
2019-12-12 19:00:00,0.0,0.0,0.0,1.37,0.83,0.0,0.0
2019-12-12 20:00:00,0.0,0.0,0.0,1.01,0.83,0.0,0.0
2019-12-12 21:00:00,0.0,0.0,0.0,0.41,1.03,0.0,0.0
2019-12-12 22:00:00,0.0,0.0,0.0,0.75,0.76,0.0,0.0
2019-12-12 23:00:00,0.0,0.0,0.0,0.51,0.97,0.0,0.0
2019-12-13 00:00:00,0.0,0.0,0.0,0.7,1.17,0.0,0.0
2019-12-13 01:00:00,0.0,0.0,0.0,0.68,1.03,0.0,0.0
2019-12-13 02:00:00,0.0,0.0,0.0,0.51,0.97,0.0,0.0
2019-12-13 03:00:00,0.0,0.0,0.0,0.39,0.76,0.0,0.0
2019-12-13 04:00:00,0.0,0.0,0.0,0.43,0.76,0.0,0.0
2019-12-13 05:00:00,0.0,0.0,0.0,0.45,0.55,0.0,0.0
2019-12-13 06:00:00,0.0,0.0,0.0,0.48,1.03,0.0,0.0
2019-12-13 07:00:00,0.0,0.0,0.0,-0.08,1.31,0.0,0.0
2019-12-13 08:00:00,187.5,13.0,9.05,0.16,1.45,0.0,0.0001875
2019-12-13 09:00:00,516.0,23.0,15.52,0.54,1.66,0.0,0.000516
2019-12-13 10:00:00,9794.5,240.0,19.91,1.15,1.52,0.0,0.0097945
2019-12-13 11:00:00,3846.0,103.0,21.81,1.92,1.79,0.0,0.003846
2019-12-13 12:00:00,6107.5,154.0,20.98,2.44,2.21,0.0,0.0061075
2019-12-13 13:00:00,5862.5,150.0,17.54,2.57,1.72,0.0,0.0058625
2019-12-13 14:00:00,5783.5,171.01,11.84,2.36,0.9,0.0,0.0057835
2019-12-13 15:00:00,583.0,25.0,4.36,1.95,0.48,0.0,0.000583
2019-12-13 16:00:00,0.0,0.0,0.0,1.08,0.21,0.0,0.0
2019-12-13 17:00:00,0.0,0.0,0.0,0.12,0.41,0.0,0.0
2019-12-13 18:00:00,0.0,0.0,0.0,-0.98,0.97,0.0,0.0
2019-12-13 19:00:00,0.0,0.0,0.0,0.14,2.76,0.0,0.0
2019-12-13 20:00:00,0.0,0.0,0.0,1.63,3.17,0.0,0.0
2019-12-13 21:00:00,0.0,0.0,0.0,2.7,3.38,0.0,0.0
2019-12-13 22:00:00,0.0,0.0,0.0,3.34,3.31,0.0,0.0
2019-12-13 23:00:00,0.0,0.0,0.0,3.71,3.38,0.0,0.0
2019-12-14 00:00:00,0.0,0.0,0.0,3.96,2.97,0.0,0.0
2019-12-14 01:00:00,0.0,0.0,0.0,3.57,2.41,0.0,0.0
2019-12-14 02:00:00,0.0,0.0,0.0,2.6,1.45,0.0,0.0
2019-12-14 03:00:00,0.0,0.0,0.0,3.6,0.83,0.0,0.0
2019-12-14 04:00:00,0.0,0.0,0.0,0.57,1.31,0.0,0.0
2019-12-14 05:00:00,0.0,0.0,0.0,-0.07,1.1,0.0,0.0
2019-12-14 06:00:00,0.0,0.0,0.0,0.34,0.62,0.0,0.0
2019-12-14 07:00:00,0.0,0.0,0.0,0.68,0.69,0.0,0.0
2019-12-14 08:00:00,3682.0,128.01,8.94,1.28,0.28,0.0,0.003682
2019-12-14 09:00:00,9262.0,255.01,15.42,3.35,0.62,0.0,0.009262
2019-12-14 10:00:00,13080.5,337.01,19.82,5.95,0.34,0.0,0.0130805
2019-12-14 11:00:00,14589.5,372.01,21.74,7.8,0.14,0.0,0.0145895
2019-12-14 12:00:00,13979.5,360.01,20.94,9.53,1.03,0.0,0.0139795
2019-12-14 13:00:00,10595.5,287.01,17.51,10.76,1.03,0.0,0.0105955
2019-12-14 14:00:00,5766.5,185.01,11.83,10.92,0.55,0.0,0.0057665
2019-12-14 15:00:00,456.0,22.0,4.37,9.75,0.34,0.0,0.000456
2019-12-14 16:00:00,0.0,0.0,0.0,8.06,0.07,0.0,0.0
2019-12-14 17:00:00,0.0,0.0,0.0,6.34,0.34,0.0,0.0
2019-12-14 18:00:00,0.0,0.0,0.0,4.94,0.48,0.0,0.0
2019-12-14 19:00:00,0.0,0.0,0.0,5.81,0.62,0.0,0.0
2019-12-14 20:00:00,0.0,0.0,0.0,5.15,0.21,0.0,0.0
2019-12-14 21:00:00,0.0,0.0,0.0,4.22,0.28,0.0,0.0
2019-12-14 22:00:00,0.0,0.0,0.0,3.99,0.48,0.0,0.0
2019-12-14 23:00:00,0.0,0.0,0.0,4.0,0.41,0.0,0.0
2019-12-15 00:00:00,0.0,0.0,0.0,3.46,0.76,0.0,0.0
2019-12-15 01:00:00,0.0,0.0,0.0,2.94,0.21,0.0,0.0
2019-12-15 02:00:00,0.0,0.0,0.0,2.15,0.69,0.0,0.0
2019-12-15 03:00:00,0.0,0.0,0.0,0.99,1.17,0.0,0.0
2019-12-15 04:00:00,0.0,0.0,0.0,1.34,1.1,0.0,0.0
2019-12-15 05:00:00,0.0,0.0,0.0,1.51,1.03,0.0,0.0
2019-12-15 06:00:00,0.0,0.0,0.0,1.7,0.9,0.0,0.0
2019-12-15 07:00:00,0.0,0.0,0.0,1.56,1.17,0.0,0.0
2019-12-15 08:00:00,1998.0,62.0,8.84,2.19,0.97,0.0,0.001998
2019-12-15 09:00:00,1952.5,60.0,15.32,4.13,0.97,0.0,0.0019525
2019-12-15 10:00:00,2108.5,64.0,19.74,5.21,0.83,0.0,0.0021085
2019-12-15 11:00:00,3548.5,98.0,21.68,6.02,0.97,0.0,0.0035485
2019-12-15 12:00:00,3363.0,94.0,20.9,6.77,0.9,0.0,0.003363
2019-12-15 13:00:00,2423.0,72.0,17.5,6.98,0.69,0.0,0.002423
2019-12-15 14:00:00,1007.5,37.0,11.84,7.09,0.62,0.0,0.0010075
2019-12-15 15:00:00,464.0,22.0,4.39,6.77,0.9,0.0,0.000464
2019-12-15 16:00:00,0.0,0.0,0.0,6.39,1.03,0.0,0.0
2019-12-15 17:00:00,0.0,0.0,0.0,5.77,0.9,0.0,0.0
2019-12-15 18:00:00,0.0,0.0,0.0,5.5,0.69,0.0,0.0
2019-12-15 19:00:00,0.0,0.0,0.0,4.14,0.34,0.0,0.0
2019-12-15 20:00:00,0.0,0.0,0.0,4.41,0.62,0.0,0.0
2019-12-15 21:00:00,0.0,0.0,0.0,4.68,0.69,0.0,0.0
2019-12-15 22:00:00,0.0,0.0,0.0,4.82,0.76,0.0,0.0
2019-12-15 23:00:00,0.0,0.0,0.0,4.9,0.9,0.0,0.0
2019-12-16 00:00:00,0.0,0.0,0.0,4.96,1.03,0.0,0.0
2019-12-16 01:00:00,0.0,0.0,0.0,5.02,0.97,0.0,0.0
2019-12-16 02:00:00,0.0,0.0,0.0,5.03,0.9,0.0,0.0
2019-12-16 03:00:00,0.0,0.0,0.0,5.02,0.9,0.0,0.0
2019-12-16 04:00:00,0.0,0.0,0.0,4.92,0.9,0.0,0.0
2019-12-16 05:00:00,0.0,0.0,0.0,5.12,0.9,0.0,0.0
2019-12-16 06:00:00,0.0,0.0,0.0,5.0,1.03,0.0,0.0
2019-12-16 07:00:00,0.0,0.0,0.0,4.48,0.55,0.0,0.0
2019-12-16 08:00:00,1629.5,53.0,8.74,4.75,0.83,0.0,0.0016295
2019-12-16 09:00:00,754.0,30.0,15.24,5.11,1.03,0.0,0.000754
2019-12-16 10:00:00,1815.0,57.0,19.67,5.61,1.24,0.0,0.001815
2019-12-16 11:00:00,823.5,32.0,21.62,6.31,1.38,0.0,0.0008235
2019-12-16 12:00:00,2429.5,72.0,20.86,6.57,1.1,0.0,0.0024295
2019-12-16 13:00:00,2512.5,74.0,17.49,6.59,0.83,0.0,0.0025125
2019-12-16 14:00:00,1928.0,60.0,11.84,6.63,0.83,0.0,0.001928
2019-12-16 15:00:00,332.0,18.0,4.41,6.55,0.9,0.0,0.000332
2019-12-16 16:00:00,0.0,0.0,0.0,6.46,1.03,0.0,0.0
2019-12-16 17:00:00,0.0,0.0,0.0,6.42,1.03,0.0,0.0
2019-12-16 18:00:00,0.0,0.0,0.0,6.29,0.97,0.0,0.0
2019-12-16 19:00:00,0.0,0.0,0.0,5.34,0.83,0.0,0.0
2019-12-16 20:00:00,0.0,0.0,0.0,5.44,1.17,0.0,0.0
2019-12-16 21:00:00,0.0,0.0,0.0,5.53,1.31,0.0,0.0
2019-12-16 22:00:00,0.0,0.0,0.0,5.63,0.97,0.0,0.0
2019-12-16 23:00:00,0.0,0.0,0.0,5.76,1.03,0.0,0.0
2019-12-17 00:00:00,0.0,0.0,0.0,5.87,1.17,0.0,0.0
2019-12-17 01:00:00,0.0,0.0,0.0,5.93,1.31,0.0,0.0
2019-12-17 02:00:00,0.0,0.0,0.0,6.12,1.24,0.0,0.0
2019-12-17 03:00:00,0.0,0.0,0.0,6.27,1.1,0.0,0.0
2019-12-17 04:00:00,0.0,0.0,0.0,6.33,1.03,0.0,0.0
2019-12-17 05:00:00,0.0,0.0,0.0,6.37,0.97,0.0,0.0
2019-12-17 06:00:00,0.0,0.0,0.0,6.42,0.97,0.0,0.0
2019-12-17 07:00:00,0.0,0.0,0.0,6.38,1.24,0.0,0.0
2019-12-17 08:00:00,533.0,24.0,8.65,6.61,1.17,0.0,0.000533
2019-12-17 09:00:00,1280.5,44.0,15.16,6.9,1.03,0.0,0.0012805
2019-12-17 10:00:00,2381.5,71.0,19.61,7.03,0.97,0.0,0.0023815
2019-12-17 11:00:00,2375.5,71.0,21.58,7.54,0.97,0.0,0.0023755
2019-12-17 12:00:00,1633.0,53.0,20.84,7.79,0.97,0.0,0.001633
2019-12-17 13:00:00,4486.5,121.0,17.48,7.97,1.1,0.0,0.0044865
2019-12-17 14:00:00,1511.0,50.0,11.86,8.01,1.17,0.0,0.001511
2019-12-17 15:00:00,460.5,22.0,4.44,8.03,1.24,0.0,0.0004605
2019-12-17 16:00:00,0.0,0.0,0.0,7.91,1.31,0.0,0.0
2019-12-17 17:00:00,0.0,0.0,0.0,7.92,1.24,0.0,0.0
2019-12-17 18:00:00,0.0,0.0,0.0,7.92,1.24,0.0,0.0
2019-12-17 19:00:00,0.0,0.0,0.0,7.21,1.17,0.0,0.0
2019-12-17 20:00:00,0.0,0.0,0.0,7.17,1.24,0.0,0.0
2019-12-17 21:00:00,0.0,0.0,0.0,7.13,1.38,0.0,0.0
2019-12-17 22:00:00,0.0,0.0,0.0,7.17,1.31,0.0,0.0
2019-12-17 23:00:00,0.0,0.0,0.0,7.21,1.17,0.0,0.0
2019-12-18 00:00:00,0.0,0.0,0.0,7.15,1.24,0.0,0.0
2019-12-18 01:00:00,0.0,0.0,0.0,7.17,1.31,0.0,0.0
2019-12-18 02:00:00,0.0,0.0,0.0,7.15,1.31,0.0,0.0
2019-12-18 03:00:00,0.0,0.0,0.0,7.09,1.31,0.0,0.0
2019-12-18 04:00:00,0.0,0.0,0.0,6.86,1.24,0.0,0.0
2019-12-18 05:00:00,0.0,0.0,0.0,6.67,1.17,0.0,0.0
2019-12-18 06:00:00,0.0,0.0,0.0,6.39,1.31,0.0,0.0
2019-12-18 07:00:00,0.0,0.0,0.0,7.14,0.62,0.0,0.0
2019-12-18 08:00:00,331.5,18.0,8.56,6.97,0.9,0.0,0.0003315
2019-12-18 09:00:00,462.5,22.0,15.08,7.34,1.1,0.0,0.0004625
2019-12-18 10:00:00,1236.5,43.0,19.55,7.63,1.03,0.0,0.0012365
2019-12-18 11:00:00,1713.0,55.0,21.54,7.9,1.1,0.0,0.001713
2019-12-18 12:00:00,3169.5,90.0,20.82,8.18,0.97,0.0,0.0031695
2019-12-18 13:00:00,3246.5,92.0,17.49,8.62,0.76,0.0,0.0032465
2019-12-18 14:00:00,2225.5,68.0,11.88,8.8,0.55,0.0,0.0022255
2019-12-18 15:00:00,0.0,4.0,4.48,8.71,0.69,0.0,0.0
2019-12-18 16:00:00,0.0,0.0,0.0,8.48,0.62,0.0,0.0
2019-12-18 17:00:00,0.0,0.0,0.0,8.37,0.62,0.0,0.0
2019-12-18 18:00:00,0.0,0.0,0.0,8.42,0.55,0.0,0.0
2019-12-18 19:00:00,0.0,0.0,0.0,8.29,1.24,0.0,0.0
2019-12-18 20:00:00,0.0,0.0,0.0,8.3,0.97,0.0,0.0
2019-12-18 21:00:00,0.0,0.0,0.0,8.22,0.9,0.0,0.0
2019-12-18 22:00:00,0.0,0.0,0.0,8.29,0.76,0.0,0.0
2019-12-18 23:00:00,0.0,0.0,0.0,8.1,0.97,0.0,0.0
2019-12-19 00:00:00,0.0,0.0,0.0,8.19,1.17,0.0,0.0
2019-12-19 01:00:00,0.0,0.0,0.0,8.06,1.17,0.0,0.0
2019-12-19 02:00:00,0.0,0.0,0.0,7.92,1.17,0.0,0.0
2019-12-19 03:00:00,0.0,0.0,0.0,7.82,1.24,0.0,0.0
2019-12-19 04:00:00,0.0,0.0,0.0,7.98,1.1,0.0,0.0
2019-12-19 05:00:00,0.0,0.0,0.0,8.05,0.97,0.0,0.0
2019-12-19 06:00:00,0.0,0.0,0.0,8.23,0.76,0.0,0.0
2019-12-19 07:00:00,0.0,0.0,0.0,8.32,0.76,0.0,0.0
2019-12-19 08:00:00,2135.5,69.0,8.49,8.28,0.9,0.0,0.0021355
2019-12-19 09:00:00,885.0,34.0,15.02,9.02,0.9,0.0,0.000885
2019-12-19 10:00:00,1497.5,50.0,19.5,9.73,0.9,0.0,0.0014975
2019-12-19 11:00:00,2018.5,63.0,21.51,9.96,0.97,0.0,0.0020185
2019-12-19 12:00:00,2681.5,79.0,20.81,9.92,1.17,0.0,0.0026815
2019-12-19 13:00:00,3940.5,109.0,17.5,9.96,0.9,0.0,0.0039405
2019-12-19 14:00:00,263.5,16.0,11.91,9.9,0.83,0.0,0.0002635
2019-12-19 15:00:00,48.0,8.0,4.52,9.76,0.9,0.0,4.8e-05
2019-12-19 16:00:00,0.0,0.0,0.0,9.52,0.97,0.0,0.0
2019-12-19 17:00:00,0.0,0.0,0.0,9.4,1.1,0.0,0.0
2019-12-19 18:00:00,0.0,0.0,0.0,9.28,1.38,0.0,0.0
2019-12-19 19:00:00,0.0,0.0,0.0,8.98,0.69,0.0,0.0
2019-12-19 20:00:00,0.0,0.0,0.0,8.99,0.55,0.0,0.0
2019-12-19 21:00:00,0.0,0.0,0.0,8.83,0.69,0.0,0.0
2019-12-19 22:00:00,0.0,0.0,0.0,8.84,0.55,0.0,0.0
2019-12-19 23:00:00,0.0,0.0,0.0,8.69,0.69,0.0,0.0
2019-12-20 00:00:00,0.0,0.0,0.0,8.69,1.03,0.0,0.0
2019-12-20 01:00:00,0.0,0.0,0.0,8.66,0.9,0.0,0.0
2019-12-20 02:00:00,0.0,0.0,0.0,8.53,1.03,0.0,0.0
2019-12-20 03:00:00,0.0,0.0,0.0,8.48,1.03,0.0,0.0
2019-12-20 04:00:00,0.0,0.0,0.0,8.57,1.45,0.0,0.0
2019-12-20 05:00:00,0.0,0.0,0.0,8.59,1.31,0.0,0.0
2019-12-20 06:00:00,0.0,0.0,0.0,8.63,1.31,0.0,0.0
2019-12-20 07:00:00,0.0,0.0,0.0,8.98,1.59,0.0,0.0
2019-12-20 08:00:00,491.5,23.0,8.41,9.15,0.62,0.0,0.0004915
2019-12-20 09:00:00,2309.5,70.0,14.96,9.54,0.55,0.0,0.0023095
2019-12-20 10:00:00,993.5,37.0,19.46,9.71,0.55,0.0,0.0009935
2019-12-20 11:00:00,2634.5,78.0,21.48,10.01,0.34,0.0,0.0026345
2019-12-20 12:00:00,1574.5,52.0,20.81,9.9,0.41,0.0,0.0015745
2019-12-20 13:00:00,1935.0,61.0,17.51,10.0,0.34,0.0,0.001935
2019-12-20 14:00:00,917.0,35.0,11.94,9.96,0.07,0.0,0.000917
2019-12-20 15:00:00,175.5,13.0,4.57,9.79,0.76,0.0,0.0001755
2019-12-20 16:00:00,0.0,0.0,0.0,9.32,1.59,0.0,0.0
2019-12-20 17:00:00,0.0,0.0,0.0,8.78,2.14,0.0,0.0
2019-12-20 18:00:00,0.0,0.0,0.0,8.31,3.03,0.0,0.0
2019-12-20 19:00:00,0.0,0.0,0.0,8.42,1.72,0.0,0.0
2019-12-20 20:00:00,0.0,0.0,0.0,8.17,1.17,0.0,0.0
2019-12-20 21:00:00,0.0,0.0,0.0,7.72,0.97,0.0,0.0
2019-12-20 22:00:00,0.0,0.0,0.0,7.4,0.83,0.0,0.0
2019-12-20 23:00:00,0.0,0.0,0.0,7.48,0.55,0.0,0.0
2019-12-21 00:00:00,0.0,0.0,0.0,7.55,0.28,0.0,0.0
2019-12-21 01:00:00,0.0,0.0,0.0,7.46,0.21,0.0,0.0
2019-12-21 02:00:00,0.0,0.0,0.0,6.74,0.83,0.0,0.0
2019-12-21 03:00:00,0.0,0.0,0.0,6.89,0.9,0.0,0.0
2019-12-21 04:00:00,0.0,0.0,0.0,7.13,1.17,0.0,0.0
2019-12-21 05:00:00,0.0,0.0,0.0,7.09,1.59,0.0,0.0
2019-12-21 06:00:00,0.0,0.0,0.0,7.11,1.72,0.0,0.0
2019-12-21 07:00:00,0.0,0.0,0.0,6.76,0.9,0.0,0.0
2019-12-21 08:00:00,2646.0,87.0,8.35,6.82,1.31,0.0,0.002646
2019-12-21 09:00:00,8063.0,224.01,14.9,7.68,1.38,0.0,0.008063
2019-12-21 10:00:00,12621.5,329.01,19.42,8.86,1.45,0.0,0.0126215
2019-12-21 11:00:00,14462.0,371.02,21.47,10.01,1.1,0.0,0.014462
2019-12-21 12:00:00,13898.0,361.02,20.82,10.91,1.1,0.0,0.013898
2019-12-21 13:00:00,10782.5,294.01,17.54,11.69,1.17,0.0,0.0107825
2019-12-21 14:00:00,5881.0,188.01,11.99,12.07,1.03,0.0,0.005881
2019-12-21 15:00:00,354.0,19.0,4.63,11.38,1.1,0.0,0.000354
2019-12-21 16:00:00,0.0,0.0,0.0,9.71,1.66,0.0,0.0
2019-12-21 17:00:00,0.0,0.0,0.0,7.9,1.52,0.0,0.0
2019-12-21 18:00:00,0.0,0.0,0.0,7.19,1.1,0.0,0.0
2019-12-21 19:00:00,0.0,0.0,0.0,6.58,1.17,0.0,0.0
2019-12-21 20:00:00,0.0,0.0,0.0,5.33,1.59,0.0,0.0
2019-12-21 21:00:00,0.0,0.0,0.0,4.93,1.59,0.0,0.0
2019-12-21 22:00:00,0.0,0.0,0.0,4.93,1.79,0.0,0.0
2019-12-21 23:00:00,0.0,0.0,0.0,5.25,1.66,0.0,0.0
2019-12-22 00:00:00,0.0,0.0,0.0,6.23,2.14,0.0,0.0
2019-12-22 01:00:00,0.0,0.0,0.0,6.86,2.69,0.0,0.0
2019-12-22 02:00:00,0.0,0.0,0.0,7.21,1.93,0.0,0.0
2019-12-22 03:00:00,0.0,0.0,0.0,7.15,1.03,0.0,0.0
2019-12-22 04:00:00,0.0,0.0,0.0,6.88,0.62,0.0,0.0
2019-12-22 05:00:00,0.0,0.0,0.0,6.87,0.48,0.0,0.0
2019-12-22 06:00:00,0.0,0.0,0.0,5.82,0.9,0.0,0.0
2019-12-22 07:00:00,0.0,0.0,0.0,5.86,1.38,0.0,0.0
2019-12-22 08:00:00,3148.0,124.01,8.29,6.34,1.17,0.0,0.003148
2019-12-22 09:00:00,8640.5,246.01,14.86,7.9,1.03,0.0,0.0086405
2019-12-22 10:00:00,12719.5,333.01,19.39,9.69,1.52,0.0,0.0127195
2019-12-22 11:00:00,14473.5,371.02,21.46,11.04,1.93,0.0,0.0144735
2019-12-22 12:00:00,13854.5,359.01,20.83,12.49,2.48,0.0,0.0138545
2019-12-22 13:00:00,10750.5,293.01,17.57,13.57,2.9,0.0,0.0107505
2019-12-22 14:00:00,5912.0,189.01,12.04,14.02,3.45,0.0,0.005912
2019-12-22 15:00:00,447.0,22.0,4.69,13.42,3.66,0.0,0.000447
2019-12-22 16:00:00,0.0,0.0,0.0,11.84,3.66,0.0,0.0
2019-12-22 17:00:00,0.0,0.0,0.0,11.02,4.34,0.0,0.0
2019-12-22 18:00:00,0.0,0.0,0.0,10.94,5.1,0.0,0.0
2019-12-22 19:00:00,0.0,0.0,0.0,10.67,4.55,0.0,0.0
2019-12-22 20:00:00,0.0,0.0,0.0,10.28,4.34,0.0,0.0
2019-12-22 21:00:00,0.0,0.0,0.0,9.58,3.79,0.0,0.0
2019-12-22 22:00:00,0.0,0.0,0.0,8.98,3.45,0.0,0.0
2019-12-22 23:00:00,0.0,0.0,0.0,8.4,2.9,0.0,0.0
2019-12-23 00:00:00,0.0,0.0,0.0,7.65,2.48,0.0,0.0
2019-12-23 01:00:00,0.0,0.0,0.0,7.07,2.34,0.0,0.0
2019-12-23 02:00:00,0.0,0.0,0.0,6.49,2.9,0.0,0.0
2019-12-23 03:00:00,0.0,0.0,0.0,6.86,3.38,0.0,0.0
2019-12-23 04:00:00,0.0,0.0,0.0,7.25,3.45,0.0,0.0
2019-12-23 05:00:00,0.0,0.0,0.0,7.46,3.59,0.0,0.0
2019-12-23 06:00:00,0.0,0.0,0.0,7.74,4.0,0.0,0.0
2019-12-23 07:00:00,0.0,0.0,0.0,8.16,3.72,0.0,0.0
2019-12-23 08:00:00,3137.0,118.01,8.23,9.02,4.41,0.0,0.003137
2019-12-23 09:00:00,8596.5,245.01,14.82,11.07,4.97,0.0,0.0085965
2019-12-23 10:00:00,12616.5,330.01,19.37,12.53,4.55,0.0,0.0126165
2019-12-23 11:00:00,14509.5,373.02,21.46,13.49,3.52,0.0,0.0145095
2019-12-23 12:00:00,13876.5,360.01,20.85,14.13,3.72,0.0,0.0138765
2019-12-23 13:00:00,10852.0,295.01,17.61,14.39,4.07,0.0,0.010852
2019-12-23 14:00:00,6016.0,191.01,12.09,14.18,4.69,0.0,0.006016
2019-12-23 15:00:00,447.5,22.0,4.76,13.3,4.62,0.0,0.0004475
2019-12-23 16:00:00,0.0,0.0,0.0,12.01,4.34,0.0,0.0
2019-12-23 17:00:00,0.0,0.0,0.0,11.14,4.21,0.0,0.0
2019-12-23 18:00:00,0.0,0.0,0.0,10.44,3.86,0.0,0.0
2019-12-23 19:00:00,0.0,0.0,0.0,10.04,2.76,0.0,0.0
2019-12-23 20:00:00,0.0,0.0,0.0,8.69,2.14,0.0,0.0
2019-12-23 21:00:00,0.0,0.0,0.0,7.44,1.59,0.0,0.0
2019-12-23 22:00:00,0.0,0.0,0.0,7.1,1.52,0.0,0.0
2019-12-23 23:00:00,0.0,0.0,0.0,4.88,2.07,0.0,0.0
2019-12-24 00:00:00,0.0,0.0,0.0,3.42,2.14,0.0,0.0
2019-12-24 01:00:00,0.0,0.0,0.0,2.62,1.86,0.0,0.0
2019-12-24 02:00:00,0.0,0.0,0.0,2.43,1.66,0.0,0.0
2019-12-24 03:00:00,0.0,0.0,0.0,2.3,1.45,0.0,0.0
2019-12-24 04:00:00,0.0,0.0,0.0,2.78,1.17,0.0,0.0
2019-12-24 05:00:00,0.0,0.0,0.0,2.55,1.1,0.0,0.0
2019-12-24 06:00:00,0.0,0.0,0.0,1.38,1.38,0.0,0.0
2019-12-24 07:00:00,0.0,0.0,0.0,3.5,0.69,0.0,0.0
2019-12-24 08:00:00,2983.0,109.01,8.19,3.77,0.9,0.0,0.002983
2019-12-24 09:00:00,8151.0,227.01,14.79,4.96,0.9,0.0,0.008151
2019-12-24 10:00:00,12222.0,318.01,19.36,7.64,0.76,0.0,0.012222
2019-12-24 11:00:00,13965.0,358.01,21.47,9.52,0.69,0.0,0.013965
2019-12-24 12:00:00,10602.0,272.01,20.88,10.88,0.48,0.0,0.010602
2019-12-24 13:00:00,10288.5,279.01,17.66,11.53,0.62,0.0,0.0102885
2019-12-24 14:00:00,5789.0,182.01,12.15,11.53,0.76,0.0,0.005789
2019-12-24 15:00:00,421.0,21.0,4.83,10.55,0.69,0.0,0.000421
2019-12-24 16:00:00,0.0,0.0,0.0,9.35,0.41,0.0,0.0
2019-12-24 17:00:00,0.0,0.0,0.0,7.22,0.83,0.0,0.0
2019-12-24 18:00:00,0.0,0.0,0.0,5.96,0.76,0.0,0.0
2019-12-24 19:00:00,0.0,0.0,0.0,3.85,1.72,0.0,0.0
2019-12-24 20:00:00,0.0,0.0,0.0,3.25,2.0,0.0,0.0
2019-12-24 21:00:00,0.0,0.0,0.0,3.65,1.86,0.0,0.0
2019-12-24 22:00:00,0.0,0.0,0.0,4.43,1.52,0.0,0.0
2019-12-24 23:00:00,0.0,0.0,0.0,3.93,1.52,0.0,0.0
2019-12-25 00:00:00,0.0,0.0,0.0,4.0,1.38,0.0,0.0
2019-12-25 01:00:00,0.0,0.0,0.0,5.82,0.83,0.0,0.0
2019-12-25 02:00:00,0.0,0.0,0.0,6.07,0.41,0.0,0.0
2019-12-25 03:00:00,0.0,0.0,0.0,5.22,0.9,0.0,0.0
2019-12-25 04:00:00,0.0,0.0,0.0,2.56,1.31,0.0,0.0
2019-12-25 05:00:00,0.0,0.0,0.0,0.92,1.86,0.0,0.0
2019-12-25 06:00:00,0.0,0.0,0.0,0.53,2.21,0.0,0.0
2019-12-25 07:00:00,0.0,0.0,0.0,0.89,2.41,0.0,0.0
2019-12-25 08:00:00,3182.0,115.01,8.15,1.5,2.28,0.0,0.003182
2019-12-25 09:00:00,8780.5,245.01,14.76,4.34,1.45,0.0,0.0087805
2019-12-25 10:00:00,12721.0,331.01,19.35,8.16,0.97,0.0,0.012721
2019-12-25 11:00:00,14570.5,374.02,21.48,9.92,0.76,0.0,0.0145705
2019-12-25 12:00:00,13924.0,361.01,20.92,11.19,0.9,0.0,0.013924
2019-12-25 13:00:00,11034.5,300.01,17.72,11.75,0.69,0.0,0.0110345
2019-12-25 14:00:00,6185.0,194.01,12.22,11.67,0.62,0.0,0.006185
2019-12-25 15:00:00,521.0,24.0,4.91,10.66,0.83,0.0,0.000521
2019-12-25 16:00:00,0.0,0.0,0.0,9.27,0.83,0.0,0.0
2019-12-25 17:00:00,0.0,0.0,0.0,7.65,1.03,0.0,0.0
2019-12-25 18:00:00,0.0,0.0,0.0,5.05,1.52,0.0,0.0
2019-12-25 19:00:00,0.0,0.0,0.0,8.54,1.17,0.0,0.0
2019-12-25 20:00:00,0.0,0.0,0.0,4.23,1.93,0.0,0.0
2019-12-25 21:00:00,0.0,0.0,0.0,2.67,1.93,0.0,0.0
2019-12-25 22:00:00,0.0,0.0,0.0,2.05,1.93,0.0,0.0
2019-12-25 23:00:00,0.0,0.0,0.0,1.99,1.86,0.0,0.0
2019-12-26 00:00:00,0.0,0.0,0.0,2.45,1.59,0.0,0.0
2019-12-26 01:00:00,0.0,0.0,0.0,4.34,1.1,0.0,0.0
2019-12-26 02:00:00,0.0,0.0,0.0,4.36,0.83,0.0,0.0
2019-12-26 03:00:00,0.0,0.0,0.0,3.65,0.9,0.0,0.0
2019-12-26 04:00:00,0.0,0.0,0.0,2.96,1.03,0.0,0.0
2019-12-26 05:00:00,0.0,0.0,0.0,2.58,1.03,0.0,0.0
2019-12-26 06:00:00,0.0,0.0,0.0,2.34,0.9,0.0,0.0
2019-12-26 07:00:00,0.0,0.0,0.0,2.56,0.76,0.0,0.0
2019-12-26 08:00:00,3052.5,114.01,8.11,3.01,0.48,0.0,0.0030525
2019-12-26 09:00:00,8505.0,239.01,14.74,4.73,0.41,0.0,0.008505
2019-12-26 10:00:00,12541.5,326.01,19.35,7.07,0.48,0.0,0.0125415
2019-12-26 11:00:00,5769.0,151.0,21.51,8.83,0.48,0.0,0.005769
2019-12-26 12:00:00,11635.0,297.01,20.96,9.86,0.55,0.0,0.011635
2019-12-26 13:00:00,4892.5,132.0,17.78,10.4,0.62,0.0,0.0048925
2019-12-26 14:00:00,4522.5,130.0,12.3,10.29,0.76,0.0,0.0045225
2019-12-26 15:00:00,559.5,25.0,5.0,9.45,0.97,0.0,0.0005595
2019-12-26 16:00:00,0.0,0.0,0.0,7.47,1.24,0.0,0.0
2019-12-26 17:00:00,0.0,0.0,0.0,5.18,1.52,0.0,0.0
2019-12-26 18:00:00,0.0,0.0,0.0,5.74,0.97,0.0,0.0
2019-12-26 19:00:00,0.0,0.0,0.0,4.67,0.97,0.0,0.0
2019-12-26 20:00:00,0.0,0.0,0.0,3.23,1.03,0.0,0.0
2019-12-26 21:00:00,0.0,0.0,0.0,3.27,0.62,0.0,0.0
2019-12-26 22:00:00,0.0,0.0,0.0,3.2,0.69,0.0,0.0
2019-12-26 23:00:00,0.0,0.0,0.0,2.25,1.03,0.0,0.0
2019-12-27 00:00:00,0.0,0.0,0.0,0.58,1.24,0.0,0.0
2019-12-27 01:00:00,0.0,0.0,0.0,-0.13,1.38,0.0,0.0
2019-12-27 02:00:00,0.0,0.0,0.0,0.1,1.31,0.0,0.0
2019-12-27 03:00:00,0.0,0.0,0.0,0.68,1.03,0.0,0.0
2019-12-27 04:00:00,0.0,0.0,0.0,0.71,0.62,0.0,0.0
2019-12-27 05:00:00,0.0,0.0,0.0,0.38,0.41,0.0,0.0
2019-12-27 06:00:00,0.0,0.0,0.0,0.35,0.34,0.0,0.0
2019-12-27 07:00:00,0.0,0.0,0.0,0.54,0.21,0.0,0.0
2019-12-27 08:00:00,3066.5,119.01,8.09,0.9,0.28,0.0,0.0030665
2019-12-27 09:00:00,3126.0,87.0,14.73,1.9,0.41,0.0,0.003126
2019-12-27 10:00:00,13019.5,336.01,19.36,4.6,0.55,0.0,0.0130195
2019-12-27 11:00:00,14395.5,363.01,21.54,6.17,0.62,0.0,0.0143955
2019-12-27 12:00:00,13883.0,354.01,21.01,7.31,0.62,0.0,0.013883
2019-12-27 13:00:00,10961.5,292.01,17.85,8.09,0.76,0.0,0.0109615
2019-12-27 14:00:00,6206.5,191.01,12.38,8.38,0.9,0.0,0.0062065
2019-12-27 15:00:00,495.0,23.0,5.09,7.82,0.41,0.0,0.000495
2019-12-27 16:00:00,0.0,0.0,0.0,6.97,0.62,0.0,0.0
2019-12-27 17:00:00,0.0,0.0,0.0,3.36,1.93,0.0,0.0
2019-12-27 18:00:00,0.0,0.0,0.0,2.24,2.14,0.0,0.0
2019-12-27 19:00:00,0.0,0.0,0.0,3.1,1.31,0.0,0.0
2019-12-27 20:00:00,0.0,0.0,0.0,3.8,0.69,0.0,0.0
2019-12-27 21:00:00,0.0,0.0,0.0,3.1,0.34,0.0,0.0
2019-12-27 22:00:00,0.0,0.0,0.0,3.17,0.14,0.0,0.0
2019-12-27 23:00:00,0.0,0.0,0.0,3.57,0.34,0.0,0.0
2019-12-28 00:00:00,0.0,0.0,0.0,3.38,0.97,0.0,0.0
2019-12-28 01:00:00,0.0,0.0,0.0,2.3,1.17,0.0,0.0
2019-12-28 02:00:00,0.0,0.0,0.0,1.37,1.31,0.0,0.0
2019-12-28 03:00:00,0.0,0.0,0.0,0.32,1.45,0.0,0.0
2019-12-28 04:00:00,0.0,0.0,0.0,0.09,1.24,0.0,0.0
2019-12-28 05:00:00,0.0,0.0,0.0,0.13,1.1,0.0,0.0
2019-12-28 06:00:00,0.0,0.0,0.0,-0.03,1.1,0.0,0.0
2019-12-28 07:00:00,0.0,0.0,0.0,0.94,0.83,0.0,0.0
2019-12-28 08:00:00,3020.0,107.01,8.07,0.86,0.83,0.0,0.00302
2019-12-28 09:00:00,8559.5,236.01,14.73,2.18,0.69,0.0,0.0085595
2019-12-28 10:00:00,12670.5,324.01,19.38,4.77,0.97,0.0,0.0126705
2019-12-28 11:00:00,14623.5,368.01,21.58,6.35,0.9,0.0,0.0146235
2019-12-28 12:00:00,14159.5,362.01,21.07,7.38,0.28,0.0,0.0141595
2019-12-28 13:00:00,11156.5,296.01,17.93,7.94,0.76,0.0,0.0111565
2019-12-28 14:00:00,6389.5,194.01,12.47,8.09,1.31,0.0,0.0063895
2019-12-28 15:00:00,531.5,24.0,5.19,7.21,1.24,0.0,0.0005315
2019-12-28 16:00:00,0.0,0.0,0.0,5.64,1.45,0.0,0.0
2019-12-28 17:00:00,0.0,0.0,0.0,3.78,1.24,0.0,0.0
2019-12-28 18:00:00,0.0,0.0,0.0,2.61,1.24,0.0,0.0
2019-12-28 19:00:00,0.0,0.0,0.0,3.16,0.83,0.0,0.0
2019-12-28 20:00:00,0.0,0.0,0.0,2.99,0.69,0.0,0.0
2019-12-28 21:00:00,0.0,0.0,0.0,2.3,0.76,0.0,0.0
2019-12-28 22:00:00,0.0,0.0,0.0,1.79,0.41,0.0,0.0
2019-12-28 23:00:00,0.0,0.0,0.0,1.31,0.34,0.0,0.0
2019-12-29 00:00:00,0.0,0.0,0.0,0.74,0.48,0.0,0.0
2019-12-29 01:00:00,0.0,0.0,0.0,-0.03,0.62,0.0,0.0
2019-12-29 02:00:00,0.0,0.0,0.0,0.04,0.48,0.0,0.0
2019-12-29 03:00:00,0.0,0.0,0.0,0.0,0.55,0.0,0.0
2019-12-29 04:00:00,0.0,0.0,0.0,-0.01,0.55,0.0,0.0
2019-12-29 05:00:00,0.0,0.0,0.0,-0.11,0.41,0.0,0.0
2019-12-29 06:00:00,0.0,0.0,0.0,-0.18,0.41,0.0,0.0
2019-12-29 07:00:00,0.0,0.0,0.0,0.77,0.55,0.0,0.0
2019-12-29 08:00:00,1826.5,58.0,8.05,0.19,0.9,0.0,0.0018265
2019-12-29 09:00:00,4889.5,129.0,14.73,1.39,0.41,0.0,0.0048895
2019-12-29 10:00:00,6305.5,160.0,19.4,2.5,0.14,0.0,0.0063055
2019-12-29 11:00:00,13994.0,348.01,21.62,3.56,0.28,0.0,0.013994
2019-12-29 12:00:00,13441.0,336.01,21.14,4.65,0.69,0.0,0.013441
2019-12-29 13:00:00,10725.5,279.01,18.01,5.44,0.83,0.0,0.0107255
2019-12-29 14:00:00,6215.0,183.01,12.57,5.63,1.1,0.0,0.006215
2019-12-29 15:00:00,790.5,31.0,5.29,5.27,1.24,0.0,0.0007905
2019-12-29 16:00:00,0.0,0.0,0.0,4.28,1.24,0.0,0.0
2019-12-29 17:00:00,0.0,0.0,0.0,2.82,0.9,0.0,0.0
2019-12-29 18:00:00,0.0,0.0,0.0,1.59,1.17,0.0,0.0
2019-12-29 19:00:00,0.0,0.0,0.0,1.29,0.9,0.0,0.0
2019-12-29 20:00:00,0.0,0.0,0.0,1.63,0.69,0.0,0.0
2019-12-29 21:00:00,0.0,0.0,0.0,-0.09,1.24,0.0,0.0
2019-12-29 22:00:00,0.0,0.0,0.0,0.05,0.9,0.0,0.0
2019-12-29 23:00:00,0.0,0.0,0.0,-0.44,0.97,0.0,0.0
2019-12-30 00:00:00,0.0,0.0,0.0,-1.21,1.59,0.0,0.0
2019-12-30 01:00:00,0.0,0.0,0.0,-0.86,1.59,0.0,0.0
2019-12-30 02:00:00,0.0,0.0,0.0,-0.89,1.45,0.0,0.0
2019-12-30 03:00:00,0.0,0.0,0.0,-0.94,1.24,0.0,0.0
2019-12-30 04:00:00,0.0,0.0,0.0,-0.84,1.03,0.0,0.0
2019-12-30 05:00:00,0.0,0.0,0.0,-0.83,0.9,0.0,0.0
2019-12-30 06:00:00,0.0,0.0,0.0,-0.51,0.69,0.0,0.0
2019-12-30 07:00:00,0.0,0.0,0.0,-0.75,0.62,0.0,0.0
2019-12-30 08:00:00,1312.5,44.0,8.05,-0.35,0.55,0.0,0.0013125
2019-12-30 09:00:00,2417.0,70.0,14.74,0.3,0.69,0.0,0.002417
2019-12-30 10:00:00,2364.0,69.0,19.44,1.18,0.69,0.0,0.002364
2019-12-30 11:00:00,2827.5,80.0,21.68,1.96,0.41,0.0,0.0028275
2019-12-30 12:00:00,3510.5,96.0,21.21,2.97,0.62,0.0,0.0035105
2019-12-30 13:00:00,3066.5,86.0,18.1,3.69,1.03,0.0,0.0030665
2019-12-30 14:00:00,2657.5,77.0,12.67,3.94,1.17,0.0,0.0026575
2019-12-30 15:00:00,797.0,31.0,5.4,3.67,1.17,0.0,0.000797
2019-12-30 16:00:00,0.0,0.0,0.0,3.06,1.03,0.0,0.0
2019-12-30 17:00:00,0.0,0.0,0.0,2.02,0.9,0.0,0.0
2019-12-30 18:00:00,0.0,0.0,0.0,1.73,0.55,0.0,0.0
2019-12-30 19:00:00,0.0,0.0,0.0,0.58,0.69,0.0,0.0
2019-12-30 20:00:00,0.0,0.0,0.0,0.09,0.83,0.0,0.0
2019-12-30 21:00:00,0.0,0.0,0.0,-0.85,1.1,0.0,0.0
2019-12-30 22:00:00,0.0,0.0,0.0,-0.88,1.03,0.0,0.0
2019-12-30 23:00:00,0.0,0.0,0.0,-0.29,0.9,0.0,0.0
2019-12-31 00:00:00,0.0,0.0,0.0,-0.32,0.69,0.0,0.0
2019-12-31 01:00:00,0.0,0.0,0.0,-0.44,0.62,0.0,0.0
2019-12-31 02:00:00,0.0,0.0,0.0,-0.76,0.62,0.0,0.0
2019-12-31 03:00:00,0.0,0.0,0.0,-1.19,0.69,0.0,0.0
2019-12-31 04:00:00,0.0,0.0,0.0,-1.15,0.76,0.0,0.0
2019-12-31 05:00:00,0.0,0.0,0.0,-1.86,0.83,0.0,0.0
2019-12-31 06:00:00,0.0,0.0,0.0,-1.96,0.9,0.0,0.0
2019-12-31 07:00:00,0.0,0.0,0.0,-1.63,0.97,0.0,0.0
2019-12-31 08:00:00,2580.5,83.0,8.05,-0.5,0.62,0.0,0.0025805
2019-12-31 09:00:00,6447.0,170.0,14.76,1.78,0.34,0.0,0.006447
2019-12-31 10:00:00,9241.5,233.0,19.48,4.65,0.14,0.0,0.0092415
2019-12-31 11:00:00,13209.0,333.01,21.74,6.9,0.07,0.0,0.013209
2019-12-31 12:00:00,13545.0,346.01,21.29,8.48,0.34,0.0,0.013545
2019-12-31 13:00:00,10926.5,291.01,18.2,9.41,0.28,0.0,0.0109265
2019-12-31 14:00:00,6307.5,190.01,12.78,9.69,0.14,0.0,0.0063075
2019-12-31 15:00:00,527.0,24.0,5.52,8.68,0.48,0.0,0.000527
2019-12-31 16:00:00,0.0,0.0,0.0,7.54,0.76,0.0,0.0
2019-12-31 17:00:00,0.0,0.0,0.0,6.98,0.62,0.0,0.0
2019-12-31 18:00:00,0.0,0.0,0.0,5.89,0.41,0.0,0.0
2019-12-31 19:00:00,0.0,0.0,0.0,4.92,0.9,0.0,0.0
2019-12-31 20:00:00,0.0,0.0,0.0,4.51,0.55,0.0,0.0
2019-12-31 21:00:00,0.0,0.0,0.0,3.97,0.48,0.0,0.0
2019-12-31 22:00:00,0.0,0.0,0.0,3.11,0.62,0.0,0.0
2019-12-31 23:00:00,0.0,0.0,0.0,2.34,0.83,0.0,0.0
2020-01-01 00:00:00,0.0,0.0,0.0,1.8,0.9,0.0,0.0
2020-01-01 01:00:00,0.0,0.0,0.0,1.26,0.83,0.0,0.0
2020-01-01 02:00:00,0.0,0.0,0.0,0.9,0.76,0.0,0.0
2020-01-01 03:00:00,0.0,0.0,0.0,0.69,0.69,0.0,0.0
2020-01-01 04:00:00,0.0,0.0,0.0,0.46,0.62,0.0,0.0
2020-01-01 05:00:00,0.0,0.0,0.0,0.1,0.69,0.0,0.0
2020-01-01 06:00:00,0.0,0.0,0.0,-0.01,0.62,0.0,0.0
2020-01-01 07:00:00,0.0,0.0,0.0,-1.34,0.69,0.0,0.0
2020-01-01 08:00:00,3105.5,114.01,8.06,-1.12,0.62,0.0,0.0031055
2020-01-01 09:00:00,8856.0,245.01,14.8,1.34,0.41,0.0,0.008856
2020-01-01 10:00:00,13058.0,335.01,19.54,4.21,0.21,0.0,0.013058
2020-01-01 11:00:00,15051.5,381.02,21.82,6.73,0.34,0.0,0.0150515
2020-01-01 12:00:00,14603.0,373.02,21.41,8.46,0.69,0.0,0.014603
2020-01-01 13:00:00,11704.0,312.01,18.33,9.59,0.9,0.0,0.011704
2020-01-01 14:00:00,6821.5,208.01,12.93,9.69,1.17,0.0,0.0068215
2020-01-01 15:00:00,459.0,22.0,5.68,8.66,1.52,0.0,0.000459
2020-01-01 16:00:00,0.0,0.0,0.0,6.73,2.0,0.0,0.0
2020-01-01 17:00:00,0.0,0.0,0.0,5.04,1.79,0.0,0.0
2020-01-01 18:00:00,0.0,0.0,0.0,3.67,1.59,0.0,0.0
2020-01-01 19:00:00,0.0,0.0,0.0,3.51,0.97,0.0,0.0
2020-01-01 20:00:00,0.0,0.0,0.0,3.0,0.97,0.0,0.0
2020-01-01 21:00:00,0.0,0.0,0.0,2.04,1.1,0.0,0.0
2020-01-01 22:00:00,0.0,0.0,0.0,1.22,1.17,0.0,0.0
2020-01-01 23:00:00,0.0,0.0,0.0,0.76,0.9,0.0,0.0
2020-01-02 00:00:00,0.0,0.0,0.0,0.23,0.41,0.0,0.0
2020-01-02 01:00:00,0.0,0.0,0.0,-0.51,0.41,0.0,0.0
2020-01-02 02:00:00,0.0,0.0,0.0,-0.96,0.28,0.0,0.0
2020-01-02 03:00:00,0.0,0.0,0.0,-1.19,0.28,0.0,0.0
2020-01-02 04:00:00,0.0,0.0,0.0,-0.79,0.41,0.0,0.0
2020-01-02 05:00:00,0.0,0.0,0.0,-1.08,0.48,0.0,0.0
2020-01-02 06:00:00,0.0,0.0,0.0,-1.07,0.69,0.0,0.0
2020-01-02 07:00:00,0.0,0.0,0.0,-0.26,0.97,0.0,0.0
2020-01-02 08:00:00,3026.5,114.01,8.07,0.07,1.1,0.0,0.0030265
2020-01-02 09:00:00,8582.5,236.01,14.83,1.6,0.97,0.0,0.0085825
2020-01-02 10:00:00,12913.5,328.01,19.59,3.56,0.97,0.0,0.0129135
2020-01-02 11:00:00,14917.5,373.01,21.9,5.36,0.9,0.0,0.0149175
2020-01-02 12:00:00,14567.0,369.01,21.51,6.77,0.69,0.0,0.014567
2020-01-02 13:00:00,11543.5,305.01,18.44,7.82,0.48,0.0,0.0115435
2020-01-02 14:00:00,6824.0,206.01,13.05,8.11,0.41,0.0,0.006824
2020-01-02 15:00:00,461.5,22.0,5.8,7.61,0.41,0.0,0.0004615
2020-01-02 16:00:00,0.0,0.0,0.0,6.53,0.55,0.0,0.0
2020-01-02 17:00:00,0.0,0.0,0.0,5.61,0.76,0.0,0.0
2020-01-02 18:00:00,0.0,0.0,0.0,3.43,1.17,0.0,0.0
2020-01-02 19:00:00,0.0,0.0,0.0,2.38,0.9,0.0,0.0
2020-01-02 20:00:00,0.0,0.0,0.0,1.88,0.83,0.0,0.0
2020-01-02 21:00:00,0.0,0.0,0.0,1.14,1.03,0.0,0.0
2020-01-02 22:00:00,0.0,0.0,0.0,0.5,1.17,0.0,0.0
2020-01-02 23:00:00,0.0,0.0,0.0,-0.05,1.45,0.0,0.0
2020-01-03 00:00:00,0.0,0.0,0.0,-0.28,1.52,0.0,0.0
2020-01-03 01:00:00,0.0,0.0,0.0,-0.27,1.38,0.0,0.0
2020-01-03 02:00:00,0.0,0.0,0.0,-0.3,1.31,0.0,0.0
2020-01-03 03:00:00,0.0,0.0,0.0,-0.3,1.24,0.0,0.0
2020-01-03 04:00:00,0.0,0.0,0.0,-0.16,1.17,0.0,0.0
2020-01-03 05:00:00,0.0,0.0,0.0,0.6,0.9,0.0,0.0
2020-01-03 06:00:00,0.0,0.0,0.0,1.13,0.62,0.0,0.0
2020-01-03 07:00:00,0.0,0.0,0.0,0.58,0.28,0.0,0.0
2020-01-03 08:00:00,1841.5,59.0,8.09,1.3,0.28,0.0,0.0018415
2020-01-03 09:00:00,3583.5,98.0,14.87,2.47,0.28,0.0,0.0035835
2020-01-03 10:00:00,5916.0,152.0,19.65,4.5,0.48,0.0,0.005916
2020-01-03 11:00:00,10219.0,254.0,21.99,6.15,0.69,0.0,0.010219
2020-01-03 12:00:00,7363.5,187.0,21.61,7.21,0.69,0.0,0.0073635
2020-01-03 13:00:00,4279.5,116.0,18.56,7.96,0.62,0.0,0.0042795
2020-01-03 14:00:00,1913.5,60.0,13.18,8.14,0.83,0.0,0.0019135
2020-01-03 15:00:00,1006.5,37.0,5.94,7.39,1.24,0.0,0.0010065
2020-01-03 16:00:00,0.0,0.0,0.0,6.04,1.52,0.0,0.0
2020-01-03 17:00:00,0.0,0.0,0.0,4.99,1.31,0.0,0.0
2020-01-03 18:00:00,0.0,0.0,0.0,3.79,1.1,0.0,0.0
2020-01-03 19:00:00,0.0,0.0,0.0,3.27,0.83,0.0,0.0
2020-01-03 20:00:00,0.0,0.0,0.0,3.15,0.69,0.0,0.0
2020-01-03 21:00:00,0.0,0.0,0.0,2.87,0.34,0.0,0.0
2020-01-03 22:00:00,0.0,0.0,0.0,2.3,0.76,0.0,0.0
2020-01-03 23:00:00,0.0,0.0,0.0,1.75,0.83,0.0,0.0
2020-01-04 00:00:00,0.0,0.0,0.0,1.91,0.69,0.0,0.0
2020-01-04 01:00:00,0.0,0.0,0.0,2.32,0.41,0.0,0.0
2020-01-04 02:00:00,0.0,0.0,0.0,2.11,0.28,0.0,0.0
2020-01-04 03:00:00,0.0,0.0,0.0,1.76,0.21,0.0,0.0
2020-01-04 04:00:00,0.0,0.0,0.0,1.57,0.48,0.0,0.0
2020-01-04 05:00:00,0.0,0.0,0.0,1.8,0.76,0.0,0.0
2020-01-04 06:00:00,0.0,0.0,0.0,1.57,0.9,0.0,0.0
2020-01-04 07:00:00,0.0,0.0,0.0,0.17,0.97,0.0,0.0
2020-01-04 08:00:00,2936.0,104.01,8.12,1.36,0.55,0.0,0.002936
2020-01-04 09:00:00,8752.0,243.01,14.92,2.43,0.41,0.0,0.008752
2020-01-04 10:00:00,12543.5,320.01,19.73,5.11,0.62,0.0,0.0125435
2020-01-04 11:00:00,14655.0,370.01,22.08,7.68,0.69,0.0,0.014655
2020-01-04 12:00:00,14405.0,369.01,21.72,9.52,0.55,0.0,0.014405
2020-01-04 13:00:00,11729.0,314.01,18.69,10.71,0.41,0.0,0.011729
2020-01-04 14:00:00,6878.0,208.01,13.32,11.07,0.41,0.0,0.006878
2020-01-04 15:00:00,556.0,25.0,6.08,10.48,0.69,0.0,0.000556
2020-01-04 16:00:00,0.0,0.0,0.0,8.08,1.31,0.0,0.0
2020-01-04 17:00:00,0.0,0.0,0.0,6.13,1.52,0.0,0.0
2020-01-04 18:00:00,0.0,0.0,0.0,4.57,1.72,0.0,0.0
2020-01-04 19:00:00,0.0,0.0,0.0,3.83,1.93,0.0,0.0
2020-01-04 20:00:00,0.0,0.0,0.0,6.77,0.55,0.0,0.0
2020-01-04 21:00:00,0.0,0.0,0.0,5.6,0.34,0.0,0.0
2020-01-04 22:00:00,0.0,0.0,0.0,5.23,0.48,0.0,0.0
2020-01-04 23:00:00,0.0,0.0,0.0,4.84,0.97,0.0,0.0
2020-01-05 00:00:00,0.0,0.0,0.0,4.13,1.17,0.0,0.0
2020-01-05 01:00:00,0.0,0.0,0.0,1.58,1.59,0.0,0.0
2020-01-05 02:00:00,0.0,0.0,0.0,0.5,1.52,0.0,0.0
2020-01-05 03:00:00,0.0,0.0,0.0,1.98,0.97,0.0,0.0
2020-01-05 04:00:00,0.0,0.0,0.0,1.55,0.9,0.0,0.0
2020-01-05 05:00:00,0.0,0.0,0.0,1.31,0.83,0.0,0.0
2020-01-05 06:00:00,0.0,0.0,0.0,1.09,0.69,0.0,0.0
2020-01-05 07:00:00,0.0,0.0,0.0,2.23,0.41,0.0,0.0
2020-01-05 08:00:00,3052.0,112.01,8.16,2.07,0.69,0.0,0.003052
2020-01-05 09:00:00,8763.0,245.01,14.98,3.98,0.62,0.0,0.008763
2020-01-05 10:00:00,12912.5,333.01,19.8,6.92,0.76,0.0,0.0129125
2020-01-05 11:00:00,14978.0,380.02,22.18,8.86,0.9,0.0,0.014978
2020-01-05 12:00:00,14568.5,373.01,21.84,10.03,0.83,0.0,0.0145685
2020-01-05 13:00:00,11767.5,313.01,18.83,10.66,0.83,0.0,0.0117675
2020-01-05 14:00:00,7111.0,215.01,13.46,10.71,0.97,0.0,0.007111
2020-01-05 15:00:00,422.5,21.0,6.23,9.87,1.31,0.0,0.0004225
2020-01-05 16:00:00,0.0,0.0,0.0,7.88,1.38,0.0,0.0
2020-01-05 17:00:00,0.0,0.0,0.0,6.51,1.17,0.0,0.0
2020-01-05 18:00:00,0.0,0.0,0.0,5.89,1.1,0.0,0.0
2020-01-05 19:00:00,0.0,0.0,0.0,5.61,1.24,0.0,0.0
2020-01-05 20:00:00,0.0,0.0,0.0,5.5,0.9,0.0,0.0
2020-01-05 21:00:00,0.0,0.0,0.0,5.14,0.34,0.0,0.0
2020-01-05 22:00:00,0.0,0.0,0.0,4.66,0.41,0.0,0.0
2020-01-05 23:00:00,0.0,0.0,0.0,4.02,0.48,0.0,0.0
2020-01-06 00:00:00,0.0,0.0,0.0,3.11,0.69,0.0,0.0
2020-01-06 01:00:00,0.0,0.0,0.0,2.05,0.76,0.0,0.0
2020-01-06 02:00:00,0.0,0.0,0.0,1.3,0.83,0.0,0.0
2020-01-06 03:00:00,0.0,0.0,0.0,0.71,0.83,0.0,0.0
2020-01-06 04:00:00,0.0,0.0,0.0,0.04,0.9,0.0,0.0
2020-01-06 05:00:00,0.0,0.0,0.0,-0.69,1.03,0.0,0.0
2020-01-06 06:00:00,0.0,0.0,0.0,-0.76,0.97,0.0,0.0
2020-01-06 07:00:00,0.0,0.0,0.0,-0.61,0.41,0.0,0.0
2020-01-06 08:00:00,2546.0,81.0,8.2,-0.23,0.55,0.0,0.002546
2020-01-06 09:00:00,5381.5,141.0,15.04,1.64,0.62,0.0,0.0053815
2020-01-06 10:00:00,7000.5,177.0,19.89,4.1,0.55,0.0,0.0070005
2020-01-06 11:00:00,7853.5,197.0,22.29,5.63,0.55,0.0,0.0078535
2020-01-06 12:00:00,11248.5,280.01,21.97,6.65,0.69,0.0,0.0112485
2020-01-06 13:00:00,11349.0,294.01,18.97,7.26,0.9,0.0,0.011349
2020-01-06 14:00:00,7281.0,214.01,13.61,7.32,1.17,0.0,0.007281
2020-01-06 15:00:00,533.0,24.0,6.38,6.7,1.17,0.0,0.000533
2020-01-06 16:00:00,0.0,0.0,0.0,5.19,1.72,0.0,0.0
2020-01-06 17:00:00,0.0,0.0,0.0,3.52,1.59,0.0,0.0
2020-01-06 18:00:00,0.0,0.0,0.0,2.14,1.24,0.0,0.0
2020-01-06 19:00:00,0.0,0.0,0.0,1.12,1.24,0.0,0.0
2020-01-06 20:00:00,0.0,0.0,0.0,0.5,0.97,0.0,0.0
2020-01-06 21:00:00,0.0,0.0,0.0,0.56,0.55,0.0,0.0
2020-01-06 22:00:00,0.0,0.0,0.0,0.41,0.41,0.0,0.0
2020-01-06 23:00:00,0.0,0.0,0.0,-0.01,0.69,0.0,0.0
2020-01-07 00:00:00,0.0,0.0,0.0,-0.55,0.69,0.0,0.0
2020-01-07 01:00:00,0.0,0.0,0.0,-1.09,0.48,0.0,0.0
2020-01-07 02:00:00,0.0,0.0,0.0,-1.51,0.34,0.0,0.0
2020-01-07 03:00:00,0.0,0.0,0.0,-1.84,0.41,0.0,0.0
2020-01-07 04:00:00,0.0,0.0,0.0,-1.9,0.0,0.0,0.0
2020-01-07 05:00:00,0.0,0.0,0.0,-2.12,0.34,0.0,0.0
2020-01-07 06:00:00,0.0,0.0,0.0,-2.22,0.34,0.0,0.0
2020-01-07 07:00:00,0.0,0.0,0.0,-1.85,0.34,0.0,0.0
2020-01-07 08:00:00,1443.0,47.0,8.25,-1.44,0.34,0.0,0.001443
2020-01-07 09:00:00,6865.5,178.0,15.11,-0.62,0.55,0.0,0.0068655
2020-01-07 10:00:00,11634.0,287.01,19.98,0.54,0.69,0.0,0.011634
2020-01-07 11:00:00,15159.5,372.01,22.41,2.37,0.69,0.0,0.0151595
2020-01-07 12:00:00,14704.0,365.01,22.11,4.15,0.62,0.0,0.014704
2020-01-07 13:00:00,12027.5,310.01,19.11,5.18,0.48,0.0,0.0120275
2020-01-07 14:00:00,7425.0,216.01,13.76,5.85,0.41,0.0,0.007425
2020-01-07 15:00:00,606.0,26.0,6.53,5.76,0.28,0.0,0.000606
2020-01-07 16:00:00,0.0,0.0,0.0,5.07,0.07,0.0,0.0
2020-01-07 17:00:00,0.0,0.0,0.0,4.15,0.41,0.0,0.0
2020-01-07 18:00:00,0.0,0.0,0.0,2.76,0.55,0.0,0.0
2020-01-07 19:00:00,0.0,0.0,0.0,0.7,1.03,0.0,0.0
2020-01-07 20:00:00,0.0,0.0,0.0,0.59,1.03,0.0,0.0
2020-01-07 21:00:00,0.0,0.0,0.0,0.13,1.03,0.0,0.0
2020-01-07 22:00:00,0.0,0.0,0.0,0.76,0.48,0.0,0.0
2020-01-07 23:00:00,0.0,0.0,0.0,0.36,0.34,0.0,0.0
2020-01-08 00:00:00,0.0,0.0,0.0,0.04,0.83,0.0,0.0
2020-01-08 01:00:00,0.0,0.0,0.0,-0.51,1.03,0.0,0.0
2020-01-08 02:00:00,0.0,0.0,0.0,-1.24,1.24,0.0,0.0
2020-01-08 03:00:00,0.0,0.0,0.0,-1.85,1.31,0.0,0.0
2020-01-08 04:00:00,0.0,0.0,0.0,-1.72,1.17,0.0,0.0
2020-01-08 05:00:00,0.0,0.0,0.0,-1.45,1.03,0.0,0.0
2020-01-08 06:00:00,0.0,0.0,0.0,-1.34,0.97,0.0,0.0
2020-01-08 07:00:00,0.0,0.0,0.0,-1.63,1.24,0.0,0.0
2020-01-08 08:00:00,2501.5,78.0,8.3,-0.22,0.9,0.0,0.0025015
2020-01-08 09:00:00,6206.0,162.0,15.19,1.96,0.41,0.0,0.006206
2020-01-08 10:00:00,9394.5,236.0,20.08,5.4,0.41,0.0,0.0093945
2020-01-08 11:00:00,11768.0,294.01,22.53,7.66,0.28,0.0,0.011768
2020-01-08 12:00:00,12342.0,312.01,22.25,9.25,0.14,0.0,0.012342
2020-01-08 13:00:00,10460.5,272.01,19.27,10.13,0.41,0.0,0.0104605
2020-01-08 14:00:00,7184.5,208.01,13.92,10.17,0.69,0.0,0.0071845
2020-01-08 15:00:00,847.5,33.0,6.7,9.17,1.31,0.0,0.0008475
2020-01-08 16:00:00,0.0,0.0,0.0,7.01,1.72,0.0,0.0
2020-01-08 17:00:00,0.0,0.0,0.0,4.71,1.59,0.0,0.0
2020-01-08 18:00:00,0.0,0.0,0.0,3.74,1.17,0.0,0.0
2020-01-08 19:00:00,0.0,0.0,0.0,4.12,0.69,0.0,0.0
2020-01-08 20:00:00,0.0,0.0,0.0,3.35,0.41,0.0,0.0
2020-01-08 21:00:00,0.0,0.0,0.0,2.73,0.28,0.0,0.0
2020-01-08 22:00:00,0.0,0.0,0.0,1.71,0.28,0.0,0.0
2020-01-08 23:00:00,0.0,0.0,0.0,0.75,0.28,0.0,0.0
2020-01-09 00:00:00,0.0,0.0,0.0,0.32,0.21,0.0,0.0
2020-01-09 01:00:00,0.0,0.0,0.0,0.22,0.07,0.0,0.0
2020-01-09 02:00:00,0.0,0.0,0.0,-0.06,0.0,0.0,0.0
2020-01-09 03:00:00,0.0,0.0,0.0,-1.13,0.14,0.0,0.0
2020-01-09 04:00:00,0.0,0.0,0.0,-1.73,0.21,0.0,0.0
2020-01-09 05:00:00,0.0,0.0,0.0,-1.99,0.34,0.0,0.0
2020-01-09 06:00:00,0.0,0.0,0.0,-2.2,0.28,0.0,0.0
2020-01-09 07:00:00,0.0,0.0,0.0,-1.14,0.0,0.0,0.0
2020-01-09 08:00:00,3189.5,111.01,8.37,-0.76,0.21,0.0,0.0031895
2020-01-09 09:00:00,8968.5,244.01,15.27,1.59,0.21,0.0,0.0089685
2020-01-09 10:00:00,13432.0,342.01,20.19,4.2,0.07,0.0,0.013432
2020-01-09 11:00:00,15733.0,395.02,22.66,6.26,0.28,0.0,0.015733
2020-01-09 12:00:00,15079.0,381.01,22.39,7.81,0.41,0.0,0.015079
2020-01-09 13:00:00,12461.5,326.01,19.43,8.76,0.55,0.0,0.0124615
2020-01-09 14:00:00,7742.5,227.01,14.09,9.18,0.83,0.0,0.0077425
2020-01-09 15:00:00,562.0,25.0,6.86,8.55,1.31,0.0,0.000562
2020-01-09 16:00:00,0.0,0.0,0.0,6.65,1.79,0.0,0.0
2020-01-09 17:00:00,0.0,0.0,0.0,4.8,1.66,0.0,0.0
2020-01-09 18:00:00,0.0,0.0,0.0,3.58,1.31,0.0,0.0
2020-01-09 19:00:00,0.0,0.0,0.0,3.25,1.31,0.0,0.0
2020-01-09 20:00:00,0.0,0.0,0.0,2.91,1.24,0.0,0.0
2020-01-09 21:00:00,0.0,0.0,0.0,2.46,1.17,0.0,0.0
2020-01-09 22:00:00,0.0,0.0,0.0,2.16,1.03,0.0,0.0
2020-01-09 23:00:00,0.0,0.0,0.0,2.1,0.97,0.0,0.0
2020-01-10 00:00:00,0.0,0.0,0.0,2.23,0.9,0.0,0.0
2020-01-10 01:00:00,0.0,0.0,0.0,2.46,0.9,0.0,0.0
2020-01-10 02:00:00,0.0,0.0,0.0,2.65,0.83,0.0,0.0
2020-01-10 03:00:00,0.0,0.0,0.0,2.51,0.76,0.0,0.0
2020-01-10 04:00:00,0.0,0.0,0.0,2.9,0.55,0.0,0.0
2020-01-10 05:00:00,0.0,0.0,0.0,3.01,0.62,0.0,0.0
2020-01-10 06:00:00,0.0,0.0,0.0,2.74,0.76,0.0,0.0
2020-01-10 07:00:00,0.0,0.0,0.0,2.82,0.62,0.0,0.0
2020-01-10 08:00:00,3182.0,116.01,8.44,3.44,0.48,0.0,0.003182
2020-01-10 09:00:00,8495.5,231.01,15.36,4.01,0.55,0.0,0.0084955
2020-01-10 10:00:00,13295.0,338.01,20.31,5.22,0.83,0.0,0.013295
2020-01-10 11:00:00,15440.5,385.01,22.8,6.38,0.9,0.0,0.0154405
2020-01-10 12:00:00,15286.0,384.01,22.55,7.25,0.83,0.0,0.015286
2020-01-10 13:00:00,12435.0,324.01,19.59,8.17,0.55,0.0,0.012435
2020-01-10 14:00:00,7723.0,225.01,14.26,8.46,0.28,0.0,0.007723
2020-01-10 15:00:00,598.0,26.0,7.04,8.22,0.34,0.0,0.000598
2020-01-10 16:00:00,0.0,0.0,0.0,7.02,0.69,0.0,0.0
2020-01-10 17:00:00,0.0,0.0,0.0,6.61,0.62,0.0,0.0
2020-01-10 18:00:00,0.0,0.0,0.0,5.73,0.76,0.0,0.0
2020-01-10 19:00:00,0.0,0.0,0.0,5.45,1.03,0.0,0.0
2020-01-10 20:00:00,0.0,0.0,0.0,4.07,1.1,0.0,0.0
2020-01-10 21:00:00,0.0,0.0,0.0,2.46,1.17,0.0,0.0
2020-01-10 22:00:00,0.0,0.0,0.0,1.68,1.24,0.0,0.0
2020-01-10 23:00:00,0.0,0.0,0.0,1.24,1.31,0.0,0.0
2020-01-11 00:00:00,0.0,0.0,0.0,1.15,1.1,0.0,0.0
2020-01-11 01:00:00,0.0,0.0,0.0,0.94,0.9,0.0,0.0
2020-01-11 02:00:00,0.0,0.0,0.0,0.62,0.76,0.0,0.0
2020-01-11 03:00:00,0.0,0.0,0.0,0.03,0.41,0.0,0.0
2020-01-11 04:00:00,0.0,0.0,0.0,-0.41,0.41,0.0,0.0
2020-01-11 05:00:00,0.0,0.0,0.0,-0.63,0.41,0.0,0.0
2020-01-11 06:00:00,0.0,0.0,0.0,-0.46,0.48,0.0,0.0
2020-01-11 07:00:00,0.0,0.0,0.0,0.27,0.41,0.0,0.0
2020-01-11 08:00:00,3367.0,122.01,8.51,0.96,0.14,0.0,0.003367
2020-01-11 09:00:00,9406.0,259.01,15.46,2.89,0.07,0.0,0.009406
2020-01-11 10:00:00,13766.5,352.01,20.43,5.37,0.07,0.0,0.0137665
2020-01-11 11:00:00,15905.0,401.02,22.94,7.83,0.34,0.0,0.015905
2020-01-11 12:00:00,15521.5,394.02,22.71,9.4,0.55,0.0,0.0155215
2020-01-11 13:00:00,12869.5,338.01,19.77,10.39,0.69,0.0,0.0128695
2020-01-11 14:00:00,8107.5,237.01,14.44,10.62,0.9,0.0,0.0081075
2020-01-11 15:00:00,523.5,24.0,7.21,9.94,1.17,0.0,0.0005235
2020-01-11 16:00:00,0.0,0.0,0.0,8.26,1.38,0.0,0.0
2020-01-11 17:00:00,0.0,0.0,0.0,6.26,1.03,0.0,0.0
2020-01-11 18:00:00,0.0,0.0,0.0,6.4,0.62,0.0,0.0
2020-01-11 19:00:00,0.0,0.0,0.0,6.78,0.48,0.0,0.0
2020-01-11 20:00:00,0.0,0.0,0.0,5.37,0.76,0.0,0.0
2020-01-11 21:00:00,0.0,0.0,0.0,4.49,0.55,0.0,0.0
2020-01-11 22:00:00,0.0,0.0,0.0,3.81,0.28,0.0,0.0
2020-01-11 23:00:00,0.0,0.0,0.0,3.19,0.14,0.0,0.0
2020-01-12 00:00:00,0.0,0.0,0.0,2.65,0.34,0.0,0.0
2020-01-12 01:00:00,0.0,0.0,0.0,2.09,0.34,0.0,0.0
2020-01-12 02:00:00,0.0,0.0,0.0,1.83,0.28,0.0,0.0
2020-01-12 03:00:00,0.0,0.0,0.0,1.5,0.48,0.0,0.0
2020-01-12 04:00:00,0.0,0.0,0.0,1.32,0.48,0.0,0.0
2020-01-12 05:00:00,0.0,0.0,0.0,1.25,0.21,0.0,0.0
2020-01-12 06:00:00,0.0,0.0,0.0,0.89,0.07,0.0,0.0
2020-01-12 07:00:00,0.0,0.0,0.0,0.06,0.14,0.0,0.0
2020-01-12 08:00:00,3453.0,123.01,8.6,0.19,0.14,0.0,0.003453
2020-01-12 09:00:00,9511.0,260.01,15.57,2.32,0.14,0.0,0.009511
2020-01-12 10:00:00,13854.5,353.01,20.56,5.03,0.07,0.0,0.0138545
2020-01-12 11:00:00,16122.0,404.02,23.09,6.77,0.34,0.0,0.016122
2020-01-12 12:00:00,15787.5,397.02,22.88,7.81,0.62,0.0,0.0157875
2020-01-12 13:00:00,13042.5,338.01,19.94,8.43,0.76,0.0,0.0130425
2020-01-12 14:00:00,8308.5,239.01,14.62,8.55,0.9,0.0,0.0083085
2020-01-12 15:00:00,634.5,27.0,7.39,7.89,0.97,0.0,0.0006345
2020-01-12 16:00:00,0.0,0.0,0.0,6.24,1.45,0.0,0.0
2020-01-12 17:00:00,0.0,0.0,0.0,4.05,1.38,0.0,0.0
2020-01-12 18:00:00,0.0,0.0,0.0,2.65,1.24,0.0,0.0
2020-01-12 19:00:00,0.0,0.0,0.0,2.78,0.97,0.0,0.0
2020-01-12 20:00:00,0.0,0.0,0.0,2.15,1.03,0.0,0.0
2020-01-12 21:00:00,0.0,0.0,0.0,1.46,1.03,0.0,0.0
2020-01-12 22:00:00,0.0,0.0,0.0,1.21,0.97,0.0,0.0
2020-01-12 23:00:00,0.0,0.0,0.0,1.17,0.69,0.0,0.0
2020-01-13 00:00:00,0.0,0.0,0.0,0.63,0.34,0.0,0.0
2020-01-13 01:00:00,0.0,0.0,0.0,-0.59,0.07,0.0,0.0
2020-01-13 02:00:00,0.0,0.0,0.0,-1.22,0.07,0.0,0.0
2020-01-13 03:00:00,0.0,0.0,0.0,-1.37,0.0,0.0,0.0
2020-01-13 04:00:00,0.0,0.0,0.0,-1.57,0.07,0.0,0.0
2020-01-13 05:00:00,0.0,0.0,0.0,-1.67,0.14,0.0,0.0
2020-01-13 06:00:00,0.0,0.0,0.0,-1.73,0.34,0.0,0.0
2020-01-13 07:00:00,0.0,0.0,0.0,-2.19,0.41,0.0,0.0
2020-01-13 08:00:00,3370.5,111.01,8.69,-1.74,0.34,0.0,0.0033705
2020-01-13 09:00:00,9006.5,239.01,15.68,0.0,0.21,0.0,0.0090065
2020-01-13 10:00:00,12508.0,310.01,20.69,2.03,0.28,0.0,0.012508
2020-01-13 11:00:00,15210.5,373.01,23.25,3.74,0.48,0.0,0.0152105
2020-01-13 12:00:00,15344.0,379.01,23.06,4.88,0.62,0.0,0.015344
2020-01-13 13:00:00,12935.0,329.01,20.13,5.57,0.76,0.0,0.012935
2020-01-13 14:00:00,8219.0,229.01,14.81,5.57,0.9,0.0,0.008219
2020-01-13 15:00:00,1333.5,45.0,7.58,4.91,0.83,0.0,0.0013335
2020-01-13 16:00:00,0.0,0.0,0.0,3.64,0.97,0.0,0.0
2020-01-13 17:00:00,0.0,0.0,0.0,2.08,0.9,0.0,0.0
2020-01-13 18:00:00,0.0,0.0,0.0,1.81,0.41,0.0,0.0
2020-01-13 19:00:00,0.0,0.0,0.0,0.64,0.28,0.0,0.0
2020-01-13 20:00:00,0.0,0.0,0.0,0.05,0.48,0.0,0.0
2020-01-13 21:00:00,0.0,0.0,0.0,-0.19,0.62,0.0,0.0
2020-01-13 22:00:00,0.0,0.0,0.0,0.15,0.55,0.0,0.0
2020-01-13 23:00:00,0.0,0.0,0.0,-0.21,0.69,0.0,0.0
2020-01-14 00:00:00,0.0,0.0,0.0,-0.27,0.76,0.0,0.0
2020-01-14 01:00:00,0.0,0.0,0.0,0.2,0.62,0.0,0.0
2020-01-14 02:00:00,0.0,0.0,0.0,0.12,0.62,0.0,0.0
2020-01-14 03:00:00,0.0,0.0,0.0,0.34,0.55,0.0,0.0
2020-01-14 04:00:00,0.0,0.0,0.0,0.14,0.62,0.0,0.0
2020-01-14 05:00:00,0.0,0.0,0.0,0.05,0.76,0.0,0.0
2020-01-14 06:00:00,0.0,0.0,0.0,0.12,0.83,0.0,0.0
2020-01-14 07:00:00,0.0,0.0,0.0,-0.58,0.83,0.0,0.0
2020-01-14 08:00:00,3364.5,112.01,8.78,-0.53,0.9,0.0,0.0033645
2020-01-14 09:00:00,9321.5,251.01,15.8,1.97,0.9,0.0,0.0093215
2020-01-14 10:00:00,12829.0,319.01,20.84,3.49,0.97,0.0,0.012829
2020-01-14 11:00:00,14246.0,348.01,23.42,4.39,0.97,0.0,0.014246
2020-01-14 12:00:00,11916.0,292.01,23.24,5.31,1.03,0.0,0.011916
2020-01-14 13:00:00,12870.0,327.01,20.32,5.61,0.69,0.0,0.01287
2020-01-14 14:00:00,8347.0,233.01,15.0,5.59,0.62,0.0,0.008347
2020-01-14 15:00:00,940.0,35.0,7.77,5.46,0.9,0.0,0.00094
2020-01-14 16:00:00,0.0,0.0,0.0,4.83,1.17,0.0,0.0
2020-01-14 17:00:00,0.0,0.0,0.0,4.13,1.17,0.0,0.0
2020-01-14 18:00:00,0.0,0.0,0.0,3.55,1.24,0.0,0.0
2020-01-14 19:00:00,0.0,0.0,0.0,3.06,1.1,0.0,0.0
2020-01-14 20:00:00,0.0,0.0,0.0,2.68,1.03,0.0,0.0
2020-01-14 21:00:00,0.0,0.0,0.0,2.27,0.97,0.0,0.0
2020-01-14 22:00:00,0.0,0.0,0.0,1.93,0.97,0.0,0.0
2020-01-14 23:00:00,0.0,0.0,0.0,1.89,1.03,0.0,0.0
2020-01-15 00:00:00,0.0,0.0,0.0,1.84,1.03,0.0,0.0
2020-01-15 01:00:00,0.0,0.0,0.0,2.0,0.9,0.0,0.0
2020-01-15 02:00:00,0.0,0.0,0.0,2.19,0.9,0.0,0.0
2020-01-15 03:00:00,0.0,0.0,0.0,2.3,0.9,0.0,0.0
2020-01-15 04:00:00,0.0,0.0,0.0,2.5,0.83,0.0,0.0
2020-01-15 05:00:00,0.0,0.0,0.0,2.62,0.76,0.0,0.0
2020-01-15 06:00:00,0.0,0.0,0.0,2.69,0.83,0.0,0.0
2020-01-15 07:00:00,0.0,0.0,0.0,1.97,0.83,0.0,0.0
2020-01-15 08:00:00,3020.5,95.0,8.88,2.21,0.9,0.0,0.0030205
2020-01-15 09:00:00,9342.5,251.01,15.92,2.97,0.97,0.0,0.0093425
2020-01-15 10:00:00,12467.0,309.01,20.99,3.83,1.03,0.0,0.012467
2020-01-15 11:00:00,8972.5,221.0,23.59,4.48,1.03,0.0,0.0089725
2020-01-15 12:00:00,15753.0,387.01,23.43,4.77,0.97,0.0,0.015753
2020-01-15 13:00:00,13316.5,337.01,20.52,5.25,0.83,0.0,0.0133165
2020-01-15 14:00:00,8831.0,247.01,15.2,5.37,0.69,0.0,0.008831
2020-01-15 15:00:00,1490.5,49.0,7.97,5.32,0.69,0.0,0.0014905
2020-01-15 16:00:00,0.0,0.0,0.0,4.89,0.76,0.0,0.0
2020-01-15 17:00:00,0.0,0.0,0.0,4.44,0.83,0.0,0.0
2020-01-15 18:00:00,0.0,0.0,0.0,3.96,0.9,0.0,0.0
2020-01-15 19:00:00,0.0,0.0,0.0,3.75,0.9,0.0,0.0
2020-01-15 20:00:00,0.0,0.0,0.0,3.41,0.83,0.0,0.0
2020-01-15 21:00:00,0.0,0.0,0.0,3.0,0.9,0.0,0.0
2020-01-15 22:00:00,0.0,0.0,0.0,2.9,0.9,0.0,0.0
2020-01-15 23:00:00,0.0,0.0,0.0,2.72,0.9,0.0,0.0
2020-01-16 00:00:00,0.0,0.0,0.0,2.41,0.9,0.0,0.0
2020-01-16 01:00:00,0.0,0.0,0.0,2.49,0.83,0.0,0.0
2020-01-16 02:00:00,0.0,0.0,0.0,2.52,0.76,0.0,0.0
2020-01-16 03:00:00,0.0,0.0,0.0,2.4,0.62,0.0,0.0
2020-01-16 04:00:00,0.0,0.0,0.0,2.56,0.41,0.0,0.0
2020-01-16 05:00:00,0.0,0.0,0.0,2.5,0.34,0.0,0.0
2020-01-16 06:00:00,0.0,0.0,0.0,2.33,0.34,0.0,0.0
2020-01-16 07:00:00,0.0,0.0,0.0,3.12,0.69,0.0,0.0
2020-01-16 08:00:00,3609.0,126.01,8.99,3.42,0.28,0.0,0.003609
2020-01-16 09:00:00,9554.0,260.01,16.05,4.24,0.07,0.0,0.009554
2020-01-16 10:00:00,13877.5,351.01,21.14,5.37,0.14,0.0,0.0138775
2020-01-16 11:00:00,16111.0,402.01,23.77,6.9,0.21,0.0,0.016111
2020-01-16 12:00:00,15958.5,401.01,23.62,7.96,0.14,0.0,0.0159585
2020-01-16 13:00:00,13507.0,349.01,20.72,8.48,0.14,0.0,0.013507
2020-01-16 14:00:00,8734.5,247.01,15.4,8.79,0.0,0.0,0.0087345
2020-01-16 15:00:00,703.0,29.0,8.17,8.63,0.14,0.0,0.000703
2020-01-16 16:00:00,0.0,0.0,0.0,7.95,0.55,0.0,0.0
2020-01-16 17:00:00,0.0,0.0,0.0,6.83,0.9,0.0,0.0
2020-01-16 18:00:00,0.0,0.0,0.0,5.71,1.17,0.0,0.0
2020-01-16 19:00:00,0.0,0.0,0.0,4.03,1.1,0.0,0.0
2020-01-16 20:00:00,0.0,0.0,0.0,3.35,1.17,0.0,0.0
2020-01-16 21:00:00,0.0,0.0,0.0,3.05,1.31,0.0,0.0
2020-01-16 22:00:00,0.0,0.0,0.0,2.86,1.38,0.0,0.0
2020-01-16 23:00:00,0.0,0.0,0.0,2.87,1.45,0.0,0.0
2020-01-17 00:00:00,0.0,0.0,0.0,2.57,1.38,0.0,0.0
2020-01-17 01:00:00,0.0,0.0,0.0,2.48,1.38,0.0,0.0
2020-01-17 02:00:00,0.0,0.0,0.0,2.4,1.31,0.0,0.0
2020-01-17 03:00:00,0.0,0.0,0.0,2.2,1.38,0.0,0.0
2020-01-17 04:00:00,0.0,0.0,0.0,2.27,1.24,0.0,0.0
2020-01-17 05:00:00,0.0,0.0,0.0,2.15,1.24,0.0,0.0
2020-01-17 06:00:00,0.0,0.0,0.0,2.22,1.17,0.0,0.0
2020-01-17 07:00:00,0.0,0.0,0.0,2.19,0.28,0.0,0.0
2020-01-17 08:00:00,3642.5,128.01,9.11,2.63,0.41,0.0,0.0036425
2020-01-17 09:00:00,9651.0,262.01,16.19,4.46,0.48,0.0,0.009651
2020-01-17 10:00:00,13195.5,333.01,21.31,6.63,0.55,0.0,0.0131955
2020-01-17 11:00:00,5941.0,154.0,23.95,7.77,0.69,0.0,0.005941
2020-01-17 12:00:00,8800.0,221.0,23.82,8.55,0.9,0.0,0.0088
2020-01-17 13:00:00,13508.5,346.01,20.93,8.85,1.17,0.0,0.0135085
2020-01-17 14:00:00,8890.5,249.01,15.61,9.0,1.38,0.0,0.0088905
2020-01-17 15:00:00,597.0,26.0,8.37,8.62,1.45,0.0,0.000597
2020-01-17 16:00:00,0.0,0.0,0.0,7.39,1.72,0.0,0.0
2020-01-17 17:00:00,0.0,0.0,0.0,6.51,1.66,0.0,0.0
2020-01-17 18:00:00,0.0,0.0,0.0,5.89,1.52,0.0,0.0
2020-01-17 19:00:00,0.0,0.0,0.0,6.64,1.86,0.0,0.0
2020-01-17 20:00:00,0.0,0.0,0.0,6.01,1.52,0.0,0.0
2020-01-17 21:00:00,0.0,0.0,0.0,5.69,1.45,0.0,0.0
2020-01-17 22:00:00,0.0,0.0,0.0,5.54,1.72,0.0,0.0
2020-01-17 23:00:00,0.0,0.0,0.0,5.34,2.0,0.0,0.0
2020-01-18 00:00:00,0.0,0.0,0.0,5.22,2.14,0.0,0.0
2020-01-18 01:00:00,0.0,0.0,0.0,4.92,2.0,0.0,0.0
2020-01-18 02:00:00,0.0,0.0,0.0,4.65,1.52,0.0,0.0
2020-01-18 03:00:00,0.0,0.0,0.0,4.32,1.17,0.0,0.0
2020-01-18 04:00:00,0.0,0.0,0.0,3.97,1.45,0.0,0.0
2020-01-18 05:00:00,0.0,0.0,0.0,3.3,1.1,0.0,0.0
2020-01-18 06:00:00,0.0,0.0,0.0,2.37,1.1,0.0,0.0
2020-01-18 07:00:00,0.0,0.0,0.0,2.25,0.9,0.0,0.0
2020-01-18 08:00:00,3782.5,130.01,9.23,2.6,0.76,0.0,0.0037825
2020-01-18 09:00:00,9463.0,253.01,16.34,4.9,0.83,0.0,0.009463
2020-01-18 10:00:00,14540.5,368.01,21.48,7.37,1.1,0.0,0.0145405
2020-01-18 11:00:00,16902.5,421.02,24.15,9.05,1.45,0.0,0.0169025
2020-01-18 12:00:00,16684.0,418.02,24.03,10.22,1.52,0.0,0.016684
2020-01-18 13:00:00,13997.5,362.01,21.14,10.9,0.97,0.0,0.0139975
2020-01-18 14:00:00,9261.5,262.01,15.82,11.09,0.69,0.0,0.0092615
2020-01-18 15:00:00,3195.0,128.01,8.58,10.72,0.62,0.0,0.003195
2020-01-18 16:00:00,0.0,0.0,0.0,9.13,0.83,0.0,0.0
2020-01-18 17:00:00,0.0,0.0,0.0,8.71,0.62,0.0,0.0
2020-01-18 18:00:00,0.0,0.0,0.0,7.72,0.21,0.0,0.0
2020-01-18 19:00:00,0.0,0.0,0.0,7.58,0.55,0.0,0.0
2020-01-18 20:00:00,0.0,0.0,0.0,6.69,0.55,0.0,0.0
2020-01-18 21:00:00,0.0,0.0,0.0,5.61,0.34,0.0,0.0
2020-01-18 22:00:00,0.0,0.0,0.0,4.45,0.0,0.0,0.0
2020-01-18 23:00:00,0.0,0.0,0.0,3.39,0.34,0.0,0.0
2020-01-19 00:00:00,0.0,0.0,0.0,2.27,0.55,0.0,0.0
2020-01-19 01:00:00,0.0,0.0,0.0,1.56,0.83,0.0,0.0
2020-01-19 02:00:00,0.0,0.0,0.0,0.37,1.1,0.0,0.0
2020-01-19 03:00:00,0.0,0.0,0.0,-0.26,1.24,0.0,0.0
2020-01-19 04:00:00,0.0,0.0,0.0,-0.51,1.24,0.0,0.0
2020-01-19 05:00:00,0.0,0.0,0.0,-0.31,0.97,0.0,0.0
2020-01-19 06:00:00,0.0,0.0,0.0,0.01,0.76,0.0,0.0
2020-01-19 07:00:00,0.0,0.0,0.0,0.86,0.48,0.0,0.0
2020-01-19 08:00:00,3205.5,97.0,9.36,1.12,0.62,0.0,0.0032055
2020-01-19 09:00:00,6095.0,157.0,16.49,2.5,0.76,0.0,0.006095
2020-01-19 10:00:00,9595.5,237.0,21.66,4.13,0.62,0.0,0.0095955
2020-01-19 11:00:00,15511.5,379.01,24.35,5.48,0.97,0.0,0.0155115
2020-01-19 12:00:00,16795.5,413.01,24.24,6.38,1.24,0.0,0.0167955
2020-01-19 13:00:00,13984.5,352.01,21.36,7.11,1.52,0.0,0.0139845
2020-01-19 14:00:00,7519.0,199.0,16.04,7.33,1.86,0.0,0.007519
2020-01-19 15:00:00,3361.0,125.01,8.79,7.13,1.38,0.0,0.003361
2020-01-19 16:00:00,0.0,0.0,0.0,6.61,1.24,0.0,0.0
2020-01-19 17:00:00,0.0,0.0,0.0,5.64,1.45,0.0,0.0
2020-01-19 18:00:00,0.0,0.0,0.0,4.84,1.66,0.0,0.0
2020-01-19 19:00:00,0.0,0.0,0.0,4.62,0.83,0.0,0.0
2020-01-19 20:00:00,0.0,0.0,0.0,4.05,0.97,0.0,0.0
2020-01-19 21:00:00,0.0,0.0,0.0,3.54,0.97,0.0,0.0
2020-01-19 22:00:00,0.0,0.0,0.0,1.99,1.31,0.0,0.0
2020-01-19 23:00:00,0.0,0.0,0.0,1.48,1.66,0.0,0.0
2020-01-20 00:00:00,0.0,0.0,0.0,1.28,1.79,0.0,0.0
2020-01-20 01:00:00,0.0,0.0,0.0,1.57,1.86,0.0,0.0
2020-01-20 02:00:00,0.0,0.0,0.0,1.25,1.86,0.0,0.0
2020-01-20 03:00:00,0.0,0.0,0.0,1.01,1.79,0.0,0.0
2020-01-20 04:00:00,0.0,0.0,0.0,0.84,1.79,0.0,0.0
2020-01-20 05:00:00,0.0,0.0,0.0,0.33,1.72,0.0,0.0
2020-01-20 06:00:00,0.0,0.0,0.0,0.14,1.79,0.0,0.0
2020-01-20 07:00:00,0.0,0.0,0.0,1.7,1.03,0.0,0.0
2020-01-20 08:00:00,2978.0,89.0,9.5,1.79,1.03,0.0,0.002978
2020-01-20 09:00:00,5643.0,146.0,16.65,2.86,0.97,0.0,0.005643
2020-01-20 10:00:00,13093.5,324.01,21.84,5.69,1.59,0.0,0.0130935
2020-01-20 11:00:00,16603.0,406.01,24.55,7.15,2.14,0.0,0.016603
2020-01-20 12:00:00,16793.0,412.01,24.46,7.9,2.41,0.0,0.016793
2020-01-20 13:00:00,14490.5,365.01,21.59,8.28,2.34,0.0,0.0144905
2020-01-20 14:00:00,9799.0,269.01,16.26,8.42,2.41,0.0,0.009799
2020-01-20 15:00:00,3203.5,107.0,9.01,8.0,2.07,0.0,0.0032035
2020-01-20 16:00:00,0.0,0.0,0.0,6.63,2.0,0.0,0.0
2020-01-20 17:00:00,0.0,0.0,0.0,5.0,2.07,0.0,0.0
2020-01-20 18:00:00,0.0,0.0,0.0,3.86,2.0,0.0,0.0
2020-01-20 19:00:00,0.0,0.0,0.0,2.3,1.86,0.0,0.0
2020-01-20 20:00:00,0.0,0.0,0.0,1.25,2.07,0.0,0.0
2020-01-20 21:00:00,0.0,0.0,0.0,0.53,2.14,0.0,0.0
2020-01-20 22:00:00,0.0,0.0,0.0,0.0,1.93,0.0,0.0
2020-01-20 23:00:00,0.0,0.0,0.0,-0.25,1.72,0.0,0.0
2020-01-21 00:00:00,0.0,0.0,0.0,-0.33,1.52,0.0,0.0
2020-01-21 01:00:00,0.0,0.0,0.0,-0.79,1.52,0.0,0.0
2020-01-21 02:00:00,0.0,0.0,0.0,-0.86,1.38,0.0,0.0
2020-01-21 03:00:00,0.0,0.0,0.0,-0.8,1.24,0.0,0.0
2020-01-21 04:00:00,0.0,0.0,0.0,-1.07,1.24,0.0,0.0
2020-01-21 05:00:00,0.0,0.0,0.0,-1.03,1.17,0.0,0.0
2020-01-21 06:00:00,0.0,0.0,0.0,-0.8,1.1,0.0,0.0
2020-01-21 07:00:00,0.0,0.0,0.0,0.58,0.83,0.0,0.0
2020-01-21 08:00:00,4145.5,138.01,9.64,-0.21,0.97,0.0,0.0041455
2020-01-21 09:00:00,9952.5,261.01,16.82,2.3,0.62,0.0,0.0099525
2020-01-21 10:00:00,8975.5,223.0,22.03,4.96,0.48,0.0,0.0089755
2020-01-21 11:00:00,11408.0,281.0,24.76,6.54,0.28,0.0,0.011408
2020-01-21 12:00:00,5810.0,151.0,24.69,7.45,0.21,0.0,0.00581
2020-01-21 13:00:00,9452.0,238.0,21.82,7.96,0.34,0.0,0.009452
2020-01-21 14:00:00,7036.5,186.0,16.49,7.97,0.48,0.0,0.0070365
2020-01-21 15:00:00,2394.0,75.0,9.23,7.44,0.83,0.0,0.002394
2020-01-21 16:00:00,0.0,0.0,0.0,5.96,1.24,0.0,0.0
2020-01-21 17:00:00,0.0,0.0,0.0,4.17,1.17,0.0,0.0
2020-01-21 18:00:00,0.0,0.0,0.0,4.45,0.83,0.0,0.0
2020-01-21 19:00:00,0.0,0.0,0.0,4.21,0.21,0.0,0.0
2020-01-21 20:00:00,0.0,0.0,0.0,3.84,0.41,0.0,0.0
2020-01-21 21:00:00,0.0,0.0,0.0,3.52,0.62,0.0,0.0
2020-01-21 22:00:00,0.0,0.0,0.0,2.84,0.9,0.0,0.0
2020-01-21 23:00:00,0.0,0.0,0.0,1.92,0.97,0.0,0.0
2020-01-22 00:00:00,0.0,0.0,0.0,1.54,0.9,0.0,0.0
2020-01-22 01:00:00,0.0,0.0,0.0,0.94,0.76,0.0,0.0
2020-01-22 02:00:00,0.0,0.0,0.0,0.34,0.83,0.0,0.0
2020-01-22 03:00:00,0.0,0.0,0.0,0.01,0.83,0.0,0.0
2020-01-22 04:00:00,0.0,0.0,0.0,-0.29,0.9,0.0,0.0
2020-01-22 05:00:00,0.0,0.0,0.0,-0.17,0.83,0.0,0.0
2020-01-22 06:00:00,0.0,0.0,0.0,0.0,0.76,0.0,0.0
2020-01-22 07:00:00,0.0,0.0,0.0,-1.15,1.17,0.0,0.0
2020-01-22 08:00:00,4012.0,127.01,9.79,-0.04,0.83,0.0,0.004012
2020-01-22 09:00:00,10277.0,271.01,16.99,2.86,0.62,0.0,0.010277
2020-01-22 10:00:00,13585.0,338.01,22.23,5.96,0.69,0.0,0.013585
2020-01-22 11:00:00,16264.0,403.01,24.98,8.19,0.62,0.0,0.016264
2020-01-22 12:00:00,16912.5,423.01,24.92,9.77,0.69,0.0,0.0169125
2020-01-22 13:00:00,14529.5,373.01,22.05,10.73,0.62,0.0,0.0145295
2020-01-22 14:00:00,8963.5,244.01,16.72,11.12,0.69,0.0,0.0089635
2020-01-22 15:00:00,3730.5,133.01,9.45,10.65,0.76,0.0,0.0037305
2020-01-22 16:00:00,0.0,0.0,0.0,9.12,0.9,0.0,0.0
2020-01-22 17:00:00,0.0,0.0,0.0,7.99,1.1,0.0,0.0
2020-01-22 18:00:00,0.0,0.0,0.0,7.61,0.9,0.0,0.0
2020-01-22 19:00:00,0.0,0.0,0.0,6.12,0.69,0.0,0.0
2020-01-22 20:00:00,0.0,0.0,0.0,5.08,0.55,0.0,0.0
2020-01-22 21:00:00,0.0,0.0,0.0,4.28,0.55,0.0,0.0
2020-01-22 22:00:00,0.0,0.0,0.0,3.56,0.62,0.0,0.0
2020-01-22 23:00:00,0.0,0.0,0.0,2.19,0.83,0.0,0.0
2020-01-23 00:00:00,0.0,0.0,0.0,0.93,1.1,0.0,0.0
2020-01-23 01:00:00,0.0,0.0,0.0,0.15,1.24,0.0,0.0
2020-01-23 02:00:00,0.0,0.0,0.0,0.33,1.17,0.0,0.0
2020-01-23 03:00:00,0.0,0.0,0.0,0.31,1.1,0.0,0.0
2020-01-23 04:00:00,0.0,0.0,0.0,0.08,1.17,0.0,0.0
2020-01-23 05:00:00,0.0,0.0,0.0,0.04,1.17,0.0,0.0
2020-01-23 06:00:00,0.0,0.0,0.0,0.05,1.24,0.0,0.0
2020-01-23 07:00:00,0.0,0.0,0.0,-0.32,0.9,0.0,0.0
2020-01-23 08:00:00,3698.0,111.0,9.94,0.2,0.97,0.0,0.003698
2020-01-23 09:00:00,8119.0,207.0,17.17,2.51,1.1,0.0,0.008119
2020-01-23 10:00:00,14606.5,360.01,22.43,4.27,1.1,0.0,0.0146065
2020-01-23 11:00:00,17367.5,426.01,25.21,5.99,0.69,0.0,0.0173675
2020-01-23 12:00:00,14458.5,355.01,25.16,7.21,0.69,0.0,0.0144585
2020-01-23 13:00:00,14352.5,362.01,22.29,8.28,0.83,0.0,0.0143525
2020-01-23 14:00:00,10036.0,273.01,16.96,8.79,0.97,0.0,0.010036
2020-01-23 15:00:00,3940.5,142.01,9.68,8.58,0.9,0.0,0.0039405
2020-01-23 16:00:00,0.0,0.0,0.0,7.5,1.45,0.0,0.0
2020-01-23 17:00:00,0.0,0.0,0.0,5.42,1.66,0.0,0.0
2020-01-23 18:00:00,0.0,0.0,0.0,3.49,1.59,0.0,0.0
2020-01-23 19:00:00,0.0,0.0,0.0,3.37,0.21,0.0,0.0
2020-01-23 20:00:00,0.0,0.0,0.0,3.0,0.21,0.0,0.0
2020-01-23 21:00:00,0.0,0.0,0.0,2.55,0.21,0.0,0.0
2020-01-23 22:00:00,0.0,0.0,0.0,1.97,0.14,0.0,0.0
2020-01-23 23:00:00,0.0,0.0,0.0,1.12,0.34,0.0,0.0
2020-01-24 00:00:00,0.0,0.0,0.0,0.25,0.41,0.0,0.0
2020-01-24 01:00:00,0.0,0.0,0.0,-0.09,0.41,0.0,0.0
2020-01-24 02:00:00,0.0,0.0,0.0,-0.24,0.34,0.0,0.0
2020-01-24 03:00:00,0.0,0.0,0.0,-0.31,0.41,0.0,0.0
2020-01-24 04:00:00,0.0,0.0,0.0,-0.32,0.48,0.0,0.0
2020-01-24 05:00:00,0.0,0.0,0.0,-0.61,0.62,0.0,0.0
2020-01-24 06:00:00,0.0,0.0,0.0,-0.58,0.69,0.0,0.0
2020-01-24 07:00:00,0.0,0.0,0.0,0.01,0.97,0.0,0.0
2020-01-24 08:00:00,4454.5,148.01,10.1,1.12,0.62,0.0,0.0044545
2020-01-24 09:00:00,5976.0,154.0,17.35,3.13,0.41,0.0,0.005976
2020-01-24 10:00:00,11098.0,275.0,22.64,5.96,0.34,0.0,0.011098
2020-01-24 11:00:00,15011.5,371.01,25.44,7.57,0.07,0.0,0.0150115
2020-01-24 12:00:00,14842.5,368.01,25.4,8.66,0.28,0.0,0.0148425
2020-01-24 13:00:00,10799.0,271.0,22.54,9.05,0.76,0.0,0.010799
2020-01-24 14:00:00,10286.0,279.01,17.2,9.1,1.1,0.0,0.010286
2020-01-24 15:00:00,4020.0,138.01,9.91,8.51,1.17,0.0,0.00402
2020-01-24 16:00:00,0.0,0.0,0.0,7.32,1.52,0.0,0.0
2020-01-24 17:00:00,0.0,0.0,0.0,5.85,1.38,0.0,0.0
2020-01-24 18:00:00,0.0,0.0,0.0,4.9,0.9,0.0,0.0
2020-01-24 19:00:00,0.0,0.0,0.0,5.08,0.69,0.0,0.0
2020-01-24 20:00:00,0.0,0.0,0.0,3.64,1.1,0.0,0.0
2020-01-24 21:00:00,0.0,0.0,0.0,2.98,1.31,0.0,0.0
2020-01-24 22:00:00,0.0,0.0,0.0,3.07,1.17,0.0,0.0
2020-01-24 23:00:00,0.0,0.0,0.0,3.93,0.76,0.0,0.0
2020-01-25 00:00:00,0.0,0.0,0.0,4.37,0.55,0.0,0.0
2020-01-25 01:00:00,0.0,0.0,0.0,4.34,0.34,0.0,0.0
2020-01-25 02:00:00,0.0,0.0,0.0,3.61,0.83,0.0,0.0
2020-01-25 03:00:00,0.0,0.0,0.0,2.3,1.31,0.0,0.0
2020-01-25 04:00:00,0.0,0.0,0.0,2.22,1.45,0.0,0.0
2020-01-25 05:00:00,0.0,0.0,0.0,2.43,1.1,0.0,0.0
2020-01-25 06:00:00,0.0,0.0,0.0,2.84,0.97,0.0,0.0
2020-01-25 07:00:00,0.0,0.0,0.0,2.32,0.69,0.0,0.0
2020-01-25 08:00:00,3775.0,113.0,10.27,2.63,0.62,0.0,0.003775
2020-01-25 09:00:00,6779.0,174.0,17.54,4.35,0.76,0.0,0.006779
2020-01-25 10:00:00,13838.5,342.01,22.86,5.73,0.83,0.0,0.0138385
2020-01-25 11:00:00,6533.5,167.0,25.67,6.99,0.69,0.0,0.0065335
2020-01-25 12:00:00,5976.0,155.0,25.65,8.05,0.55,0.0,0.005976
2020-01-25 13:00:00,5049.5,134.0,22.79,8.54,0.48,0.0,0.0050495
2020-01-25 14:00:00,3830.0,106.0,17.44,8.71,0.34,0.0,0.00383
2020-01-25 15:00:00,3295.5,101.0,10.14,8.57,0.48,0.0,0.0032955
2020-01-25 16:00:00,0.0,0.0,0.0,7.94,0.76,0.0,0.0
2020-01-25 17:00:00,0.0,0.0,0.0,6.3,0.9,0.0,0.0
2020-01-25 18:00:00,0.0,0.0,0.0,6.45,0.55,0.0,0.0
2020-01-25 19:00:00,0.0,0.0,0.0,6.07,0.41,0.0,0.0
2020-01-25 20:00:00,0.0,0.0,0.0,5.82,0.21,0.0,0.0
2020-01-25 21:00:00,0.0,0.0,0.0,5.37,0.83,0.0,0.0
2020-01-25 22:00:00,0.0,0.0,0.0,4.48,1.03,0.0,0.0
2020-01-25 23:00:00,0.0,0.0,0.0,3.15,1.24,0.0,0.0
2020-01-26 00:00:00,0.0,0.0,0.0,3.25,1.1,0.0,0.0
2020-01-26 01:00:00,0.0,0.0,0.0,3.53,0.76,0.0,0.0
2020-01-26 02:00:00,0.0,0.0,0.0,3.27,0.41,0.0,0.0
2020-01-26 03:00:00,0.0,0.0,0.0,3.01,0.41,0.0,0.0
2020-01-26 04:00:00,0.0,0.0,0.0,2.83,0.41,0.0,0.0
2020-01-26 05:00:00,0.0,0.0,0.0,2.39,0.48,0.0,0.0
2020-01-26 06:00:00,0.0,0.0,0.0,1.99,0.48,0.0,0.0
2020-01-26 07:00:00,0.0,0.0,0.0,2.2,0.41,0.0,0.0
2020-01-26 08:00:00,4082.0,123.0,10.44,2.32,0.34,0.0,0.004082
2020-01-26 09:00:00,9437.0,243.01,17.74,3.65,0.34,0.0,0.009437
2020-01-26 10:00:00,13909.5,345.01,23.08,6.25,0.48,0.0,0.0139095
2020-01-26 11:00:00,15168.5,373.01,25.92,7.49,0.34,0.0,0.0151685
2020-01-26 12:00:00,16742.5,415.01,25.91,8.59,0.34,0.0,0.0167425
2020-01-26 13:00:00,13715.0,345.01,23.05,9.33,0.62,0.0,0.013715
2020-01-26 14:00:00,10512.0,284.01,17.69,9.64,0.48,0.0,0.010512
2020-01-26 15:00:00,4440.5,156.01,10.38,9.42,0.48,0.0,0.0044405
2020-01-26 16:00:00,0.0,0.0,0.0,8.61,0.76,0.0,0.0
2020-01-26 17:00:00,0.0,0.0,0.0,6.42,1.1,0.0,0.0
2020-01-26 18:00:00,0.0,0.0,0.0,6.83,0.76,0.0,0.0
2020-01-26 19:00:00,0.0,0.0,0.0,6.87,0.34,0.0,0.0
2020-01-26 20:00:00,0.0,0.0,0.0,6.4,0.14,0.0,0.0
2020-01-26 21:00:00,0.0,0.0,0.0,5.84,0.21,0.0,0.0
2020-01-26 22:00:00,0.0,0.0,0.0,5.25,0.07,0.0,0.0
2020-01-26 23:00:00,0.0,0.0,0.0,4.75,0.21,0.0,0.0
2020-01-27 00:00:00,0.0,0.0,0.0,4.21,0.41,0.0,0.0
2020-01-27 01:00:00,0.0,0.0,0.0,3.31,0.62,0.0,0.0
2020-01-27 02:00:00,0.0,0.0,0.0,2.67,0.62,0.0,0.0
2020-01-27 03:00:00,0.0,0.0,0.0,1.77,0.62,0.0,0.0
2020-01-27 04:00:00,0.0,0.0,0.0,1.03,0.62,0.0,0.0
2020-01-27 05:00:00,0.0,0.0,0.0,0.8,0.55,0.0,0.0
2020-01-27 06:00:00,0.0,0.0,0.0,0.65,0.55,0.0,0.0
2020-01-27 07:00:00,0.0,0.0,0.0,1.68,0.41,0.0,0.0
2020-01-27 08:00:00,4742.5,152.01,10.62,2.33,0.41,0.0,0.0047425
2020-01-27 09:00:00,10749.5,280.01,17.94,3.88,0.41,0.0,0.0107495
2020-01-27 10:00:00,15716.0,392.01,23.31,6.11,0.28,0.0,0.015716
2020-01-27 11:00:00,17122.5,423.01,26.16,7.74,0.21,0.0,0.0171225
2020-01-27 12:00:00,16796.0,416.01,26.16,9.02,0.48,0.0,0.016796
2020-01-27 13:00:00,15154.5,382.01,23.31,9.55,0.76,0.0,0.0151545
2020-01-27 14:00:00,3433.5,97.0,17.94,10.08,1.1,0.0,0.0034335
2020-01-27 15:00:00,4097.5,128.0,10.62,9.77,1.72,0.0,0.0040975
2020-01-27 16:00:00,0.0,0.0,0.0,8.51,1.93,0.0,0.0
2020-01-27 17:00:00,0.0,0.0,0.0,7.68,1.79,0.0,0.0
2020-01-27 18:00:00,0.0,0.0,0.0,7.38,1.86,0.0,0.0
2020-01-27 19:00:00,0.0,0.0,0.0,7.09,1.93,0.0,0.0
2020-01-27 20:00:00,0.0,0.0,0.0,6.83,1.93,0.0,0.0
2020-01-27 21:00:00,0.0,0.0,0.0,6.52,1.93,0.0,0.0
2020-01-27 22:00:00,0.0,0.0,0.0,6.23,1.79,0.0,0.0
2020-01-27 23:00:00,0.0,0.0,0.0,5.97,1.1,0.0,0.0
2020-01-28 00:00:00,0.0,0.0,0.0,5.8,0.69,0.0,0.0
2020-01-28 01:00:00,0.0,0.0,0.0,5.41,0.34,0.0,0.0
2020-01-28 02:00:00,0.0,0.0,0.0,5.05,0.48,0.0,0.0
2020-01-28 03:00:00,0.0,0.0,0.0,4.73,0.14,0.0,0.0
2020-01-28 04:00:00,0.0,0.0,0.0,4.11,0.14,0.0,0.0
2020-01-28 05:00:00,0.0,0.0,0.0,3.38,0.62,0.0,0.0
2020-01-28 06:00:00,0.0,0.0,0.0,3.24,0.62,0.0,0.0
2020-01-28 07:00:00,0.0,0.0,0.0,2.36,0.14,0.0,0.0
2020-01-28 08:00:00,4702.5,145.01,10.81,3.02,0.21,0.0,0.0047025
2020-01-28 09:00:00,11207.5,292.01,18.15,4.44,0.55,0.0,0.0112075
2020-01-28 10:00:00,15941.5,394.01,23.54,5.79,0.83,0.0,0.0159415
2020-01-28 11:00:00,18399.0,452.01,26.42,7.3,0.62,0.0,0.018399
2020-01-28 12:00:00,17233.0,427.01,26.43,8.8,0.28,0.0,0.017233
2020-01-28 13:00:00,15417.0,391.01,23.57,10.0,0.14,0.0,0.015417
2020-01-28 14:00:00,10824.0,291.01,18.2,11.27,0.62,0.0,0.010824
2020-01-28 15:00:00,4869.0,168.01,10.86,11.54,0.83,0.0,0.004869
2020-01-28 16:00:00,0.0,0.0,0.0,10.54,1.52,0.0,0.0
2020-01-28 17:00:00,0.0,0.0,0.0,8.59,1.72,0.0,0.0
2020-01-28 18:00:00,0.0,0.0,0.0,7.0,1.52,0.0,0.0
2020-01-28 19:00:00,0.0,0.0,0.0,7.78,1.1,0.0,0.0
2020-01-28 20:00:00,0.0,0.0,0.0,4.64,1.38,0.0,0.0
2020-01-28 21:00:00,0.0,0.0,0.0,5.09,0.83,0.0,0.0
2020-01-28 22:00:00,0.0,0.0,0.0,4.42,0.76,0.0,0.0
2020-01-28 23:00:00,0.0,0.0,0.0,1.74,1.17,0.0,0.0
2020-01-29 00:00:00,0.0,0.0,0.0,1.07,1.59,0.0,0.0
2020-01-29 01:00:00,0.0,0.0,0.0,1.24,1.79,0.0,0.0
2020-01-29 02:00:00,0.0,0.0,0.0,1.55,1.59,0.0,0.0
2020-01-29 03:00:00,0.0,0.0,0.0,4.09,0.83,0.0,0.0
2020-01-29 04:00:00,0.0,0.0,0.0,3.5,0.69,0.0,0.0
2020-01-29 05:00:00,0.0,0.0,0.0,2.14,0.76,0.0,0.0
2020-01-29 06:00:00,0.0,0.0,0.0,1.32,0.69,0.0,0.0
2020-01-29 07:00:00,0.0,0.0,0.0,1.15,0.28,0.0,0.0
2020-01-29 08:00:00,5312.0,174.01,11.0,1.97,0.14,0.0,0.005312
2020-01-29 09:00:00,12118.0,319.01,18.37,4.53,0.14,0.0,0.012118
2020-01-29 10:00:00,16739.5,420.01,23.78,7.59,0.28,0.0,0.0167395
2020-01-29 11:00:00,18955.5,473.02,26.68,10.02,0.41,0.0,0.0189555
2020-01-29 12:00:00,18874.5,474.02,26.7,11.7,0.55,0.0,0.0188745
2020-01-29 13:00:00,16627.0,427.02,23.84,12.75,0.48,0.0,0.016627
2020-01-29 14:00:00,11598.0,317.01,18.46,13.15,0.34,0.0,0.011598
2020-01-29 15:00:00,5096.5,175.01,11.11,12.77,0.62,0.0,0.0050965
2020-01-29 16:00:00,0.0,0.0,0.0,10.89,1.17,0.0,0.0
2020-01-29 17:00:00,0.0,0.0,0.0,8.19,1.03,0.0,0.0
2020-01-29 18:00:00,0.0,0.0,0.0,7.34,0.83,0.0,0.0
2020-01-29 19:00:00,0.0,0.0,0.0,10.09,0.83,0.0,0.0
2020-01-29 20:00:00,0.0,0.0,0.0,5.21,2.0,0.0,0.0
2020-01-29 21:00:00,0.0,0.0,0.0,3.32,2.21,0.0,0.0
2020-01-29 22:00:00,0.0,0.0,0.0,2.98,1.93,0.0,0.0
2020-01-29 23:00:00,0.0,0.0,0.0,2.67,1.72,0.0,0.0
2020-01-30 00:00:00,0.0,0.0,0.0,3.36,1.24,0.0,0.0
2020-01-30 01:00:00,0.0,0.0,0.0,4.04,0.55,0.0,0.0
2020-01-30 02:00:00,0.0,0.0,0.0,3.88,0.28,0.0,0.0
2020-01-30 03:00:00,0.0,0.0,0.0,3.84,0.34,0.0,0.0
2020-01-30 04:00:00,0.0,0.0,0.0,3.22,0.34,0.0,0.0
2020-01-30 05:00:00,0.0,0.0,0.0,2.19,0.62,0.0,0.0
2020-01-30 06:00:00,0.0,0.0,0.0,1.3,0.76,0.0,0.0
2020-01-30 07:00:00,76.0,9.0,2.38,1.72,0.48,0.0,7.6e-05
2020-01-30 08:00:00,5121.0,158.01,11.19,2.28,0.28,0.0,0.005121
2020-01-30 09:00:00,10563.0,271.01,18.59,4.38,0.28,0.0,0.010563
2020-01-30 10:00:00,15972.5,398.01,24.03,6.95,0.14,0.0,0.0159725
2020-01-30 11:00:00,18568.0,461.01,26.94,8.63,0.07,0.0,0.018568
2020-01-30 12:00:00,17539.0,436.01,26.97,9.73,0.21,0.0,0.017539
2020-01-30 13:00:00,15783.0,398.01,24.11,10.29,0.48,0.0,0.015783
2020-01-30 14:00:00,8362.5,218.0,18.72,10.6,0.69,0.0,0.0083625
2020-01-30 15:00:00,5120.0,165.01,11.36,10.44,0.83,0.0,0.00512
2020-01-30 16:00:00,6.5,6.0,2.57,9.5,1.59,0.0,6.5e-06
2020-01-30 17:00:00,0.0,0.0,0.0,7.9,1.38,0.0,0.0
2020-01-30 18:00:00,0.0,0.0,0.0,6.07,1.38,0.0,0.0
2020-01-30 19:00:00,0.0,0.0,0.0,6.53,1.1,0.0,0.0
2020-01-30 20:00:00,0.0,0.0,0.0,5.64,1.1,0.0,0.0
2020-01-30 21:00:00,0.0,0.0,0.0,5.6,0.9,0.0,0.0
2020-01-30 22:00:00,0.0,0.0,0.0,4.97,0.69,0.0,0.0
2020-01-30 23:00:00,0.0,0.0,0.0,4.47,0.69,0.0,0.0
2020-01-31 00:00:00,0.0,0.0,0.0,2.88,0.76,0.0,0.0
2020-01-31 01:00:00,0.0,0.0,0.0,1.87,0.76,0.0,0.0
2020-01-31 02:00:00,0.0,0.0,0.0,1.78,0.69,0.0,0.0
2020-01-31 03:00:00,0.0,0.0,0.0,2.19,0.69,0.0,0.0
2020-01-31 04:00:00,0.0,0.0,0.0,2.15,0.48,0.0,0.0
2020-01-31 05:00:00,0.0,0.0,0.0,2.43,0.41,0.0,0.0
2020-01-31 06:00:00,0.0,0.0,0.0,2.23,0.69,0.0,0.0
2020-01-31 07:00:00,104.5,10.84,2.56,1.96,0.41,0.0,0.0001045
2020-01-31 08:00:00,5247.0,164.01,11.4,3.04,0.34,0.0,0.005247
2020-01-31 09:00:00,11542.5,300.01,18.82,5.19,0.28,0.0,0.0115425
2020-01-31 10:00:00,15217.5,379.01,24.28,8.0,0.34,0.0,0.0152175
2020-01-31 11:00:00,14139.0,350.01,27.22,9.59,0.21,0.0,0.014139
2020-01-31 12:00:00,11418.0,286.0,27.25,11.13,0.21,0.0,0.011418
2020-01-31 13:00:00,10243.5,260.0,24.39,12.2,0.41,0.0,0.0102435
2020-01-31 14:00:00,7670.5,202.0,18.99,12.85,0.69,0.0,0.0076705
2020-01-31 15:00:00,4054.0,122.0,11.61,12.98,0.69,0.0,0.004054
2020-01-31 16:00:00,69.5,9.0,2.81,11.99,0.97,0.0,6.95e-05
2020-01-31 17:00:00,0.0,0.0,0.0,9.56,1.31,0.0,0.0
2020-01-31 18:00:00,0.0,0.0,0.0,7.63,1.38,0.0,0.0
2020-01-31 19:00:00,0.0,0.0,0.0,7.22,1.52,0.0,0.0
2020-01-31 20:00:00,0.0,0.0,0.0,6.47,1.45,0.0,0.0
2020-01-31 21:00:00,0.0,0.0,0.0,5.84,1.45,0.0,0.0
2020-01-31 22:00:00,0.0,0.0,0.0,5.84,1.24,0.0,0.0
2020-01-31 23:00:00,0.0,0.0,0.0,6.75,0.9,0.0,0.0
2020-02-01 00:00:00,0.0,0.0,0.0,5.83,1.03,0.0,0.0
2020-02-01 01:00:00,0.0,0.0,0.0,5.51,1.03,0.0,0.0
2020-02-01 02:00:00,0.0,0.0,0.0,4.94,1.17,0.0,0.0
2020-02-01 03:00:00,0.0,0.0,0.0,4.72,1.1,0.0,0.0
2020-02-01 04:00:00,0.0,0.0,0.0,4.61,1.17,0.0,0.0
2020-02-01 05:00:00,0.0,0.0,0.0,4.68,1.17,0.0,0.0
2020-02-01 06:00:00,0.0,0.0,0.0,5.19,0.9,0.0,0.0
2020-02-01 07:00:00,0.0,4.0,2.75,5.68,0.9,0.0,0.0
2020-02-01 08:00:00,2722.0,80.0,11.6,6.11,0.76,0.0,0.002722
2020-02-01 09:00:00,3774.5,104.0,19.05,7.63,0.83,0.0,0.0037745
2020-02-01 10:00:00,2863.0,83.0,24.54,8.81,0.9,0.0,0.002863
2020-02-01 11:00:00,2307.5,70.0,27.49,9.89,1.17,0.0,0.0023075
2020-02-01 12:00:00,4367.0,119.0,27.54,10.62,1.17,0.0,0.004367
2020-02-01 13:00:00,5730.0,151.0,24.67,11.14,1.31,0.0,0.00573
2020-02-01 14:00:00,3756.0,105.0,19.26,11.21,1.38,0.0,0.003756
2020-02-01 15:00:00,2965.5,88.0,11.86,11.07,1.38,0.0,0.0029655
2020-02-01 16:00:00,0.0,4.0,3.05,10.52,1.38,0.0,0.0
2020-02-01 17:00:00,0.0,0.0,0.0,9.31,1.79,0.0,0.0
2020-02-01 18:00:00,0.0,0.0,0.0,8.34,1.59,0.0,0.0
2020-02-01 19:00:00,0.0,0.0,0.0,7.44,1.45,0.0,0.0
2020-02-01 20:00:00,0.0,0.0,0.0,6.38,1.17,0.0,0.0
2020-02-01 21:00:00,0.0,0.0,0.0,6.15,0.41,0.0,0.0
2020-02-01 22:00:00,0.0,0.0,0.0,6.43,0.62,0.0,0.0
2020-02-01 23:00:00,0.0,0.0,0.0,5.79,0.69,0.0,0.0
2020-02-02 00:00:00,0.0,0.0,0.0,5.68,0.21,0.0,0.0
2020-02-02 01:00:00,0.0,0.0,0.0,4.85,0.62,0.0,0.0
2020-02-02 02:00:00,0.0,0.0,0.0,4.51,0.62,0.0,0.0
2020-02-02 03:00:00,0.0,0.0,0.0,3.51,0.76,0.0,0.0
2020-02-02 04:00:00,0.0,0.0,0.0,3.71,0.76,0.0,0.0
2020-02-02 05:00:00,0.0,0.0,0.0,3.82,0.62,0.0,0.0
2020-02-02 06:00:00,0.0,0.0,0.0,3.86,0.55,0.0,0.0
2020-02-02 07:00:00,8.0,6.0,2.94,4.52,0.83,0.0,8e-06
2020-02-02 08:00:00,3901.5,112.0,11.82,5.87,0.48,0.0,0.0039015
2020-02-02 09:00:00,5899.5,154.0,19.29,7.25,0.14,0.0,0.0058995
2020-02-02 10:00:00,6988.0,180.0,24.8,9.82,0.28,0.0,0.006988
2020-02-02 11:00:00,8194.0,209.0,27.77,11.72,0.97,0.0,0.008194
2020-02-02 12:00:00,12593.5,316.0,27.83,13.33,0.83,0.0,0.0125935
2020-02-02 13:00:00,13722.0,349.01,24.96,14.04,0.55,0.0,0.013722
2020-02-02 14:00:00,11041.0,295.01,19.53,14.37,0.55,0.0,0.011041
2020-02-02 15:00:00,5354.5,169.01,12.12,14.0,0.83,0.0,0.0053545
2020-02-02 16:00:00,200.0,14.0,3.29,12.89,0.97,0.0,0.0002
2020-02-02 17:00:00,0.0,0.0,0.0,10.89,1.1,0.0,0.0
2020-02-02 18:00:00,0.0,0.0,0.0,9.25,0.83,0.0,0.0
2020-02-02 19:00:00,0.0,0.0,0.0,8.82,0.9,0.0,0.0
2020-02-02 20:00:00,0.0,0.0,0.0,8.27,0.48,0.0,0.0
2020-02-02 21:00:00,0.0,0.0,0.0,7.52,0.55,0.0,0.0
2020-02-02 22:00:00,0.0,0.0,0.0,6.45,0.83,0.0,0.0
2020-02-02 23:00:00,0.0,0.0,0.0,5.67,0.76,0.0,0.0
2020-02-03 00:00:00,0.0,0.0,0.0,5.5,0.69,0.0,0.0
2020-02-03 01:00:00,0.0,0.0,0.0,5.82,0.83,0.0,0.0
2020-02-03 02:00:00,0.0,0.0,0.0,5.54,0.97,0.0,0.0
2020-02-03 03:00:00,0.0,0.0,0.0,6.42,0.62,0.0,0.0
2020-02-03 04:00:00,0.0,0.0,0.0,6.21,0.62,0.0,0.0
2020-02-03 05:00:00,0.0,0.0,0.0,5.36,0.97,0.0,0.0
2020-02-03 06:00:00,0.0,0.0,0.0,5.18,1.03,0.0,0.0
2020-02-03 07:00:00,214.5,14.82,3.14,4.99,1.59,0.0,0.0002145
2020-02-03 08:00:00,5374.5,159.01,12.04,6.5,1.17,0.0,0.0053745
2020-02-03 09:00:00,11596.5,302.01,19.53,10.04,1.17,0.0,0.0115965
2020-02-03 10:00:00,16161.5,406.01,25.07,12.28,1.31,0.0,0.0161615
2020-02-03 11:00:00,17571.5,440.01,28.06,14.62,1.45,0.0,0.0175715
2020-02-03 12:00:00,19014.0,482.01,28.12,16.71,1.38,0.0,0.019014
2020-02-03 13:00:00,15633.0,406.01,25.24,18.58,0.83,0.0,0.015633
2020-02-03 14:00:00,12075.0,333.01,19.81,19.63,0.41,0.0,0.012075
2020-02-03 15:00:00,5661.5,184.01,12.38,19.37,0.28,0.0,0.0056615
2020-02-03 16:00:00,278.0,17.0,3.53,18.88,0.21,0.0,0.000278
2020-02-03 17:00:00,0.0,0.0,0.0,17.31,0.34,0.0,0.0
2020-02-03 18:00:00,0.0,0.0,0.0,15.3,1.03,0.0,0.0
2020-02-03 19:00:00,0.0,0.0,0.0,11.52,1.52,0.0,0.0
2020-02-03 20:00:00,0.0,0.0,0.0,11.67,1.31,0.0,0.0
2020-02-03 21:00:00,0.0,0.0,0.0,9.64,1.52,0.0,0.0
2020-02-03 22:00:00,0.0,0.0,0.0,8.86,1.52,0.0,0.0
2020-02-03 23:00:00,0.0,0.0,0.0,7.86,1.66,0.0,0.0
2020-02-04 00:00:00,0.0,0.0,0.0,7.32,1.66,0.0,0.0
2020-02-04 01:00:00,0.0,0.0,0.0,7.17,1.66,0.0,0.0
2020-02-04 02:00:00,0.0,0.0,0.0,7.05,1.38,0.0,0.0
2020-02-04 03:00:00,0.0,0.0,0.0,6.55,1.45,0.0,0.0
2020-02-04 04:00:00,0.0,0.0,0.0,6.28,1.66,0.0,0.0
2020-02-04 05:00:00,0.0,0.0,0.0,8.77,2.97,0.0,0.0
2020-02-04 06:00:00,0.0,0.0,0.0,10.26,3.03,0.0,0.0
2020-02-04 07:00:00,338.0,20.34,3.35,8.89,2.34,0.0,0.000338
2020-02-04 08:00:00,6346.0,196.01,12.26,8.85,2.21,0.0,0.006346
2020-02-04 09:00:00,13372.0,350.01,19.78,12.11,3.24,0.0,0.013372
2020-02-04 10:00:00,17962.0,448.01,25.34,14.31,4.21,0.0,0.017962
2020-02-04 11:00:00,20618.0,504.02,28.35,14.32,5.52,0.0,0.020618
2020-02-04 12:00:00,20667.0,502.01,28.42,13.76,6.48,0.0,0.020667
2020-02-04 13:00:00,18591.5,458.01,25.54,13.0,5.66,0.0,0.0185915
2020-02-04 14:00:00,13683.5,355.01,20.08,12.46,5.17,0.0,0.0136835
2020-02-04 15:00:00,6606.5,205.01,12.64,11.67,4.62,0.0,0.0066065
2020-02-04 16:00:00,389.0,20.0,3.78,10.39,3.66,0.0,0.000389
2020-02-04 17:00:00,0.0,0.0,0.0,9.04,3.38,0.0,0.0
2020-02-04 18:00:00,0.0,0.0,0.0,8.08,3.24,0.0,0.0
2020-02-04 19:00:00,0.0,0.0,0.0,7.66,3.24,0.0,0.0
2020-02-04 20:00:00,0.0,0.0,0.0,6.84,3.1,0.0,0.0
2020-02-04 21:00:00,0.0,0.0,0.0,5.82,2.55,0.0,0.0
2020-02-04 22:00:00,0.0,0.0,0.0,4.81,2.14,0.0,0.0
2020-02-04 23:00:00,0.0,0.0,0.0,3.45,2.28,0.0,0.0
2020-02-05 00:00:00,0.0,0.0,0.0,2.31,2.07,0.0,0.0
2020-02-05 01:00:00,0.0,0.0,0.0,1.4,1.93,0.0,0.0
2020-02-05 02:00:00,0.0,0.0,0.0,1.14,1.72,0.0,0.0
2020-02-05 03:00:00,0.0,0.0,0.0,1.18,1.66,0.0,0.0
2020-02-05 04:00:00,0.0,0.0,0.0,0.8,1.72,0.0,0.0
2020-02-05 05:00:00,0.0,0.0,0.0,0.28,1.79,0.0,0.0
2020-02-05 06:00:00,0.0,0.0,0.0,-0.32,1.93,0.0,0.0
2020-02-05 07:00:00,428.5,23.08,3.56,0.08,2.14,0.0,0.0004285
2020-02-05 08:00:00,6922.0,207.01,12.49,1.81,1.79,0.0,0.006922
2020-02-05 09:00:00,14051.5,360.01,20.04,6.55,1.59,0.0,0.0140515
2020-02-05 10:00:00,18639.0,461.01,25.62,10.13,1.93,0.0,0.018639
2020-02-05 11:00:00,20873.5,514.02,28.65,12.14,2.14,0.0,0.0208735
2020-02-05 12:00:00,20959.5,518.02,28.72,13.26,2.34,0.0,0.0209595
2020-02-05 13:00:00,18736.5,469.01,25.83,13.69,2.55,0.0,0.0187365
2020-02-05 14:00:00,13689.0,359.01,20.36,13.56,2.21,0.0,0.013689
2020-02-05 15:00:00,6853.0,213.01,12.9,12.84,1.66,0.0,0.006853
2020-02-05 16:00:00,486.5,23.0,4.02,11.09,1.93,0.0,0.0004865
2020-02-05 17:00:00,0.0,0.0,0.0,8.51,2.41,0.0,0.0
2020-02-05 18:00:00,0.0,0.0,0.0,6.64,2.55,0.0,0.0
2020-02-05 19:00:00,0.0,0.0,0.0,5.37,2.07,0.0,0.0
2020-02-05 20:00:00,0.0,0.0,0.0,3.99,1.59,0.0,0.0
2020-02-05 21:00:00,0.0,0.0,0.0,4.15,1.31,0.0,0.0
2020-02-05 22:00:00,0.0,0.0,0.0,4.54,1.1,0.0,0.0
2020-02-05 23:00:00,0.0,0.0,0.0,4.83,0.69,0.0,0.0
2020-02-06 00:00:00,0.0,0.0,0.0,2.71,1.24,0.0,0.0
2020-02-06 01:00:00,0.0,0.0,0.0,0.71,1.52,0.0,0.0
2020-02-06 02:00:00,0.0,0.0,0.0,0.68,1.31,0.0,0.0
2020-02-06 03:00:00,0.0,0.0,0.0,1.54,1.1,0.0,0.0
2020-02-06 04:00:00,0.0,0.0,0.0,1.6,0.69,0.0,0.0
2020-02-06 05:00:00,0.0,0.0,0.0,1.5,0.41,0.0,0.0
2020-02-06 06:00:00,0.0,0.0,0.0,1.42,0.21,0.0,0.0
2020-02-06 07:00:00,216.5,14.0,3.77,0.9,0.76,0.0,0.0002165
2020-02-06 08:00:00,5467.0,151.0,12.73,1.41,0.34,0.0,0.005467
2020-02-06 09:00:00,13155.0,331.01,20.3,3.5,0.55,0.0,0.013155
2020-02-06 10:00:00,17510.0,426.01,25.9,5.73,0.9,0.0,0.01751
2020-02-06 11:00:00,19450.0,472.01,28.95,7.38,0.9,0.0,0.01945
2020-02-06 12:00:00,19376.5,474.01,29.03,8.65,0.69,0.0,0.0193765
2020-02-06 13:00:00,18150.5,451.01,26.13,9.43,0.62,0.0,0.0181505
2020-02-06 14:00:00,13720.0,355.01,20.65,9.8,1.03,0.0,0.01372
2020-02-06 15:00:00,6958.0,211.01,13.17,9.69,1.31,0.0,0.006958
2020-02-06 16:00:00,562.0,25.0,4.27,8.69,1.45,0.0,0.000562
2020-02-06 17:00:00,0.0,0.0,0.0,6.72,1.79,0.0,0.0
2020-02-06 18:00:00,0.0,0.0,0.0,4.72,1.52,0.0,0.0
2020-02-06 19:00:00,0.0,0.0,0.0,4.81,0.62,0.0,0.0
2020-02-06 20:00:00,0.0,0.0,0.0,3.9,0.97,0.0,0.0
2020-02-06 21:00:00,0.0,0.0,0.0,2.09,1.17,0.0,0.0
2020-02-06 22:00:00,0.0,0.0,0.0,2.53,0.83,0.0,0.0
2020-02-06 23:00:00,0.0,0.0,0.0,1.99,0.55,0.0,0.0
2020-02-07 00:00:00,0.0,0.0,0.0,1.17,0.34,0.0,0.0
2020-02-07 01:00:00,0.0,0.0,0.0,0.47,0.28,0.0,0.0
2020-02-07 02:00:00,0.0,0.0,0.0,0.12,0.14,0.0,0.0
2020-02-07 03:00:00,0.0,0.0,0.0,-0.01,0.14,0.0,0.0
2020-02-07 04:00:00,0.0,0.0,0.0,0.0,0.21,0.0,0.0
2020-02-07 05:00:00,0.0,0.0,0.0,0.05,0.14,0.0,0.0
2020-02-07 06:00:00,0.0,0.0,0.0,0.07,0.07,0.0,0.0
2020-02-07 07:00:00,540.5,26.06,3.99,-0.98,0.28,0.0,0.0005405
2020-02-07 08:00:00,7081.0,208.01,12.97,0.36,0.14,0.0,0.007081
2020-02-07 09:00:00,14046.5,356.01,20.56,3.31,0.0,0.0,0.0140465
2020-02-07 10:00:00,18681.5,460.01,26.19,6.25,0.14,0.0,0.0186815
2020-02-07 11:00:00,20753.5,511.01,29.26,8.44,0.21,0.0,0.0207535
2020-02-07 12:00:00,20680.0,512.01,29.34,10.02,0.34,0.0,0.02068
2020-02-07 13:00:00,18664.5,467.01,26.44,11.09,0.69,0.0,0.0186645
2020-02-07 14:00:00,13715.5,357.01,20.93,11.66,0.83,0.0,0.0137155
2020-02-07 15:00:00,7072.5,214.01,13.43,11.56,0.9,0.0,0.0070725
2020-02-07 16:00:00,626.5,27.0,4.52,10.25,1.38,0.0,0.0006265
2020-02-07 17:00:00,0.0,0.0,0.0,7.94,1.79,0.0,0.0
2020-02-07 18:00:00,0.0,0.0,0.0,5.87,1.59,0.0,0.0
2020-02-07 19:00:00,0.0,0.0,0.0,4.8,1.31,0.0,0.0
2020-02-07 20:00:00,0.0,0.0,0.0,4.12,1.17,0.0,0.0
2020-02-07 21:00:00,0.0,0.0,0.0,3.8,0.97,0.0,0.0
2020-02-07 22:00:00,0.0,0.0,0.0,3.48,0.76,0.0,0.0
2020-02-07 23:00:00,0.0,0.0,0.0,2.76,0.69,0.0,0.0
2020-02-08 00:00:00,0.0,0.0,0.0,2.28,0.62,0.0,0.0
2020-02-08 01:00:00,0.0,0.0,0.0,2.17,0.55,0.0,0.0
2020-02-08 02:00:00,0.0,0.0,0.0,2.06,0.55,0.0,0.0
2020-02-08 03:00:00,0.0,0.0,0.0,2.02,0.55,0.0,0.0
2020-02-08 04:00:00,0.0,0.0,0.0,1.78,0.69,0.0,0.0
2020-02-08 05:00:00,0.0,0.0,0.0,1.5,0.76,0.0,0.0
2020-02-08 06:00:00,0.0,0.0,0.0,1.28,0.83,0.0,0.0
2020-02-08 07:00:00,571.0,26.3,4.22,-0.15,0.28,0.0,0.000571
2020-02-08 08:00:00,4802.0,130.0,13.22,0.99,0.21,0.0,0.004802
2020-02-08 09:00:00,7710.5,193.0,20.84,3.63,0.34,0.0,0.0077105
2020-02-08 10:00:00,16725.0,408.01,26.49,6.28,0.48,0.0,0.016725
2020-02-08 11:00:00,17009.0,414.01,29.57,7.94,0.55,0.0,0.017009
2020-02-08 12:00:00,15631.0,383.01,29.66,9.05,0.41,0.0,0.015631
2020-02-08 13:00:00,17030.0,422.01,26.74,9.66,0.48,0.0,0.01703
2020-02-08 14:00:00,13206.5,339.01,21.22,9.87,0.69,0.0,0.0132065
2020-02-08 15:00:00,6245.5,178.0,13.7,9.77,1.03,0.0,0.0062455
2020-02-08 16:00:00,666.5,28.0,4.77,9.01,1.24,0.0,0.0006665
2020-02-08 17:00:00,0.0,0.0,0.0,7.58,1.45,0.0,0.0
2020-02-08 18:00:00,0.0,0.0,0.0,5.99,1.45,0.0,0.0
2020-02-08 19:00:00,0.0,0.0,0.0,4.37,1.52,0.0,0.0
2020-02-08 20:00:00,0.0,0.0,0.0,3.77,1.31,0.0,0.0
2020-02-08 21:00:00,0.0,0.0,0.0,3.7,1.03,0.0,0.0
2020-02-08 22:00:00,0.0,0.0,0.0,3.34,0.97,0.0,0.0
2020-02-08 23:00:00,0.0,0.0,0.0,2.53,1.03,0.0,0.0
2020-02-09 00:00:00,0.0,0.0,0.0,2.4,0.62,0.0,0.0
2020-02-09 01:00:00,0.0,0.0,0.0,2.03,0.48,0.0,0.0
2020-02-09 02:00:00,0.0,0.0,0.0,1.65,0.48,0.0,0.0
2020-02-09 03:00:00,0.0,0.0,0.0,1.46,0.62,0.0,0.0
2020-02-09 04:00:00,0.0,0.0,0.0,1.54,0.62,0.0,0.0
2020-02-09 05:00:00,0.0,0.0,0.0,1.58,0.48,0.0,0.0
2020-02-09 06:00:00,0.0,0.0,0.0,1.28,0.55,0.0,0.0
2020-02-09 07:00:00,694.0,40.37,4.45,1.57,0.28,0.0,0.000694
2020-02-09 08:00:00,5063.0,137.0,13.47,2.3,0.48,0.0,0.005063
2020-02-09 09:00:00,6130.5,157.0,21.11,5.0,0.55,0.0,0.0061305
2020-02-09 10:00:00,4749.5,126.0,26.79,6.81,0.83,0.0,0.0047495
2020-02-09 11:00:00,3632.5,101.0,29.88,8.58,0.9,0.0,0.0036325
2020-02-09 12:00:00,2851.5,83.0,29.98,9.55,0.62,0.0,0.0028515
2020-02-09 13:00:00,9403.0,236.0,27.05,10.07,0.76,0.0,0.009403
2020-02-09 14:00:00,3093.5,89.0,21.51,10.5,1.24,0.0,0.0030935
2020-02-09 15:00:00,3674.0,104.0,13.97,10.43,1.66,0.0,0.003674
2020-02-09 16:00:00,663.5,28.0,5.02,9.81,1.31,0.0,0.0006635
2020-02-09 17:00:00,0.0,0.0,0.0,8.26,1.66,0.0,0.0
2020-02-09 18:00:00,0.0,0.0,0.0,7.18,1.52,0.0,0.0
2020-02-09 19:00:00,0.0,0.0,0.0,6.56,1.72,0.0,0.0
2020-02-09 20:00:00,0.0,0.0,0.0,6.52,1.72,0.0,0.0
2020-02-09 21:00:00,0.0,0.0,0.0,6.32,1.31,0.0,0.0
2020-02-09 22:00:00,0.0,0.0,0.0,6.15,1.66,0.0,0.0
2020-02-09 23:00:00,0.0,0.0,0.0,5.87,1.66,0.0,0.0
2020-02-10 00:00:00,0.0,0.0,0.0,5.6,1.52,0.0,0.0
2020-02-10 01:00:00,0.0,0.0,0.0,5.24,1.38,0.0,0.0
2020-02-10 02:00:00,0.0,0.0,0.0,4.91,1.38,0.0,0.0
2020-02-10 03:00:00,0.0,0.0,0.0,4.63,1.17,0.0,0.0
2020-02-10 04:00:00,0.0,0.0,0.0,4.34,0.97,0.0,0.0
2020-02-10 05:00:00,0.0,0.0,0.0,4.14,0.62,0.0,0.0
2020-02-10 06:00:00,0.0,0.0,0.0,3.86,0.62,0.0,0.0
2020-02-10 07:00:00,687.0,30.82,4.69,2.98,1.03,0.0,0.000687
2020-02-10 08:00:00,4065.5,111.0,13.73,3.51,0.76,0.0,0.0040655
2020-02-10 09:00:00,5323.0,138.0,21.39,4.2,0.28,0.0,0.005323
2020-02-10 10:00:00,16538.5,401.01,27.09,5.29,0.34,0.0,0.0165385
2020-02-10 11:00:00,21174.0,514.01,30.2,7.16,0.62,0.0,0.021174
2020-02-10 12:00:00,21293.5,521.01,30.3,9.14,0.76,0.0,0.0212935
2020-02-10 13:00:00,18955.5,472.01,27.36,11.56,0.97,0.0,0.0189555
2020-02-10 14:00:00,13856.5,360.01,21.81,13.47,0.97,0.0,0.0138565
2020-02-10 15:00:00,7315.0,217.01,14.24,14.19,0.69,0.0,0.007315
2020-02-10 16:00:00,480.0,23.0,5.27,13.25,0.69,0.0,0.00048
2020-02-10 17:00:00,0.0,0.0,0.0,10.87,1.38,0.0,0.0
2020-02-10 18:00:00,0.0,0.0,0.0,8.63,1.66,0.0,0.0
2020-02-10 19:00:00,0.0,0.0,0.0,7.28,1.52,0.0,0.0
2020-02-10 20:00:00,0.0,0.0,0.0,6.78,2.14,0.0,0.0
2020-02-10 21:00:00,0.0,0.0,0.0,7.17,2.55,0.0,0.0
2020-02-10 22:00:00,0.0,0.0,0.0,7.63,2.55,0.0,0.0
2020-02-10 23:00:00,0.0,0.0,0.0,7.11,2.0,0.0,0.0
2020-02-11 00:00:00,0.0,0.0,0.0,6.57,1.93,0.0,0.0
2020-02-11 01:00:00,0.0,0.0,0.0,6.71,2.28,0.0,0.0
2020-02-11 02:00:00,0.0,0.0,0.0,7.0,2.69,0.0,0.0
2020-02-11 03:00:00,0.0,0.0,0.0,8.02,3.1,0.0,0.0
2020-02-11 04:00:00,0.0,0.0,0.0,9.3,3.45,0.0,0.0
2020-02-11 05:00:00,0.0,0.0,0.0,9.81,3.72,0.0,0.0
2020-02-11 06:00:00,0.0,0.0,0.0,9.8,3.66,0.0,0.0
2020-02-11 07:00:00,785.0,52.38,4.93,9.24,2.48,0.0,0.000785
2020-02-11 08:00:00,7660.5,226.01,13.99,9.6,1.17,0.0,0.0076605
2020-02-11 09:00:00,14345.5,375.01,21.68,12.8,0.28,0.0,0.0143455
2020-02-11 10:00:00,18742.0,479.01,27.4,15.16,0.21,0.0,0.018742
2020-02-11 11:00:00,21093.0,533.01,30.53,16.91,1.24,0.0,0.021093
2020-02-11 12:00:00,21331.5,531.01,30.63,17.2,3.17,0.0,0.0213315
2020-02-11 13:00:00,19351.0,484.01,27.68,17.15,4.0,0.0,0.019351
2020-02-11 14:00:00,14409.0,374.01,22.1,16.96,3.86,0.0,0.014409
2020-02-11 15:00:00,7807.5,232.01,14.52,16.34,2.97,0.0,0.0078075
2020-02-11 16:00:00,680.0,29.0,5.53,15.02,2.48,0.0,0.00068
2020-02-11 17:00:00,0.0,0.0,0.0,13.23,2.48,0.0,0.0
2020-02-11 18:00:00,0.0,0.0,0.0,11.73,2.41,0.0,0.0
2020-02-11 19:00:00,0.0,0.0,0.0,11.36,3.38,0.0,0.0
2020-02-11 20:00:00,0.0,0.0,0.0,10.92,3.17,0.0,0.0
2020-02-11 21:00:00,0.0,0.0,0.0,10.23,3.03,0.0,0.0
2020-02-11 22:00:00,0.0,0.0,0.0,9.35,2.9,0.0,0.0
2020-02-11 23:00:00,0.0,0.0,0.0,8.47,2.97,0.0,0.0
2020-02-12 00:00:00,0.0,0.0,0.0,7.66,2.83,0.0,0.0
2020-02-12 01:00:00,0.0,0.0,0.0,6.36,2.55,0.0,0.0
2020-02-12 02:00:00,0.0,0.0,0.0,4.76,2.21,0.0,0.0
2020-02-12 03:00:00,0.0,0.0,0.0,3.98,1.93,0.0,0.0
2020-02-12 04:00:00,0.0,0.0,0.0,4.01,1.52,0.0,0.0
2020-02-12 05:00:00,0.0,0.0,0.0,5.34,1.03,0.0,0.0
2020-02-12 06:00:00,0.0,0.0,0.0,4.63,0.69,0.0,0.0
2020-02-12 07:00:00,928.5,56.54,5.17,3.59,0.97,0.0,0.0009285
2020-02-12 08:00:00,8315.5,237.01,14.25,4.04,0.76,0.0,0.0083155
2020-02-12 09:00:00,15507.5,389.01,21.97,6.51,1.24,0.0,0.0155075
2020-02-12 10:00:00,20422.0,500.01,27.71,8.61,1.24,0.0,0.020422
2020-02-12 11:00:00,22641.0,555.02,30.86,10.47,1.24,0.0,0.022641
2020-02-12 12:00:00,22167.5,547.01,30.96,11.84,1.17,0.0,0.0221675
2020-02-12 13:00:00,20279.0,505.01,28.0,12.65,1.38,0.0,0.020279
2020-02-12 14:00:00,15151.0,390.01,22.4,12.92,1.17,0.0,0.015151
2020-02-12 15:00:00,8362.0,244.01,14.79,12.73,0.76,0.0,0.008362
2020-02-12 16:00:00,621.5,27.0,5.78,11.67,0.97,0.0,0.0006215
2020-02-12 17:00:00,0.0,0.0,0.0,9.08,1.17,0.0,0.0
2020-02-12 18:00:00,0.0,0.0,0.0,9.01,0.9,0.0,0.0
2020-02-12 19:00:00,0.0,0.0,0.0,8.37,1.31,0.0,0.0
2020-02-12 20:00:00,0.0,0.0,0.0,7.35,1.31,0.0,0.0
2020-02-12 21:00:00,0.0,0.0,0.0,6.64,1.24,0.0,0.0
2020-02-12 22:00:00,0.0,0.0,0.0,5.56,1.24,0.0,0.0
2020-02-12 23:00:00,0.0,0.0,0.0,4.35,1.31,0.0,0.0
2020-02-13 00:00:00,0.0,0.0,0.0,3.73,1.24,0.0,0.0
2020-02-13 01:00:00,0.0,0.0,0.0,4.17,0.9,0.0,0.0
2020-02-13 02:00:00,0.0,0.0,0.0,3.77,0.76,0.0,0.0
2020-02-13 03:00:00,0.0,0.0,0.0,3.07,0.83,0.0,0.0
2020-02-13 04:00:00,0.0,0.0,0.0,2.4,0.83,0.0,0.0
2020-02-13 05:00:00,0.0,0.0,0.0,2.0,0.83,0.0,0.0
2020-02-13 06:00:00,0.0,0.0,0.0,1.71,0.83,0.0,0.0
2020-02-13 07:00:00,1057.0,45.89,5.42,1.65,0.21,0.0,0.001057
2020-02-13 08:00:00,8295.0,234.01,14.52,2.58,0.14,0.0,0.008295
2020-02-13 09:00:00,15004.0,377.01,22.26,5.76,0.21,0.0,0.015004
2020-02-13 10:00:00,19659.0,484.01,28.03,8.06,0.28,0.0,0.019659
2020-02-13 11:00:00,22045.5,540.01,31.19,9.42,0.69,0.0,0.0220455
2020-02-13 12:00:00,21570.5,530.01,31.29,10.4,0.76,0.0,0.0215705
2020-02-13 13:00:00,18954.5,470.01,28.32,11.17,0.76,0.0,0.0189545
2020-02-13 14:00:00,8858.5,226.0,22.7,11.45,0.9,0.0,0.0088585
2020-02-13 15:00:00,7682.0,216.01,15.07,11.31,1.03,0.0,0.007682
2020-02-13 16:00:00,1405.5,57.0,6.04,10.43,1.24,0.0,0.0014055
2020-02-13 17:00:00,0.0,0.0,0.0,8.58,1.52,0.0,0.0
2020-02-13 18:00:00,0.0,0.0,0.0,7.05,1.52,0.0,0.0
2020-02-13 19:00:00,0.0,0.0,0.0,6.0,1.86,0.0,0.0
2020-02-13 20:00:00,0.0,0.0,0.0,5.96,2.62,0.0,0.0
2020-02-13 21:00:00,0.0,0.0,0.0,5.92,2.76,0.0,0.0
2020-02-13 22:00:00,0.0,0.0,0.0,5.61,1.66,0.0,0.0
2020-02-13 23:00:00,0.0,0.0,0.0,5.2,0.55,0.0,0.0
2020-02-14 00:00:00,0.0,0.0,0.0,4.77,0.28,0.0,0.0
2020-02-14 01:00:00,0.0,0.0,0.0,3.68,0.55,0.0,0.0
2020-02-14 02:00:00,0.0,0.0,0.0,2.66,0.55,0.0,0.0
2020-02-14 03:00:00,0.0,0.0,0.0,2.0,0.34,0.0,0.0
2020-02-14 04:00:00,0.0,0.0,0.0,1.43,0.21,0.0,0.0
2020-02-14 05:00:00,0.0,0.0,0.0,0.89,0.14,0.0,0.0
2020-02-14 06:00:00,0.0,0.0,0.0,0.59,0.34,0.0,0.0
2020-02-14 07:00:00,1151.5,59.05,5.68,0.93,1.1,0.0,0.0011515
2020-02-14 08:00:00,8241.5,227.01,14.8,3.36,0.69,0.0,0.0082415
2020-02-14 09:00:00,15214.5,381.01,22.56,6.59,0.62,0.0,0.0152145
2020-02-14 10:00:00,20092.5,496.01,28.35,9.25,0.48,0.0,0.0200925
2020-02-14 11:00:00,22438.5,555.01,31.53,11.02,0.55,0.0,0.0224385
2020-02-14 12:00:00,22018.0,548.01,31.63,12.63,0.62,0.0,0.022018
2020-02-14 13:00:00,20141.0,506.01,28.64,13.67,0.76,0.0,0.020141
2020-02-14 14:00:00,15163.0,391.01,23.0,14.09,1.03,0.0,0.015163
2020-02-14 15:00:00,8030.0,228.01,15.34,13.99,0.97,0.0,0.00803
2020-02-14 16:00:00,1696.5,75.0,6.29,13.07,0.48,0.0,0.0016965
2020-02-14 17:00:00,0.0,0.0,0.0,12.37,0.21,0.0,0.0
2020-02-14 18:00:00,0.0,0.0,0.0,10.99,0.62,0.0,0.0
2020-02-14 19:00:00,0.0,0.0,0.0,11.3,0.14,0.0,0.0
2020-02-14 20:00:00,0.0,0.0,0.0,10.22,0.28,0.0,0.0
2020-02-14 21:00:00,0.0,0.0,0.0,9.08,0.41,0.0,0.0
2020-02-14 22:00:00,0.0,0.0,0.0,7.82,0.48,0.0,0.0
2020-02-14 23:00:00,0.0,0.0,0.0,6.47,0.55,0.0,0.0
2020-02-15 00:00:00,0.0,0.0,0.0,5.36,0.55,0.0,0.0
2020-02-15 01:00:00,0.0,0.0,0.0,4.69,0.62,0.0,0.0
2020-02-15 02:00:00,0.0,0.0,0.0,4.12,0.69,0.0,0.0
2020-02-15 03:00:00,0.0,0.0,0.0,3.72,0.62,0.0,0.0
2020-02-15 04:00:00,0.0,0.0,0.0,3.5,0.48,0.0,0.0
2020-02-15 05:00:00,0.0,0.0,0.0,3.08,0.34,0.0,0.0
2020-02-15 06:00:00,0.0,0.0,0.0,2.51,0.21,0.0,0.0
2020-02-15 07:00:00,1610.5,72.0,5.94,2.37,0.34,0.0,0.0016105
2020-02-15 08:00:00,8329.0,229.01,15.08,3.69,0.14,0.0,0.008329
2020-02-15 09:00:00,13798.5,344.01,22.86,6.61,0.21,0.0,0.0137985
2020-02-15 10:00:00,19988.5,494.01,28.68,9.25,0.28,0.0,0.0199885
2020-02-15 11:00:00,22447.0,556.01,31.87,11.09,0.41,0.0,0.022447
2020-02-15 12:00:00,22117.0,549.01,31.97,12.42,0.69,0.0,0.022117
2020-02-15 13:00:00,20258.5,507.01,28.96,13.28,0.83,0.0,0.0202585
2020-02-15 14:00:00,15171.0,390.01,23.3,13.65,0.83,0.0,0.015171
2020-02-15 15:00:00,8013.0,225.01,15.62,13.61,1.03,0.0,0.008013
2020-02-15 16:00:00,1675.0,66.0,6.55,12.73,1.31,0.0,0.001675
2020-02-15 17:00:00,0.0,0.0,0.0,10.77,1.93,0.0,0.0
2020-02-15 18:00:00,0.0,0.0,0.0,8.84,1.72,0.0,0.0
2020-02-15 19:00:00,0.0,0.0,0.0,6.92,1.79,0.0,0.0
2020-02-15 20:00:00,0.0,0.0,0.0,7.17,0.97,0.0,0.0
2020-02-15 21:00:00,0.0,0.0,0.0,7.09,0.9,0.0,0.0
2020-02-15 22:00:00,0.0,0.0,0.0,5.85,0.83,0.0,0.0
2020-02-15 23:00:00,0.0,0.0,0.0,5.1,0.83,0.0,0.0
2020-02-16 00:00:00,0.0,0.0,0.0,4.68,0.76,0.0,0.0
2020-02-16 01:00:00,0.0,0.0,0.0,3.93,0.97,0.0,0.0
2020-02-16 02:00:00,0.0,0.0,0.0,4.5,0.55,0.0,0.0
2020-02-16 03:00:00,0.0,0.0,0.0,4.4,0.28,0.0,0.0
2020-02-16 04:00:00,0.0,0.0,0.0,3.89,0.69,0.0,0.0
2020-02-16 05:00:00,0.0,0.0,0.0,3.44,0.62,0.0,0.0
2020-02-16 06:00:00,0.0,0.0,0.0,3.32,0.69,0.0,0.0
2020-02-16 07:00:00,1690.5,70.0,6.2,2.51,0.14,0.0,0.0016905
2020-02-16 08:00:00,8396.0,229.01,15.36,3.67,0.41,0.0,0.008396
2020-02-16 09:00:00,15096.5,375.01,23.17,5.96,0.55,0.0,0.0150965
2020-02-16 10:00:00,19245.0,470.01,29.01,8.01,0.55,0.0,0.019245
2020-02-16 11:00:00,18803.5,459.01,32.21,9.34,0.55,0.0,0.0188035
2020-02-16 12:00:00,17675.0,434.01,32.31,10.31,0.41,0.0,0.017675
2020-02-16 13:00:00,14922.5,370.01,29.29,10.94,0.21,0.0,0.0149225
2020-02-16 14:00:00,7516.5,194.0,23.6,11.3,0.14,0.0,0.0075165
2020-02-16 15:00:00,5082.5,139.0,15.9,11.42,0.21,0.0,0.0050825
2020-02-16 16:00:00,1577.0,58.0,6.8,10.94,0.62,0.0,0.001577
2020-02-16 17:00:00,0.0,0.0,0.0,9.82,1.1,0.0,0.0
2020-02-16 18:00:00,0.0,0.0,0.0,8.94,1.1,0.0,0.0
2020-02-16 19:00:00,0.0,0.0,0.0,8.28,1.59,0.0,0.0
2020-02-16 20:00:00,0.0,0.0,0.0,7.99,1.52,0.0,0.0
2020-02-16 21:00:00,0.0,0.0,0.0,7.49,1.59,0.0,0.0
2020-02-16 22:00:00,0.0,0.0,0.0,7.35,1.52,0.0,0.0
2020-02-16 23:00:00,0.0,0.0,0.0,7.2,1.38,0.0,0.0
2020-02-17 00:00:00,0.0,0.0,0.0,6.95,1.24,0.0,0.0
2020-02-17 01:00:00,0.0,0.0,0.0,6.84,1.17,0.0,0.0
2020-02-17 02:00:00,0.0,0.0,0.0,6.78,1.1,0.0,0.0
2020-02-17 03:00:00,0.0,0.0,0.0,6.6,1.03,0.0,0.0
2020-02-17 04:00:00,0.0,0.0,0.0,6.57,0.9,0.0,0.0
2020-02-17 05:00:00,0.0,0.0,0.0,6.49,0.83,0.0,0.0
2020-02-17 06:00:00,0.0,0.0,0.0,6.42,0.83,0.0,0.0
2020-02-17 07:00:00,768.5,31.0,6.47,6.51,1.24,0.0,0.0007685
2020-02-17 08:00:00,3354.5,94.0,15.65,6.68,1.24,0.0,0.0033545
2020-02-17 09:00:00,2593.0,76.0,23.48,7.1,1.38,0.0,0.002593
2020-02-17 10:00:00,3176.0,90.0,29.34,7.94,1.45,0.0,0.003176
2020-02-17 11:00:00,3471.5,97.0,32.56,8.26,1.59,0.0,0.0034715
2020-02-17 12:00:00,4374.5,118.0,32.66,8.47,1.72,0.0,0.0043745
2020-02-17 13:00:00,7769.5,196.0,29.62,8.76,1.66,0.0,0.0077695
2020-02-17 14:00:00,3718.5,103.0,23.91,8.89,1.66,0.0,0.0037185
2020-02-17 15:00:00,3201.0,91.0,16.18,8.84,1.72,0.0,0.003201
2020-02-17 16:00:00,1784.0,65.0,7.06,8.65,1.66,0.0,0.001784
2020-02-17 17:00:00,0.0,0.0,0.0,8.18,1.31,0.0,0.0
2020-02-17 18:00:00,0.0,0.0,0.0,7.76,1.1,0.0,0.0
2020-02-17 19:00:00,0.0,0.0,0.0,8.11,1.24,0.0,0.0
2020-02-17 20:00:00,0.0,0.0,0.0,8.02,1.31,0.0,0.0
2020-02-17 21:00:00,0.0,0.0,0.0,7.82,1.03,0.0,0.0
2020-02-17 22:00:00,0.0,0.0,0.0,7.49,0.62,0.0,0.0
2020-02-17 23:00:00,0.0,0.0,0.0,7.11,0.55,0.0,0.0
2020-02-18 00:00:00,0.0,0.0,0.0,6.73,0.83,0.0,0.0
2020-02-18 01:00:00,0.0,0.0,0.0,6.54,0.76,0.0,0.0
2020-02-18 02:00:00,0.0,0.0,0.0,6.72,0.48,0.0,0.0
2020-02-18 03:00:00,0.0,0.0,0.0,6.56,0.34,0.0,0.0
2020-02-18 04:00:00,0.0,0.0,0.0,6.33,0.48,0.0,0.0
2020-02-18 05:00:00,0.0,0.0,0.0,5.88,0.62,0.0,0.0
2020-02-18 06:00:00,0.0,0.0,0.0,5.31,0.9,0.0,0.0
2020-02-18 07:00:00,2012.5,81.0,6.74,4.32,1.45,0.0,0.0020125
2020-02-18 08:00:00,7128.5,188.0,15.94,5.96,1.17,0.0,0.0071285
2020-02-18 09:00:00,14379.5,358.01,23.8,9.44,1.31,0.0,0.0143795
2020-02-18 10:00:00,21186.0,522.01,29.68,11.56,1.38,0.0,0.021186
2020-02-18 11:00:00,23474.0,581.01,32.91,13.21,1.24,0.0,0.023474
2020-02-18 12:00:00,22890.5,571.01,33.0,14.26,0.97,0.0,0.0228905
2020-02-18 13:00:00,21037.5,529.01,29.95,14.83,0.9,0.0,0.0210375
2020-02-18 14:00:00,15944.5,410.01,24.21,14.96,0.83,0.0,0.0159445
2020-02-18 15:00:00,9351.0,264.01,16.45,14.81,0.76,0.0,0.009351
2020-02-18 16:00:00,2271.0,96.0,7.32,14.07,0.34,0.0,0.002271
2020-02-18 17:00:00,0.0,0.0,0.0,13.02,0.62,0.0,0.0
2020-02-18 18:00:00,0.0,0.0,0.0,10.82,1.03,0.0,0.0
2020-02-18 19:00:00,0.0,0.0,0.0,7.7,2.0,0.0,0.0
2020-02-18 20:00:00,0.0,0.0,0.0,6.67,1.86,0.0,0.0
2020-02-18 21:00:00,0.0,0.0,0.0,6.2,1.66,0.0,0.0
2020-02-18 22:00:00,0.0,0.0,0.0,6.16,1.38,0.0,0.0
2020-02-18 23:00:00,0.0,0.0,0.0,7.36,0.9,0.0,0.0
2020-02-19 00:00:00,0.0,0.0,0.0,6.89,0.55,0.0,0.0
2020-02-19 01:00:00,0.0,0.0,0.0,6.65,0.21,0.0,0.0
2020-02-19 02:00:00,0.0,0.0,0.0,6.07,0.21,0.0,0.0
2020-02-19 03:00:00,0.0,0.0,0.0,4.61,0.83,0.0,0.0
2020-02-19 04:00:00,0.0,0.0,0.0,4.28,0.76,0.0,0.0
2020-02-19 05:00:00,0.0,0.0,0.0,3.22,0.9,0.0,0.0
2020-02-19 06:00:00,0.0,0.0,0.0,2.93,0.83,0.0,0.0
2020-02-19 07:00:00,2204.0,91.0,7.02,4.35,0.34,0.0,0.002204
2020-02-19 08:00:00,8344.5,220.0,16.24,4.52,0.69,0.0,0.0083445
2020-02-19 09:00:00,8946.0,223.0,24.12,7.32,1.03,0.0,0.008946
2020-02-19 10:00:00,20497.5,500.01,30.02,9.45,1.17,0.0,0.0204975
2020-02-19 11:00:00,23860.0,585.01,33.26,11.8,1.45,0.0,0.02386
2020-02-19 12:00:00,23481.5,578.01,33.36,13.43,1.79,0.0,0.0234815
2020-02-19 13:00:00,21392.5,530.01,30.28,14.57,2.21,0.0,0.0213925
2020-02-19 14:00:00,16512.0,419.01,24.52,15.19,2.62,0.0,0.016512
2020-02-19 15:00:00,9698.0,271.01,16.73,15.08,2.34,0.0,0.009698
2020-02-19 16:00:00,2415.0,101.0,7.58,13.91,1.38,0.0,0.002415
2020-02-19 17:00:00,0.0,0.0,0.0,11.36,1.38,0.0,0.0
2020-02-19 18:00:00,0.0,0.0,0.0,8.81,2.07,0.0,0.0
2020-02-19 19:00:00,0.0,0.0,0.0,8.13,1.72,0.0,0.0
2020-02-19 20:00:00,0.0,0.0,0.0,7.13,1.66,0.0,0.0
2020-02-19 21:00:00,0.0,0.0,0.0,6.81,1.38,0.0,0.0
2020-02-19 22:00:00,0.0,0.0,0.0,7.09,1.24,0.0,0.0
2020-02-19 23:00:00,0.0,0.0,0.0,6.79,1.24,0.0,0.0
2020-02-20 00:00:00,0.0,0.0,0.0,4.82,1.59,0.0,0.0
2020-02-20 01:00:00,0.0,0.0,0.0,3.42,1.72,0.0,0.0
2020-02-20 02:00:00,0.0,0.0,0.0,2.79,1.66,0.0,0.0
2020-02-20 03:00:00,0.0,0.0,0.0,2.66,1.45,0.0,0.0
2020-02-20 04:00:00,0.0,0.0,0.0,2.91,1.24,0.0,0.0
2020-02-20 05:00:00,0.0,0.0,0.0,3.35,0.97,0.0,0.0
2020-02-20 06:00:00,0.0,0.0,0.0,2.56,1.03,0.0,0.0
2020-02-20 07:00:00,2102.5,73.0,7.3,3.49,0.41,0.0,0.0021025
2020-02-20 08:00:00,9243.0,246.01,16.54,4.84,0.28,0.0,0.009243
2020-02-20 09:00:00,16769.0,417.01,24.44,7.63,0.55,0.0,0.016769
2020-02-20 10:00:00,20579.5,505.01,30.37,9.76,0.69,0.0,0.0205795
2020-02-20 11:00:00,23500.0,578.01,33.62,11.27,0.9,0.0,0.0235
2020-02-20 12:00:00,21730.0,536.01,33.71,12.39,0.97,0.0,0.02173
2020-02-20 13:00:00,21311.5,530.01,30.62,13.08,0.97,0.0,0.0213115
2020-02-20 14:00:00,16618.0,422.01,24.82,13.48,1.03,0.0,0.016618
2020-02-20 15:00:00,10179.5,284.01,17.01,13.5,1.03,0.0,0.0101795
2020-02-20 16:00:00,2560.5,101.0,7.83,12.66,1.17,0.0,0.0025605
2020-02-20 17:00:00,0.0,0.0,0.0,10.43,1.59,0.0,0.0
2020-02-20 18:00:00,0.0,0.0,0.0,8.0,1.31,0.0,0.0
2020-02-20 19:00:00,0.0,0.0,0.0,6.81,1.24,0.0,0.0
2020-02-20 20:00:00,0.0,0.0,0.0,6.64,0.9,0.0,0.0
2020-02-20 21:00:00,0.0,0.0,0.0,5.81,0.76,0.0,0.0
2020-02-20 22:00:00,0.0,0.0,0.0,5.01,0.62,0.0,0.0
2020-02-20 23:00:00,0.0,0.0,0.0,4.42,0.62,0.0,0.0
2020-02-21 00:00:00,0.0,0.0,0.0,4.26,0.21,0.0,0.0
2020-02-21 01:00:00,0.0,0.0,0.0,3.52,0.28,0.0,0.0
2020-02-21 02:00:00,0.0,0.0,0.0,3.16,0.41,0.0,0.0
2020-02-21 03:00:00,0.0,0.0,0.0,3.16,0.34,0.0,0.0
2020-02-21 04:00:00,0.0,0.0,0.0,2.82,0.76,0.0,0.0
2020-02-21 05:00:00,0.0,0.0,0.0,2.39,0.9,0.0,0.0
2020-02-21 06:00:00,0.0,0.0,0.0,0.89,1.1,0.0,0.0
2020-02-21 07:00:00,2582.0,103.0,7.59,1.49,0.41,0.0,0.002582
2020-02-21 08:00:00,10215.5,272.01,16.85,3.41,0.34,0.0,0.0102155
2020-02-21 09:00:00,16750.0,415.01,24.77,7.3,0.48,0.0,0.01675
2020-02-21 10:00:00,19757.0,484.01,30.72,10.08,0.83,0.0,0.019757
2020-02-21 11:00:00,17148.5,422.01,33.98,12.16,1.03,0.0,0.0171485
2020-02-21 12:00:00,19844.0,492.01,34.07,13.73,0.97,0.0,0.019844
2020-02-21 13:00:00,18044.0,451.01,30.96,14.65,0.9,0.0,0.018044
2020-02-21 14:00:00,16000.0,409.01,25.13,15.17,0.83,0.0,0.016
2020-02-21 15:00:00,9878.5,274.01,17.29,15.13,0.9,0.0,0.0098785
2020-02-21 16:00:00,2743.0,112.0,8.09,14.25,0.83,0.0,0.002743
2020-02-21 17:00:00,0.0,0.0,0.0,12.0,1.03,0.0,0.0
2020-02-21 18:00:00,0.0,0.0,0.0,10.65,1.1,0.0,0.0
2020-02-21 19:00:00,0.0,0.0,0.0,11.54,0.48,0.0,0.0
2020-02-21 20:00:00,0.0,0.0,0.0,10.1,0.21,0.0,0.0
2020-02-21 21:00:00,0.0,0.0,0.0,8.66,0.07,0.0,0.0
2020-02-21 22:00:00,0.0,0.0,0.0,7.24,0.62,0.0,0.0
2020-02-21 23:00:00,0.0,0.0,0.0,5.36,1.03,0.0,0.0
2020-02-22 00:00:00,0.0,0.0,0.0,4.46,0.9,0.0,0.0
2020-02-22 01:00:00,0.0,0.0,0.0,2.85,1.31,0.0,0.0
2020-02-22 02:00:00,0.0,0.0,0.0,2.16,1.66,0.0,0.0
2020-02-22 03:00:00,0.0,0.0,0.0,2.14,1.31,0.0,0.0
2020-02-22 04:00:00,0.0,0.0,0.0,2.03,1.03,0.0,0.0
2020-02-22 05:00:00,0.0,0.0,0.0,1.89,0.83,0.0,0.0
2020-02-22 06:00:00,0.0,0.0,0.0,2.2,0.41,0.0,0.0
2020-02-22 07:00:00,2675.0,99.0,7.88,2.28,0.14,0.0,0.002675
2020-02-22 08:00:00,10042.0,265.01,17.15,3.85,0.34,0.0,0.010042
2020-02-22 09:00:00,16886.5,416.01,25.1,6.5,0.48,0.0,0.0168865
2020-02-22 10:00:00,22093.5,541.01,31.07,8.57,0.41,0.0,0.0220935
2020-02-22 11:00:00,23891.5,588.01,34.35,10.38,0.48,0.0,0.0238915
2020-02-22 12:00:00,23475.0,580.01,34.43,11.69,0.62,0.0,0.023475
2020-02-22 13:00:00,21718.5,539.01,31.29,12.6,0.83,0.0,0.0217185
2020-02-22 14:00:00,16867.0,426.01,25.44,13.07,1.03,0.0,0.016867
2020-02-22 15:00:00,10093.0,276.01,17.58,13.1,1.03,0.0,0.010093
2020-02-22 16:00:00,2845.5,106.0,8.35,12.53,1.03,0.0,0.0028455
2020-02-22 17:00:00,0.0,0.0,0.0,10.8,1.79,0.0,0.0
2020-02-22 18:00:00,0.0,0.0,0.0,9.05,1.66,0.0,0.0
2020-02-22 19:00:00,0.0,0.0,0.0,7.46,1.31,0.0,0.0
2020-02-22 20:00:00,0.0,0.0,0.0,6.94,0.97,0.0,0.0
2020-02-22 21:00:00,0.0,0.0,0.0,6.83,0.83,0.0,0.0
2020-02-22 22:00:00,0.0,0.0,0.0,6.36,0.48,0.0,0.0
2020-02-22 23:00:00,0.0,0.0,0.0,5.79,0.55,0.0,0.0
2020-02-23 00:00:00,0.0,0.0,0.0,5.32,0.41,0.0,0.0
2020-02-23 01:00:00,0.0,0.0,0.0,4.93,0.07,0.0,0.0
2020-02-23 02:00:00,0.0,0.0,0.0,4.86,0.34,0.0,0.0
2020-02-23 03:00:00,0.0,0.0,0.0,4.77,0.48,0.0,0.0
2020-02-23 04:00:00,0.0,0.0,0.0,4.7,0.48,0.0,0.0
2020-02-23 05:00:00,0.0,0.0,0.0,4.72,0.55,0.0,0.0
2020-02-23 06:00:00,0.0,0.0,0.0,4.89,0.21,0.0,0.0
2020-02-23 07:00:00,1865.5,61.0,8.17,4.51,0.34,0.0,0.0018655
2020-02-23 08:00:00,5605.0,147.0,17.47,5.96,0.41,0.0,0.005605
2020-02-23 09:00:00,15062.5,372.01,25.44,8.7,0.83,0.0,0.0150625
2020-02-23 10:00:00,18665.0,455.01,31.42,10.91,1.59,0.0,0.018665
2020-02-23 11:00:00,19544.5,479.01,34.71,12.73,1.59,0.0,0.0195445
2020-02-23 12:00:00,22154.0,546.01,34.79,14.17,1.72,0.0,0.022154
2020-02-23 13:00:00,11355.0,286.0,31.63,15.31,2.14,0.0,0.011355
2020-02-23 14:00:00,11024.5,280.0,25.75,15.71,2.34,0.0,0.0110245
2020-02-23 15:00:00,5469.5,149.0,17.86,15.53,2.28,0.0,0.0054695
2020-02-23 16:00:00,1902.0,64.0,8.61,14.53,1.79,0.0,0.001902
2020-02-23 17:00:00,0.0,0.0,0.0,13.0,2.21,0.0,0.0
2020-02-23 18:00:00,0.0,0.0,0.0,11.53,2.41,0.0,0.0
2020-02-23 19:00:00,0.0,0.0,0.0,9.98,2.48,0.0,0.0
2020-02-23 20:00:00,0.0,0.0,0.0,9.2,2.48,0.0,0.0
2020-02-23 21:00:00,0.0,0.0,0.0,8.69,2.41,0.0,0.0
2020-02-23 22:00:00,0.0,0.0,0.0,8.32,2.14,0.0,0.0
2020-02-23 23:00:00,0.0,0.0,0.0,8.03,1.86,0.0,0.0
2020-02-24 00:00:00,0.0,0.0,0.0,7.72,1.72,0.0,0.0
2020-02-24 01:00:00,0.0,0.0,0.0,7.52,1.59,0.0,0.0
2020-02-24 02:00:00,0.0,0.0,0.0,6.92,1.38,0.0,0.0
2020-02-24 03:00:00,0.0,0.0,0.0,6.43,1.24,0.0,0.0
2020-02-24 04:00:00,0.0,0.0,0.0,6.31,1.17,0.0,0.0
2020-02-24 05:00:00,0.0,0.0,0.0,6.32,1.03,0.0,0.0
2020-02-24 06:00:00,0.0,0.0,0.0,6.02,1.24,0.0,0.0
2020-02-24 07:00:00,3148.5,119.0,8.46,5.57,1.31,0.0,0.0031485
2020-02-24 08:00:00,10874.0,290.01,17.78,8.07,1.17,0.0,0.010874
2020-02-24 09:00:00,17747.0,441.01,25.77,10.51,1.38,0.0,0.017747
2020-02-24 10:00:00,22361.5,553.01,31.78,12.74,1.17,0.0,0.0223615
2020-02-24 11:00:00,24272.0,606.01,35.08,15.18,1.17,0.0,0.024272
2020-02-24 12:00:00,23378.0,587.01,35.15,16.68,1.24,0.0,0.023378
2020-02-24 13:00:00,21687.0,547.01,31.97,17.71,1.52,0.0,0.021687
2020-02-24 14:00:00,17269.0,443.01,26.06,18.15,1.79,0.0,0.017269
2020-02-24 15:00:00,10690.0,296.01,18.14,17.9,1.86,0.0,0.01069
2020-02-24 16:00:00,3167.5,121.0,8.86,16.67,1.59,0.0,0.0031675
2020-02-24 17:00:00,0.0,0.0,0.0,14.9,1.66,0.0,0.0
2020-02-24 18:00:00,0.0,0.0,0.0,12.76,2.0,0.0,0.0
2020-02-24 19:00:00,0.0,0.0,0.0,10.8,1.66,0.0,0.0
2020-02-24 20:00:00,0.0,0.0,0.0,10.01,1.52,0.0,0.0
2020-02-24 21:00:00,0.0,0.0,0.0,9.07,1.31,0.0,0.0
2020-02-24 22:00:00,0.0,0.0,0.0,8.56,0.9,0.0,0.0
2020-02-24 23:00:00,0.0,0.0,0.0,8.98,0.55,0.0,0.0
2020-02-25 00:00:00,0.0,0.0,0.0,8.82,0.34,0.0,0.0
2020-02-25 01:00:00,0.0,0.0,0.0,8.59,0.41,0.0,0.0
2020-02-25 02:00:00,0.0,0.0,0.0,8.08,0.62,0.0,0.0
2020-02-25 03:00:00,0.0,0.0,0.0,7.51,0.69,0.0,0.0
2020-02-25 04:00:00,0.0,0.0,0.0,6.82,0.97,0.0,0.0
2020-02-25 05:00:00,0.0,0.0,0.0,6.5,1.1,0.0,0.0
2020-02-25 06:00:00,0.0,0.0,0.0,6.64,1.17,0.0,0.0
2020-02-25 07:00:00,123.5,11.0,8.76,7.09,1.24,0.0,0.0001235
2020-02-25 08:00:00,1471.5,49.0,18.1,7.9,1.03,0.0,0.0014715
2020-02-25 09:00:00,5488.0,144.0,26.11,8.84,1.17,0.0,0.005488
2020-02-25 10:00:00,8883.5,223.0,32.14,9.77,1.03,0.0,0.0088835
2020-02-25 11:00:00,13107.0,323.0,35.45,10.62,0.83,0.0,0.013107
2020-02-25 12:00:00,4042.5,112.0,35.52,11.71,0.83,0.0,0.0040425
2020-02-25 13:00:00,5338.0,143.0,32.32,12.61,0.62,0.0,0.005338
2020-02-25 14:00:00,5552.0,148.0,26.37,12.91,1.17,0.0,0.005552
2020-02-25 15:00:00,8682.5,229.0,18.42,12.76,2.0,0.0,0.0086825
2020-02-25 16:00:00,1827.0,60.0,9.12,11.92,1.79,0.0,0.001827
2020-02-25 17:00:00,0.0,0.0,0.0,11.03,1.52,0.0,0.0
2020-02-25 18:00:00,0.0,0.0,0.0,9.99,1.17,0.0,0.0
2020-02-25 19:00:00,0.0,0.0,0.0,10.52,0.41,0.0,0.0
2020-02-25 20:00:00,0.0,0.0,0.0,10.12,0.41,0.0,0.0
2020-02-25 21:00:00,0.0,0.0,0.0,9.3,0.76,0.0,0.0
2020-02-25 22:00:00,0.0,0.0,0.0,8.91,0.62,0.0,0.0
2020-02-25 23:00:00,0.0,0.0,0.0,8.27,0.62,0.0,0.0
2020-02-26 00:00:00,0.0,0.0,0.0,7.1,0.9,0.0,0.0
2020-02-26 01:00:00,0.0,0.0,0.0,5.17,1.52,0.0,0.0
2020-02-26 02:00:00,0.0,0.0,0.0,4.5,2.28,0.0,0.0
2020-02-26 03:00:00,0.0,0.0,0.0,4.99,2.69,0.0,0.0
2020-02-26 04:00:00,0.0,0.0,0.0,5.23,2.69,0.0,0.0
2020-02-26 05:00:00,0.0,0.0,0.0,5.15,2.83,0.0,0.0
2020-02-26 06:00:00,0.0,0.0,0.0,5.22,2.9,0.0,0.0
2020-02-26 07:00:00,3679.5,134.0,9.07,6.1,3.03,0.0,0.0036795
2020-02-26 08:00:00,11995.5,316.01,18.42,8.28,2.41,0.0,0.0119955
2020-02-26 09:00:00,18908.5,466.01,26.46,11.78,3.03,0.0,0.0189085
2020-02-26 10:00:00,24410.0,587.01,32.51,12.94,5.03,0.0,0.02441
2020-02-26 11:00:00,26253.0,624.01,35.83,12.13,5.79,0.0,0.026253
2020-02-26 12:00:00,25480.0,604.01,35.88,11.86,6.21,0.0,0.02548
2020-02-26 13:00:00,24070.0,571.01,32.66,11.85,7.1,0.0,0.02407
2020-02-26 14:00:00,19257.0,465.01,26.68,11.2,7.24,0.0,0.019257
2020-02-26 15:00:00,11784.5,307.01,18.7,10.63,6.9,0.0,0.0117845
2020-02-26 16:00:00,2951.5,93.0,9.38,9.7,5.86,0.0,0.0029515
2020-02-26 17:00:00,0.0,0.0,0.0,8.39,4.97,0.0,0.0
2020-02-26 18:00:00,0.0,0.0,0.0,7.33,4.21,0.0,0.0
2020-02-26 19:00:00,0.0,0.0,0.0,7.07,3.93,0.0,0.0
2020-02-26 20:00:00,0.0,0.0,0.0,6.21,3.03,0.0,0.0
2020-02-26 21:00:00,0.0,0.0,0.0,5.17,2.55,0.0,0.0
2020-02-26 22:00:00,0.0,0.0,0.0,4.35,2.55,0.0,0.0
2020-02-26 23:00:00,0.0,0.0,0.0,3.76,2.69,0.0,0.0
2020-02-27 00:00:00,0.0,0.0,0.0,3.37,2.69,0.0,0.0
2020-02-27 01:00:00,0.0,0.0,0.0,2.8,2.48,0.0,0.0
2020-02-27 02:00:00,0.0,0.0,0.0,1.58,1.93,0.0,0.0
2020-02-27 03:00:00,0.0,0.0,0.0,0.42,1.72,0.0,0.0
2020-02-27 04:00:00,0.0,0.0,0.0,-0.4,1.79,0.0,0.0
2020-02-27 05:00:00,0.0,0.0,0.0,-0.33,1.45,0.0,0.0
2020-02-27 06:00:00,0.0,0.0,0.0,0.82,1.1,0.0,0.0
2020-02-27 07:00:00,3855.5,135.0,9.37,1.63,0.34,0.0,0.0038555
2020-02-27 08:00:00,11450.0,293.01,18.75,2.97,0.48,0.0,0.01145
2020-02-27 09:00:00,17426.5,423.01,26.81,6.67,1.17,0.0,0.0174265
2020-02-27 10:00:00,24360.5,587.01,32.88,8.39,1.59,0.0,0.0243605
2020-02-27 11:00:00,24972.5,604.01,36.21,9.9,1.66,0.0,0.0249725
2020-02-27 12:00:00,24499.5,597.01,36.25,11.05,1.45,0.0,0.0244995
2020-02-27 13:00:00,18358.0,449.01,33.0,11.54,1.38,0.0,0.018358
2020-02-27 14:00:00,7923.0,202.0,26.99,11.21,1.31,0.0,0.007923
2020-02-27 15:00:00,10989.0,287.01,18.98,10.5,2.14,0.0,0.010989
2020-02-27 16:00:00,3878.5,137.0,9.63,9.21,2.83,0.0,0.0038785
2020-02-27 17:00:00,0.0,0.0,0.0,7.45,2.76,0.0,0.0
2020-02-27 18:00:00,0.0,0.0,0.0,5.71,2.48,0.0,0.0
2020-02-27 19:00:00,0.0,0.0,0.0,4.74,1.86,0.0,0.0
2020-02-27 20:00:00,0.0,0.0,0.0,3.27,1.38,0.0,0.0
2020-02-27 21:00:00,0.0,0.0,0.0,3.3,0.62,0.0,0.0
2020-02-27 22:00:00,0.0,0.0,0.0,2.35,0.48,0.0,0.0
2020-02-27 23:00:00,0.0,0.0,0.0,1.48,0.48,0.0,0.0
2020-02-28 00:00:00,0.0,0.0,0.0,1.13,0.62,0.0,0.0
2020-02-28 01:00:00,0.0,0.0,0.0,0.6,1.31,0.0,0.0
2020-02-28 02:00:00,0.0,0.0,0.0,0.79,1.72,0.0,0.0
2020-02-28 03:00:00,0.0,0.0,0.0,2.04,1.52,0.0,0.0
2020-02-28 04:00:00,0.0,0.0,0.0,4.07,0.97,0.0,0.0
2020-02-28 05:00:00,0.0,0.0,0.0,4.71,0.41,0.0,0.0
2020-02-28 06:00:00,0.0,0.0,0.0,4.43,0.69,0.0,0.0
2020-02-28 07:00:00,4117.0,137.0,9.68,1.57,1.24,0.0,0.004117
2020-02-28 08:00:00,12531.5,326.01,19.07,5.45,0.34,0.0,0.0125315
2020-02-28 09:00:00,19356.0,480.01,27.16,8.62,0.21,0.0,0.019356
2020-02-28 10:00:00,24527.5,599.01,33.25,10.14,1.17,0.0,0.0245275
2020-02-28 11:00:00,26369.0,643.01,36.59,11.09,1.59,0.0,0.026369
2020-02-28 12:00:00,25098.5,612.01,36.62,11.77,1.79,0.0,0.0250985
2020-02-28 13:00:00,23796.0,582.01,33.35,12.31,1.93,0.0,0.023796
2020-02-28 14:00:00,19082.0,473.01,27.31,12.68,2.14,0.0,0.019082
2020-02-28 15:00:00,12164.5,322.01,19.26,12.66,2.28,0.0,0.0121645
2020-02-28 16:00:00,4065.0,140.0,9.89,11.96,1.66,0.0,0.004065
2020-02-28 17:00:00,0.0,0.0,0.0,9.99,1.93,0.0,0.0
2020-02-28 18:00:00,0.0,0.0,0.0,7.91,1.86,0.0,0.0
2020-02-28 19:00:00,0.0,0.0,0.0,6.64,1.93,0.0,0.0
2020-02-28 20:00:00,0.0,0.0,0.0,5.67,1.52,0.0,0.0
2020-02-28 21:00:00,0.0,0.0,0.0,5.36,1.24,0.0,0.0
2020-02-28 22:00:00,0.0,0.0,0.0,5.41,1.1,0.0,0.0
2020-02-28 23:00:00,0.0,0.0,0.0,5.47,0.9,0.0,0.0
2020-02-29 00:00:00,0.0,0.0,0.0,4.84,0.69,0.0,0.0
2020-02-29 01:00:00,0.0,0.0,0.0,4.32,0.62,0.0,0.0
2020-02-29 02:00:00,0.0,0.0,0.0,4.25,0.62,0.0,0.0
2020-02-29 03:00:00,0.0,0.0,0.0,4.11,0.69,0.0,0.0
2020-02-29 04:00:00,0.0,0.0,0.0,3.99,0.69,0.0,0.0
2020-02-29 05:00:00,0.0,0.0,0.0,3.97,0.62,0.0,0.0
2020-02-29 06:00:00,0.0,0.0,0.0,3.85,0.62,0.0,0.0
2020-02-29 07:00:00,3180.5,96.0,9.68,3.53,0.69,0.0,0.0031805
2020-02-29 08:00:00,5330.5,139.0,19.07,5.04,0.41,0.0,0.0053305
2020-02-29 09:00:00,9812.0,243.0,27.16,7.85,0.9,0.0,0.009812
2020-02-29 10:00:00,20915.0,506.01,33.25,9.02,1.24,0.0,0.020915
2020-02-29 11:00:00,11837.0,292.0,36.59,9.87,0.9,0.0,0.011837
2020-02-29 12:00:00,8295.0,210.0,36.62,10.27,0.9,0.0,0.008295
2020-02-29 13:00:00,2301.5,70.0,33.35,10.43,1.17,0.0,0.0023015
2020-02-29 14:00:00,2017.0,63.0,27.31,10.23,1.38,0.0,0.002017
2020-02-29 15:00:00,6858.5,178.0,19.26,9.82,1.66,0.0,0.0068585
2020-02-29 16:00:00,595.5,26.0,9.89,9.18,1.79,0.0,0.0005955
2020-02-29 17:00:00,0.0,0.0,0.0,8.22,2.0,0.0,0.0
2020-02-29 18:00:00,0.0,0.0,0.0,7.34,1.93,0.0,0.0
2020-02-29 19:00:00,0.0,0.0,0.0,6.22,2.21,0.0,0.0
2020-02-29 20:00:00,0.0,0.0,0.0,5.59,2.41,0.0,0.0
2020-02-29 21:00:00,0.0,0.0,0.0,5.14,2.28,0.0,0.0
2020-02-29 22:00:00,0.0,0.0,0.0,4.75,1.66,0.0,0.0
2020-02-29 23:00:00,0.0,0.0,0.0,4.54,1.17,0.0,0.0
2020-03-01 00:00:00,0.0,0.0,0.0,4.4,1.03,0.0,0.0
2020-03-01 01:00:00,0.0,0.0,0.0,3.92,1.45,0.0,0.0
2020-03-01 02:00:00,0.0,0.0,0.0,3.75,1.24,0.0,0.0
2020-03-01 03:00:00,0.0,0.0,0.0,3.61,1.24,0.0,0.0
2020-03-01 04:00:00,0.0,0.0,0.0,3.38,1.17,0.0,0.0
2020-03-01 05:00:00,0.0,0.0,0.0,3.22,1.1,0.0,0.0
2020-03-01 06:00:00,0.0,0.0,0.0,3.09,1.1,0.0,0.0
2020-03-01 07:00:00,766.5,30.0,10.0,1.92,0.62,0.0,0.0007665
2020-03-01 08:00:00,9468.0,236.0,19.4,2.61,0.83,0.0,0.009468
2020-03-01 09:00:00,15000.0,358.0,27.51,3.39,0.97,0.0,0.015
2020-03-01 10:00:00,14398.5,344.0,33.62,4.52,0.83,0.0,0.0143985
2020-03-01 11:00:00,6585.5,167.0,36.97,5.4,0.69,0.0,0.0065855
2020-03-01 12:00:00,13478.0,326.0,36.99,6.51,0.69,0.0,0.013478
2020-03-01 13:00:00,18521.5,447.01,33.69,7.32,0.62,0.0,0.0185215
2020-03-01 14:00:00,10891.0,268.0,27.62,7.82,0.9,0.0,0.010891
2020-03-01 15:00:00,10840.0,278.01,19.54,8.13,1.1,0.0,0.01084
2020-03-01 16:00:00,2112.5,66.0,10.15,8.19,0.9,0.0,0.0021125
2020-03-01 17:00:00,0.0,0.0,0.0,7.75,0.41,0.0,0.0
2020-03-01 18:00:00,0.0,0.0,0.0,7.22,0.14,0.0,0.0
2020-03-01 19:00:00,0.0,0.0,0.0,5.65,0.9,0.0,0.0
2020-03-01 20:00:00,0.0,0.0,0.0,5.46,0.69,0.0,0.0
2020-03-01 21:00:00,0.0,0.0,0.0,4.99,0.21,0.0,0.0
2020-03-01 22:00:00,0.0,0.0,0.0,4.36,0.07,0.0,0.0
2020-03-01 23:00:00,0.0,0.0,0.0,3.63,0.21,0.0,0.0
2020-03-02 00:00:00,0.0,0.0,0.0,2.81,0.28,0.0,0.0
2020-03-02 01:00:00,0.0,0.0,0.0,2.19,0.48,0.0,0.0
2020-03-02 02:00:00,0.0,0.0,0.0,1.92,0.76,0.0,0.0
2020-03-02 03:00:00,0.0,0.0,0.0,1.21,0.83,0.0,0.0
2020-03-02 04:00:00,0.0,0.0,0.0,1.15,0.69,0.0,0.0
2020-03-02 05:00:00,0.0,0.0,0.0,0.92,0.9,0.0,0.0
2020-03-02 06:00:00,0.0,0.0,0.0,1.14,1.59,0.0,0.0
2020-03-02 07:00:00,1150.0,40.0,10.31,2.61,1.66,0.0,0.00115
2020-03-02 08:00:00,3072.0,86.0,19.74,3.59,1.86,0.0,0.003072
2020-03-02 09:00:00,2462.5,72.0,27.86,4.18,2.41,0.0,0.0024625
2020-03-02 10:00:00,3280.5,91.0,33.99,4.3,2.28,0.0,0.0032805
2020-03-02 11:00:00,4378.0,116.0,37.35,4.32,2.21,0.0,0.004378
2020-03-02 12:00:00,4069.0,109.0,37.37,4.44,2.62,0.0,0.004069
2020-03-02 13:00:00,1742.5,55.0,34.04,4.83,2.76,0.0,0.0017425
2020-03-02 14:00:00,2279.5,68.0,27.93,5.36,2.76,0.0,0.0022795
2020-03-02 15:00:00,643.0,27.0,19.82,5.71,2.76,0.0,0.000643
2020-03-02 16:00:00,1408.5,47.0,10.4,5.79,2.07,0.0,0.0014085
2020-03-02 17:00:00,0.0,0.0,0.0,5.52,2.0,0.0,0.0
2020-03-02 18:00:00,0.0,0.0,0.0,5.14,2.07,0.0,0.0
2020-03-02 19:00:00,0.0,0.0,0.0,4.04,1.79,0.0,0.0
2020-03-02 20:00:00,0.0,0.0,0.0,3.85,1.66,0.0,0.0
2020-03-02 21:00:00,0.0,0.0,0.0,3.32,1.24,0.0,0.0
2020-03-02 22:00:00,0.0,0.0,0.0,2.7,1.17,0.0,0.0
2020-03-02 23:00:00,0.0,0.0,0.0,2.13,1.17,0.0,0.0
2020-03-03 00:00:00,0.0,0.0,0.0,2.05,0.83,0.0,0.0
2020-03-03 01:00:00,0.0,0.0,0.0,2.3,0.69,0.0,0.0
2020-03-03 02:00:00,0.0,0.0,0.0,1.74,0.83,0.0,0.0
2020-03-03 03:00:00,0.0,0.0,0.0,1.46,1.38,0.0,0.0
2020-03-03 04:00:00,0.0,0.0,0.0,2.32,2.41,0.0,0.0
2020-03-03 05:00:00,0.0,0.0,0.0,3.34,2.9,0.0,0.0
2020-03-03 06:00:00,0.0,0.0,0.0,3.52,3.03,0.0,0.0
2020-03-03 07:00:00,4673.0,142.0,10.63,4.01,2.69,0.0,0.004673
2020-03-03 08:00:00,13419.0,340.01,20.07,6.25,2.34,0.0,0.013419
2020-03-03 09:00:00,20926.5,508.01,28.22,9.25,2.41,0.0,0.0209265
2020-03-03 10:00:00,22709.0,548.01,34.37,11.62,3.03,0.0,0.022709
2020-03-03 11:00:00,27890.0,680.01,37.74,12.8,2.48,0.0,0.02789
2020-03-03 12:00:00,26245.0,649.01,37.74,13.55,1.45,0.0,0.026245
2020-03-03 13:00:00,24573.0,612.01,34.38,13.94,1.03,0.0,0.024573
2020-03-03 14:00:00,14420.5,361.0,28.24,13.98,1.03,0.0,0.0144205
2020-03-03 15:00:00,11650.5,305.01,20.1,13.84,1.31,0.0,0.0116505
2020-03-03 16:00:00,4311.5,136.0,10.65,13.11,1.24,0.0,0.0043115
2020-03-03 17:00:00,0.0,0.0,0.0,11.5,1.66,0.0,0.0
2020-03-03 18:00:00,0.0,0.0,0.0,9.59,1.86,0.0,0.0
2020-03-03 19:00:00,0.0,0.0,0.0,8.28,1.38,0.0,0.0
2020-03-03 20:00:00,0.0,0.0,0.0,8.0,1.17,0.0,0.0
2020-03-03 21:00:00,0.0,0.0,0.0,7.96,1.03,0.0,0.0
2020-03-03 22:00:00,0.0,0.0,0.0,7.0,0.9,0.0,0.0
2020-03-03 23:00:00,0.0,0.0,0.0,6.11,1.1,0.0,0.0
2020-03-04 00:00:00,0.0,0.0,0.0,4.49,1.24,0.0,0.0
2020-03-04 01:00:00,0.0,0.0,0.0,3.71,1.24,0.0,0.0
2020-03-04 02:00:00,0.0,0.0,0.0,2.61,1.31,0.0,0.0
2020-03-04 03:00:00,0.0,0.0,0.0,2.82,1.03,0.0,0.0
2020-03-04 04:00:00,0.0,0.0,0.0,1.61,1.24,0.0,0.0
2020-03-04 05:00:00,0.0,0.0,0.0,0.3,1.31,0.0,0.0
2020-03-04 06:00:00,0.0,0.0,0.0,0.3,1.24,0.0,0.0
2020-03-04 07:00:00,5197.5,161.0,10.95,2.43,0.69,0.0,0.0051975
2020-03-04 08:00:00,13793.5,349.01,20.41,4.39,0.76,0.0,0.0137935
2020-03-04 09:00:00,20512.0,502.01,28.58,8.05,0.69,0.0,0.020512
2020-03-04 10:00:00,25126.0,617.01,34.75,10.3,0.76,0.0,0.025126
2020-03-04 11:00:00,26806.5,666.01,38.13,11.82,0.55,0.0,0.0268065
2020-03-04 12:00:00,25838.5,641.01,38.12,12.67,0.83,0.0,0.0258385
2020-03-04 13:00:00,22821.0,564.01,34.73,13.05,1.1,0.0,0.022821
2020-03-04 14:00:00,18646.0,464.01,28.55,13.15,1.24,0.0,0.018646
2020-03-04 15:00:00,12880.0,337.01,20.37,13.09,1.52,0.0,0.01288
2020-03-04 16:00:00,4832.5,157.0,10.91,12.43,1.45,0.0,0.0048325
2020-03-04 17:00:00,0.0,0.0,0.0,10.64,1.79,0.0,0.0
2020-03-04 18:00:00,0.0,0.0,0.0,8.63,1.93,0.0,0.0
2020-03-04 19:00:00,0.0,0.0,0.0,7.12,1.66,0.0,0.0
2020-03-04 20:00:00,0.0,0.0,0.0,6.07,1.45,0.0,0.0
2020-03-04 21:00:00,0.0,0.0,0.0,5.79,1.17,0.0,0.0
2020-03-04 22:00:00,0.0,0.0,0.0,5.48,1.03,0.0,0.0
2020-03-04 23:00:00,0.0,0.0,0.0,5.23,0.9,0.0,0.0
2020-03-05 00:00:00,0.0,0.0,0.0,4.57,0.76,0.0,0.0
2020-03-05 01:00:00,0.0,0.0,0.0,3.74,0.76,0.0,0.0
2020-03-05 02:00:00,0.0,0.0,0.0,3.46,0.69,0.0,0.0
2020-03-05 03:00:00,0.0,0.0,0.0,2.96,0.83,0.0,0.0
2020-03-05 04:00:00,0.0,0.0,0.0,2.42,0.97,0.0,0.0
2020-03-05 05:00:00,0.0,0.0,0.0,2.54,0.97,0.0,0.0
2020-03-05 06:00:00,0.0,0.0,0.0,2.11,1.17,0.0,0.0
2020-03-05 07:00:00,2708.0,79.0,11.27,3.1,1.24,0.0,0.002708
2020-03-05 08:00:00,5141.5,134.0,20.75,5.11,1.72,0.0,0.0051415
2020-03-05 09:00:00,16208.5,387.01,28.94,5.77,1.93,0.0,0.0162085
2020-03-05 10:00:00,4383.0,117.0,35.13,6.23,2.34,0.0,0.004383
2020-03-05 11:00:00,5440.5,141.0,38.52,6.45,2.83,0.0,0.0054405
2020-03-05 12:00:00,3291.5,92.0,38.5,6.47,2.83,0.0,0.0032915
2020-03-05 13:00:00,3467.0,96.0,35.08,6.31,2.76,0.0,0.003467
2020-03-05 14:00:00,1937.5,60.0,28.86,6.03,2.48,0.0,0.0019375
2020-03-05 15:00:00,2064.0,63.0,20.65,5.83,2.28,0.0,0.002064
2020-03-05 16:00:00,400.0,20.0,11.16,5.44,2.21,0.0,0.0004
2020-03-05 17:00:00,0.0,0.0,0.0,4.97,2.21,0.0,0.0
2020-03-05 18:00:00,0.0,0.0,0.0,4.47,2.28,0.0,0.0
2020-03-05 19:00:00,0.0,0.0,0.0,4.01,2.55,0.0,0.0
2020-03-05 20:00:00,0.0,0.0,0.0,3.44,2.76,0.0,0.0
2020-03-05 21:00:00,0.0,0.0,0.0,2.97,2.41,0.0,0.0
2020-03-05 22:00:00,0.0,0.0,0.0,2.93,2.14,0.0,0.0
2020-03-05 23:00:00,0.0,0.0,0.0,2.89,1.93,0.0,0.0
2020-03-06 00:00:00,0.0,0.0,0.0,2.77,1.52,0.0,0.0
2020-03-06 01:00:00,0.0,0.0,0.0,2.57,1.1,0.0,0.0
2020-03-06 02:00:00,0.0,0.0,0.0,2.28,0.9,0.0,0.0
2020-03-06 03:00:00,0.0,0.0,0.0,2.04,0.69,0.0,0.0
2020-03-06 04:00:00,0.0,0.0,0.0,1.71,0.62,0.0,0.0
2020-03-06 05:00:00,0.0,0.0,0.0,1.46,0.62,0.0,0.0
2020-03-06 06:00:00,0.0,0.0,0.0,1.4,0.41,0.0,0.0
2020-03-06 07:00:00,2701.0,78.0,11.6,1.8,0.34,0.0,0.002701
2020-03-06 08:00:00,3509.5,96.0,21.1,2.8,0.14,0.0,0.0035095
2020-03-06 09:00:00,7243.0,181.0,29.31,4.11,0.55,0.0,0.007243
2020-03-06 10:00:00,12678.5,307.0,35.52,5.87,0.48,0.0,0.0126785
2020-03-06 11:00:00,27097.5,661.01,38.91,8.13,0.55,0.0,0.0270975
2020-03-06 12:00:00,27470.0,675.01,38.87,9.94,0.69,0.0,0.02747
2020-03-06 13:00:00,25600.5,631.01,35.43,11.29,0.83,0.0,0.0256005
2020-03-06 14:00:00,20336.0,506.01,29.17,12.24,0.83,0.0,0.020336
2020-03-06 15:00:00,13535.5,354.01,20.93,12.73,0.83,0.0,0.0135355
2020-03-06 16:00:00,5307.5,172.0,11.41,12.72,0.83,0.0,0.0053075
2020-03-06 17:00:00,0.0,0.0,0.0,11.63,1.03,0.0,0.0
2020-03-06 18:00:00,0.0,0.0,0.0,9.02,1.59,0.0,0.0
2020-03-06 19:00:00,0.0,0.0,0.0,6.69,2.21,0.0,0.0
2020-03-06 20:00:00,0.0,0.0,0.0,5.29,2.14,0.0,0.0
2020-03-06 21:00:00,0.0,0.0,0.0,4.27,1.93,0.0,0.0
2020-03-06 22:00:00,0.0,0.0,0.0,3.62,1.86,0.0,0.0
2020-03-06 23:00:00,0.0,0.0,0.0,2.9,1.86,0.0,0.0
2020-03-07 00:00:00,0.0,0.0,0.0,2.38,1.72,0.0,0.0
2020-03-07 01:00:00,0.0,0.0,0.0,2.61,1.52,0.0,0.0
2020-03-07 02:00:00,0.0,0.0,0.0,2.84,1.24,0.0,0.0
2020-03-07 03:00:00,0.0,0.0,0.0,2.22,1.24,0.0,0.0
2020-03-07 04:00:00,0.0,0.0,0.0,0.73,1.45,0.0,0.0
2020-03-07 05:00:00,0.0,0.0,0.0,-0.24,1.66,0.0,0.0
2020-03-07 06:00:00,0.0,0.0,0.0,-0.76,1.72,0.0,0.0
2020-03-07 07:00:00,6055.5,181.0,11.93,3.07,0.76,0.0,0.0060555
2020-03-07 08:00:00,14829.5,372.01,21.44,5.54,1.17,0.0,0.0148295
2020-03-07 09:00:00,21643.0,525.01,29.67,8.9,1.72,0.0,0.021643
2020-03-07 10:00:00,26319.0,640.01,35.9,11.31,2.0,0.0,0.026319
2020-03-07 11:00:00,28630.0,703.01,39.3,13.09,2.0,0.0,0.02863
2020-03-07 12:00:00,27309.0,677.01,39.25,14.04,1.52,0.0,0.027309
2020-03-07 13:00:00,25755.5,643.01,35.77,14.55,1.1,0.0,0.0257555
2020-03-07 14:00:00,21049.0,530.01,29.48,14.75,0.9,0.0,0.021049
2020-03-07 15:00:00,13686.0,360.01,21.2,14.71,0.76,0.0,0.013686
2020-03-07 16:00:00,5446.0,174.0,11.67,14.32,0.48,0.0,0.005446
2020-03-07 17:00:00,0.0,0.0,0.0,13.7,0.07,0.0,0.0
2020-03-07 18:00:00,0.0,0.0,0.0,12.57,0.41,0.0,0.0
2020-03-07 19:00:00,0.0,0.0,0.0,8.41,1.72,0.0,0.0
2020-03-07 20:00:00,0.0,0.0,0.0,5.72,2.28,0.0,0.0
2020-03-07 21:00:00,0.0,0.0,0.0,4.13,2.55,0.0,0.0
2020-03-07 22:00:00,0.0,0.0,0.0,3.02,2.28,0.0,0.0
2020-03-07 23:00:00,0.0,0.0,0.0,2.99,1.86,0.0,0.0
2020-03-08 00:00:00,0.0,0.0,0.0,3.62,1.52,0.0,0.0
2020-03-08 01:00:00,0.0,0.0,0.0,4.78,1.1,0.0,0.0
2020-03-08 02:00:00,0.0,0.0,0.0,4.13,1.03,0.0,0.0
2020-03-08 03:00:00,0.0,0.0,0.0,3.15,0.97,0.0,0.0
2020-03-08 04:00:00,0.0,0.0,0.0,2.61,0.76,0.0,0.0
2020-03-08 05:00:00,0.0,0.0,0.0,1.89,0.69,0.0,0.0
2020-03-08 06:00:00,0.0,0.0,0.0,1.21,0.76,0.0,0.0
2020-03-08 07:00:00,4634.0,129.0,12.26,2.4,0.28,0.0,0.004634
2020-03-08 08:00:00,14047.0,351.01,21.79,5.13,0.48,0.0,0.014047
2020-03-08 09:00:00,18544.0,452.01,30.04,8.15,0.48,0.0,0.018544
2020-03-08 10:00:00,24154.5,593.01,36.29,10.0,0.48,0.0,0.0241545
2020-03-08 11:00:00,27501.0,682.01,39.7,11.37,0.55,0.0,0.027501
2020-03-08 12:00:00,26469.5,658.01,39.63,12.41,0.62,0.0,0.0264695
2020-03-08 13:00:00,18946.5,469.01,36.12,13.13,0.76,0.0,0.0189465
2020-03-08 14:00:00,12622.5,316.0,29.79,13.55,0.97,0.0,0.0126225
2020-03-08 15:00:00,12721.0,329.01,21.48,13.57,1.31,0.0,0.012721
2020-03-08 16:00:00,939.5,36.0,11.92,13.11,1.38,0.0,0.0009395
2020-03-08 17:00:00,0.0,0.0,0.0,11.59,1.72,0.0,0.0
2020-03-08 18:00:00,0.0,0.0,0.0,9.53,1.79,0.0,0.0
2020-03-08 19:00:00,0.0,0.0,0.0,7.88,1.31,0.0,0.0
2020-03-08 20:00:00,0.0,0.0,0.0,7.32,0.97,0.0,0.0
2020-03-08 21:00:00,0.0,0.0,0.0,7.19,0.69,0.0,0.0
2020-03-08 22:00:00,0.0,0.0,0.0,6.61,0.48,0.0,0.0
2020-03-08 23:00:00,0.0,0.0,0.0,6.21,0.34,0.0,0.0
2020-03-09 00:00:00,0.0,0.0,0.0,5.75,0.41,0.0,0.0
2020-03-09 01:00:00,0.0,0.0,0.0,5.16,0.55,0.0,0.0
2020-03-09 02:00:00,0.0,0.0,0.0,4.81,0.69,0.0,0.0
2020-03-09 03:00:00,0.0,0.0,0.0,4.68,0.69,0.0,0.0
2020-03-09 04:00:00,0.0,0.0,0.0,3.98,0.97,0.0,0.0
2020-03-09 05:00:00,0.0,0.0,0.0,3.14,1.31,0.0,0.0
2020-03-09 06:00:00,0.0,3.0,2.32,3.09,1.31,0.0,0.0
2020-03-09 07:00:00,402.0,20.0,12.59,4.49,0.97,0.0,0.000402
2020-03-09 08:00:00,2099.0,64.0,22.14,6.27,1.38,0.0,0.002099
2020-03-09 09:00:00,4105.5,111.0,30.41,6.61,1.38,0.0,0.0041055
2020-03-09 10:00:00,15614.0,375.0,36.68,6.72,1.1,0.0,0.015614
2020-03-09 11:00:00,9328.5,231.0,40.09,7.46,1.03,0.0,0.0093285
2020-03-09 12:00:00,23025.5,555.01,40.01,8.05,1.03,0.0,0.0230255
2020-03-09 13:00:00,15046.0,365.0,36.47,8.58,1.03,0.0,0.015046
2020-03-09 14:00:00,15301.0,373.0,30.1,9.36,1.17,0.0,0.015301
2020-03-09 15:00:00,12289.5,312.0,21.75,9.78,0.69,0.0,0.0122895
2020-03-09 16:00:00,4343.0,126.0,12.17,9.78,0.48,0.0,0.004343
2020-03-09 17:00:00,0.0,0.0,0.0,9.19,0.69,0.0,0.0
2020-03-09 18:00:00,0.0,0.0,0.0,7.66,0.76,0.0,0.0
2020-03-09 19:00:00,0.0,0.0,0.0,5.3,1.79,0.0,0.0
2020-03-09 20:00:00,0.0,0.0,0.0,4.21,1.79,0.0,0.0
2020-03-09 21:00:00,0.0,0.0,0.0,3.41,1.66,0.0,0.0
2020-03-09 22:00:00,0.0,0.0,0.0,3.07,1.38,0.0,0.0
2020-03-09 23:00:00,0.0,0.0,0.0,3.5,1.17,0.0,0.0
2020-03-10 00:00:00,0.0,0.0,0.0,3.78,1.1,0.0,0.0
2020-03-10 01:00:00,0.0,0.0,0.0,2.86,1.24,0.0,0.0
2020-03-10 02:00:00,0.0,0.0,0.0,2.66,1.17,0.0,0.0
2020-03-10 03:00:00,0.0,0.0,0.0,2.86,1.03,0.0,0.0
2020-03-10 04:00:00,0.0,0.0,0.0,2.59,0.83,0.0,0.0
2020-03-10 05:00:00,0.0,0.0,0.0,2.53,0.69,0.0,0.0
2020-03-10 06:00:00,8.5,6.0,2.64,2.57,0.34,0.0,8.5e-06
2020-03-10 07:00:00,4018.0,111.0,12.92,3.5,0.62,0.0,0.004018
2020-03-10 08:00:00,14653.5,366.01,22.49,5.79,0.41,0.0,0.0146535
2020-03-10 09:00:00,20439.5,499.01,30.78,7.92,0.28,0.0,0.0204395
2020-03-10 10:00:00,21610.0,529.01,37.07,10.23,0.55,0.0,0.02161
2020-03-10 11:00:00,26154.0,646.01,40.49,11.93,0.83,0.0,0.026154
2020-03-10 12:00:00,27151.5,673.01,40.39,12.82,0.97,0.0,0.0271515
2020-03-10 13:00:00,24967.0,620.01,36.81,13.86,1.03,0.0,0.024967
2020-03-10 14:00:00,20546.5,513.01,30.4,14.45,1.17,0.0,0.0205465
2020-03-10 15:00:00,13586.0,352.01,22.03,14.44,1.45,0.0,0.013586
2020-03-10 16:00:00,5388.5,163.0,12.41,13.98,1.45,0.0,0.0053885
2020-03-10 17:00:00,0.0,0.0,0.0,12.27,1.59,0.0,0.0
2020-03-10 18:00:00,0.0,0.0,0.0,10.1,1.45,0.0,0.0
2020-03-10 19:00:00,0.0,0.0,0.0,8.68,1.52,0.0,0.0
2020-03-10 20:00:00,0.0,0.0,0.0,8.47,1.03,0.0,0.0
2020-03-10 21:00:00,0.0,0.0,0.0,8.39,0.76,0.0,0.0
2020-03-10 22:00:00,0.0,0.0,0.0,7.91,0.55,0.0,0.0
2020-03-10 23:00:00,0.0,0.0,0.0,7.15,0.69,0.0,0.0
2020-03-11 00:00:00,0.0,0.0,0.0,6.46,0.83,0.0,0.0
2020-03-11 01:00:00,0.0,0.0,0.0,5.27,0.76,0.0,0.0
2020-03-11 02:00:00,0.0,0.0,0.0,4.83,0.62,0.0,0.0
2020-03-11 03:00:00,0.0,0.0,0.0,4.4,0.34,0.0,0.0
2020-03-11 04:00:00,0.0,0.0,0.0,3.94,0.34,0.0,0.0
2020-03-11 05:00:00,0.0,0.0,0.0,3.56,0.55,0.0,0.0
2020-03-11 06:00:00,246.0,15.79,2.97,3.38,0.62,0.0,0.000246
2020-03-11 07:00:00,6724.5,195.0,13.26,5.49,0.69,0.0,0.0067245
2020-03-11 08:00:00,14785.0,372.01,22.84,8.86,0.97,0.0,0.014785
2020-03-11 09:00:00,21496.0,530.01,31.16,11.91,1.1,0.0,0.021496
2020-03-11 10:00:00,25386.5,631.01,37.46,14.56,1.24,0.0,0.0253865
2020-03-11 11:00:00,27447.0,688.01,40.88,16.36,1.45,0.0,0.027447
2020-03-11 12:00:00,26978.5,678.01,40.78,17.7,1.72,0.0,0.0269785
2020-03-11 13:00:00,25296.5,635.01,37.16,18.52,2.07,0.0,0.0252965
2020-03-11 14:00:00,20728.5,523.01,30.71,18.79,2.28,0.0,0.0207285
2020-03-11 15:00:00,13801.5,362.01,22.3,18.33,2.34,0.0,0.0138015
2020-03-11 16:00:00,5853.5,182.0,12.66,17.3,2.07,0.0,0.0058535
2020-03-11 17:00:00,67.5,9.0,2.34,15.4,2.21,0.0,6.75e-05
2020-03-11 18:00:00,0.0,0.0,0.0,12.9,2.55,0.0,0.0
2020-03-11 19:00:00,0.0,0.0,0.0,11.4,2.48,0.0,0.0
2020-03-11 20:00:00,0.0,0.0,0.0,10.58,2.21,0.0,0.0
2020-03-11 21:00:00,0.0,0.0,0.0,9.98,2.07,0.0,0.0
2020-03-11 22:00:00,0.0,0.0,0.0,9.43,1.86,0.0,0.0
2020-03-11 23:00:00,0.0,0.0,0.0,9.08,1.79,0.0,0.0
2020-03-12 00:00:00,0.0,0.0,0.0,8.79,1.79,0.0,0.0
2020-03-12 01:00:00,0.0,0.0,0.0,8.34,1.52,0.0,0.0
2020-03-12 02:00:00,0.0,0.0,0.0,8.01,1.17,0.0,0.0
2020-03-12 03:00:00,0.0,0.0,0.0,7.74,1.03,0.0,0.0
2020-03-12 04:00:00,0.0,0.0,0.0,7.54,0.9,0.0,0.0
2020-03-12 05:00:00,0.0,0.0,0.0,7.77,0.69,0.0,0.0
2020-03-12 06:00:00,72.0,9.0,3.3,7.82,0.62,0.0,7.2e-05
2020-03-12 07:00:00,3419.0,97.0,13.6,7.7,0.62,0.0,0.003419
2020-03-12 08:00:00,5637.5,148.0,23.19,9.11,0.55,0.0,0.0056375
2020-03-12 09:00:00,9086.0,229.0,31.53,10.65,0.62,0.0,0.009086
2020-03-12 10:00:00,13325.5,330.0,37.86,12.14,1.03,0.0,0.0133255
2020-03-12 11:00:00,11026.0,277.0,41.28,13.32,1.17,0.0,0.011026
2020-03-12 12:00:00,12395.0,311.0,41.16,14.5,1.24,0.0,0.012395
2020-03-12 13:00:00,7824.0,203.0,37.51,15.26,1.52,0.0,0.007824
2020-03-12 14:00:00,5197.5,141.0,31.02,15.37,1.59,0.0,0.0051975
2020-03-12 15:00:00,2491.5,76.0,22.57,15.19,1.66,0.0,0.0024915
2020-03-12 16:00:00,3247.5,96.0,12.91,14.63,1.59,0.0,0.0032475
2020-03-12 17:00:00,0.0,5.0,2.58,13.61,0.97,0.0,0.0
2020-03-12 18:00:00,0.0,0.0,0.0,12.24,0.97,0.0,0.0
2020-03-12 19:00:00,0.0,0.0,0.0,11.34,1.31,0.0,0.0
2020-03-12 20:00:00,0.0,0.0,0.0,10.6,0.83,0.0,0.0
2020-03-12 21:00:00,0.0,0.0,0.0,10.34,0.55,0.0,0.0
2020-03-12 22:00:00,0.0,0.0,0.0,10.21,0.48,0.0,0.0
2020-03-12 23:00:00,0.0,0.0,0.0,9.76,0.55,0.0,0.0
2020-03-13 00:00:00,0.0,0.0,0.0,9.38,0.55,0.0,0.0
2020-03-13 01:00:00,0.0,0.0,0.0,9.4,0.48,0.0,0.0
2020-03-13 02:00:00,0.0,0.0,0.0,9.29,0.28,0.0,0.0
2020-03-13 03:00:00,0.0,0.0,0.0,9.08,0.34,0.0,0.0
2020-03-13 04:00:00,0.0,0.0,0.0,8.75,0.62,0.0,0.0
2020-03-13 05:00:00,0.0,0.0,0.0,8.96,0.76,0.0,0.0
2020-03-13 06:00:00,0.0,3.0,3.62,8.48,1.45,0.0,0.0
2020-03-13 07:00:00,6723.5,191.0,13.93,8.85,0.76,0.0,0.0067235
2020-03-13 08:00:00,7259.5,187.0,23.55,10.5,0.41,0.0,0.0072595
2020-03-13 09:00:00,19884.5,493.01,31.91,11.81,0.34,0.0,0.0198845
2020-03-13 10:00:00,10979.0,277.0,38.25,13.39,0.48,0.0,0.010979
2020-03-13 11:00:00,16991.5,426.0,41.68,14.98,0.48,0.0,0.0169915
2020-03-13 12:00:00,23467.5,591.01,41.54,16.17,0.76,0.0,0.0234675
2020-03-13 13:00:00,23182.5,583.01,37.85,16.96,1.1,0.0,0.0231825
2020-03-13 14:00:00,20465.0,515.01,31.32,17.35,1.59,0.0,0.020465
2020-03-13 15:00:00,13920.0,361.01,22.84,17.13,2.21,0.0,0.01392
2020-03-13 16:00:00,6154.5,186.0,13.16,16.39,2.55,0.0,0.0061545
2020-03-13 17:00:00,142.5,12.0,2.81,15.02,2.34,0.0,0.0001425
2020-03-13 18:00:00,0.0,0.0,0.0,13.45,2.28,0.0,0.0
2020-03-13 19:00:00,0.0,0.0,0.0,12.51,1.86,0.0,0.0
2020-03-13 20:00:00,0.0,0.0,0.0,11.84,1.66,0.0,0.0
2020-03-13 21:00:00,0.0,0.0,0.0,11.38,1.66,0.0,0.0
2020-03-13 22:00:00,0.0,0.0,0.0,10.86,1.38,0.0,0.0
2020-03-13 23:00:00,0.0,0.0,0.0,10.35,1.03,0.0,0.0
2020-03-14 00:00:00,0.0,0.0,0.0,9.94,0.9,0.0,0.0
2020-03-14 01:00:00,0.0,0.0,0.0,9.74,0.83,0.0,0.0
2020-03-14 02:00:00,0.0,0.0,0.0,9.71,0.9,0.0,0.0
2020-03-14 03:00:00,0.0,0.0,0.0,9.96,1.17,0.0,0.0
2020-03-14 04:00:00,0.0,0.0,0.0,9.84,1.59,0.0,0.0
2020-03-14 05:00:00,0.0,0.0,0.0,9.89,1.72,0.0,0.0
2020-03-14 06:00:00,95.5,10.0,3.95,9.92,1.79,0.0,9.55e-05
2020-03-14 07:00:00,1107.5,40.0,14.27,9.98,2.48,0.0,0.0011075
2020-03-14 08:00:00,2896.5,84.0,23.9,10.05,2.97,0.0,0.0028965
2020-03-14 09:00:00,1697.5,55.0,32.28,10.03,2.9,0.0,0.0016975
2020-03-14 10:00:00,1941.0,61.0,38.65,10.03,3.17,0.0,0.001941
2020-03-14 11:00:00,2561.0,76.0,42.08,10.13,3.79,0.0,0.002561
2020-03-14 12:00:00,1979.0,62.0,41.92,10.4,3.93,0.0,0.001979
2020-03-14 13:00:00,2349.0,71.0,38.2,10.4,3.59,0.0,0.002349
2020-03-14 14:00:00,4820.0,129.0,31.63,10.47,3.31,0.0,0.00482
2020-03-14 15:00:00,4551.5,123.0,23.11,10.63,2.83,0.0,0.0045515
2020-03-14 16:00:00,1651.0,54.0,13.4,10.69,2.21,0.0,0.001651
2020-03-14 17:00:00,47.5,8.0,3.04,10.28,1.59,0.0,4.75e-05
2020-03-14 18:00:00,0.0,0.0,0.0,9.45,1.66,0.0,0.0
2020-03-14 19:00:00,0.0,0.0,0.0,9.22,2.14,0.0,0.0
2020-03-14 20:00:00,0.0,0.0,0.0,8.87,2.14,0.0,0.0
2020-03-14 21:00:00,0.0,0.0,0.0,8.63,1.93,0.0,0.0
2020-03-14 22:00:00,0.0,0.0,0.0,8.26,1.72,0.0,0.0
2020-03-14 23:00:00,0.0,0.0,0.0,7.77,1.52,0.0,0.0
2020-03-15 00:00:00,0.0,0.0,0.0,7.28,1.52,0.0,0.0
2020-03-15 01:00:00,0.0,0.0,0.0,6.74,1.52,0.0,0.0
2020-03-15 02:00:00,0.0,0.0,0.0,6.14,1.59,0.0,0.0
2020-03-15 03:00:00,0.0,0.0,0.0,5.7,1.52,0.0,0.0
2020-03-15 04:00:00,0.0,0.0,0.0,5.35,1.52,0.0,0.0
2020-03-15 05:00:00,0.0,0.0,0.0,5.06,1.59,0.0,0.0
2020-03-15 06:00:00,631.0,28.99,4.29,4.8,1.52,0.0,0.000631
2020-03-15 07:00:00,7816.0,218.0,14.61,6.24,1.24,0.0,0.007816
2020-03-15 08:00:00,10243.5,254.0,24.26,8.36,1.66,0.0,0.0102435
2020-03-15 09:00:00,9377.5,233.0,32.66,9.29,2.07,0.0,0.0093775
2020-03-15 10:00:00,9004.5,225.0,39.04,10.0,2.34,0.0,0.0090045
2020-03-15 11:00:00,7803.0,198.0,42.48,10.6,2.28,0.0,0.007803
2020-03-15 12:00:00,7262.0,186.0,42.3,11.17,2.28,0.0,0.007262
2020-03-15 13:00:00,10113.0,252.0,38.54,11.23,2.14,0.0,0.010113
2020-03-15 14:00:00,11087.0,275.0,31.93,11.65,2.21,0.0,0.011087
2020-03-15 15:00:00,9125.5,231.0,23.38,11.59,2.21,0.0,0.0091255
2020-03-15 16:00:00,4630.0,130.0,13.64,11.27,2.07,0.0,0.00463
2020-03-15 17:00:00,147.0,12.0,3.27,10.74,1.79,0.0,0.000147
2020-03-15 18:00:00,0.0,0.0,0.0,9.55,1.86,0.0,0.0
2020-03-15 19:00:00,0.0,0.0,0.0,8.92,1.93,0.0,0.0
2020-03-15 20:00:00,0.0,0.0,0.0,8.09,1.86,0.0,0.0
2020-03-15 21:00:00,0.0,0.0,0.0,7.28,1.86,0.0,0.0
2020-03-15 22:00:00,0.0,0.0,0.0,6.67,1.79,0.0,0.0
2020-03-15 23:00:00,0.0,0.0,0.0,5.85,1.79,0.0,0.0
2020-03-16 00:00:00,0.0,0.0,0.0,5.31,1.72,0.0,0.0
2020-03-16 01:00:00,0.0,0.0,0.0,4.74,1.72,0.0,0.0
2020-03-16 02:00:00,0.0,0.0,0.0,4.26,1.72,0.0,0.0
2020-03-16 03:00:00,0.0,0.0,0.0,3.86,1.66,0.0,0.0
2020-03-16 04:00:00,0.0,0.0,0.0,3.54,1.66,0.0,0.0
2020-03-16 05:00:00,0.0,0.0,0.0,3.18,1.52,0.0,0.0
2020-03-16 06:00:00,756.0,32.7,4.62,2.94,1.45,0.0,0.000756
2020-03-16 07:00:00,7474.5,204.0,14.95,6.18,0.97,0.0,0.0074745
2020-03-16 08:00:00,15984.0,396.01,24.62,8.55,1.1,0.0,0.015984
2020-03-16 09:00:00,21462.0,521.01,33.04,10.24,1.52,0.0,0.021462
2020-03-16 10:00:00,16438.5,401.0,39.44,11.11,1.59,0.0,0.0164385
2020-03-16 11:00:00,12344.5,306.0,42.88,11.97,1.45,0.0,0.0123445
2020-03-16 12:00:00,8392.5,214.0,42.69,12.59,1.45,0.0,0.0083925
2020-03-16 13:00:00,15582.5,385.0,38.89,13.15,1.31,0.0,0.0155825
2020-03-16 14:00:00,12454.5,311.0,32.23,13.44,1.17,0.0,0.0124545
2020-03-16 15:00:00,8502.0,219.0,23.64,13.55,0.9,0.0,0.008502
2020-03-16 16:00:00,5653.0,161.0,13.89,13.3,0.76,0.0,0.005653
2020-03-16 17:00:00,332.0,20.36,3.51,12.66,0.34,0.0,0.000332
2020-03-16 18:00:00,0.0,0.0,0.0,12.05,0.48,0.0,0.0
2020-03-16 19:00:00,0.0,0.0,0.0,8.14,1.66,0.0,0.0
2020-03-16 20:00:00,0.0,0.0,0.0,7.1,1.72,0.0,0.0
2020-03-16 21:00:00,0.0,0.0,0.0,6.49,1.59,0.0,0.0
2020-03-16 22:00:00,0.0,0.0,0.0,6.73,1.24,0.0,0.0
2020-03-16 23:00:00,0.0,0.0,0.0,6.33,1.17,0.0,0.0
2020-03-17 00:00:00,0.0,0.0,0.0,5.5,1.31,0.0,0.0
2020-03-17 01:00:00,0.0,0.0,0.0,4.94,1.31,0.0,0.0
2020-03-17 02:00:00,0.0,0.0,0.0,5.15,1.1,0.0,0.0
2020-03-17 03:00:00,0.0,0.0,0.0,4.85,1.1,0.0,0.0
2020-03-17 04:00:00,0.0,0.0,0.0,4.47,1.1,0.0,0.0
2020-03-17 05:00:00,0.0,0.0,0.0,4.69,1.03,0.0,0.0
2020-03-17 06:00:00,705.0,30.3,4.95,4.8,0.9,0.0,0.000705
2020-03-17 07:00:00,5902.0,158.0,15.3,6.75,0.41,0.0,0.005902
2020-03-17 08:00:00,13183.5,329.0,24.97,9.65,0.21,0.0,0.0131835
2020-03-17 09:00:00,20434.5,508.01,33.42,12.06,0.14,0.0,0.0204345
2020-03-17 10:00:00,22674.5,567.01,39.83,13.58,0.28,0.0,0.0226745
2020-03-17 11:00:00,25442.0,641.01,43.29,14.82,0.48,0.0,0.025442
2020-03-17 12:00:00,23640.5,596.01,43.07,15.86,0.62,0.0,0.0236405
2020-03-17 13:00:00,21872.5,551.01,39.23,16.44,0.69,0.0,0.0218725
2020-03-17 14:00:00,19046.5,481.01,32.53,16.89,0.76,0.0,0.0190465
2020-03-17 15:00:00,12070.5,312.0,23.91,16.99,0.9,0.0,0.0120705
2020-03-17 16:00:00,6876.5,204.0,14.13,16.64,1.03,0.0,0.0068765
2020-03-17 17:00:00,390.0,22.33,3.74,15.5,1.45,0.0,0.00039
2020-03-17 18:00:00,0.0,0.0,0.0,13.35,1.66,0.0,0.0
2020-03-17 19:00:00,0.0,0.0,0.0,12.0,1.1,0.0,0.0
2020-03-17 20:00:00,0.0,0.0,0.0,12.1,0.76,0.0,0.0
2020-03-17 21:00:00,0.0,0.0,0.0,11.14,0.83,0.0,0.0
2020-03-17 22:00:00,0.0,0.0,0.0,8.94,1.03,0.0,0.0
2020-03-17 23:00:00,0.0,0.0,0.0,8.39,0.83,0.0,0.0
2020-03-18 00:00:00,0.0,0.0,0.0,7.34,0.41,0.0,0.0
2020-03-18 01:00:00,0.0,0.0,0.0,6.7,0.21,0.0,0.0
2020-03-18 02:00:00,0.0,0.0,0.0,6.15,0.0,0.0,0.0
2020-03-18 03:00:00,0.0,0.0,0.0,5.56,0.14,0.0,0.0
2020-03-18 04:00:00,0.0,0.0,0.0,5.11,0.21,0.0,0.0
2020-03-18 05:00:00,0.0,0.0,0.0,4.88,0.07,0.0,0.0
2020-03-18 06:00:00,1020.5,51.42,5.28,5.03,0.21,0.0,0.0010205
2020-03-18 07:00:00,8439.5,231.0,15.64,6.8,0.41,0.0,0.0084395
2020-03-18 08:00:00,16426.5,410.01,25.33,10.0,0.62,0.0,0.0164265
2020-03-18 09:00:00,22752.0,562.01,33.8,12.61,0.97,0.0,0.022752
2020-03-18 10:00:00,27076.0,673.01,40.23,14.42,1.31,0.0,0.027076
2020-03-18 11:00:00,29379.5,736.01,43.69,15.8,1.52,0.0,0.0293795
2020-03-18 12:00:00,29926.0,754.01,43.45,16.83,1.52,0.0,0.029926
2020-03-18 13:00:00,26835.5,676.01,39.57,17.54,1.45,0.0,0.0268355
2020-03-18 14:00:00,22135.5,559.01,32.83,17.92,1.38,0.0,0.0221355
2020-03-18 15:00:00,15073.5,391.01,24.17,17.9,1.38,0.0,0.0150735
2020-03-18 16:00:00,7080.5,210.0,14.37,17.46,1.24,0.0,0.0070805
2020-03-18 17:00:00,422.5,23.34,3.96,16.19,0.97,0.0,0.0004225
2020-03-18 18:00:00,0.0,0.0,0.0,15.7,0.55,0.0,0.0
2020-03-18 19:00:00,0.0,0.0,0.0,14.89,0.48,0.0,0.0
2020-03-18 20:00:00,0.0,0.0,0.0,12.72,1.24,0.0,0.0
2020-03-18 21:00:00,0.0,0.0,0.0,10.72,1.31,0.0,0.0
2020-03-18 22:00:00,0.0,0.0,0.0,10.99,1.03,0.0,0.0
2020-03-18 23:00:00,0.0,0.0,0.0,10.47,0.69,0.0,0.0
2020-03-19 00:00:00,0.0,0.0,0.0,9.71,0.48,0.0,0.0
2020-03-19 01:00:00,0.0,0.0,0.0,9.17,0.41,0.0,0.0
2020-03-19 02:00:00,0.0,0.0,0.0,8.39,0.48,0.0,0.0
2020-03-19 03:00:00,0.0,0.0,0.0,7.65,0.55,0.0,0.0
2020-03-19 04:00:00,0.0,0.0,0.0,6.98,0.55,0.0,0.0
2020-03-19 05:00:00,0.0,0.0,0.0,6.4,0.69,0.0,0.0
2020-03-19 06:00:00,1151.5,57.95,5.62,6.21,0.76,0.0,0.0011515
2020-03-19 07:00:00,8836.5,242.0,15.98,8.16,0.55,0.0,0.0088365
2020-03-19 08:00:00,16855.5,422.01,25.69,11.34,0.83,0.0,0.0168555
2020-03-19 09:00:00,22880.5,570.01,34.17,14.34,0.97,0.0,0.0228805
2020-03-19 10:00:00,26931.5,681.01,40.63,16.34,0.83,0.0,0.0269315
2020-03-19 11:00:00,29129.5,751.01,44.09,17.61,0.41,0.0,0.0291295
2020-03-19 12:00:00,29382.0,765.01,43.83,18.53,0.21,0.0,0.029382
2020-03-19 13:00:00,26360.0,683.01,39.91,19.11,0.21,0.0,0.02636
2020-03-19 14:00:00,21807.5,562.01,33.13,19.42,0.34,0.0,0.0218075
2020-03-19 15:00:00,15333.5,403.01,24.44,19.38,0.55,0.0,0.0153335
2020-03-19 16:00:00,7315.0,218.0,14.61,19.03,0.76,0.0,0.007315
2020-03-19 17:00:00,490.0,26.09,4.19,17.52,0.76,0.0,0.00049
2020-03-19 18:00:00,0.0,0.0,0.0,16.54,0.76,0.0,0.0
2020-03-19 19:00:00,0.0,0.0,0.0,15.89,0.48,0.0,0.0
2020-03-19 20:00:00,0.0,0.0,0.0,14.72,0.48,0.0,0.0
2020-03-19 21:00:00,0.0,0.0,0.0,13.55,0.76,0.0,0.0
2020-03-19 22:00:00,0.0,0.0,0.0,11.92,0.83,0.0,0.0
2020-03-19 23:00:00,0.0,0.0,0.0,10.3,0.76,0.0,0.0
2020-03-20 00:00:00,0.0,0.0,0.0,9.33,0.69,0.0,0.0
2020-03-20 01:00:00,0.0,0.0,0.0,8.73,0.62,0.0,0.0
2020-03-20 02:00:00,0.0,0.0,0.0,8.12,0.48,0.0,0.0
2020-03-20 03:00:00,0.0,0.0,0.0,7.58,0.41,0.0,0.0
2020-03-20 04:00:00,0.0,0.0,0.0,7.03,0.69,0.0,0.0
2020-03-20 05:00:00,0.0,0.0,0.0,6.39,0.83,0.0,0.0
2020-03-20 06:00:00,1554.5,63.0,5.95,6.24,0.76,0.0,0.0015545
2020-03-20 07:00:00,9091.5,249.0,16.32,9.06,0.55,0.0,0.0090915
2020-03-20 08:00:00,8572.0,217.0,26.05,10.83,1.24,0.0,0.008572
2020-03-20 09:00:00,11809.0,294.0,34.55,12.52,1.38,0.0,0.011809
2020-03-20 10:00:00,22655.0,559.01,41.03,13.44,1.24,0.0,0.022655
2020-03-20 11:00:00,28380.5,713.01,44.49,14.22,0.76,0.0,0.0283805
2020-03-20 12:00:00,9803.5,251.0,44.21,15.32,0.69,0.0,0.0098035
2020-03-20 13:00:00,21066.0,530.01,40.25,16.1,0.62,0.0,0.021066
2020-03-20 14:00:00,21801.0,555.01,33.42,16.71,0.21,0.0,0.021801
2020-03-20 15:00:00,14935.5,387.01,24.7,16.85,0.41,0.0,0.0149355
2020-03-20 16:00:00,7696.0,227.0,14.85,16.32,0.69,0.0,0.007696
2020-03-20 17:00:00,531.5,27.1,4.42,15.58,0.55,0.0,0.0005315
2020-03-20 18:00:00,0.0,0.0,0.0,13.6,0.97,0.0,0.0
2020-03-20 19:00:00,0.0,0.0,0.0,12.12,1.38,0.0,0.0
2020-03-20 20:00:00,0.0,0.0,0.0,9.88,1.79,0.0,0.0
2020-03-20 21:00:00,0.0,0.0,0.0,8.64,1.86,0.0,0.0
2020-03-20 22:00:00,0.0,0.0,0.0,7.65,1.86,0.0,0.0
2020-03-20 23:00:00,0.0,0.0,0.0,7.2,1.66,0.0,0.0
2020-03-21 00:00:00,0.0,0.0,0.0,7.71,1.24,0.0,0.0
2020-03-21 01:00:00,0.0,0.0,0.0,8.39,0.83,0.0,0.0
2020-03-21 02:00:00,0.0,0.0,0.0,7.67,0.76,0.0,0.0
2020-03-21 03:00:00,0.0,0.0,0.0,7.04,0.69,0.0,0.0
2020-03-21 04:00:00,0.0,0.0,0.0,6.44,0.69,0.0,0.0
2020-03-21 05:00:00,0.0,0.0,0.0,5.84,0.69,0.0,0.0
2020-03-21 06:00:00,1785.0,75.0,6.29,5.17,0.62,0.0,0.001785
2020-03-21 07:00:00,9299.5,251.0,16.67,8.17,0.69,0.0,0.0092995
2020-03-21 08:00:00,17229.0,431.01,26.41,11.56,0.69,0.0,0.017229
2020-03-21 09:00:00,23327.5,582.01,34.93,14.18,0.76,0.0,0.0233275
2020-03-21 10:00:00,27422.0,692.01,41.43,15.84,0.83,0.0,0.027422
2020-03-21 11:00:00,29845.5,762.01,44.89,17.05,0.83,0.0,0.0298455
2020-03-21 12:00:00,30130.0,772.01,44.59,17.91,0.9,0.0,0.03013
2020-03-21 13:00:00,27171.0,692.01,40.59,18.44,1.03,0.0,0.027171
2020-03-21 14:00:00,22287.5,565.01,33.72,18.61,1.24,0.0,0.0222875
2020-03-21 15:00:00,15616.5,405.01,24.96,18.69,1.31,0.0,0.0156165
2020-03-21 16:00:00,7647.5,224.0,15.08,18.31,1.38,0.0,0.0076475
2020-03-21 17:00:00,628.5,30.03,4.65,17.13,1.59,0.0,0.0006285
2020-03-21 18:00:00,0.0,0.0,0.0,15.17,2.07,0.0,0.0
2020-03-21 19:00:00,0.0,0.0,0.0,13.19,2.21,0.0,0.0
2020-03-21 20:00:00,0.0,0.0,0.0,11.42,1.93,0.0,0.0
2020-03-21 21:00:00,0.0,0.0,0.0,9.88,1.52,0.0,0.0
2020-03-21 22:00:00,0.0,0.0,0.0,9.78,1.03,0.0,0.0
2020-03-21 23:00:00,0.0,0.0,0.0,9.55,0.83,0.0,0.0
2020-03-22 00:00:00,0.0,0.0,0.0,9.02,0.69,0.0,0.0
2020-03-22 01:00:00,0.0,0.0,0.0,8.49,0.83,0.0,0.0
2020-03-22 02:00:00,0.0,0.0,0.0,7.85,1.24,0.0,0.0
2020-03-22 03:00:00,0.0,0.0,0.0,7.27,1.66,0.0,0.0
2020-03-22 04:00:00,0.0,0.0,0.0,7.47,1.79,0.0,0.0
2020-03-22 05:00:00,0.0,0.0,0.0,7.83,1.79,0.0,0.0
2020-03-22 06:00:00,1531.5,56.0,6.62,8.47,1.66,0.0,0.0015315
2020-03-22 07:00:00,3103.5,89.0,17.01,9.76,1.93,0.0,0.0031035
2020-03-22 08:00:00,3738.0,104.0,26.77,10.4,2.34,0.0,0.003738
2020-03-22 09:00:00,3265.0,93.0,35.31,10.86,3.03,0.0,0.003265
2020-03-22 10:00:00,2884.0,84.0,41.82,11.07,3.79,0.0,0.002884
2020-03-22 11:00:00,6104.0,159.0,45.29,11.55,4.28,0.0,0.006104
2020-03-22 12:00:00,6222.5,162.0,44.97,11.89,4.07,0.0,0.0062225
2020-03-22 13:00:00,8762.0,221.0,40.93,12.27,3.45,0.0,0.008762
2020-03-22 14:00:00,10107.0,253.0,34.01,13.03,3.1,0.0,0.010107
2020-03-22 15:00:00,5431.5,145.0,25.22,13.28,2.55,0.0,0.0054315
2020-03-22 16:00:00,4523.5,126.0,15.32,13.24,1.86,0.0,0.0045235
2020-03-22 17:00:00,565.5,26.57,4.87,12.44,0.83,0.0,0.0005655
2020-03-22 18:00:00,0.0,0.0,0.0,10.84,0.9,0.0,0.0
2020-03-22 19:00:00,0.0,0.0,0.0,9.99,1.31,0.0,0.0
2020-03-22 20:00:00,0.0,0.0,0.0,9.5,1.1,0.0,0.0
2020-03-22 21:00:00,0.0,0.0,0.0,8.91,1.17,0.0,0.0
2020-03-22 22:00:00,0.0,0.0,0.0,7.89,1.72,0.0,0.0
2020-03-22 23:00:00,0.0,0.0,0.0,8.09,2.55,0.0,0.0
2020-03-23 00:00:00,0.0,0.0,0.0,8.19,3.17,0.0,0.0
2020-03-23 01:00:00,0.0,0.0,0.0,7.99,3.93,0.0,0.0
2020-03-23 02:00:00,0.0,0.0,0.0,7.53,4.62,0.0,0.0
2020-03-23 03:00:00,0.0,0.0,0.0,7.07,4.76,0.0,0.0
2020-03-23 04:00:00,0.0,0.0,0.0,6.56,4.28,0.0,0.0
2020-03-23 05:00:00,0.0,0.0,0.0,6.1,3.72,0.0,0.0
2020-03-23 06:00:00,790.0,31.0,6.96,5.59,3.31,0.0,0.00079
2020-03-23 07:00:00,2610.5,76.0,17.36,6.24,3.72,0.0,0.0026105
2020-03-23 08:00:00,5902.0,151.0,27.13,6.14,3.86,0.0,0.005902
2020-03-23 09:00:00,5406.0,140.0,35.69,6.41,3.86,0.0,0.005406
2020-03-23 10:00:00,6859.0,173.0,42.22,6.83,3.66,0.0,0.006859
2020-03-23 11:00:00,12331.5,297.0,45.69,7.14,3.31,0.0,0.0123315
2020-03-23 12:00:00,16774.0,400.0,45.35,7.47,2.76,0.0,0.016774
2020-03-23 13:00:00,15909.0,381.0,41.26,7.76,2.34,0.0,0.015909
2020-03-23 14:00:00,12571.0,305.0,34.3,8.28,2.14,0.0,0.012571
2020-03-23 15:00:00,9645.5,239.0,25.47,8.34,2.0,0.0,0.0096455
2020-03-23 16:00:00,6252.0,167.0,15.55,8.2,1.72,0.0,0.006252
2020-03-23 17:00:00,652.0,28.56,5.1,7.73,1.38,0.0,0.000652
2020-03-23 18:00:00,0.0,0.0,0.0,6.64,1.38,0.0,0.0
2020-03-23 19:00:00,0.0,0.0,0.0,4.67,1.52,0.0,0.0
2020-03-23 20:00:00,0.0,0.0,0.0,3.24,1.72,0.0,0.0
2020-03-23 21:00:00,0.0,0.0,0.0,2.23,1.93,0.0,0.0
2020-03-23 22:00:00,0.0,0.0,0.0,1.63,1.93,0.0,0.0
2020-03-23 23:00:00,0.0,0.0,0.0,1.0,1.93,0.0,0.0
2020-03-24 00:00:00,0.0,0.0,0.0,0.67,1.86,0.0,0.0
2020-03-24 01:00:00,0.0,0.0,0.0,0.34,1.72,0.0,0.0
2020-03-24 02:00:00,0.0,0.0,0.0,0.38,1.59,0.0,0.0
2020-03-24 03:00:00,0.0,0.0,0.0,0.45,1.45,0.0,0.0
2020-03-24 04:00:00,0.0,0.0,0.0,0.38,1.31,0.0,0.0
2020-03-24 05:00:00,0.0,0.0,0.0,0.39,1.1,0.0,0.0
2020-03-24 06:00:00,1996.5,66.0,7.29,0.5,1.1,0.0,0.0019965
2020-03-24 07:00:00,11053.0,285.0,17.7,1.99,1.03,0.0,0.011053
2020-03-24 08:00:00,19603.5,469.01,27.48,4.28,1.45,0.0,0.0196035
2020-03-24 09:00:00,25899.0,614.01,36.07,5.6,1.72,0.0,0.025899
2020-03-24 10:00:00,30531.0,730.01,42.62,6.7,1.79,0.0,0.030531
2020-03-24 11:00:00,21517.0,516.0,46.1,7.75,1.59,0.0,0.021517
2020-03-24 12:00:00,31092.5,756.01,45.72,8.48,1.38,0.0,0.0310925
2020-03-24 13:00:00,22308.0,538.0,41.6,8.96,1.45,0.0,0.022308
2020-03-24 14:00:00,22373.0,538.01,34.59,9.06,1.86,0.0,0.022373
2020-03-24 15:00:00,17566.5,430.01,25.73,8.93,2.28,0.0,0.0175665
2020-03-24 16:00:00,9132.5,251.0,15.79,8.56,2.48,0.0,0.0091325
2020-03-24 17:00:00,987.5,54.54,5.32,7.88,2.0,0.0,0.0009875
2020-03-24 18:00:00,0.0,0.0,0.0,6.55,1.59,0.0,0.0
2020-03-24 19:00:00,0.0,0.0,0.0,5.65,1.31,0.0,0.0
2020-03-24 20:00:00,0.0,0.0,0.0,6.67,0.83,0.0,0.0
2020-03-24 21:00:00,0.0,0.0,0.0,6.11,0.76,0.0,0.0
2020-03-24 22:00:00,0.0,0.0,0.0,3.63,1.24,0.0,0.0
2020-03-24 23:00:00,0.0,0.0,0.0,1.24,1.72,0.0,0.0
2020-03-25 00:00:00,0.0,0.0,0.0,-0.05,2.07,0.0,0.0
2020-03-25 01:00:00,0.0,0.0,0.0,-0.63,2.07,0.0,0.0
2020-03-25 02:00:00,0.0,0.0,0.0,-0.76,2.34,0.0,0.0
2020-03-25 03:00:00,0.0,0.0,0.0,-0.54,2.41,0.0,0.0
2020-03-25 04:00:00,0.0,0.0,0.0,-0.47,2.21,0.0,0.0
2020-03-25 05:00:00,0.0,0.0,0.0,-0.42,1.93,0.0,0.0
2020-03-25 06:00:00,379.0,19.0,7.63,-0.16,1.66,0.0,0.000379
2020-03-25 07:00:00,2308.0,68.0,18.04,2.48,1.24,0.0,0.002308
2020-03-25 08:00:00,4507.0,119.0,27.84,4.31,1.72,0.0,0.004507
2020-03-25 09:00:00,5515.0,142.0,36.45,4.83,1.79,0.0,0.005515
2020-03-25 10:00:00,18115.0,429.0,43.01,5.49,1.93,0.0,0.018115
2020-03-25 11:00:00,9139.5,225.0,46.5,6.5,1.93,0.0,0.0091395
2020-03-25 12:00:00,17526.5,419.0,46.1,7.33,2.0,0.0,0.0175265
2020-03-25 13:00:00,5177.0,136.0,41.93,7.88,2.14,0.0,0.005177
2020-03-25 14:00:00,17909.5,427.0,34.88,7.92,2.55,0.0,0.0179095
2020-03-25 15:00:00,5665.5,147.0,25.98,7.84,2.62,0.0,0.0056655
2020-03-25 16:00:00,7502.5,199.0,16.02,7.68,2.55,0.0,0.0075025
2020-03-25 17:00:00,1067.5,44.75,5.54,7.34,2.21,0.0,0.0010675
2020-03-25 18:00:00,0.0,0.0,0.0,6.16,1.93,0.0,0.0
2020-03-25 19:00:00,0.0,0.0,0.0,5.52,2.55,0.0,0.0
2020-03-25 20:00:00,0.0,0.0,0.0,4.86,2.48,0.0,0.0
2020-03-25 21:00:00,0.0,0.0,0.0,4.11,2.48,0.0,0.0
2020-03-25 22:00:00,0.0,0.0,0.0,3.45,2.76,0.0,0.0
2020-03-25 23:00:00,0.0,0.0,0.0,2.84,2.76,0.0,0.0
2020-03-26 00:00:00,0.0,0.0,0.0,2.4,2.62,0.0,0.0
2020-03-26 01:00:00,0.0,0.0,0.0,1.97,2.41,0.0,0.0
2020-03-26 02:00:00,0.0,0.0,0.0,1.61,2.07,0.0,0.0
2020-03-26 03:00:00,0.0,0.0,0.0,1.02,1.93,0.0,0.0
2020-03-26 04:00:00,0.0,0.0,0.0,0.25,1.72,0.0,0.0
2020-03-26 05:00:00,0.0,0.0,0.0,-0.64,1.66,0.0,0.0
2020-03-26 06:00:00,2919.0,107.0,7.96,-0.98,1.52,0.0,0.002919
2020-03-26 07:00:00,9034.5,227.0,18.38,2.28,1.38,0.0,0.0090345
2020-03-26 08:00:00,13712.0,327.0,28.2,4.26,1.86,0.0,0.013712
2020-03-26 09:00:00,15893.5,377.0,36.83,5.05,1.72,0.0,0.0158935
2020-03-26 10:00:00,7094.5,178.0,43.41,5.5,1.79,0.0,0.0070945
2020-03-26 11:00:00,4211.0,113.0,46.89,5.83,1.72,0.0,0.004211
2020-03-26 12:00:00,5217.0,136.0,46.48,6.0,1.59,0.0,0.005217
2020-03-26 13:00:00,10694.0,260.0,42.26,6.08,1.72,0.0,0.010694
2020-03-26 14:00:00,5436.5,141.0,35.17,6.18,1.86,0.0,0.0054365
2020-03-26 15:00:00,2692.0,78.0,26.23,6.14,1.86,0.0,0.002692
2020-03-26 16:00:00,1091.5,39.0,16.25,5.99,1.66,0.0,0.0010915
2020-03-26 17:00:00,536.0,24.0,5.77,5.65,1.24,0.0,0.000536
2020-03-26 18:00:00,0.0,0.0,0.0,5.22,0.97,0.0,0.0
2020-03-26 19:00:00,0.0,0.0,0.0,3.8,1.66,0.0,0.0
2020-03-26 20:00:00,0.0,0.0,0.0,3.46,2.07,0.0,0.0
2020-03-26 21:00:00,0.0,0.0,0.0,3.18,2.41,0.0,0.0
2020-03-26 22:00:00,0.0,0.0,0.0,3.15,2.55,0.0,0.0
2020-03-26 23:00:00,0.0,0.0,0.0,3.36,2.55,0.0,0.0
2020-03-27 00:00:00,0.0,0.0,0.0,3.69,2.48,0.0,0.0
2020-03-27 01:00:00,0.0,0.0,0.0,3.89,2.34,0.0,0.0
2020-03-27 02:00:00,0.0,0.0,0.0,4.12,2.14,0.0,0.0
2020-03-27 03:00:00,0.0,0.0,0.0,4.3,2.0,0.0,0.0
2020-03-27 04:00:00,0.0,0.0,0.0,4.44,1.93,0.0,0.0
2020-03-27 05:00:00,0.0,0.0,0.0,4.63,1.86,0.0,0.0
2020-03-27 06:00:00,982.0,36.0,8.3,4.85,1.79,0.0,0.000982
2020-03-27 07:00:00,2194.0,66.0,18.72,5.45,2.48,0.0,0.002194
2020-03-27 08:00:00,7139.0,179.0,28.56,5.84,2.41,0.0,0.007139
2020-03-27 09:00:00,6009.5,154.0,37.2,6.53,2.48,0.0,0.0060095
2020-03-27 10:00:00,6998.5,177.0,43.81,7.55,2.69,0.0,0.0069985
2020-03-27 11:00:00,12230.5,297.0,47.29,8.35,2.62,0.0,0.0122305
2020-03-27 12:00:00,14778.5,358.0,46.85,9.07,1.93,0.0,0.0147785
2020-03-27 13:00:00,17495.5,424.0,42.59,9.61,1.38,0.0,0.0174955
2020-03-27 14:00:00,8928.5,224.0,35.45,9.75,1.03,0.0,0.0089285
2020-03-27 15:00:00,10257.5,256.0,26.49,10.09,1.03,0.0,0.0102575
2020-03-27 16:00:00,3264.0,93.0,16.48,9.91,0.9,0.0,0.003264
2020-03-27 17:00:00,1230.5,48.0,5.99,9.38,1.31,0.0,0.0012305
2020-03-27 18:00:00,0.0,0.0,0.0,8.53,1.72,0.0,0.0
2020-03-27 19:00:00,0.0,0.0,0.0,8.01,1.17,0.0,0.0
2020-03-27 20:00:00,0.0,0.0,0.0,7.41,1.24,0.0,0.0
2020-03-27 21:00:00,0.0,0.0,0.0,7.25,1.38,0.0,0.0
2020-03-27 22:00:00,0.0,0.0,0.0,7.44,1.72,0.0,0.0
2020-03-27 23:00:00,0.0,0.0,0.0,7.5,1.72,0.0,0.0
2020-03-28 00:00:00,0.0,0.0,0.0,7.39,1.66,0.0,0.0
2020-03-28 01:00:00,0.0,0.0,0.0,7.27,1.52,0.0,0.0
2020-03-28 02:00:00,0.0,0.0,0.0,7.15,1.45,0.0,0.0
2020-03-28 03:00:00,0.0,0.0,0.0,6.99,1.45,0.0,0.0
2020-03-28 04:00:00,0.0,0.0,0.0,6.87,1.52,0.0,0.0
2020-03-28 05:00:00,0.0,0.0,0.0,6.52,1.66,0.0,0.0
2020-03-28 06:00:00,2463.0,79.0,8.63,6.28,1.52,0.0,0.002463
2020-03-28 07:00:00,11032.5,287.0,19.06,8.36,0.9,0.0,0.0110325
2020-03-28 08:00:00,18834.5,466.01,28.91,11.48,0.9,0.0,0.0188345
2020-03-28 09:00:00,24347.5,606.01,37.58,13.4,0.62,0.0,0.0243475
2020-03-28 10:00:00,28560.0,725.01,44.2,14.74,0.34,0.0,0.02856
2020-03-28 11:00:00,30514.5,784.01,47.69,15.86,0.34,0.0,0.0305145
2020-03-28 12:00:00,31235.0,805.01,47.22,16.79,0.48,0.0,0.031235
2020-03-28 13:00:00,27710.0,708.01,42.92,17.47,0.62,0.0,0.02771
2020-03-28 14:00:00,23398.0,594.01,35.74,17.65,0.69,0.0,0.023398
2020-03-28 15:00:00,16977.5,437.01,26.74,17.68,0.69,0.0,0.0169775
2020-03-28 16:00:00,8898.0,252.0,16.71,17.43,0.69,0.0,0.008898
2020-03-28 17:00:00,1603.0,74.0,6.21,16.48,0.83,0.0,0.001603
2020-03-28 18:00:00,0.0,0.0,0.0,14.05,1.17,0.0,0.0
2020-03-28 19:00:00,0.0,0.0,0.0,13.09,1.24,0.0,0.0
2020-03-28 20:00:00,0.0,0.0,0.0,12.3,1.17,0.0,0.0
2020-03-28 21:00:00,0.0,0.0,0.0,12.05,1.1,0.0,0.0
2020-03-28 22:00:00,0.0,0.0,0.0,9.94,1.31,0.0,0.0
2020-03-28 23:00:00,0.0,0.0,0.0,10.0,0.9,0.0,0.0
2020-03-29 00:00:00,0.0,0.0,0.0,9.1,0.41,0.0,0.0
2020-03-29 01:00:00,0.0,0.0,0.0,8.0,0.14,0.0,0.0
2020-03-29 02:00:00,0.0,0.0,0.0,7.14,0.07,0.0,0.0
2020-03-29 03:00:00,0.0,0.0,0.0,6.5,0.21,0.0,0.0
2020-03-29 04:00:00,0.0,0.0,0.0,5.9,0.41,0.0,0.0
2020-03-29 05:00:00,0.0,0.0,0.0,5.53,0.41,0.0,0.0
2020-03-29 06:00:00,2382.0,75.0,8.96,5.41,0.21,0.0,0.002382
2020-03-29 07:00:00,8654.5,223.0,19.4,8.67,0.28,0.0,0.0086545
2020-03-29 08:00:00,15169.5,378.0,29.26,11.56,0.0,0.0,0.0151695
2020-03-29 09:00:00,21599.0,540.01,37.95,13.88,0.28,0.0,0.021599
2020-03-29 10:00:00,28451.0,724.01,44.59,15.53,0.41,0.0,0.028451
2020-03-29 11:00:00,26093.5,666.01,48.09,16.58,0.41,0.0,0.0260935
2020-03-29 12:00:00,28779.5,741.01,47.59,17.6,0.48,0.0,0.0287795
2020-03-29 13:00:00,27109.0,695.01,43.25,18.08,0.55,0.0,0.027109
2020-03-29 14:00:00,19744.0,501.01,36.02,18.36,0.76,0.0,0.019744
2020-03-29 15:00:00,10294.5,264.0,26.98,17.11,1.86,0.0,0.0102945
2020-03-29 16:00:00,2002.5,64.0,16.94,15.95,2.76,0.0,0.0020025
2020-03-29 17:00:00,860.0,35.0,6.43,15.14,2.0,0.0,0.00086
2020-03-29 18:00:00,0.0,0.0,0.0,13.84,1.38,0.0,0.0
2020-03-29 19:00:00,0.0,0.0,0.0,12.39,1.17,0.0,0.0
2020-03-29 20:00:00,0.0,0.0,0.0,10.47,1.38,0.0,0.0
2020-03-29 21:00:00,0.0,0.0,0.0,9.42,1.38,0.0,0.0
2020-03-29 22:00:00,0.0,0.0,0.0,9.62,1.1,0.0,0.0
2020-03-29 23:00:00,0.0,0.0,0.0,9.18,1.31,0.0,0.0
2020-03-30 00:00:00,0.0,0.0,0.0,9.34,1.52,0.0,0.0
2020-03-30 01:00:00,0.0,0.0,0.0,9.53,1.79,0.0,0.0
2020-03-30 02:00:00,0.0,0.0,0.0,9.25,1.86,0.0,0.0
2020-03-30 03:00:00,0.0,0.0,0.0,8.83,1.79,0.0,0.0
2020-03-30 04:00:00,0.0,0.0,0.0,8.49,1.79,0.0,0.0
2020-03-30 05:00:00,0.0,0.0,0.0,8.27,1.93,0.0,0.0
2020-03-30 06:00:00,1835.5,59.0,9.3,8.14,1.93,0.0,0.0018355
2020-03-30 07:00:00,2663.0,78.0,19.74,8.49,2.48,0.0,0.002663
2020-03-30 08:00:00,2872.5,83.0,29.62,8.68,2.69,0.0,0.0028725
2020-03-30 09:00:00,5108.0,135.0,38.32,8.96,2.28,0.0,0.005108
2020-03-30 10:00:00,10194.5,252.0,44.99,9.46,2.14,0.0,0.0101945
2020-03-30 11:00:00,5256.5,139.0,48.48,9.85,2.0,0.0,0.0052565
2020-03-30 12:00:00,3999.5,110.0,47.96,10.09,2.14,0.0,0.0039995
2020-03-30 13:00:00,9668.5,241.0,43.57,10.57,2.21,0.0,0.0096685
2020-03-30 14:00:00,7676.0,195.0,36.3,10.54,2.28,0.0,0.007676
2020-03-30 15:00:00,4290.0,117.0,27.23,10.68,2.34,0.0,0.00429
2020-03-30 16:00:00,2220.0,68.0,17.16,10.64,2.41,0.0,0.00222
2020-03-30 17:00:00,389.0,20.0,6.65,10.4,2.28,0.0,0.000389
2020-03-30 18:00:00,0.0,0.0,0.0,10.08,2.14,0.0,0.0
2020-03-30 19:00:00,0.0,0.0,0.0,10.15,1.79,0.0,0.0
2020-03-30 20:00:00,0.0,0.0,0.0,9.65,2.07,0.0,0.0
2020-03-30 21:00:00,0.0,0.0,0.0,9.29,2.41,0.0,0.0
2020-03-30 22:00:00,0.0,0.0,0.0,8.9,2.83,0.0,0.0
2020-03-30 23:00:00,0.0,0.0,0.0,8.23,3.52,0.0,0.0
2020-03-31 00:00:00,0.0,0.0,0.0,7.27,4.21,0.0,0.0
2020-03-31 01:00:00,0.0,0.0,0.0,6.11,4.34,0.0,0.0
2020-03-31 02:00:00,0.0,0.0,0.0,5.13,4.34,0.0,0.0
2020-03-31 03:00:00,0.0,0.0,0.0,4.4,4.28,0.0,0.0
2020-03-31 04:00:00,0.0,0.0,0.0,3.97,3.93,0.0,0.0
2020-03-31 05:00:00,0.0,0.0,0.0,3.8,3.72,0.0,0.0
2020-03-31 06:00:00,1424.5,47.0,9.63,3.77,3.52,0.0,0.0014245
2020-03-31 07:00:00,3361.5,93.0,20.08,5.08,3.93,0.0,0.0033615
2020-03-31 08:00:00,4062.5,109.0,29.97,5.13,3.93,0.0,0.0040625
2020-03-31 09:00:00,5345.5,138.0,38.7,5.34,4.0,0.0,0.0053455
2020-03-31 10:00:00,4702.0,124.0,45.38,6.21,3.79,0.0,0.004702
2020-03-31 11:00:00,5076.5,133.0,48.88,7.13,3.59,0.0,0.0050765
2020-03-31 12:00:00,13035.0,315.0,48.33,8.61,3.38,0.0,0.013035
2020-03-31 13:00:00,21629.5,516.0,43.89,9.3,3.03,0.0,0.0216295
2020-03-31 14:00:00,19336.5,464.0,36.58,9.71,2.48,0.0,0.0193365
2020-03-31 15:00:00,11566.5,285.0,27.47,9.83,1.93,0.0,0.0115665
2020-03-31 16:00:00,4033.5,111.0,17.39,9.6,1.45,0.0,0.0040335
2020-03-31 17:00:00,1380.5,50.0,6.86,9.19,1.03,0.0,0.0013805
2020-03-31 18:00:00,0.0,0.0,0.0,7.71,0.97,0.0,0.0
2020-03-31 19:00:00,0.0,0.0,0.0,6.07,1.17,0.0,0.0
2020-03-31 20:00:00,0.0,0.0,0.0,5.19,1.24,0.0,0.0
2020-03-31 21:00:00,0.0,0.0,0.0,4.53,1.31,0.0,0.0
2020-03-31 22:00:00,0.0,0.0,0.0,3.93,1.45,0.0,0.0
2020-03-31 23:00:00,0.0,0.0,0.0,3.4,1.52,0.0,0.0
2020-04-01 00:00:00,0.0,0.0,0.0,2.9,1.59,0.0,0.0
2020-04-01 01:00:00,0.0,0.0,0.0,2.81,1.38,0.0,0.0
2020-04-01 02:00:00,0.0,0.0,0.0,2.76,1.24,0.0,0.0
2020-04-01 03:00:00,0.0,0.0,0.0,2.79,1.17,0.0,0.0
2020-04-01 04:00:00,0.0,0.0,0.0,2.44,1.24,0.0,0.0
2020-04-01 05:00:00,0.0,0.0,0.0,2.26,1.24,0.0,0.0
2020-04-01 06:00:00,2057.5,63.0,9.95,2.5,1.03,0.0,0.0020575
2020-04-01 07:00:00,4453.5,118.0,20.41,4.29,1.03,0.0,0.0044535
2020-04-01 08:00:00,6984.0,176.0,30.32,5.74,1.17,0.0,0.006984
2020-04-01 09:00:00,10152.0,249.0,39.07,6.95,1.31,0.0,0.010152
2020-04-01 10:00:00,11643.0,285.0,45.77,8.11,1.17,0.0,0.011643
2020-04-01 11:00:00,19775.0,480.0,49.27,8.91,0.97,0.0,0.019775
2020-04-01 12:00:00,26055.0,638.01,48.7,9.7,0.9,0.0,0.026055
2020-04-01 13:00:00,24777.0,605.01,44.22,10.38,1.1,0.0,0.024777
2020-04-01 14:00:00,17120.0,417.0,36.85,10.83,1.45,0.0,0.01712
2020-04-01 15:00:00,17735.0,436.0,27.72,10.86,1.66,0.0,0.017735
2020-04-01 16:00:00,10320.5,277.0,17.61,10.66,1.86,0.0,0.0103205
2020-04-01 17:00:00,2207.0,91.0,7.08,10.05,1.79,0.0,0.002207
2020-04-01 18:00:00,0.0,0.0,0.0,8.63,1.72,0.0,0.0
2020-04-01 19:00:00,0.0,0.0,0.0,6.76,1.45,0.0,0.0
2020-04-01 20:00:00,0.0,0.0,0.0,5.15,1.45,0.0,0.0
2020-04-01 21:00:00,0.0,0.0,0.0,4.28,1.45,0.0,0.0
2020-04-01 22:00:00,0.0,0.0,0.0,3.55,1.45,0.0,0.0
2020-04-01 23:00:00,0.0,0.0,0.0,3.38,1.24,0.0,0.0
2020-04-02 00:00:00,0.0,0.0,0.0,3.9,0.97,0.0,0.0
2020-04-02 01:00:00,0.0,0.0,0.0,3.51,0.9,0.0,0.0
2020-04-02 02:00:00,0.0,0.0,0.0,3.21,0.83,0.0,0.0
2020-04-02 03:00:00,0.0,0.0,0.0,2.78,0.83,0.0,0.0
2020-04-02 04:00:00,0.0,0.0,0.0,2.48,0.76,0.0,0.0
2020-04-02 05:00:00,0.0,0.0,0.0,2.25,0.62,0.0,0.0
2020-04-02 06:00:00,3166.5,93.0,10.28,2.16,0.34,0.0,0.0031665
2020-04-02 07:00:00,10786.5,268.0,20.75,4.01,0.62,0.0,0.0107865
2020-04-02 08:00:00,21333.5,517.01,30.67,6.27,0.34,0.0,0.0213335
2020-04-02 09:00:00,27007.0,662.01,39.43,7.76,0.14,0.0,0.027007
2020-04-02 10:00:00,30958.0,768.01,46.15,9.19,0.41,0.0,0.030958
2020-04-02 11:00:00,33381.0,836.01,49.66,10.43,0.62,0.0,0.033381
2020-04-02 12:00:00,33695.5,847.01,49.07,11.4,0.69,0.0,0.0336955
2020-04-02 13:00:00,30101.0,750.01,44.53,12.15,0.83,0.0,0.030101
2020-04-02 14:00:00,25567.0,632.01,37.13,12.58,0.97,0.0,0.025567
2020-04-02 15:00:00,18890.0,471.01,27.96,12.86,1.17,0.0,0.01889
2020-04-02 16:00:00,10273.5,278.0,17.84,12.68,1.17,0.0,0.0102735
2020-04-02 17:00:00,2278.5,94.0,7.3,12.13,0.97,0.0,0.0022785
2020-04-02 18:00:00,0.0,0.0,0.0,10.51,1.31,0.0,0.0
2020-04-02 19:00:00,0.0,0.0,0.0,11.09,0.48,0.0,0.0
2020-04-02 20:00:00,0.0,0.0,0.0,9.81,0.76,0.0,0.0
2020-04-02 21:00:00,0.0,0.0,0.0,8.75,0.69,0.0,0.0
2020-04-02 22:00:00,0.0,0.0,0.0,7.77,0.41,0.0,0.0
2020-04-02 23:00:00,0.0,0.0,0.0,6.79,0.41,0.0,0.0
2020-04-03 00:00:00,0.0,0.0,0.0,5.87,0.48,0.0,0.0
2020-04-03 01:00:00,0.0,0.0,0.0,5.04,0.48,0.0,0.0
2020-04-03 02:00:00,0.0,0.0,0.0,4.16,0.41,0.0,0.0
2020-04-03 03:00:00,0.0,0.0,0.0,3.56,0.28,0.0,0.0
2020-04-03 04:00:00,0.0,0.0,0.0,3.13,0.21,0.0,0.0
2020-04-03 05:00:00,0.0,0.0,0.0,2.67,0.28,0.0,0.0
2020-04-03 06:00:00,4574.5,141.0,10.61,2.96,0.21,0.0,0.0045745
2020-04-03 07:00:00,13146.5,332.0,21.08,5.7,0.28,0.0,0.0131465
2020-04-03 08:00:00,20923.0,514.01,31.01,9.34,0.34,0.0,0.020923
2020-04-03 09:00:00,26812.0,663.01,39.8,11.34,0.62,0.0,0.026812
2020-04-03 10:00:00,30873.5,772.01,46.54,12.65,0.9,0.0,0.0308735
2020-04-03 11:00:00,32769.5,826.01,50.05,13.83,1.1,0.0,0.0327695
2020-04-03 12:00:00,33312.5,843.01,49.43,14.75,1.17,0.0,0.0333125
2020-04-03 13:00:00,29702.0,749.01,44.85,15.38,1.03,0.0,0.029702
2020-04-03 14:00:00,25050.0,628.01,37.4,15.79,1.03,0.0,0.02505
2020-04-03 15:00:00,18635.0,471.01,28.2,15.88,1.17,0.0,0.018635
2020-04-03 16:00:00,10267.5,281.0,18.06,15.6,1.17,0.0,0.0102675
2020-04-03 17:00:00,2348.5,93.0,7.51,14.72,0.9,0.0,0.0023485
2020-04-03 18:00:00,0.0,0.0,0.0,12.77,1.03,0.0,0.0
2020-04-03 19:00:00,0.0,0.0,0.0,12.61,0.76,0.0,0.0
2020-04-03 20:00:00,0.0,0.0,0.0,11.69,0.83,0.0,0.0
2020-04-03 21:00:00,0.0,0.0,0.0,10.72,1.03,0.0,0.0
2020-04-03 22:00:00,0.0,0.0,0.0,8.28,1.45,0.0,0.0
2020-04-03 23:00:00,0.0,0.0,0.0,7.69,1.31,0.0,0.0
2020-04-04 00:00:00,0.0,0.0,0.0,7.42,1.1,0.0,0.0
2020-04-04 01:00:00,0.0,0.0,0.0,6.99,1.03,0.0,0.0
2020-04-04 02:00:00,0.0,0.0,0.0,6.4,0.9,0.0,0.0
2020-04-04 03:00:00,0.0,0.0,0.0,5.9,0.62,0.0,0.0
2020-04-04 04:00:00,0.0,0.0,0.0,5.59,0.21,0.0,0.0
2020-04-04 05:00:00,0.0,0.0,0.0,5.16,0.21,0.0,0.0
2020-04-04 06:00:00,4817.5,149.0,10.93,4.97,0.34,0.0,0.0048175
2020-04-04 07:00:00,13494.0,342.0,21.41,7.06,0.34,0.0,0.013494
2020-04-04 08:00:00,21060.0,520.01,31.36,11.04,0.55,0.0,0.02106
2020-04-04 09:00:00,26866.0,669.01,40.17,13.16,0.76,0.0,0.026866
2020-04-04 10:00:00,31217.0,786.01,46.93,14.56,1.1,0.0,0.031217
2020-04-04 11:00:00,33027.0,837.01,50.44,15.67,1.38,0.0,0.033027
2020-04-04 12:00:00,32671.5,831.01,49.79,16.61,1.38,0.0,0.0326715
2020-04-04 13:00:00,29956.5,758.01,45.17,17.25,1.45,0.0,0.0299565
2020-04-04 14:00:00,25330.0,637.01,37.67,17.62,1.52,0.0,0.02533
2020-04-04 15:00:00,18778.5,476.01,28.44,17.63,1.72,0.0,0.0187785
2020-04-04 16:00:00,10371.0,284.0,18.28,17.26,1.86,0.0,0.010371
2020-04-04 17:00:00,2443.0,96.0,7.73,16.21,1.24,0.0,0.002443
2020-04-04 18:00:00,0.0,0.0,0.0,13.98,1.24,0.0,0.0
2020-04-04 19:00:00,0.0,0.0,0.0,12.42,1.45,0.0,0.0
2020-04-04 20:00:00,0.0,0.0,0.0,11.6,1.31,0.0,0.0
2020-04-04 21:00:00,0.0,0.0,0.0,11.45,1.17,0.0,0.0
2020-04-04 22:00:00,0.0,0.0,0.0,11.15,1.1,0.0,0.0
2020-04-04 23:00:00,0.0,0.0,0.0,10.19,1.1,0.0,0.0
2020-04-05 00:00:00,0.0,0.0,0.0,8.61,1.24,0.0,0.0
2020-04-05 01:00:00,0.0,0.0,0.0,7.13,1.45,0.0,0.0
2020-04-05 02:00:00,0.0,0.0,0.0,6.66,1.31,0.0,0.0
2020-04-05 03:00:00,0.0,0.0,0.0,7.05,1.1,0.0,0.0
2020-04-05 04:00:00,0.0,0.0,0.0,7.11,0.83,0.0,0.0
2020-04-05 05:00:00,0.0,0.0,0.0,6.96,0.69,0.0,0.0
2020-04-05 06:00:00,4966.0,153.0,11.25,6.98,0.48,0.0,0.004966
2020-04-05 07:00:00,13294.0,338.0,21.74,8.59,0.28,0.0,0.013294
2020-04-05 08:00:00,17357.5,429.0,31.7,12.27,0.76,0.0,0.0173575
2020-04-05 09:00:00,27156.5,674.01,40.53,14.07,1.31,0.0,0.0271565
2020-04-05 10:00:00,31377.0,787.01,47.31,15.48,1.66,0.0,0.031377
2020-04-05 11:00:00,32959.0,832.01,50.83,16.43,1.86,0.0,0.032959
2020-04-05 12:00:00,32834.0,831.01,50.15,17.08,1.86,0.0,0.032834
2020-04-05 13:00:00,29977.5,754.01,45.48,17.57,2.0,0.0,0.0299775
2020-04-05 14:00:00,25507.0,637.01,37.94,17.76,2.21,0.0,0.025507
2020-04-05 15:00:00,18831.5,475.01,28.67,17.68,2.28,0.0,0.0188315
2020-04-05 16:00:00,10501.0,286.0,18.5,17.24,2.21,0.0,0.010501
2020-04-05 17:00:00,2580.5,100.0,7.94,16.33,1.59,0.0,0.0025805
2020-04-05 18:00:00,0.0,0.0,0.0,14.53,1.45,0.0,0.0
2020-04-05 19:00:00,0.0,0.0,0.0,13.67,0.9,0.0,0.0
2020-04-05 20:00:00,0.0,0.0,0.0,12.83,1.1,0.0,0.0
2020-04-05 21:00:00,0.0,0.0,0.0,10.45,1.45,0.0,0.0
2020-04-05 22:00:00,0.0,0.0,0.0,9.29,1.52,0.0,0.0
2020-04-05 23:00:00,0.0,0.0,0.0,9.21,1.38,0.0,0.0
2020-04-06 00:00:00,0.0,0.0,0.0,9.28,1.24,0.0,0.0
2020-04-06 01:00:00,0.0,0.0,0.0,8.02,1.31,0.0,0.0
2020-04-06 02:00:00,0.0,0.0,0.0,6.61,1.38,0.0,0.0
2020-04-06 03:00:00,0.0,0.0,0.0,5.3,1.45,0.0,0.0
2020-04-06 04:00:00,0.0,0.0,0.0,4.48,1.45,0.0,0.0
2020-04-06 05:00:00,0.0,0.0,0.0,4.2,1.38,0.0,0.0
2020-04-06 06:00:00,5328.5,163.0,11.58,5.58,1.03,0.0,0.0053285
2020-04-06 07:00:00,13953.0,354.0,22.06,9.22,0.83,0.0,0.013953
2020-04-06 08:00:00,21452.0,531.01,32.04,12.78,0.97,0.0,0.021452
2020-04-06 09:00:00,27133.5,680.01,40.89,15.24,1.03,0.0,0.0271335
2020-04-06 10:00:00,30859.0,784.01,47.69,16.85,1.24,0.0,0.030859
2020-04-06 11:00:00,32386.5,829.01,51.21,17.77,1.38,0.0,0.0323865
2020-04-06 12:00:00,31592.0,810.01,50.51,18.46,1.38,0.0,0.031592
2020-04-06 13:00:00,29591.5,755.01,45.79,18.95,1.45,0.0,0.0295915
2020-04-06 14:00:00,25144.0,638.01,38.2,19.17,1.38,0.0,0.025144
2020-04-06 15:00:00,18611.5,476.01,28.91,19.08,1.31,0.0,0.0186115
2020-04-06 16:00:00,10574.0,291.0,18.71,18.79,1.24,0.0,0.010574
2020-04-06 17:00:00,2679.0,105.0,8.15,17.66,0.76,0.0,0.002679
2020-04-06 18:00:00,0.0,0.0,0.0,17.25,0.55,0.0,0.0
2020-04-06 19:00:00,0.0,0.0,0.0,15.78,0.97,0.0,0.0
2020-04-06 20:00:00,0.0,0.0,0.0,12.7,1.45,0.0,0.0
2020-04-06 21:00:00,0.0,0.0,0.0,10.1,1.79,0.0,0.0
2020-04-06 22:00:00,0.0,0.0,0.0,8.73,1.72,0.0,0.0
2020-04-06 23:00:00,0.0,0.0,0.0,7.76,1.66,0.0,0.0
2020-04-07 00:00:00,0.0,0.0,0.0,7.2,1.59,0.0,0.0
2020-04-07 01:00:00,0.0,0.0,0.0,6.65,1.59,0.0,0.0
2020-04-07 02:00:00,0.0,0.0,0.0,6.24,1.52,0.0,0.0
2020-04-07 03:00:00,0.0,0.0,0.0,5.98,1.52,0.0,0.0
2020-04-07 04:00:00,0.0,0.0,0.0,5.69,1.45,0.0,0.0
2020-04-07 05:00:00,0.0,0.0,0.0,5.34,1.52,0.0,0.0
2020-04-07 06:00:00,5723.0,175.0,11.89,6.34,1.31,0.0,0.005723
2020-04-07 07:00:00,14639.5,373.0,22.39,10.71,1.1,0.0,0.0146395
2020-04-07 08:00:00,21995.0,548.01,32.38,14.72,1.24,0.0,0.021995
2020-04-07 09:00:00,27721.5,700.01,41.25,17.29,1.31,0.0,0.0277215
2020-04-07 10:00:00,31055.0,805.01,48.07,18.75,0.76,0.0,0.031055
2020-04-07 11:00:00,32397.5,859.01,51.59,19.75,0.28,0.0,0.0323975
2020-04-07 12:00:00,32023.0,848.01,50.86,20.48,0.41,0.0,0.032023
2020-04-07 13:00:00,29739.0,778.01,46.1,21.02,0.69,0.0,0.029739
2020-04-07 14:00:00,25376.0,655.01,38.47,21.3,0.97,0.0,0.025376
2020-04-07 15:00:00,19120.5,495.01,29.14,21.28,1.17,0.0,0.0191205
2020-04-07 16:00:00,10919.0,303.0,18.93,20.87,1.31,0.0,0.010919
2020-04-07 17:00:00,2808.5,110.0,8.36,19.42,0.9,0.0,0.0028085
2020-04-07 18:00:00,0.0,0.0,0.0,17.38,0.97,0.0,0.0
2020-04-07 19:00:00,0.0,0.0,0.0,17.23,0.9,0.0,0.0
2020-04-07 20:00:00,0.0,0.0,0.0,16.0,0.97,0.0,0.0
2020-04-07 21:00:00,0.0,0.0,0.0,12.98,1.45,0.0,0.0
2020-04-07 22:00:00,0.0,0.0,0.0,10.64,1.86,0.0,0.0
2020-04-07 23:00:00,0.0,0.0,0.0,10.31,1.72,0.0,0.0
2020-04-08 00:00:00,0.0,0.0,0.0,10.94,1.45,0.0,0.0
2020-04-08 01:00:00,0.0,0.0,0.0,11.07,1.31,0.0,0.0
2020-04-08 02:00:00,0.0,0.0,0.0,10.54,1.17,0.0,0.0
2020-04-08 03:00:00,0.0,0.0,0.0,9.63,1.1,0.0,0.0
2020-04-08 04:00:00,0.0,0.0,0.0,8.98,0.9,0.0,0.0
2020-04-08 05:00:00,0.0,0.0,0.0,8.65,0.62,0.0,0.0
2020-04-08 06:00:00,5934.0,182.0,12.21,8.62,0.21,0.0,0.005934
2020-04-08 07:00:00,14796.0,377.0,22.71,10.74,0.69,0.0,0.014796
2020-04-08 08:00:00,22044.0,553.01,32.71,15.02,0.76,0.0,0.022044
2020-04-08 09:00:00,27503.5,704.01,41.6,17.28,0.48,0.0,0.0275035
2020-04-08 10:00:00,30902.0,805.01,48.44,18.53,0.48,0.0,0.030902
2020-04-08 11:00:00,32295.0,849.01,51.97,19.41,0.55,0.0,0.032295
2020-04-08 12:00:00,31864.0,838.01,51.22,20.1,0.62,0.0,0.031864
2020-04-08 13:00:00,29608.0,774.01,46.41,20.56,0.62,0.0,0.029608
2020-04-08 14:00:00,25302.5,655.01,38.73,20.78,0.62,0.0,0.0253025
2020-04-08 15:00:00,19033.5,494.01,29.37,20.73,0.62,0.0,0.0190335
2020-04-08 16:00:00,10930.5,302.0,19.14,20.38,0.76,0.0,0.0109305
2020-04-08 17:00:00,2998.5,115.0,8.58,19.01,0.76,0.0,0.0029985
2020-04-08 18:00:00,0.0,0.0,0.0,16.5,1.24,0.0,0.0
2020-04-08 19:00:00,0.0,0.0,0.0,17.31,0.62,0.0,0.0
2020-04-08 20:00:00,0.0,0.0,0.0,15.86,0.97,0.0,0.0
2020-04-08 21:00:00,0.0,0.0,0.0,14.83,0.97,0.0,0.0
2020-04-08 22:00:00,0.0,0.0,0.0,13.78,1.1,0.0,0.0
2020-04-08 23:00:00,0.0,0.0,0.0,12.75,0.9,0.0,0.0
2020-04-09 00:00:00,0.0,0.0,0.0,11.65,0.41,0.0,0.0
2020-04-09 01:00:00,0.0,0.0,0.0,10.59,0.14,0.0,0.0
2020-04-09 02:00:00,0.0,0.0,0.0,9.77,0.21,0.0,0.0
2020-04-09 03:00:00,0.0,0.0,0.0,9.2,0.21,0.0,0.0
2020-04-09 04:00:00,0.0,0.0,0.0,8.41,0.28,0.0,0.0
2020-04-09 05:00:00,0.0,0.0,0.0,7.2,0.41,0.0,0.0
2020-04-09 06:00:00,6133.5,185.0,12.52,7.03,0.28,0.0,0.0061335
2020-04-09 07:00:00,14837.5,378.0,23.03,10.96,0.55,0.0,0.0148375
2020-04-09 08:00:00,22041.5,553.01,33.04,15.0,0.69,0.0,0.0220415
2020-04-09 09:00:00,27558.0,702.01,41.95,17.38,0.76,0.0,0.027558
2020-04-09 10:00:00,30946.0,806.01,48.82,19.12,0.62,0.0,0.030946
2020-04-09 11:00:00,32148.5,850.01,52.35,20.29,0.48,0.0,0.0321485
2020-04-09 12:00:00,31738.0,843.01,51.57,21.15,0.41,0.0,0.031738
2020-04-09 13:00:00,29235.0,774.01,46.71,21.77,0.28,0.0,0.029235
2020-04-09 14:00:00,24791.0,652.01,38.99,22.13,0.07,0.0,0.024791
2020-04-09 15:00:00,18769.5,492.0,29.6,22.23,0.34,0.0,0.0187695
2020-04-09 16:00:00,10918.5,304.0,19.36,22.0,0.48,0.0,0.0109185
2020-04-09 17:00:00,3041.0,116.0,8.79,21.28,0.28,0.0,0.003041
2020-04-09 18:00:00,0.0,0.0,0.0,19.79,0.55,0.0,0.0
2020-04-09 19:00:00,0.0,0.0,0.0,18.62,0.62,0.0,0.0
2020-04-09 20:00:00,0.0,0.0,0.0,17.33,0.69,0.0,0.0
2020-04-09 21:00:00,0.0,0.0,0.0,15.99,0.83,0.0,0.0
2020-04-09 22:00:00,0.0,0.0,0.0,14.42,0.9,0.0,0.0
2020-04-09 23:00:00,0.0,0.0,0.0,12.73,0.69,0.0,0.0
2020-04-10 00:00:00,0.0,0.0,0.0,11.25,0.48,0.0,0.0
2020-04-10 01:00:00,0.0,0.0,0.0,10.0,0.48,0.0,0.0
2020-04-10 02:00:00,0.0,0.0,0.0,9.0,0.62,0.0,0.0
2020-04-10 03:00:00,0.0,0.0,0.0,8.38,0.69,0.0,0.0
2020-04-10 04:00:00,0.0,0.0,0.0,7.96,0.76,0.0,0.0
2020-04-10 05:00:00,49.0,8.0,2.26,7.69,0.69,0.0,4.9e-05
2020-04-10 06:00:00,6342.0,189.0,12.83,8.54,0.48,0.0,0.006342
2020-04-10 07:00:00,15227.0,389.0,23.34,12.11,0.62,0.0,0.015227
2020-04-10 08:00:00,22553.5,569.01,33.37,16.02,0.69,0.0,0.0225535
2020-04-10 09:00:00,28154.5,724.01,42.3,18.63,0.69,0.0,0.0281545
2020-04-10 10:00:00,31289.0,825.01,49.19,20.5,0.48,0.0,0.031289
2020-04-10 11:00:00,32325.5,869.01,52.73,21.73,0.21,0.0,0.0323255
2020-04-10 12:00:00,31892.0,858.01,51.92,22.55,0.28,0.0,0.031892
2020-04-10 13:00:00,29335.0,783.01,47.01,23.07,0.28,0.0,0.029335
2020-04-10 14:00:00,25302.5,668.01,39.25,23.34,0.28,0.0,0.0253025
2020-04-10 15:00:00,19122.0,505.0,29.83,23.31,0.21,0.0,0.019122
2020-04-10 16:00:00,11291.5,316.0,19.57,23.06,0.28,0.0,0.0112915
2020-04-10 17:00:00,3206.0,122.0,8.99,21.74,0.41,0.0,0.003206
2020-04-10 18:00:00,0.0,0.0,0.0,19.07,1.03,0.0,0.0
2020-04-10 19:00:00,0.0,0.0,0.0,16.46,1.72,0.0,0.0
2020-04-10 20:00:00,0.0,0.0,0.0,13.57,2.0,0.0,0.0
2020-04-10 21:00:00,0.0,0.0,0.0,12.09,1.86,0.0,0.0
2020-04-10 22:00:00,0.0,0.0,0.0,11.19,1.66,0.0,0.0
2020-04-10 23:00:00,0.0,0.0,0.0,10.09,1.66,0.0,0.0
2020-04-11 00:00:00,0.0,0.0,0.0,9.14,1.59,0.0,0.0
2020-04-11 01:00:00,0.0,0.0,0.0,8.57,1.45,0.0,0.0
2020-04-11 02:00:00,0.0,0.0,0.0,7.94,1.38,0.0,0.0
2020-04-11 03:00:00,0.0,0.0,0.0,7.28,1.45,0.0,0.0
2020-04-11 04:00:00,0.0,0.0,0.0,6.8,1.38,0.0,0.0
2020-04-11 05:00:00,98.0,10.0,2.57,6.66,1.31,0.0,9.8e-05
2020-04-11 06:00:00,6629.5,196.0,13.14,8.45,0.97,0.0,0.0066295
2020-04-11 07:00:00,15462.0,394.0,23.66,12.76,1.03,0.0,0.015462
2020-04-11 08:00:00,22675.5,570.01,33.7,16.77,1.24,0.0,0.0226755
2020-04-11 09:00:00,28101.5,717.01,42.65,19.7,1.52,0.0,0.0281015
2020-04-11 10:00:00,31411.0,816.01,49.56,21.68,1.59,0.0,0.031411
2020-04-11 11:00:00,32833.5,863.01,53.1,22.94,1.59,0.0,0.0328335
2020-04-11 12:00:00,32434.5,856.01,52.26,23.75,1.52,0.0,0.0324345
2020-04-11 13:00:00,29860.0,782.01,47.31,24.23,1.66,0.0,0.02986
2020-04-11 14:00:00,25766.0,668.01,39.5,24.4,1.86,0.0,0.025766
2020-04-11 15:00:00,19483.0,506.0,30.06,24.19,2.14,0.0,0.019483
2020-04-11 16:00:00,11389.0,314.0,19.78,23.49,2.48,0.0,0.011389
2020-04-11 17:00:00,3326.5,124.0,9.2,21.79,2.69,0.0,0.0033265
2020-04-11 18:00:00,0.0,0.0,0.0,19.06,3.03,0.0,0.0
2020-04-11 19:00:00,0.0,0.0,0.0,17.23,2.76,0.0,0.0
2020-04-11 20:00:00,0.0,0.0,0.0,15.26,2.34,0.0,0.0
2020-04-11 21:00:00,0.0,0.0,0.0,13.29,2.07,0.0,0.0
2020-04-11 22:00:00,0.0,0.0,0.0,11.21,2.0,0.0,0.0
2020-04-11 23:00:00,0.0,0.0,0.0,9.55,1.86,0.0,0.0
2020-04-12 00:00:00,0.0,0.0,0.0,8.58,1.72,0.0,0.0
2020-04-12 01:00:00,0.0,0.0,0.0,8.04,1.59,0.0,0.0
2020-04-12 02:00:00,0.0,0.0,0.0,7.87,1.38,0.0,0.0
2020-04-12 03:00:00,0.0,0.0,0.0,7.76,1.24,0.0,0.0
2020-04-12 04:00:00,0.0,0.0,0.0,7.71,1.1,0.0,0.0
2020-04-12 05:00:00,150.5,12.0,2.88,7.58,1.03,0.0,0.0001505
2020-04-12 06:00:00,6742.0,197.0,13.45,8.39,0.83,0.0,0.006742
2020-04-12 07:00:00,15506.0,393.0,23.97,11.73,0.83,0.0,0.015506
2020-04-12 08:00:00,22608.0,567.01,34.02,15.62,0.9,0.0,0.022608
2020-04-12 09:00:00,27769.0,711.01,43.0,18.27,0.76,0.0,0.027769
2020-04-12 10:00:00,31132.5,817.01,49.92,20.09,0.55,0.0,0.0311325
2020-04-12 11:00:00,30588.0,800.01,53.47,21.34,1.1,0.0,0.030588
2020-04-12 12:00:00,32739.0,853.01,52.61,22.23,1.79,0.0,0.032739
2020-04-12 13:00:00,28081.0,720.01,47.61,22.59,2.41,0.0,0.028081
2020-04-12 14:00:00,26247.0,665.01,39.76,22.3,3.03,0.0,0.026247
2020-04-12 15:00:00,10459.0,271.0,30.28,21.46,3.59,0.0,0.010459
2020-04-12 16:00:00,6731.5,182.0,19.99,20.14,3.86,0.0,0.0067315
2020-04-12 17:00:00,2153.5,71.0,9.41,18.5,3.31,0.0,0.0021535
2020-04-12 18:00:00,0.0,0.0,0.0,16.63,2.9,0.0,0.0
2020-04-12 19:00:00,0.0,0.0,0.0,15.4,2.55,0.0,0.0
2020-04-12 20:00:00,0.0,0.0,0.0,14.36,2.28,0.0,0.0
2020-04-12 21:00:00,0.0,0.0,0.0,13.61,2.0,0.0,0.0
2020-04-12 22:00:00,0.0,0.0,0.0,12.85,1.93,0.0,0.0
2020-04-12 23:00:00,0.0,0.0,0.0,12.18,1.79,0.0,0.0
2020-04-13 00:00:00,0.0,0.0,0.0,11.29,1.59,0.0,0.0
2020-04-13 01:00:00,0.0,0.0,0.0,10.67,1.24,0.0,0.0
2020-04-13 02:00:00,0.0,0.0,0.0,10.52,1.03,0.0,0.0
2020-04-13 03:00:00,0.0,0.0,0.0,10.59,0.9,0.0,0.0
2020-04-13 04:00:00,0.0,0.0,0.0,10.38,0.9,0.0,0.0
2020-04-13 05:00:00,147.5,12.0,3.19,10.26,0.83,0.0,0.0001475
2020-04-13 06:00:00,6817.5,200.0,13.75,10.67,0.55,0.0,0.0068175
2020-04-13 07:00:00,14876.0,379.0,24.27,13.37,0.69,0.0,0.014876
2020-04-13 08:00:00,17226.0,432.0,34.34,15.9,0.83,0.0,0.017226
2020-04-13 09:00:00,23856.0,605.01,43.34,17.68,0.83,0.0,0.023856
2020-04-13 10:00:00,26585.0,682.01,50.29,18.99,0.97,0.0,0.026585
2020-04-13 11:00:00,31290.5,813.01,53.84,20.09,1.17,0.0,0.0312905
2020-04-13 12:00:00,30647.0,793.01,52.95,20.77,1.52,0.0,0.030647
2020-04-13 13:00:00,20764.0,528.0,47.9,21.17,2.21,0.0,0.020764
2020-04-13 14:00:00,13118.0,335.0,40.01,20.93,3.1,0.0,0.013118
2020-04-13 15:00:00,14269.5,361.0,30.5,20.02,3.86,0.0,0.0142695
2020-04-13 16:00:00,5282.5,145.0,20.2,18.63,4.07,0.0,0.0052825
2020-04-13 17:00:00,1253.0,45.0,9.62,17.32,3.52,0.0,0.001253
2020-04-13 18:00:00,0.0,0.0,0.0,16.0,3.1,0.0,0.0
2020-04-13 19:00:00,0.0,0.0,0.0,14.73,3.1,0.0,0.0
2020-04-13 20:00:00,0.0,0.0,0.0,14.08,2.97,0.0,0.0
2020-04-13 21:00:00,0.0,0.0,0.0,13.53,3.03,0.0,0.0
2020-04-13 22:00:00,0.0,0.0,0.0,13.05,3.1,0.0,0.0
2020-04-13 23:00:00,0.0,0.0,0.0,12.59,2.76,0.0,0.0
2020-04-14 00:00:00,0.0,0.0,0.0,12.18,2.48,0.0,0.0
2020-04-14 01:00:00,0.0,0.0,0.0,11.93,2.34,0.0,0.0
2020-04-14 02:00:00,0.0,0.0,0.0,11.49,2.14,0.0,0.0
2020-04-14 03:00:00,0.0,0.0,0.0,11.0,1.93,0.0,0.0
2020-04-14 04:00:00,0.0,0.0,0.0,10.15,1.52,0.0,0.0
2020-04-14 05:00:00,269.0,16.81,3.49,9.43,1.1,0.0,0.000269
2020-04-14 06:00:00,7161.0,208.0,14.05,10.96,0.48,0.0,0.007161
2020-04-14 07:00:00,16026.0,408.0,24.58,12.9,0.55,0.0,0.016026
2020-04-14 08:00:00,23009.0,582.01,34.66,15.74,0.34,0.0,0.023009
2020-04-14 09:00:00,28028.0,727.01,43.67,18.16,0.14,0.0,0.028028
2020-04-14 10:00:00,31543.0,833.01,50.65,19.97,0.34,0.0,0.031543
2020-04-14 11:00:00,33176.5,876.01,54.21,21.33,0.97,0.0,0.0331765
2020-04-14 12:00:00,33007.0,868.01,53.29,22.34,1.38,0.0,0.033007
2020-04-14 13:00:00,30628.0,797.01,48.19,22.97,1.72,0.0,0.030628
2020-04-14 14:00:00,26072.0,671.01,40.26,23.28,2.0,0.0,0.026072
2020-04-14 15:00:00,19720.0,508.0,30.73,23.23,2.34,0.0,0.01972
2020-04-14 16:00:00,11862.5,323.0,20.41,22.79,2.9,0.0,0.0118625
2020-04-14 17:00:00,3702.0,133.0,9.82,21.61,3.38,0.0,0.003702
2020-04-14 18:00:00,0.0,0.0,0.0,18.46,4.55,0.0,0.0
2020-04-14 19:00:00,0.0,0.0,0.0,17.3,4.83,0.0,0.0
2020-04-14 20:00:00,0.0,0.0,0.0,14.73,4.69,0.0,0.0
2020-04-14 21:00:00,0.0,0.0,0.0,12.94,4.69,0.0,0.0
2020-04-14 22:00:00,0.0,0.0,0.0,11.97,4.55,0.0,0.0
2020-04-14 23:00:00,0.0,0.0,0.0,11.37,4.28,0.0,0.0
2020-04-15 00:00:00,0.0,0.0,0.0,10.94,4.0,0.0,0.0
2020-04-15 01:00:00,0.0,0.0,0.0,10.37,3.59,0.0,0.0
2020-04-15 02:00:00,0.0,0.0,0.0,9.88,3.17,0.0,0.0
2020-04-15 03:00:00,0.0,0.0,0.0,9.67,2.97,0.0,0.0
2020-04-15 04:00:00,0.0,0.0,0.0,9.27,2.69,0.0,0.0
2020-04-15 05:00:00,176.5,13.0,3.79,9.09,2.41,0.0,0.0001765
2020-04-15 06:00:00,3664.5,103.0,14.34,9.35,2.34,0.0,0.0036645
2020-04-15 07:00:00,8540.0,215.0,24.88,9.96,2.21,0.0,0.00854
2020-04-15 08:00:00,16084.5,391.0,34.97,11.14,2.21,0.0,0.0160845
2020-04-15 09:00:00,27256.0,665.01,44.01,12.29,2.07,0.0,0.027256
2020-04-15 10:00:00,32717.5,815.01,51.0,13.56,1.72,0.0,0.0327175
2020-04-15 11:00:00,34741.5,880.01,54.57,14.73,1.45,0.0,0.0347415
2020-04-15 12:00:00,34112.0,867.01,53.62,15.76,1.45,0.0,0.034112
2020-04-15 13:00:00,31441.5,797.01,48.48,16.63,1.38,0.0,0.0314415
2020-04-15 14:00:00,26781.0,674.01,40.51,17.23,1.38,0.0,0.026781
2020-04-15 15:00:00,20393.5,514.0,30.95,17.53,1.59,0.0,0.0203935
2020-04-15 16:00:00,12350.5,329.0,20.61,17.37,1.79,0.0,0.0123505
2020-04-15 17:00:00,3963.0,139.0,10.03,16.76,2.0,0.0,0.003963
2020-04-15 18:00:00,0.0,0.0,0.0,15.48,1.66,0.0,0.0
2020-04-15 19:00:00,0.0,0.0,0.0,13.21,1.38,0.0,0.0
2020-04-15 20:00:00,0.0,0.0,0.0,11.94,1.31,0.0,0.0
2020-04-15 21:00:00,0.0,0.0,0.0,11.32,1.17,0.0,0.0
2020-04-15 22:00:00,0.0,0.0,0.0,11.54,1.03,0.0,0.0
2020-04-15 23:00:00,0.0,0.0,0.0,11.38,0.9,0.0,0.0
2020-04-16 00:00:00,0.0,0.0,0.0,10.92,0.69,0.0,0.0
2020-04-16 01:00:00,0.0,0.0,0.0,10.32,0.76,0.0,0.0
2020-04-16 02:00:00,0.0,0.0,0.0,9.88,0.69,0.0,0.0
2020-04-16 03:00:00,0.0,0.0,0.0,9.85,0.55,0.0,0.0
2020-04-16 04:00:00,0.0,0.0,0.0,9.47,0.76,0.0,0.0
2020-04-16 05:00:00,435.5,22.57,4.09,9.14,0.62,0.0,0.0004355
2020-04-16 06:00:00,7326.0,207.0,14.64,9.34,0.21,0.0,0.007326
2020-04-16 07:00:00,13437.0,335.0,25.18,10.51,0.76,0.0,0.013437
2020-04-16 08:00:00,18861.0,466.0,35.28,12.79,0.76,0.0,0.018861
2020-04-16 09:00:00,26929.5,680.01,44.34,14.53,0.41,0.0,0.0269295
2020-04-16 10:00:00,24552.0,627.0,51.36,16.13,0.21,0.0,0.024552
2020-04-16 11:00:00,25790.0,666.0,54.93,17.49,0.21,0.0,0.02579
2020-04-16 12:00:00,27686.5,721.01,53.96,18.63,0.28,0.0,0.0276865
2020-04-16 13:00:00,20503.0,527.0,48.77,19.38,0.41,0.0,0.020503
2020-04-16 14:00:00,23036.5,590.0,40.75,19.96,0.83,0.0,0.0230365
2020-04-16 15:00:00,19989.5,512.0,31.16,20.4,1.31,0.0,0.0199895
2020-04-16 16:00:00,12046.0,324.0,20.82,20.29,1.79,0.0,0.012046
2020-04-16 17:00:00,3969.5,138.0,10.23,19.44,2.07,0.0,0.0039695
2020-04-16 18:00:00,0.0,0.0,0.0,17.59,2.21,0.0,0.0
2020-04-16 19:00:00,0.0,0.0,0.0,15.32,2.34,0.0,0.0
2020-04-16 20:00:00,0.0,0.0,0.0,13.6,2.34,0.0,0.0
2020-04-16 21:00:00,0.0,0.0,0.0,12.27,2.21,0.0,0.0
2020-04-16 22:00:00,0.0,0.0,0.0,11.23,2.07,0.0,0.0
2020-04-16 23:00:00,0.0,0.0,0.0,10.4,2.0,0.0,0.0
2020-04-17 00:00:00,0.0,0.0,0.0,9.58,1.86,0.0,0.0
2020-04-17 01:00:00,0.0,0.0,0.0,8.62,1.66,0.0,0.0
2020-04-17 02:00:00,0.0,0.0,0.0,7.7,1.66,0.0,0.0
2020-04-17 03:00:00,0.0,0.0,0.0,7.22,1.66,0.0,0.0
2020-04-17 04:00:00,0.0,0.0,0.0,7.01,1.59,0.0,0.0
2020-04-17 05:00:00,338.0,18.83,4.38,7.42,1.31,0.0,0.000338
2020-04-17 06:00:00,6919.5,191.0,14.93,9.03,0.97,0.0,0.0069195
2020-04-17 07:00:00,16517.5,416.0,25.47,12.32,0.9,0.0,0.0165175
2020-04-17 08:00:00,20731.0,515.0,35.59,14.9,1.17,0.0,0.020731
2020-04-17 09:00:00,26251.5,663.01,44.67,16.88,1.03,0.0,0.0262515
2020-04-17 10:00:00,28675.5,736.01,51.71,18.34,0.97,0.0,0.0286755
2020-04-17 11:00:00,23595.5,605.0,55.29,19.68,1.1,0.0,0.0235955
2020-04-17 12:00:00,25261.5,651.0,54.29,20.9,1.31,0.0,0.0252615
2020-04-17 13:00:00,19262.0,493.0,49.05,21.69,1.79,0.0,0.019262
2020-04-17 14:00:00,14954.0,383.0,40.99,22.06,2.41,0.0,0.014954
2020-04-17 15:00:00,7821.5,208.0,31.38,21.68,2.76,0.0,0.0078215
2020-04-17 16:00:00,4084.0,117.0,21.02,20.83,3.1,0.0,0.004084
2020-04-17 17:00:00,1416.5,50.0,10.43,19.36,2.9,0.0,0.0014165
2020-04-17 18:00:00,0.0,0.0,0.0,17.49,2.55,0.0,0.0
2020-04-17 19:00:00,0.0,0.0,0.0,15.52,2.14,0.0,0.0
2020-04-17 20:00:00,0.0,0.0,0.0,14.26,2.07,0.0,0.0
2020-04-17 21:00:00,0.0,0.0,0.0,13.07,1.72,0.0,0.0
2020-04-17 22:00:00,0.0,0.0,0.0,12.12,1.52,0.0,0.0
2020-04-17 23:00:00,0.0,0.0,0.0,11.11,1.59,0.0,0.0
2020-04-18 00:00:00,0.0,0.0,0.0,10.41,1.66,0.0,0.0
2020-04-18 01:00:00,0.0,0.0,0.0,10.09,1.59,0.0,0.0
2020-04-18 02:00:00,0.0,0.0,0.0,9.72,1.66,0.0,0.0
2020-04-18 03:00:00,0.0,0.0,0.0,9.59,1.66,0.0,0.0
2020-04-18 04:00:00,0.0,0.0,0.0,9.28,1.38,0.0,0.0
2020-04-18 05:00:00,294.0,17.0,4.67,10.02,0.9,0.0,0.000294
2020-04-18 06:00:00,5168.5,142.0,15.21,10.8,0.76,0.0,0.0051685
2020-04-18 07:00:00,8538.0,219.0,25.76,13.0,0.62,0.0,0.008538
2020-04-18 08:00:00,17167.0,430.0,35.89,15.23,0.55,0.0,0.017167
2020-04-18 09:00:00,25000.0,636.01,44.99,17.0,0.48,0.0,0.025
2020-04-18 10:00:00,26910.0,692.01,52.05,18.69,0.76,0.0,0.02691
2020-04-18 11:00:00,25888.0,670.0,55.64,20.34,0.9,0.0,0.025888
2020-04-18 12:00:00,28032.5,728.01,54.62,21.69,1.31,0.0,0.0280325
2020-04-18 13:00:00,19422.0,499.0,49.34,22.38,1.72,0.0,0.019422
2020-04-18 14:00:00,13826.0,356.0,41.24,22.58,2.41,0.0,0.013826
2020-04-18 15:00:00,13574.5,348.0,31.59,21.96,3.03,0.0,0.0135745
2020-04-18 16:00:00,11650.0,311.0,21.22,21.1,3.31,0.0,0.01165
2020-04-18 17:00:00,4021.0,135.0,10.63,19.73,3.1,0.0,0.004021
2020-04-18 18:00:00,0.0,0.0,0.0,17.93,2.9,0.0,0.0
2020-04-18 19:00:00,0.0,0.0,0.0,16.04,2.62,0.0,0.0
2020-04-18 20:00:00,0.0,0.0,0.0,14.88,2.55,0.0,0.0
2020-04-18 21:00:00,0.0,0.0,0.0,14.02,2.0,0.0,0.0
2020-04-18 22:00:00,0.0,0.0,0.0,13.17,1.66,0.0,0.0
2020-04-18 23:00:00,0.0,0.0,0.0,12.31,1.66,0.0,0.0
2020-04-19 00:00:00,0.0,0.0,0.0,11.8,1.72,0.0,0.0
2020-04-19 01:00:00,0.0,0.0,0.0,11.14,1.45,0.0,0.0
2020-04-19 02:00:00,0.0,0.0,0.0,11.12,1.17,0.0,0.0
2020-04-19 03:00:00,0.0,0.0,0.0,10.88,1.17,0.0,0.0
2020-04-19 04:00:00,0.0,0.0,0.0,10.49,1.24,0.0,0.0
2020-04-19 05:00:00,431.0,21.82,4.96,10.0,1.38,0.0,0.000431
2020-04-19 06:00:00,5278.5,145.0,15.5,11.47,0.97,0.0,0.0052785
2020-04-19 07:00:00,14996.0,379.0,26.05,14.19,0.97,0.0,0.014996
2020-04-19 08:00:00,14939.5,376.0,36.19,16.15,0.76,0.0,0.0149395
2020-04-19 09:00:00,13900.0,355.0,45.31,17.91,0.41,0.0,0.0139
2020-04-19 10:00:00,14856.5,382.0,52.4,19.36,0.41,0.0,0.0148565
2020-04-19 11:00:00,8700.0,230.0,55.99,20.42,0.55,0.0,0.0087
2020-04-19 12:00:00,13768.0,357.0,54.94,21.1,0.62,0.0,0.013768
2020-04-19 13:00:00,5436.5,151.0,49.61,21.67,0.83,0.0,0.0054365
2020-04-19 14:00:00,4910.5,138.0,41.47,21.72,1.24,0.0,0.0049105
2020-04-19 15:00:00,2537.0,79.0,31.81,21.18,1.93,0.0,0.002537
2020-04-19 16:00:00,1611.0,55.0,21.43,20.16,2.48,0.0,0.001611
2020-04-19 17:00:00,912.5,36.0,10.83,18.78,2.55,0.0,0.0009125
2020-04-19 18:00:00,0.0,0.0,0.0,17.54,2.28,0.0,0.0
2020-04-19 19:00:00,0.0,0.0,0.0,15.82,1.45,0.0,0.0
2020-04-19 20:00:00,0.0,0.0,0.0,15.35,1.31,0.0,0.0
2020-04-19 21:00:00,0.0,0.0,0.0,14.53,1.24,0.0,0.0
2020-04-19 22:00:00,0.0,0.0,0.0,14.37,1.17,0.0,0.0
2020-04-19 23:00:00,0.0,0.0,0.0,14.13,0.97,0.0,0.0
2020-04-20 00:00:00,0.0,0.0,0.0,14.27,0.76,0.0,0.0
2020-04-20 01:00:00,0.0,0.0,0.0,14.45,0.48,0.0,0.0
2020-04-20 02:00:00,0.0,0.0,0.0,14.72,0.21,0.0,0.0
2020-04-20 03:00:00,0.0,0.0,0.0,14.19,0.55,0.0,0.0
2020-04-20 04:00:00,0.0,0.0,0.0,13.8,1.17,0.0,0.0
2020-04-20 05:00:00,0.0,5.0,5.24,13.71,1.93,0.0,0.0
2020-04-20 06:00:00,757.0,31.0,15.77,13.48,2.48,0.0,0.000757
2020-04-20 07:00:00,2388.0,73.0,26.33,13.81,2.21,0.0,0.002388
2020-04-20 08:00:00,3259.0,94.0,36.48,13.91,3.24,0.0,0.003259
2020-04-20 09:00:00,2639.5,79.0,45.62,13.66,3.45,0.0,0.0026395
2020-04-20 10:00:00,5526.0,147.0,52.74,13.48,3.79,0.0,0.005526
2020-04-20 11:00:00,5318.0,142.0,56.34,13.27,4.0,0.0,0.005318
2020-04-20 12:00:00,4632.5,126.0,55.26,13.19,3.93,0.0,0.0046325
2020-04-20 13:00:00,3021.5,88.0,49.89,13.19,4.0,0.0,0.0030215
2020-04-20 14:00:00,2401.0,73.0,41.71,13.07,4.0,0.0,0.002401
2020-04-20 15:00:00,2566.0,77.0,32.02,13.06,3.93,0.0,0.002566
2020-04-20 16:00:00,1954.0,62.0,21.63,12.95,4.14,0.0,0.001954
2020-04-20 17:00:00,549.5,25.0,11.03,12.9,4.07,0.0,0.0005495
2020-04-20 18:00:00,0.0,0.0,0.0,12.73,4.07,0.0,0.0
2020-04-20 19:00:00,0.0,0.0,0.0,12.3,4.41,0.0,0.0
2020-04-20 20:00:00,0.0,0.0,0.0,12.13,4.41,0.0,0.0
2020-04-20 21:00:00,0.0,0.0,0.0,11.89,4.34,0.0,0.0
2020-04-20 22:00:00,0.0,0.0,0.0,11.67,4.21,0.0,0.0
2020-04-20 23:00:00,0.0,0.0,0.0,11.45,4.21,0.0,0.0
2020-04-21 00:00:00,0.0,0.0,0.0,11.28,4.14,0.0,0.0
2020-04-21 01:00:00,0.0,0.0,0.0,11.02,4.07,0.0,0.0
2020-04-21 02:00:00,0.0,0.0,0.0,10.77,4.14,0.0,0.0
2020-04-21 03:00:00,0.0,0.0,0.0,10.5,4.07,0.0,0.0
2020-04-21 04:00:00,0.0,0.0,0.0,10.29,4.07,0.0,0.0
2020-04-21 05:00:00,6.5,6.0,5.52,10.11,4.0,0.0,6.5e-06
2020-04-21 06:00:00,994.0,37.0,16.05,10.03,3.79,0.0,0.000994
2020-04-21 07:00:00,2305.5,70.0,26.61,10.55,3.38,0.0,0.0023055
2020-04-21 08:00:00,2802.0,82.0,36.77,10.8,3.1,0.0,0.002802
2020-04-21 09:00:00,4629.0,125.0,45.93,11.18,3.03,0.0,0.004629
2020-04-21 10:00:00,4282.0,117.0,53.07,11.31,3.03,0.0,0.004282
2020-04-21 11:00:00,3638.0,102.0,56.69,11.5,3.31,0.0,0.003638
2020-04-21 12:00:00,3214.0,92.0,55.58,11.52,3.45,0.0,0.003214
2020-04-21 13:00:00,3214.5,92.0,50.16,11.48,3.45,0.0,0.0032145
2020-04-21 14:00:00,4193.5,115.0,41.94,11.53,3.38,0.0,0.0041935
2020-04-21 15:00:00,2377.0,72.0,32.23,11.44,2.97,0.0,0.002377
2020-04-21 16:00:00,2170.5,67.0,21.82,11.45,2.69,0.0,0.0021705
2020-04-21 17:00:00,2295.0,71.0,11.23,11.32,2.62,0.0,0.002295
2020-04-21 18:00:00,0.0,0.0,0.0,11.04,2.41,0.0,0.0
2020-04-21 19:00:00,0.0,0.0,0.0,10.26,3.03,0.0,0.0
2020-04-21 20:00:00,0.0,0.0,0.0,10.2,2.97,0.0,0.0
2020-04-21 21:00:00,0.0,0.0,0.0,10.17,2.76,0.0,0.0
2020-04-21 22:00:00,0.0,0.0,0.0,10.22,2.55,0.0,0.0
2020-04-21 23:00:00,0.0,0.0,0.0,10.21,2.41,0.0,0.0
2020-04-22 00:00:00,0.0,0.0,0.0,10.25,2.21,0.0,0.0
2020-04-22 01:00:00,0.0,0.0,0.0,10.63,2.07,0.0,0.0
2020-04-22 02:00:00,0.0,0.0,0.0,10.64,1.86,0.0,0.0
2020-04-22 03:00:00,0.0,0.0,0.0,10.57,1.66,0.0,0.0
2020-04-22 04:00:00,0.0,0.0,0.0,10.57,1.66,0.0,0.0
2020-04-22 05:00:00,233.0,15.0,5.79,10.32,1.79,0.0,0.000233
2020-04-22 06:00:00,7351.5,198.0,16.32,10.82,1.79,0.0,0.0073515
2020-04-22 07:00:00,15592.5,388.0,26.88,12.85,1.66,0.0,0.0155925
2020-04-22 08:00:00,24560.0,604.0,37.06,14.95,2.28,0.0,0.02456
2020-04-22 09:00:00,30699.5,759.01,46.24,16.38,2.97,0.0,0.0306995
2020-04-22 10:00:00,34508.0,862.01,53.4,17.15,3.1,0.0,0.034508
2020-04-22 11:00:00,34963.5,878.01,57.03,18.04,3.31,0.0,0.0349635
2020-04-22 12:00:00,35272.5,888.01,55.9,18.96,3.45,0.0,0.0352725
2020-04-22 13:00:00,32638.5,821.01,50.43,19.63,3.24,0.0,0.0326385
2020-04-22 14:00:00,27488.0,688.01,42.18,20.0,3.17,0.0,0.027488
2020-04-22 15:00:00,21092.0,530.0,32.44,19.88,3.03,0.0,0.021092
2020-04-22 16:00:00,13022.5,344.0,22.02,19.6,2.62,0.0,0.0130225
2020-04-22 17:00:00,4746.5,156.0,11.43,18.78,1.59,0.0,0.0047465
2020-04-22 18:00:00,0.0,0.0,0.0,16.95,1.03,0.0,0.0
2020-04-22 19:00:00,0.0,0.0,0.0,16.84,0.76,0.0,0.0
2020-04-22 20:00:00,0.0,0.0,0.0,16.19,0.48,0.0,0.0
2020-04-22 21:00:00,0.0,0.0,0.0,15.59,0.21,0.0,0.0
2020-04-22 22:00:00,0.0,0.0,0.0,15.03,0.55,0.0,0.0
2020-04-22 23:00:00,0.0,0.0,0.0,14.36,0.83,0.0,0.0
2020-04-23 00:00:00,0.0,0.0,0.0,13.51,0.97,0.0,0.0
2020-04-23 01:00:00,0.0,0.0,0.0,11.63,1.17,0.0,0.0
2020-04-23 02:00:00,0.0,0.0,0.0,10.05,1.1,0.0,0.0
2020-04-23 03:00:00,0.0,0.0,0.0,8.91,1.1,0.0,0.0
2020-04-23 04:00:00,0.0,0.0,0.0,8.04,1.1,0.0,0.0
2020-04-23 05:00:00,1594.0,69.0,6.06,8.09,1.03,0.0,0.001594
2020-04-23 06:00:00,9212.0,253.0,16.59,10.04,0.62,0.0,0.009212
2020-04-23 07:00:00,17685.5,445.0,27.15,12.69,0.41,0.0,0.0176855
2020-04-23 08:00:00,24625.0,623.01,37.34,15.51,0.28,0.0,0.024625
2020-04-23 09:00:00,29960.5,769.01,46.54,17.5,0.69,0.0,0.0299605
2020-04-23 10:00:00,33772.5,873.01,53.73,18.73,1.31,0.0,0.0337725
2020-04-23 11:00:00,35107.0,918.01,57.37,19.58,1.24,0.0,0.035107
2020-04-23 12:00:00,34254.0,899.01,56.21,20.25,1.1,0.0,0.034254
2020-04-23 13:00:00,31775.0,827.01,50.7,20.72,1.17,0.0,0.031775
2020-04-23 14:00:00,27373.5,704.01,42.4,20.97,1.24,0.0,0.0273735
2020-04-23 15:00:00,21186.5,543.0,32.64,20.94,1.31,0.0,0.0211865
2020-04-23 16:00:00,13266.5,354.0,22.22,20.62,1.52,0.0,0.0132665
2020-04-23 17:00:00,4924.0,163.0,11.63,19.86,1.38,0.0,0.004924
2020-04-23 18:00:00,0.0,0.0,0.0,18.22,1.59,0.0,0.0
2020-04-23 19:00:00,0.0,0.0,0.0,16.0,1.59,0.0,0.0
2020-04-23 20:00:00,0.0,0.0,0.0,14.52,1.38,0.0,0.0
2020-04-23 21:00:00,0.0,0.0,0.0,15.77,0.76,0.0,0.0
2020-04-23 22:00:00,0.0,0.0,0.0,15.29,0.41,0.0,0.0
2020-04-23 23:00:00,0.0,0.0,0.0,14.19,0.76,0.0,0.0
2020-04-24 00:00:00,0.0,0.0,0.0,13.24,0.76,0.0,0.0
2020-04-24 01:00:00,0.0,0.0,0.0,12.47,0.62,0.0,0.0
2020-04-24 02:00:00,0.0,0.0,0.0,12.05,0.48,0.0,0.0
2020-04-24 03:00:00,0.0,0.0,0.0,11.23,0.41,0.0,0.0
2020-04-24 04:00:00,0.0,0.0,0.0,10.38,0.48,0.0,0.0
2020-04-24 05:00:00,1703.0,72.0,6.33,9.67,0.55,0.0,0.001703
2020-04-24 06:00:00,9198.5,252.0,16.85,11.07,0.41,0.0,0.0091985
2020-04-24 07:00:00,17661.5,444.0,27.42,14.2,1.1,0.0,0.0176615
2020-04-24 08:00:00,24679.5,620.0,37.62,16.82,1.17,0.0,0.0246795
2020-04-24 09:00:00,29725.0,764.01,46.84,18.58,0.9,0.0,0.029725
2020-04-24 10:00:00,32989.0,867.01,54.06,19.96,0.76,0.0,0.032989
2020-04-24 11:00:00,34374.5,911.01,57.7,21.23,0.97,0.0,0.0343745
2020-04-24 12:00:00,33884.0,896.01,56.52,22.31,1.24,0.0,0.033884
2020-04-24 13:00:00,31625.0,825.01,50.97,23.0,1.72,0.0,0.031625
2020-04-24 14:00:00,27162.5,699.01,42.63,23.47,2.14,0.0,0.0271625
2020-04-24 15:00:00,20727.5,532.0,32.85,23.41,2.41,0.0,0.0207275
2020-04-24 16:00:00,13032.5,348.0,22.41,22.73,2.69,0.0,0.0130325
2020-04-24 17:00:00,4997.5,164.0,11.82,21.4,2.62,0.0,0.0049975
2020-04-24 18:00:00,0.0,0.0,0.0,19.45,2.62,0.0,0.0
2020-04-24 19:00:00,0.0,0.0,0.0,17.19,2.55,0.0,0.0
2020-04-24 20:00:00,0.0,0.0,0.0,15.76,2.48,0.0,0.0
2020-04-24 21:00:00,0.0,0.0,0.0,14.65,2.34,0.0,0.0
2020-04-24 22:00:00,0.0,0.0,0.0,13.69,2.34,0.0,0.0
2020-04-24 23:00:00,0.0,0.0,0.0,13.16,2.28,0.0,0.0
2020-04-25 00:00:00,0.0,0.0,0.0,12.72,2.07,0.0,0.0
2020-04-25 01:00:00,0.0,0.0,0.0,12.26,1.72,0.0,0.0
2020-04-25 02:00:00,0.0,0.0,0.0,11.61,1.59,0.0,0.0
2020-04-25 03:00:00,0.0,0.0,0.0,11.01,1.66,0.0,0.0
2020-04-25 04:00:00,0.0,0.0,0.0,10.75,1.79,0.0,0.0
2020-04-25 05:00:00,661.0,28.0,6.59,10.57,1.72,0.0,0.000661
2020-04-25 06:00:00,3637.5,103.0,17.11,12.53,1.45,0.0,0.0036375
2020-04-25 07:00:00,8004.5,207.0,27.68,15.1,1.86,0.0,0.0080045
2020-04-25 08:00:00,20287.5,503.0,37.89,16.9,2.41,0.0,0.0202875
2020-04-25 09:00:00,29835.0,747.01,47.14,18.38,2.62,0.0,0.029835
2020-04-25 10:00:00,33551.5,852.01,54.37,19.64,2.69,0.0,0.0335515
2020-04-25 11:00:00,35028.5,895.01,58.03,20.67,2.97,0.0,0.0350285
2020-04-25 12:00:00,34605.5,881.01,56.83,21.19,3.38,0.0,0.0346055
2020-04-25 13:00:00,32099.0,810.01,51.23,21.38,3.72,0.0,0.032099
2020-04-25 14:00:00,27315.0,686.01,42.86,21.43,3.52,0.0,0.027315
2020-04-25 15:00:00,20860.0,525.0,33.05,21.11,3.52,0.0,0.02086
2020-04-25 16:00:00,13199.5,347.0,22.6,20.43,3.59,0.0,0.0131995
2020-04-25 17:00:00,5151.5,167.0,12.02,19.18,3.1,0.0,0.0051515
2020-04-25 18:00:00,0.0,0.0,0.0,17.57,2.9,0.0,0.0
2020-04-25 19:00:00,0.0,0.0,0.0,15.77,3.38,0.0,0.0
2020-04-25 20:00:00,0.0,0.0,0.0,14.57,3.17,0.0,0.0
2020-04-25 21:00:00,0.0,0.0,0.0,13.96,3.1,0.0,0.0
2020-04-25 22:00:00,0.0,0.0,0.0,13.41,2.9,0.0,0.0
2020-04-25 23:00:00,0.0,0.0,0.0,12.9,2.69,0.0,0.0
2020-04-26 00:00:00,0.0,0.0,0.0,12.63,2.41,0.0,0.0
2020-04-26 01:00:00,0.0,0.0,0.0,12.27,2.21,0.0,0.0
2020-04-26 02:00:00,0.0,0.0,0.0,12.02,1.86,0.0,0.0
2020-04-26 03:00:00,0.0,0.0,0.0,11.57,1.45,0.0,0.0
2020-04-26 04:00:00,0.0,0.0,0.0,10.72,1.31,0.0,0.0
2020-04-26 05:00:00,1417.0,52.0,6.85,10.29,1.17,0.0,0.001417
2020-04-26 06:00:00,8173.0,220.0,17.36,12.0,0.97,0.0,0.008173
2020-04-26 07:00:00,14578.5,366.0,27.93,14.38,1.03,0.0,0.0145785
2020-04-26 08:00:00,9168.5,236.0,38.16,16.11,1.17,0.0,0.0091685
2020-04-26 09:00:00,19317.0,486.0,47.42,17.5,1.31,0.0,0.019317
2020-04-26 10:00:00,8607.5,225.0,54.69,18.64,1.45,0.0,0.0086075
2020-04-26 11:00:00,26958.0,687.0,58.36,19.71,1.93,0.0,0.026958
2020-04-26 12:00:00,27903.5,709.0,57.13,20.14,2.41,0.0,0.0279035
2020-04-26 13:00:00,28219.0,711.01,51.49,20.46,3.1,0.0,0.028219
2020-04-26 14:00:00,8639.0,226.0,43.08,20.39,3.66,0.0,0.008639
2020-04-26 15:00:00,16876.0,424.0,33.25,19.97,3.45,0.0,0.016876
2020-04-26 16:00:00,7905.5,209.0,22.79,19.12,3.03,0.0,0.0079055
2020-04-26 17:00:00,5002.0,158.0,12.21,18.28,2.34,0.0,0.005002
2020-04-26 18:00:00,0.0,0.0,0.0,17.29,2.14,0.0,0.0
2020-04-26 19:00:00,0.0,0.0,0.0,15.98,2.55,0.0,0.0
2020-04-26 20:00:00,0.0,0.0,0.0,14.92,2.28,0.0,0.0
2020-04-26 21:00:00,0.0,0.0,0.0,14.28,2.0,0.0,0.0
2020-04-26 22:00:00,0.0,0.0,0.0,14.0,1.79,0.0,0.0
2020-04-26 23:00:00,0.0,0.0,0.0,13.75,1.59,0.0,0.0
2020-04-27 00:00:00,0.0,0.0,0.0,13.53,1.66,0.0,0.0
2020-04-27 01:00:00,0.0,0.0,0.0,13.47,1.52,0.0,0.0
2020-04-27 02:00:00,0.0,0.0,0.0,13.42,1.31,0.0,0.0
2020-04-27 03:00:00,0.0,0.0,0.0,13.25,1.24,0.0,0.0
2020-04-27 04:00:00,0.0,0.0,0.0,13.17,1.24,0.0,0.0
2020-04-27 05:00:00,1094.0,41.0,7.11,13.17,1.1,0.0,0.001094
2020-04-27 06:00:00,5806.0,157.0,17.61,13.6,1.31,0.0,0.005806
2020-04-27 07:00:00,15824.0,397.0,28.19,14.71,1.17,0.0,0.015824
2020-04-27 08:00:00,17269.5,431.0,38.42,15.91,1.24,0.0,0.0172695
2020-04-27 09:00:00,21118.0,530.0,47.71,16.5,1.1,0.0,0.021118
2020-04-27 10:00:00,17669.0,445.0,55.0,16.99,1.24,0.0,0.017669
2020-04-27 11:00:00,16674.0,421.0,58.68,17.7,1.52,0.0,0.016674
2020-04-27 12:00:00,32841.5,837.01,57.43,18.26,1.93,0.0,0.0328415
2020-04-27 13:00:00,21738.0,546.0,51.74,18.99,2.48,0.0,0.021738
2020-04-27 14:00:00,23511.5,588.0,43.3,19.5,2.83,0.0,0.0235115
2020-04-27 15:00:00,19076.5,478.0,33.45,19.45,2.97,0.0,0.0190765
2020-04-27 16:00:00,11613.0,302.0,22.98,18.76,2.97,0.0,0.011613
2020-04-27 17:00:00,3517.0,106.0,12.4,17.98,2.76,0.0,0.003517
2020-04-27 18:00:00,0.0,0.0,0.0,17.21,2.55,0.0,0.0
2020-04-27 19:00:00,0.0,0.0,0.0,16.15,2.21,0.0,0.0
2020-04-27 20:00:00,0.0,0.0,0.0,15.53,2.14,0.0,0.0
2020-04-27 21:00:00,0.0,0.0,0.0,14.9,1.93,0.0,0.0
2020-04-27 22:00:00,0.0,0.0,0.0,14.73,1.72,0.0,0.0
2020-04-27 23:00:00,0.0,0.0,0.0,14.44,1.38,0.0,0.0
2020-04-28 00:00:00,0.0,0.0,0.0,14.29,1.24,0.0,0.0
2020-04-28 01:00:00,0.0,0.0,0.0,14.1,1.31,0.0,0.0
2020-04-28 02:00:00,0.0,0.0,0.0,13.91,1.45,0.0,0.0
2020-04-28 03:00:00,0.0,0.0,0.0,13.78,1.52,0.0,0.0
2020-04-28 04:00:00,0.0,0.0,0.0,13.63,1.72,0.0,0.0
2020-04-28 05:00:00,446.0,22.0,7.36,13.64,1.66,0.0,0.000446
2020-04-28 06:00:00,1900.0,61.0,17.86,13.96,1.66,0.0,0.0019
2020-04-28 07:00:00,9850.5,251.0,28.43,14.8,1.24,0.0,0.0098505
2020-04-28 08:00:00,4310.0,120.0,38.68,15.34,1.24,0.0,0.00431
2020-04-28 09:00:00,15437.5,388.0,47.99,16.2,1.1,0.0,0.0154375
2020-04-28 10:00:00,17329.0,436.0,55.3,16.87,1.31,0.0,0.017329
2020-04-28 11:00:00,18167.0,458.0,59.0,17.56,1.52,0.0,0.018167
2020-04-28 12:00:00,27430.5,694.0,57.72,17.38,1.59,0.0,0.0274305
2020-04-28 13:00:00,7220.0,190.0,52.0,16.77,1.52,0.0,0.00722
2020-04-28 14:00:00,9278.5,239.0,43.52,16.26,1.03,0.0,0.0092785
2020-04-28 15:00:00,1333.5,47.0,33.64,16.15,0.55,0.0,0.0013335
2020-04-28 16:00:00,4571.5,127.0,23.17,16.24,0.41,0.0,0.0045715
2020-04-28 17:00:00,224.0,15.0,12.59,16.15,0.41,0.0,0.000224
2020-04-28 18:00:00,0.0,0.0,0.0,15.77,0.41,0.0,0.0
2020-04-28 19:00:00,0.0,0.0,0.0,14.59,0.34,0.0,0.0
2020-04-28 20:00:00,0.0,0.0,0.0,14.24,0.28,0.0,0.0
2020-04-28 21:00:00,0.0,0.0,0.0,13.61,0.34,0.0,0.0
2020-04-28 22:00:00,0.0,0.0,0.0,12.46,0.76,0.0,0.0
2020-04-28 23:00:00,0.0,0.0,0.0,11.99,0.83,0.0,0.0
2020-04-29 00:00:00,0.0,0.0,0.0,12.27,0.48,0.0,0.0
2020-04-29 01:00:00,0.0,0.0,0.0,12.44,0.21,0.0,0.0
2020-04-29 02:00:00,0.0,0.0,0.0,12.03,0.41,0.0,0.0
2020-04-29 03:00:00,0.0,0.0,0.0,11.16,0.69,0.0,0.0
2020-04-29 04:00:00,0.0,0.0,0.0,10.52,0.83,0.0,0.0
2020-04-29 05:00:00,1889.5,66.0,7.6,10.68,0.83,0.0,0.0018895
2020-04-29 06:00:00,5719.5,153.0,18.1,11.7,1.24,0.0,0.0057195
2020-04-29 07:00:00,8700.5,223.0,28.68,14.15,1.17,0.0,0.0087005
2020-04-29 08:00:00,16149.0,404.0,38.93,15.92,1.17,0.0,0.016149
2020-04-29 09:00:00,30752.0,785.01,48.26,17.41,1.03,0.0,0.030752
2020-04-29 10:00:00,33734.0,883.01,55.61,18.85,0.76,0.0,0.033734
2020-04-29 11:00:00,34748.0,931.01,59.31,20.11,0.34,0.0,0.034748
2020-04-29 12:00:00,33803.0,916.01,58.01,20.99,0.0,0.0,0.033803
2020-04-29 13:00:00,31553.5,844.01,52.25,21.49,0.14,0.0,0.0315535
2020-04-29 14:00:00,27416.0,720.01,43.73,22.0,0.34,0.0,0.027416
2020-04-29 15:00:00,21236.0,552.0,33.84,22.26,0.55,0.0,0.021236
2020-04-29 16:00:00,13834.5,370.0,23.36,22.22,1.03,0.0,0.0138345
2020-04-29 17:00:00,5657.5,181.0,12.78,21.32,1.72,0.0,0.0056575
2020-04-29 18:00:00,65.0,9.0,2.46,19.47,2.41,0.0,6.5e-05
2020-04-29 19:00:00,0.0,0.0,0.0,17.49,2.48,0.0,0.0
2020-04-29 20:00:00,0.0,0.0,0.0,16.03,2.55,0.0,0.0
2020-04-29 21:00:00,0.0,0.0,0.0,14.94,2.34,0.0,0.0
2020-04-29 22:00:00,0.0,0.0,0.0,14.16,2.0,0.0,0.0
2020-04-29 23:00:00,0.0,0.0,0.0,13.39,1.72,0.0,0.0
2020-04-30 00:00:00,0.0,0.0,0.0,12.88,1.79,0.0,0.0
2020-04-30 01:00:00,0.0,0.0,0.0,12.67,1.79,0.0,0.0
2020-04-30 02:00:00,0.0,0.0,0.0,12.66,1.79,0.0,0.0
2020-04-30 03:00:00,0.0,0.0,0.0,12.61,1.59,0.0,0.0
2020-04-30 04:00:00,0.0,0.0,0.0,11.73,1.24,0.0,0.0
2020-04-30 05:00:00,2462.0,94.0,7.84,11.53,0.97,0.0,0.002462
2020-04-30 06:00:00,9850.5,266.0,18.33,13.06,0.69,0.0,0.0098505
2020-04-30 07:00:00,15578.5,391.0,28.91,14.6,0.83,0.0,0.0155785
2020-04-30 08:00:00,11404.0,290.0,39.18,15.92,0.69,0.0,0.011404
2020-04-30 09:00:00,16435.5,415.0,48.53,17.06,0.9,0.0,0.0164355
2020-04-30 10:00:00,18048.5,457.0,55.9,17.72,1.03,0.0,0.0180485
2020-04-30 11:00:00,15149.0,386.0,59.62,18.35,0.97,0.0,0.015149
2020-04-30 12:00:00,5200.5,143.0,58.3,18.43,1.38,0.0,0.0052005
2020-04-30 13:00:00,11862.0,303.0,52.49,18.2,1.66,0.0,0.011862
2020-04-30 14:00:00,13320.0,338.0,43.94,18.42,1.86,0.0,0.01332
2020-04-30 15:00:00,16373.0,413.0,34.03,18.42,1.59,0.0,0.016373
2020-04-30 16:00:00,9355.5,246.0,23.55,18.07,0.34,0.0,0.0093555
2020-04-30 17:00:00,3695.5,110.0,12.97,17.3,1.03,0.0,0.0036955
2020-04-30 18:00:00,24.0,7.0,2.65,16.1,0.69,0.0,2.4e-05
2020-04-30 19:00:00,0.0,0.0,0.0,15.64,0.62,0.0,0.0
2020-04-30 20:00:00,0.0,0.0,0.0,14.63,0.83,0.0,0.0
2020-04-30 21:00:00,0.0,0.0,0.0,13.46,1.1,0.0,0.0
2020-04-30 22:00:00,0.0,0.0,0.0,12.72,1.03,0.0,0.0
2020-04-30 23:00:00,0.0,0.0,0.0,12.19,0.9,0.0,0.0
2020-05-01 00:00:00,0.0,0.0,0.0,11.84,0.55,0.0,0.0
2020-05-01 01:00:00,0.0,0.0,0.0,11.0,0.41,0.0,0.0
2020-05-01 02:00:00,0.0,0.0,0.0,10.77,0.07,0.0,0.0
2020-05-01 03:00:00,0.0,0.0,0.0,10.38,0.28,0.0,0.0
2020-05-01 04:00:00,0.0,0.0,0.0,10.07,0.55,0.0,0.0
2020-05-01 05:00:00,2559.5,92.0,8.08,10.03,0.48,0.0,0.0025595
2020-05-01 06:00:00,4297.5,118.0,18.56,10.84,0.55,0.0,0.0042975
2020-05-01 07:00:00,10054.0,255.0,29.15,13.37,0.55,0.0,0.010054
2020-05-01 08:00:00,19799.0,496.0,39.42,15.08,0.41,0.0,0.019799
2020-05-01 09:00:00,24181.0,614.0,48.79,17.02,0.62,0.0,0.024181
2020-05-01 10:00:00,32498.5,849.01,56.19,18.55,0.62,0.0,0.0324985
2020-05-01 11:00:00,19294.0,496.0,59.93,19.8,0.69,0.0,0.019294
2020-05-01 12:00:00,21129.0,548.0,58.59,20.96,0.55,0.0,0.021129
2020-05-01 13:00:00,27359.0,716.01,52.74,21.72,0.69,0.0,0.027359
2020-05-01 14:00:00,15217.5,395.0,44.15,22.23,0.62,0.0,0.0152175
2020-05-01 15:00:00,2716.0,84.0,34.22,22.16,0.55,0.0,0.002716
2020-05-01 16:00:00,3055.5,92.0,23.73,20.69,0.41,0.0,0.0030555
2020-05-01 17:00:00,3497.0,105.0,13.15,18.71,0.55,0.0,0.003497
2020-05-01 18:00:00,0.0,4.0,2.85,17.59,0.62,0.0,0.0
2020-05-01 19:00:00,0.0,0.0,0.0,16.08,0.14,0.0,0.0
2020-05-01 20:00:00,0.0,0.0,0.0,15.54,0.07,0.0,0.0
2020-05-01 21:00:00,0.0,0.0,0.0,13.83,0.69,0.0,0.0
2020-05-01 22:00:00,0.0,0.0,0.0,13.24,0.9,0.0,0.0
2020-05-01 23:00:00,0.0,0.0,0.0,13.1,0.76,0.0,0.0
2020-05-02 00:00:00,0.0,0.0,0.0,12.66,0.76,0.0,0.0
2020-05-02 01:00:00,0.0,0.0,0.0,12.17,0.62,0.0,0.0
2020-05-02 02:00:00,0.0,0.0,0.0,11.73,0.34,0.0,0.0
2020-05-02 03:00:00,0.0,0.0,0.0,10.97,0.34,0.0,0.0
2020-05-02 04:00:00,0.0,0.0,0.0,10.4,0.76,0.0,0.0
2020-05-02 05:00:00,2820.0,102.0,8.31,9.64,0.9,0.0,0.00282
2020-05-02 06:00:00,10339.5,274.0,18.79,11.65,1.03,0.0,0.0103395
2020-05-02 07:00:00,17487.5,438.0,29.37,14.5,0.9,0.0,0.0174875
2020-05-02 08:00:00,25990.0,654.0,39.66,17.04,1.17,0.0,0.02599
2020-05-02 09:00:00,30767.0,789.01,49.05,19.51,1.45,0.0,0.030767
2020-05-02 10:00:00,33941.0,881.01,56.48,21.52,2.0,0.0,0.033941
2020-05-02 11:00:00,35314.5,923.01,60.23,22.92,2.34,0.0,0.0353145
2020-05-02 12:00:00,34583.5,903.01,58.87,23.91,2.62,0.0,0.0345835
2020-05-02 13:00:00,32118.0,836.01,52.98,24.61,2.55,0.0,0.032118
2020-05-02 14:00:00,27659.5,715.01,44.36,25.04,2.48,0.0,0.0276595
2020-05-02 15:00:00,21450.5,552.0,34.41,25.15,2.9,0.0,0.0214505
2020-05-02 16:00:00,14085.0,375.0,23.91,24.78,3.1,0.0,0.014085
2020-05-02 17:00:00,5285.5,162.0,13.34,23.61,2.62,0.0,0.0052855
2020-05-02 18:00:00,111.0,11.0,3.05,21.55,2.62,0.0,0.000111
2020-05-02 19:00:00,0.0,0.0,0.0,19.81,2.76,0.0,0.0
2020-05-02 20:00:00,0.0,0.0,0.0,18.59,2.83,0.0,0.0
2020-05-02 21:00:00,0.0,0.0,0.0,17.55,2.48,0.0,0.0
2020-05-02 22:00:00,0.0,0.0,0.0,16.41,2.0,0.0,0.0
2020-05-02 23:00:00,0.0,0.0,0.0,14.94,1.45,0.0,0.0
2020-05-03 00:00:00,0.0,0.0,0.0,14.81,1.1,0.0,0.0
2020-05-03 01:00:00,0.0,0.0,0.0,15.72,0.69,0.0,0.0
2020-05-03 02:00:00,0.0,0.0,0.0,15.24,0.41,0.0,0.0
2020-05-03 03:00:00,0.0,0.0,0.0,14.71,0.69,0.0,0.0
2020-05-03 04:00:00,0.0,0.0,0.0,13.81,0.97,0.0,0.0
2020-05-03 05:00:00,2841.5,101.0,8.54,11.2,1.38,0.0,0.0028415
2020-05-03 06:00:00,10718.5,288.0,19.01,13.55,0.76,0.0,0.0107185
2020-05-03 07:00:00,18747.5,476.0,29.6,16.45,0.55,0.0,0.0187475
2020-05-03 08:00:00,25366.0,641.0,39.9,18.49,1.31,0.0,0.025366
2020-05-03 09:00:00,30530.0,777.01,49.31,20.0,2.07,0.0,0.03053
2020-05-03 10:00:00,33693.5,867.01,56.76,21.06,2.34,0.0,0.0336935
2020-05-03 11:00:00,35021.5,908.01,60.53,21.83,2.41,0.0,0.0350215
2020-05-03 12:00:00,34673.0,898.01,59.15,22.48,2.62,0.0,0.034673
2020-05-03 13:00:00,32127.5,827.01,53.22,22.93,2.69,0.0,0.0321275
2020-05-03 14:00:00,27536.5,704.01,44.57,23.13,2.55,0.0,0.0275365
2020-05-03 15:00:00,21436.5,547.0,34.6,23.0,2.55,0.0,0.0214365
2020-05-03 16:00:00,13863.0,366.0,24.09,22.53,2.28,0.0,0.013863
2020-05-03 17:00:00,5978.5,186.0,13.52,21.77,1.66,0.0,0.0059785
2020-05-03 18:00:00,168.0,13.83,3.24,19.9,1.17,0.0,0.000168
2020-05-03 19:00:00,0.0,0.0,0.0,18.39,1.86,0.0,0.0
2020-05-03 20:00:00,0.0,0.0,0.0,16.4,1.86,0.0,0.0
2020-05-03 21:00:00,0.0,0.0,0.0,15.46,1.59,0.0,0.0
2020-05-03 22:00:00,0.0,0.0,0.0,14.8,1.59,0.0,0.0
2020-05-03 23:00:00,0.0,0.0,0.0,14.0,1.72,0.0,0.0
2020-05-04 00:00:00,0.0,0.0,0.0,13.39,1.79,0.0,0.0
2020-05-04 01:00:00,0.0,0.0,0.0,12.78,1.79,0.0,0.0
2020-05-04 02:00:00,0.0,0.0,0.0,12.58,1.79,0.0,0.0
2020-05-04 03:00:00,0.0,0.0,0.0,12.21,1.79,0.0,0.0
2020-05-04 04:00:00,0.0,0.0,0.0,11.54,1.66,0.0,0.0
2020-05-04 05:00:00,1199.5,43.0,8.76,11.45,1.38,0.0,0.0011995
2020-05-04 06:00:00,6017.5,161.0,19.23,13.75,1.24,0.0,0.0060175
2020-05-04 07:00:00,13207.0,331.0,29.82,14.99,1.59,0.0,0.013207
2020-05-04 08:00:00,19745.5,492.0,40.12,16.31,1.52,0.0,0.0197455
2020-05-04 09:00:00,23852.5,603.0,49.56,17.74,1.24,0.0,0.0238525
2020-05-04 10:00:00,31859.5,825.01,57.04,18.81,1.1,0.0,0.0318595
2020-05-04 11:00:00,35025.0,923.01,60.82,19.67,0.97,0.0,0.035025
2020-05-04 12:00:00,34143.5,908.01,59.42,20.73,0.69,0.0,0.0341435
2020-05-04 13:00:00,31496.0,837.01,53.45,21.78,0.48,0.0,0.031496
2020-05-04 14:00:00,27378.5,717.01,44.77,22.38,0.62,0.0,0.0273785
2020-05-04 15:00:00,21625.0,558.0,34.78,22.82,1.31,0.0,0.021625
2020-05-04 16:00:00,14143.0,375.0,24.27,22.61,1.45,0.0,0.014143
2020-05-04 17:00:00,6210.5,192.0,13.7,21.88,1.45,0.0,0.0062105
2020-05-04 18:00:00,223.0,15.81,3.43,20.09,0.83,0.0,0.000223
2020-05-04 19:00:00,0.0,0.0,0.0,17.33,1.31,0.0,0.0
2020-05-04 20:00:00,0.0,0.0,0.0,15.72,1.31,0.0,0.0
2020-05-04 21:00:00,0.0,0.0,0.0,15.21,1.03,0.0,0.0
2020-05-04 22:00:00,0.0,0.0,0.0,13.1,1.38,0.0,0.0
2020-05-04 23:00:00,0.0,0.0,0.0,12.12,1.45,0.0,0.0
2020-05-05 00:00:00,0.0,0.0,0.0,11.65,1.38,0.0,0.0
2020-05-05 01:00:00,0.0,0.0,0.0,11.49,1.1,0.0,0.0
2020-05-05 02:00:00,0.0,0.0,0.0,12.42,0.76,0.0,0.0
2020-05-05 03:00:00,0.0,0.0,0.0,11.99,0.76,0.0,0.0
2020-05-05 04:00:00,0.0,0.0,0.0,11.62,0.83,0.0,0.0
2020-05-05 05:00:00,1779.5,59.0,8.98,10.95,0.97,0.0,0.0017795
2020-05-05 06:00:00,9470.0,249.0,19.44,12.53,0.83,0.0,0.00947
2020-05-05 07:00:00,18854.5,475.0,30.03,14.44,0.28,0.0,0.0188545
2020-05-05 08:00:00,23605.5,596.0,40.35,15.9,0.34,0.0,0.0236055
2020-05-05 09:00:00,27276.5,696.0,49.8,17.49,0.76,0.0,0.0272765
2020-05-05 10:00:00,29151.0,753.01,57.31,19.05,0.97,0.0,0.029151
2020-05-05 11:00:00,29216.5,764.01,61.11,20.5,0.83,0.0,0.0292165
2020-05-05 12:00:00,26700.5,700.0,59.69,21.87,0.76,0.0,0.0267005
2020-05-05 13:00:00,30483.5,797.01,53.68,22.48,1.31,0.0,0.0304835
2020-05-05 14:00:00,26698.5,686.0,44.97,22.7,1.86,0.0,0.0266985
2020-05-05 15:00:00,20644.5,528.0,34.97,22.74,2.07,0.0,0.0206445
2020-05-05 16:00:00,11287.0,297.0,24.45,22.4,2.41,0.0,0.011287
2020-05-05 17:00:00,3091.5,94.0,13.89,21.21,2.9,0.0,0.0030915
2020-05-05 18:00:00,138.0,12.0,3.62,19.65,2.9,0.0,0.000138
2020-05-05 19:00:00,0.0,0.0,0.0,17.14,2.21,0.0,0.0
2020-05-05 20:00:00,0.0,0.0,0.0,16.3,1.86,0.0,0.0
2020-05-05 21:00:00,0.0,0.0,0.0,15.69,1.45,0.0,0.0
2020-05-05 22:00:00,0.0,0.0,0.0,15.02,1.17,0.0,0.0
2020-05-05 23:00:00,0.0,0.0,0.0,14.7,0.69,0.0,0.0
2020-05-06 00:00:00,0.0,0.0,0.0,14.82,0.48,0.0,0.0
2020-05-06 01:00:00,0.0,0.0,0.0,14.63,0.41,0.0,0.0
2020-05-06 02:00:00,0.0,0.0,0.0,14.11,0.76,0.0,0.0
2020-05-06 03:00:00,0.0,0.0,0.0,12.95,1.17,0.0,0.0
2020-05-06 04:00:00,0.0,0.0,0.0,12.76,1.31,0.0,0.0
2020-05-06 05:00:00,3220.0,113.0,9.19,13.14,1.03,0.0,0.00322
2020-05-06 06:00:00,11014.5,296.0,19.65,15.45,0.62,0.0,0.0110145
2020-05-06 07:00:00,18444.0,469.0,30.24,16.33,0.21,0.0,0.018444
2020-05-06 08:00:00,25104.0,640.0,40.56,18.07,0.55,0.0,0.025104
2020-05-06 09:00:00,29867.0,769.01,50.03,19.71,1.17,0.0,0.029867
2020-05-06 10:00:00,32443.5,842.01,57.57,21.17,1.72,0.0,0.0324435
2020-05-06 11:00:00,33768.5,876.01,61.39,21.65,2.21,0.0,0.0337685
2020-05-06 12:00:00,33662.5,872.01,59.96,22.51,2.55,0.0,0.0336625
2020-05-06 13:00:00,31959.5,817.01,53.91,22.61,3.17,0.0,0.0319595
2020-05-06 14:00:00,27505.0,693.0,45.17,22.17,3.66,0.0,0.027505
2020-05-06 15:00:00,21892.5,549.0,35.15,21.39,3.86,0.0,0.0218925
2020-05-06 16:00:00,11442.5,297.0,24.63,20.9,3.93,0.0,0.0114425
2020-05-06 17:00:00,5869.5,174.0,14.06,20.04,3.86,0.0,0.0058695
2020-05-06 18:00:00,198.5,14.84,3.81,18.77,3.45,0.0,0.0001985
2020-05-06 19:00:00,0.0,0.0,0.0,18.94,2.55,0.0,0.0
2020-05-06 20:00:00,0.0,0.0,0.0,17.59,2.07,0.0,0.0
2020-05-06 21:00:00,0.0,0.0,0.0,16.75,1.93,0.0,0.0
2020-05-06 22:00:00,0.0,0.0,0.0,16.09,1.86,0.0,0.0
2020-05-06 23:00:00,0.0,0.0,0.0,15.41,1.72,0.0,0.0
2020-05-07 00:00:00,0.0,0.0,0.0,14.75,1.45,0.0,0.0
2020-05-07 01:00:00,0.0,0.0,0.0,14.33,1.31,0.0,0.0
2020-05-07 02:00:00,0.0,0.0,0.0,13.78,1.38,0.0,0.0
2020-05-07 03:00:00,0.0,0.0,0.0,13.3,1.45,0.0,0.0
2020-05-07 04:00:00,0.0,0.0,0.0,12.71,1.45,0.0,0.0
2020-05-07 05:00:00,1672.0,56.0,9.4,12.92,1.24,0.0,0.001672
2020-05-07 06:00:00,9713.0,256.0,19.85,14.73,1.24,0.0,0.009713
2020-05-07 07:00:00,16611.5,416.0,30.44,15.81,1.38,0.0,0.0166115
2020-05-07 08:00:00,26035.0,651.0,40.78,16.8,1.59,0.0,0.026035
2020-05-07 09:00:00,30937.5,789.01,50.27,18.0,1.38,0.0,0.0309375
2020-05-07 10:00:00,33666.5,882.01,57.83,19.57,0.97,0.0,0.0336665
2020-05-07 11:00:00,34729.0,928.01,61.67,20.68,0.62,0.0,0.034729
2020-05-07 12:00:00,33647.0,913.01,60.22,21.77,0.14,0.0,0.033647
2020-05-07 13:00:00,31363.5,842.01,54.13,22.32,0.21,0.0,0.0313635
2020-05-07 14:00:00,27397.0,723.0,45.37,22.97,0.41,0.0,0.027397
2020-05-07 15:00:00,21613.5,565.0,35.33,23.34,0.48,0.0,0.0216135
2020-05-07 16:00:00,14393.5,385.0,24.8,23.56,0.55,0.0,0.0143935
2020-05-07 17:00:00,6583.5,203.0,14.24,23.36,0.69,0.0,0.0065835
2020-05-07 18:00:00,487.5,32.71,4.0,22.57,0.34,0.0,0.0004875
2020-05-07 19:00:00,0.0,0.0,0.0,21.57,0.07,0.0,0.0
2020-05-07 20:00:00,0.0,0.0,0.0,20.44,0.14,0.0,0.0
2020-05-07 21:00:00,0.0,0.0,0.0,19.18,0.55,0.0,0.0
2020-05-07 22:00:00,0.0,0.0,0.0,17.99,0.76,0.0,0.0
2020-05-07 23:00:00,0.0,0.0,0.0,17.05,0.55,0.0,0.0
2020-05-08 00:00:00,0.0,0.0,0.0,16.22,0.41,0.0,0.0
2020-05-08 01:00:00,0.0,0.0,0.0,15.65,0.55,0.0,0.0
2020-05-08 02:00:00,0.0,0.0,0.0,15.44,0.28,0.0,0.0
2020-05-08 03:00:00,0.0,0.0,0.0,15.34,0.14,0.0,0.0
2020-05-08 04:00:00,0.0,0.0,0.0,14.95,0.21,0.0,0.0
2020-05-08 05:00:00,1444.0,50.0,9.6,14.94,0.07,0.0,0.001444
2020-05-08 06:00:00,5060.0,139.0,20.04,15.6,0.07,0.0,0.00506
2020-05-08 07:00:00,10807.5,278.0,30.63,17.69,0.69,0.0,0.0108075
2020-05-08 08:00:00,17319.5,441.0,40.98,18.93,0.69,0.0,0.0173195
2020-05-08 09:00:00,20900.5,539.0,50.49,20.23,0.48,0.0,0.0209005
2020-05-08 10:00:00,29824.0,789.01,58.09,21.02,0.41,0.0,0.029824
2020-05-08 11:00:00,33173.5,893.01,61.94,22.01,0.41,0.0,0.0331735
2020-05-08 12:00:00,33765.5,918.01,60.47,22.9,0.28,0.0,0.0337655
2020-05-08 13:00:00,23780.5,625.0,54.36,23.54,0.69,0.0,0.0237805
2020-05-08 14:00:00,24546.0,639.0,45.56,24.31,1.38,0.0,0.024546
2020-05-08 15:00:00,17586.5,455.0,35.51,24.49,1.86,0.0,0.0175865
2020-05-08 16:00:00,13963.5,369.0,24.97,23.96,2.28,0.0,0.0139635
2020-05-08 17:00:00,6681.5,204.0,14.42,22.93,2.55,0.0,0.0066815
2020-05-08 18:00:00,529.5,30.04,4.19,21.27,2.41,0.0,0.0005295
2020-05-08 19:00:00,0.0,0.0,0.0,18.98,2.41,0.0,0.0
2020-05-08 20:00:00,0.0,0.0,0.0,17.59,2.14,0.0,0.0
2020-05-08 21:00:00,0.0,0.0,0.0,16.55,2.07,0.0,0.0
2020-05-08 22:00:00,0.0,0.0,0.0,15.55,2.0,0.0,0.0
2020-05-08 23:00:00,0.0,0.0,0.0,14.68,2.0,0.0,0.0
2020-05-09 00:00:00,0.0,0.0,0.0,14.02,1.93,0.0,0.0
2020-05-09 01:00:00,0.0,0.0,0.0,13.59,2.0,0.0,0.0
2020-05-09 02:00:00,0.0,0.0,0.0,13.35,2.0,0.0,0.0
2020-05-09 03:00:00,0.0,0.0,0.0,13.33,1.86,0.0,0.0
2020-05-09 04:00:00,0.0,0.0,0.0,12.79,1.86,0.0,0.0
2020-05-09 05:00:00,903.0,35.0,9.8,13.17,1.72,0.0,0.000903
2020-05-09 06:00:00,7983.5,210.0,20.24,14.93,1.72,0.0,0.0079835
2020-05-09 07:00:00,18499.0,464.0,30.83,17.21,1.86,0.0,0.018499
2020-05-09 08:00:00,25266.0,636.0,41.18,19.07,1.86,0.0,0.025266
2020-05-09 09:00:00,27423.5,700.0,50.71,20.57,1.86,0.0,0.0274235
2020-05-09 10:00:00,31965.0,829.01,58.34,21.56,1.86,0.0,0.031965
2020-05-09 11:00:00,34328.0,896.01,62.21,22.16,2.07,0.0,0.034328
2020-05-09 12:00:00,34243.5,886.01,60.73,22.26,2.62,0.0,0.0342435
2020-05-09 13:00:00,26389.0,672.0,54.57,22.04,2.9,0.0,0.026389
2020-05-09 14:00:00,26673.0,675.0,45.75,21.9,2.97,0.0,0.026673
2020-05-09 15:00:00,19628.5,496.0,35.68,21.96,3.24,0.0,0.0196285
2020-05-09 16:00:00,5437.5,150.0,25.14,21.4,3.72,0.0,0.0054375
2020-05-09 17:00:00,2427.0,76.0,14.59,20.32,3.66,0.0,0.002427
2020-05-09 18:00:00,192.0,14.0,4.37,19.17,2.83,0.0,0.000192
2020-05-09 19:00:00,0.0,0.0,0.0,17.67,2.69,0.0,0.0
2020-05-09 20:00:00,0.0,0.0,0.0,17.03,2.76,0.0,0.0
2020-05-09 21:00:00,0.0,0.0,0.0,16.55,2.48,0.0,0.0
2020-05-09 22:00:00,0.0,0.0,0.0,16.01,1.79,0.0,0.0
2020-05-09 23:00:00,0.0,0.0,0.0,15.7,1.52,0.0,0.0
2020-05-10 00:00:00,0.0,0.0,0.0,15.25,0.97,0.0,0.0
2020-05-10 01:00:00,0.0,0.0,0.0,15.38,0.28,0.0,0.0
2020-05-10 02:00:00,0.0,0.0,0.0,15.55,0.21,0.0,0.0
2020-05-10 03:00:00,0.0,0.0,0.0,15.36,0.41,0.0,0.0
2020-05-10 04:00:00,0.0,0.0,0.0,15.21,0.41,0.0,0.0
2020-05-10 05:00:00,1264.0,45.0,9.99,15.17,0.41,0.0,0.001264
2020-05-10 06:00:00,6896.5,184.0,20.42,15.57,0.55,0.0,0.0068965
2020-05-10 07:00:00,15185.0,383.0,31.01,16.58,0.97,0.0,0.015185
2020-05-10 08:00:00,21632.0,547.0,41.38,17.19,0.55,0.0,0.021632
2020-05-10 09:00:00,27089.0,699.0,50.93,17.93,0.28,0.0,0.027089
2020-05-10 10:00:00,9885.5,257.0,58.58,18.56,0.55,0.0,0.0098855
2020-05-10 11:00:00,31134.0,812.01,62.48,18.87,0.76,0.0,0.031134
2020-05-10 12:00:00,26876.5,694.0,60.98,19.32,0.9,0.0,0.0268765
2020-05-10 13:00:00,16908.5,431.0,54.79,19.58,1.31,0.0,0.0169085
2020-05-10 14:00:00,4306.0,122.0,45.94,19.67,1.72,0.0,0.004306
2020-05-10 15:00:00,4432.0,125.0,35.85,19.55,1.72,0.0,0.004432
2020-05-10 16:00:00,1812.5,60.0,25.31,19.04,1.52,0.0,0.0018125
2020-05-10 17:00:00,435.0,22.0,14.76,18.05,1.17,0.0,0.000435
2020-05-10 18:00:00,319.0,18.83,4.55,17.23,0.83,0.0,0.000319
2020-05-10 19:00:00,0.0,0.0,0.0,16.21,1.03,0.0,0.0
2020-05-10 20:00:00,0.0,0.0,0.0,15.88,0.97,0.0,0.0
2020-05-10 21:00:00,0.0,0.0,0.0,15.59,1.79,0.0,0.0
2020-05-10 22:00:00,0.0,0.0,0.0,15.31,1.59,0.0,0.0
2020-05-10 23:00:00,0.0,0.0,0.0,15.22,1.59,0.0,0.0
2020-05-11 00:00:00,0.0,0.0,0.0,15.1,2.07,0.0,0.0
2020-05-11 01:00:00,0.0,0.0,0.0,14.79,2.21,0.0,0.0
2020-05-11 02:00:00,0.0,0.0,0.0,14.59,2.21,0.0,0.0
2020-05-11 03:00:00,0.0,0.0,0.0,14.44,2.07,0.0,0.0
2020-05-11 04:00:00,0.0,0.0,0.0,14.22,1.52,0.0,0.0
2020-05-11 05:00:00,1933.0,63.0,10.17,14.02,1.59,0.0,0.001933
2020-05-11 06:00:00,1082.5,40.0,20.6,14.28,1.86,0.0,0.0010825
2020-05-11 07:00:00,1778.5,58.0,31.19,13.88,0.41,0.0,0.0017785
2020-05-11 08:00:00,13968.5,351.0,41.57,14.66,0.41,0.0,0.0139685
2020-05-11 09:00:00,10615.0,271.0,51.13,15.69,0.69,0.0,0.010615
2020-05-11 10:00:00,9197.0,237.0,58.82,16.22,1.1,0.0,0.009197
2020-05-11 11:00:00,23103.5,588.0,62.73,17.26,0.83,0.0,0.0231035
2020-05-11 12:00:00,23500.0,597.0,61.22,17.8,1.17,0.0,0.0235
2020-05-11 13:00:00,13700.0,349.0,55.0,17.9,0.97,0.0,0.0137
2020-05-11 14:00:00,11929.5,304.0,46.12,17.48,1.31,0.0,0.0119295
2020-05-11 15:00:00,5587.0,151.0,36.03,16.46,1.38,0.0,0.005587
2020-05-11 16:00:00,6726.0,179.0,25.48,16.61,0.41,0.0,0.006726
2020-05-11 17:00:00,1329.0,47.0,14.93,16.69,0.28,0.0,0.001329
2020-05-11 18:00:00,312.5,18.0,4.73,16.46,0.21,0.0,0.0003125
2020-05-11 19:00:00,0.0,0.0,0.0,15.24,1.03,0.0,0.0
2020-05-11 20:00:00,0.0,0.0,0.0,14.62,1.31,0.0,0.0
2020-05-11 21:00:00,0.0,0.0,0.0,13.95,1.17,0.0,0.0
2020-05-11 22:00:00,0.0,0.0,0.0,14.16,0.76,0.0,0.0
2020-05-11 23:00:00,0.0,0.0,0.0,13.78,0.83,0.0,0.0
2020-05-12 00:00:00,0.0,0.0,0.0,13.23,1.1,0.0,0.0
2020-05-12 01:00:00,0.0,0.0,0.0,12.99,1.1,0.0,0.0
2020-05-12 02:00:00,0.0,0.0,0.0,13.12,0.9,0.0,0.0
2020-05-12 03:00:00,0.0,0.0,0.0,12.85,0.9,0.0,0.0
2020-05-12 04:00:00,0.0,0.0,0.0,12.46,1.03,0.0,0.0
2020-05-12 05:00:00,1986.0,64.0,10.36,12.66,0.9,0.0,0.001986
2020-05-12 06:00:00,5758.0,155.0,20.78,14.57,0.48,0.0,0.005758
2020-05-12 07:00:00,9941.5,253.0,31.37,14.41,0.76,0.0,0.0099415
2020-05-12 08:00:00,19172.0,481.0,41.75,16.19,0.76,0.0,0.019172
2020-05-12 09:00:00,28744.0,735.0,51.34,17.78,0.9,0.0,0.028744
2020-05-12 10:00:00,27896.0,718.0,59.05,18.92,1.03,0.0,0.027896
2020-05-12 11:00:00,25446.0,659.0,62.99,19.77,0.76,0.0,0.025446
2020-05-12 12:00:00,24745.0,643.0,61.46,20.34,0.62,0.0,0.024745
2020-05-12 13:00:00,25325.5,656.0,55.21,21.12,0.97,0.0,0.0253255
2020-05-12 14:00:00,27521.5,708.0,46.3,21.63,1.45,0.0,0.0275215
2020-05-12 15:00:00,19789.5,502.0,36.19,21.62,2.34,0.0,0.0197895
2020-05-12 16:00:00,15143.0,392.0,25.64,20.83,2.69,0.0,0.015143
2020-05-12 17:00:00,6891.5,202.0,15.1,19.96,2.41,0.0,0.0068915
2020-05-12 18:00:00,771.5,40.95,4.91,18.88,2.34,0.0,0.0007715
2020-05-12 19:00:00,0.0,0.0,0.0,17.3,2.14,0.0,0.0
2020-05-12 20:00:00,0.0,0.0,0.0,16.58,1.59,0.0,0.0
2020-05-12 21:00:00,0.0,0.0,0.0,15.67,1.45,0.0,0.0
2020-05-12 22:00:00,0.0,0.0,0.0,15.0,1.24,0.0,0.0
2020-05-12 23:00:00,0.0,0.0,0.0,14.98,1.24,0.0,0.0
2020-05-13 00:00:00,0.0,0.0,0.0,14.93,1.31,0.0,0.0
2020-05-13 01:00:00,0.0,0.0,0.0,15.17,1.52,0.0,0.0
2020-05-13 02:00:00,0.0,0.0,0.0,15.21,1.72,0.0,0.0
2020-05-13 03:00:00,0.0,0.0,0.0,15.01,1.86,0.0,0.0
2020-05-13 04:00:00,0.0,0.0,0.0,14.7,2.14,0.0,0.0
2020-05-13 05:00:00,117.0,11.0,10.53,14.37,2.28,0.0,0.000117
2020-05-13 06:00:00,718.5,30.0,20.95,14.15,2.41,0.0,0.0007185
2020-05-13 07:00:00,1865.0,60.0,31.54,13.58,2.14,0.0,0.001865
2020-05-13 08:00:00,2267.5,70.0,41.93,13.74,2.62,0.0,0.0022675
2020-05-13 09:00:00,4341.0,120.0,51.53,14.42,2.55,0.0,0.004341
2020-05-13 10:00:00,6459.5,170.0,59.27,15.04,3.1,0.0,0.0064595
2020-05-13 11:00:00,5806.5,155.0,63.23,15.34,2.76,0.0,0.0058065
2020-05-13 12:00:00,3818.0,108.0,61.7,15.36,2.76,0.0,0.003818
2020-05-13 13:00:00,3524.5,101.0,55.41,15.27,2.34,0.0,0.0035245
2020-05-13 14:00:00,2531.5,77.0,46.48,15.52,2.69,0.0,0.0025315
2020-05-13 15:00:00,2003.0,64.0,36.36,15.81,2.48,0.0,0.002003
2020-05-13 16:00:00,1692.5,56.0,25.81,15.09,2.14,0.0,0.0016925
2020-05-13 17:00:00,2853.5,85.0,15.27,14.92,2.14,0.0,0.0028535
2020-05-13 18:00:00,24.5,7.0,5.09,14.64,2.0,0.0,2.45e-05
2020-05-13 19:00:00,0.0,0.0,0.0,13.88,2.28,0.0,0.0
2020-05-13 20:00:00,0.0,0.0,0.0,13.79,1.72,0.0,0.0
2020-05-13 21:00:00,0.0,0.0,0.0,13.77,1.1,0.0,0.0
2020-05-13 22:00:00,0.0,0.0,0.0,13.78,1.1,0.0,0.0
2020-05-13 23:00:00,0.0,0.0,0.0,13.8,1.1,0.0,0.0
2020-05-14 00:00:00,0.0,0.0,0.0,13.79,0.97,0.0,0.0
2020-05-14 01:00:00,0.0,0.0,0.0,13.69,0.76,0.0,0.0
2020-05-14 02:00:00,0.0,0.0,0.0,13.61,0.62,0.0,0.0
2020-05-14 03:00:00,0.0,0.0,0.0,13.28,0.69,0.0,0.0
2020-05-14 04:00:00,0.0,0.0,0.0,12.92,0.62,0.0,0.0
2020-05-14 05:00:00,794.0,32.0,10.7,13.0,0.69,0.0,0.000794
2020-05-14 06:00:00,5168.5,140.0,21.11,13.92,0.97,0.0,0.0051685
2020-05-14 07:00:00,11480.5,290.0,31.7,14.51,0.69,0.0,0.0114805
2020-05-14 08:00:00,12288.5,311.0,42.1,15.36,0.55,0.0,0.0122885
2020-05-14 09:00:00,16525.5,416.0,51.72,16.4,0.97,0.0,0.0165255
2020-05-14 10:00:00,27986.5,714.0,59.49,17.28,1.1,0.0,0.0279865
2020-05-14 11:00:00,33132.0,864.01,63.48,17.7,0.76,0.0,0.033132
2020-05-14 12:00:00,20924.5,535.0,61.93,18.19,0.62,0.0,0.0209245
2020-05-14 13:00:00,27520.0,714.0,55.62,18.72,0.41,0.0,0.02752
2020-05-14 14:00:00,24993.0,642.0,46.66,18.9,0.48,0.0,0.024993
2020-05-14 15:00:00,21160.0,539.0,36.52,19.61,0.9,0.0,0.02116
2020-05-14 16:00:00,8035.0,212.0,25.97,19.46,1.93,0.0,0.008035
2020-05-14 17:00:00,5413.0,154.0,15.43,19.21,2.21,0.0,0.005413
2020-05-14 18:00:00,624.0,29.34,5.26,18.35,1.66,0.0,0.000624
2020-05-14 19:00:00,0.0,0.0,0.0,18.08,1.79,0.0,0.0
2020-05-14 20:00:00,0.0,0.0,0.0,16.85,1.79,0.0,0.0
2020-05-14 21:00:00,0.0,0.0,0.0,15.46,1.52,0.0,0.0
2020-05-14 22:00:00,0.0,0.0,0.0,15.11,0.76,0.0,0.0
2020-05-14 23:00:00,0.0,0.0,0.0,15.14,0.28,0.0,0.0
2020-05-15 00:00:00,0.0,0.0,0.0,14.18,0.76,0.0,0.0
2020-05-15 01:00:00,0.0,0.0,0.0,13.9,0.83,0.0,0.0
2020-05-15 02:00:00,0.0,0.0,0.0,13.53,0.97,0.0,0.0
2020-05-15 03:00:00,0.0,0.0,0.0,13.35,1.45,0.0,0.0
2020-05-15 04:00:00,0.0,0.0,0.0,13.25,1.72,0.0,0.0
2020-05-15 05:00:00,1316.5,46.0,10.87,13.24,1.66,0.0,0.0013165
2020-05-15 06:00:00,3085.0,90.0,21.27,13.91,1.59,0.0,0.003085
2020-05-15 07:00:00,9289.0,239.0,31.86,15.84,0.76,0.0,0.009289
2020-05-15 08:00:00,18373.0,465.0,42.27,17.31,0.48,0.0,0.018373
2020-05-15 09:00:00,28799.5,741.0,51.91,18.42,0.76,0.0,0.0287995
2020-05-15 10:00:00,31165.0,812.01,59.71,19.21,0.83,0.0,0.031165
2020-05-15 11:00:00,19724.0,507.0,63.71,20.24,0.97,0.0,0.019724
2020-05-15 12:00:00,14305.0,370.0,62.16,21.1,0.9,0.0,0.014305
2020-05-15 13:00:00,28402.0,741.0,55.81,21.69,1.03,0.0,0.028402
2020-05-15 14:00:00,25312.5,650.0,46.83,21.64,1.45,0.0,0.0253125
2020-05-15 15:00:00,14686.0,376.0,36.69,20.95,1.52,0.0,0.014686
2020-05-15 16:00:00,6160.0,168.0,26.13,20.75,1.03,0.0,0.00616
2020-05-15 17:00:00,1382.0,49.0,15.6,20.0,0.76,0.0,0.001382
2020-05-15 18:00:00,765.5,34.02,5.43,19.11,0.83,0.0,0.0007655
2020-05-15 19:00:00,0.0,0.0,0.0,17.47,1.31,0.0,0.0
2020-05-15 20:00:00,0.0,0.0,0.0,16.84,1.17,0.0,0.0
2020-05-15 21:00:00,0.0,0.0,0.0,16.34,1.45,0.0,0.0
2020-05-15 22:00:00,0.0,0.0,0.0,16.17,1.45,0.0,0.0
2020-05-15 23:00:00,0.0,0.0,0.0,15.77,1.45,0.0,0.0
2020-05-16 00:00:00,0.0,0.0,0.0,15.44,1.17,0.0,0.0
2020-05-16 01:00:00,0.0,0.0,0.0,15.37,1.17,0.0,0.0
2020-05-16 02:00:00,0.0,0.0,0.0,15.1,1.1,0.0,0.0
2020-05-16 03:00:00,0.0,0.0,0.0,14.87,0.62,0.0,0.0
2020-05-16 04:00:00,0.0,0.0,0.0,14.92,0.55,0.0,0.0
2020-05-16 05:00:00,3156.0,98.0,11.03,15.1,0.55,0.0,0.003156
2020-05-16 06:00:00,7534.5,199.0,21.42,15.43,0.62,0.0,0.0075345
2020-05-16 07:00:00,9100.0,234.0,32.01,16.13,1.52,0.0,0.0091
2020-05-16 08:00:00,5456.0,148.0,42.43,17.05,2.14,0.0,0.005456
2020-05-16 09:00:00,7956.0,208.0,52.09,17.87,2.34,0.0,0.007956
2020-05-16 10:00:00,18643.5,470.0,59.91,18.52,2.07,0.0,0.0186435
2020-05-16 11:00:00,25834.5,661.0,63.95,19.05,1.38,0.0,0.0258345
2020-05-16 12:00:00,17294.0,440.0,62.38,19.21,1.45,0.0,0.017294
2020-05-16 13:00:00,15093.0,385.0,56.01,20.05,1.86,0.0,0.015093
2020-05-16 14:00:00,2866.0,87.0,47.01,20.54,2.0,0.0,0.002866
2020-05-16 15:00:00,2267.0,72.0,36.85,20.53,1.59,0.0,0.002267
2020-05-16 16:00:00,2115.5,68.0,26.28,20.11,1.93,0.0,0.0021155
2020-05-16 17:00:00,1312.0,47.0,15.76,19.57,2.07,0.0,0.001312
2020-05-16 18:00:00,113.0,11.0,5.6,18.79,1.66,0.0,0.000113
2020-05-16 19:00:00,0.0,0.0,0.0,17.23,2.34,0.0,0.0
2020-05-16 20:00:00,0.0,0.0,0.0,16.68,2.28,0.0,0.0
2020-05-16 21:00:00,0.0,0.0,0.0,16.0,2.14,0.0,0.0
2020-05-16 22:00:00,0.0,0.0,0.0,15.56,2.28,0.0,0.0
2020-05-16 23:00:00,0.0,0.0,0.0,15.28,2.41,0.0,0.0
2020-05-17 00:00:00,0.0,0.0,0.0,15.13,2.55,0.0,0.0
2020-05-17 01:00:00,0.0,0.0,0.0,14.8,2.48,0.0,0.0
2020-05-17 02:00:00,0.0,0.0,0.0,14.6,2.41,0.0,0.0
2020-05-17 03:00:00,0.0,0.0,0.0,14.48,2.28,0.0,0.0
2020-05-17 04:00:00,0.0,0.0,0.0,14.34,2.0,0.0,0.0
2020-05-17 05:00:00,411.5,21.0,11.18,14.45,1.59,0.0,0.0004115
2020-05-17 06:00:00,2863.5,85.0,21.57,14.76,1.17,0.0,0.0028635
2020-05-17 07:00:00,2496.0,76.0,32.16,14.92,1.86,0.0,0.002496
2020-05-17 08:00:00,13091.0,328.0,42.58,15.24,1.59,0.0,0.013091
2020-05-17 09:00:00,16453.0,411.0,52.26,16.01,1.72,0.0,0.016453
2020-05-17 10:00:00,24484.5,613.0,60.11,16.4,1.86,0.0,0.0244845
2020-05-17 11:00:00,26528.0,669.0,64.17,17.18,1.86,0.0,0.026528
2020-05-17 12:00:00,20136.0,509.0,62.6,17.89,1.45,0.0,0.020136
2020-05-17 13:00:00,22089.5,560.0,56.2,18.36,1.31,0.0,0.0220895
2020-05-17 14:00:00,19882.0,502.0,47.17,18.89,1.59,0.0,0.019882
2020-05-17 15:00:00,18661.0,470.0,37.0,18.76,1.59,0.0,0.018661
2020-05-17 16:00:00,11149.0,288.0,26.44,18.78,1.45,0.0,0.011149
2020-05-17 17:00:00,7594.5,219.0,15.92,18.36,1.1,0.0,0.0075945
2020-05-17 18:00:00,1285.5,59.0,5.77,17.61,1.1,0.0,0.0012855
2020-05-17 19:00:00,0.0,0.0,0.0,16.77,1.79,0.0,0.0
2020-05-17 20:00:00,0.0,0.0,0.0,15.78,1.59,0.0,0.0
2020-05-17 21:00:00,0.0,0.0,0.0,14.82,1.93,0.0,0.0
2020-05-17 22:00:00,0.0,0.0,0.0,14.3,2.07,0.0,0.0
2020-05-17 23:00:00,0.0,0.0,0.0,14.0,1.72,0.0,0.0
2020-05-18 00:00:00,0.0,0.0,0.0,13.53,1.38,0.0,0.0
2020-05-18 01:00:00,0.0,0.0,0.0,13.53,1.59,0.0,0.0
2020-05-18 02:00:00,0.0,0.0,0.0,13.47,1.72,0.0,0.0
2020-05-18 03:00:00,0.0,0.0,0.0,13.46,1.38,0.0,0.0
2020-05-18 04:00:00,0.0,0.0,0.0,13.45,0.69,0.0,0.0
2020-05-18 05:00:00,3253.0,99.0,11.33,13.56,0.76,0.0,0.003253
2020-05-18 06:00:00,12012.0,315.0,21.71,15.46,0.76,0.0,0.012012
2020-05-18 07:00:00,19357.5,488.0,32.3,17.28,1.03,0.0,0.0193575
2020-05-18 08:00:00,23121.0,583.0,42.73,18.31,1.31,0.0,0.023121
2020-05-18 09:00:00,27958.0,713.0,52.43,19.64,1.66,0.0,0.027958
2020-05-18 10:00:00,28148.5,728.0,60.31,20.91,1.45,0.0,0.0281485
2020-05-18 11:00:00,30426.0,800.0,64.39,22.01,1.17,0.0,0.030426
2020-05-18 12:00:00,31937.5,850.01,62.81,23.02,0.97,0.0,0.0319375
2020-05-18 13:00:00,28122.5,746.0,56.38,23.71,0.69,0.0,0.0281225
2020-05-18 14:00:00,27677.5,730.0,47.34,23.87,0.69,0.0,0.0276775
2020-05-18 15:00:00,21823.5,568.0,37.16,24.11,0.97,0.0,0.0218235
2020-05-18 16:00:00,10283.5,273.0,26.59,24.03,1.52,0.0,0.0102835
2020-05-18 17:00:00,7077.0,207.0,16.07,23.6,1.03,0.0,0.007077
2020-05-18 18:00:00,1218.0,54.0,5.93,23.07,0.41,0.0,0.001218
2020-05-18 19:00:00,0.0,0.0,0.0,22.29,0.48,0.0,0.0
2020-05-18 20:00:00,0.0,0.0,0.0,21.08,0.62,0.0,0.0
2020-05-18 21:00:00,0.0,0.0,0.0,20.37,0.34,0.0,0.0
2020-05-18 22:00:00,0.0,0.0,0.0,19.83,0.9,0.0,0.0
2020-05-18 23:00:00,0.0,0.0,0.0,16.6,1.59,0.0,0.0
2020-05-19 00:00:00,0.0,0.0,0.0,15.33,1.72,0.0,0.0
2020-05-19 01:00:00,0.0,0.0,0.0,17.02,0.62,0.0,0.0
2020-05-19 02:00:00,0.0,0.0,0.0,16.31,0.69,0.0,0.0
2020-05-19 03:00:00,0.0,0.0,0.0,14.69,0.9,0.0,0.0
2020-05-19 04:00:00,0.0,0.0,0.0,13.72,1.1,0.0,0.0
2020-05-19 05:00:00,579.5,26.0,11.47,13.89,0.97,0.0,0.0005795
2020-05-19 06:00:00,4005.0,113.0,21.85,15.7,0.97,0.0,0.004005
2020-05-19 07:00:00,4277.0,120.0,32.44,17.15,1.79,0.0,0.004277
2020-05-19 08:00:00,4872.5,135.0,42.87,18.84,2.69,0.0,0.0048725
2020-05-19 09:00:00,14506.5,369.0,52.59,20.44,2.83,0.0,0.0145065
2020-05-19 10:00:00,19160.5,490.0,60.5,22.04,2.41,0.0,0.0191605
2020-05-19 11:00:00,23314.5,609.0,64.61,23.41,1.24,0.0,0.0233145
2020-05-19 12:00:00,24087.0,633.0,63.02,23.93,1.03,0.0,0.024087
2020-05-19 13:00:00,15450.0,400.0,56.57,22.69,1.45,0.0,0.01545
2020-05-19 14:00:00,5193.5,146.0,47.5,22.87,0.41,0.0,0.0051935
2020-05-19 15:00:00,1808.0,61.0,37.31,23.24,0.21,0.0,0.001808
2020-05-19 16:00:00,8492.0,228.0,26.74,22.85,0.34,0.0,0.008492
2020-05-19 17:00:00,1777.5,60.0,16.23,22.52,0.55,0.0,0.0017775
2020-05-19 18:00:00,0.0,5.0,6.09,21.3,0.9,0.0,0.0
2020-05-19 19:00:00,0.0,0.0,0.0,19.64,2.14,0.0,0.0
2020-05-19 20:00:00,0.0,0.0,0.0,18.39,2.0,0.0,0.0
2020-05-19 21:00:00,0.0,0.0,0.0,17.34,2.0,0.0,0.0
2020-05-19 22:00:00,0.0,0.0,0.0,16.42,1.31,0.0,0.0
2020-05-19 23:00:00,0.0,0.0,0.0,15.75,0.97,0.0,0.0
2020-05-20 00:00:00,0.0,0.0,0.0,14.95,1.24,0.0,0.0
2020-05-20 01:00:00,0.0,0.0,0.0,14.19,1.66,0.0,0.0
2020-05-20 02:00:00,0.0,0.0,0.0,13.62,1.45,0.0,0.0
2020-05-20 03:00:00,0.0,0.0,0.0,13.34,1.17,0.0,0.0
2020-05-20 04:00:00,0.0,0.0,0.0,12.21,1.45,0.0,0.0
2020-05-20 05:00:00,4440.0,137.0,11.61,12.97,1.1,0.0,0.00444
2020-05-20 06:00:00,12741.5,335.0,21.98,16.09,0.76,0.0,0.0127415
2020-05-20 07:00:00,18495.0,473.0,32.57,18.54,0.28,0.0,0.018495
2020-05-20 08:00:00,19889.0,512.0,43.01,20.64,0.48,0.0,0.019889
2020-05-20 09:00:00,30823.0,817.01,52.74,22.52,0.62,0.0,0.030823
2020-05-20 10:00:00,33713.5,913.01,60.68,24.0,0.62,0.0,0.0337135
2020-05-20 11:00:00,35062.0,964.01,64.82,25.11,0.55,0.0,0.035062
2020-05-20 12:00:00,34285.5,949.01,63.23,25.85,0.34,0.0,0.0342855
2020-05-20 13:00:00,32001.5,874.01,56.75,26.27,0.48,0.0,0.0320015
2020-05-20 14:00:00,28365.5,756.0,47.66,26.47,0.97,0.0,0.0283655
2020-05-20 15:00:00,22603.0,596.0,37.46,26.34,0.9,0.0,0.022603
2020-05-20 16:00:00,15559.0,417.0,26.89,26.17,0.69,0.0,0.015559
2020-05-20 17:00:00,7841.5,233.0,16.38,25.5,0.55,0.0,0.0078415
2020-05-20 18:00:00,1457.5,66.0,6.25,24.13,0.83,0.0,0.0014575
2020-05-20 19:00:00,0.0,0.0,0.0,24.24,0.55,0.0,0.0
2020-05-20 20:00:00,0.0,0.0,0.0,21.51,1.1,0.0,0.0
2020-05-20 21:00:00,0.0,0.0,0.0,19.65,1.38,0.0,0.0
2020-05-20 22:00:00,0.0,0.0,0.0,17.61,1.72,0.0,0.0
2020-05-20 23:00:00,0.0,0.0,0.0,16.71,2.34,0.0,0.0
2020-05-21 00:00:00,0.0,0.0,0.0,16.57,2.34,0.0,0.0
2020-05-21 01:00:00,0.0,0.0,0.0,16.11,2.0,0.0,0.0
2020-05-21 02:00:00,0.0,0.0,0.0,16.08,2.41,0.0,0.0
2020-05-21 03:00:00,0.0,0.0,0.0,15.79,2.34,0.0,0.0
2020-05-21 04:00:00,0.0,0.0,0.0,15.51,1.72,0.0,0.0
2020-05-21 05:00:00,2478.0,77.0,11.74,15.52,0.97,0.0,0.002478
2020-05-21 06:00:00,8958.5,236.0,22.11,17.26,0.62,0.0,0.0089585
2020-05-21 07:00:00,15853.0,403.0,32.7,19.52,1.45,0.0,0.015853
2020-05-21 08:00:00,25538.0,656.0,43.14,20.85,1.03,0.0,0.025538
2020-05-21 09:00:00,30055.0,796.0,52.89,22.12,0.48,0.0,0.030055
2020-05-21 10:00:00,32823.5,895.01,60.86,23.32,0.14,0.0,0.0328235
2020-05-21 11:00:00,34488.5,944.01,65.02,24.32,0.48,0.0,0.0344885
2020-05-21 12:00:00,33849.0,925.01,63.42,24.89,0.55,0.0,0.033849
2020-05-21 13:00:00,31742.5,861.01,56.92,25.48,0.55,0.0,0.0317425
2020-05-21 14:00:00,27644.0,741.0,47.82,26.04,0.48,0.0,0.027644
2020-05-21 15:00:00,22305.0,591.0,37.61,26.17,0.48,0.0,0.022305
2020-05-21 16:00:00,15317.0,410.0,27.04,26.13,0.69,0.0,0.015317
2020-05-21 17:00:00,7778.5,230.0,16.53,25.79,0.62,0.0,0.0077785
2020-05-21 18:00:00,1476.5,65.0,6.41,24.75,0.55,0.0,0.0014765
2020-05-21 19:00:00,0.0,0.0,0.0,22.85,1.1,0.0,0.0
2020-05-21 20:00:00,0.0,0.0,0.0,21.44,1.17,0.0,0.0
2020-05-21 21:00:00,0.0,0.0,0.0,21.72,0.76,0.0,0.0
2020-05-21 22:00:00,0.0,0.0,0.0,20.55,0.69,0.0,0.0
2020-05-21 23:00:00,0.0,0.0,0.0,19.53,0.69,0.0,0.0
2020-05-22 00:00:00,0.0,0.0,0.0,18.62,0.55,0.0,0.0
2020-05-22 01:00:00,0.0,0.0,0.0,17.9,0.48,0.0,0.0
2020-05-22 02:00:00,0.0,0.0,0.0,17.51,0.62,0.0,0.0
2020-05-22 03:00:00,0.0,0.0,0.0,17.13,0.62,0.0,0.0
2020-05-22 04:00:00,0.0,0.0,0.0,16.69,0.83,0.0,0.0
2020-05-22 05:00:00,4148.0,127.0,11.87,16.5,0.76,0.0,0.004148
2020-05-22 06:00:00,7823.0,208.0,22.23,18.14,0.76,0.0,0.007823
2020-05-22 07:00:00,16041.0,412.0,32.82,20.4,0.69,0.0,0.016041
2020-05-22 08:00:00,22913.5,596.0,43.27,22.01,0.41,0.0,0.0229135
2020-05-22 09:00:00,28655.5,761.0,53.03,23.53,0.55,0.0,0.0286555
2020-05-22 10:00:00,30017.5,803.0,61.03,24.71,0.9,0.0,0.0300175
2020-05-22 11:00:00,30882.5,829.01,65.22,25.57,1.17,0.0,0.0308825
2020-05-22 12:00:00,30039.0,801.0,63.62,26.38,1.66,0.0,0.030039
2020-05-22 13:00:00,23698.0,624.0,57.09,26.65,1.79,0.0,0.023698
2020-05-22 14:00:00,24388.5,638.0,47.97,26.47,1.93,0.0,0.0243885
2020-05-22 15:00:00,21868.5,569.0,37.75,26.09,1.86,0.0,0.0218685
2020-05-22 16:00:00,15003.0,397.0,27.18,25.41,1.52,0.0,0.015003
2020-05-22 17:00:00,8090.5,237.0,16.67,24.64,1.52,0.0,0.0080905
2020-05-22 18:00:00,1596.5,69.0,6.56,23.4,1.38,0.0,0.0015965
2020-05-22 19:00:00,0.0,0.0,0.0,21.37,1.86,0.0,0.0
2020-05-22 20:00:00,0.0,0.0,0.0,20.0,1.72,0.0,0.0
2020-05-22 21:00:00,0.0,0.0,0.0,18.88,1.59,0.0,0.0
2020-05-22 22:00:00,0.0,0.0,0.0,17.94,1.38,0.0,0.0
2020-05-22 23:00:00,0.0,0.0,0.0,17.45,1.52,0.0,0.0
2020-05-23 00:00:00,0.0,0.0,0.0,16.92,1.45,0.0,0.0
2020-05-23 01:00:00,0.0,0.0,0.0,16.24,1.31,0.0,0.0
2020-05-23 02:00:00,0.0,0.0,0.0,16.05,1.1,0.0,0.0
2020-05-23 03:00:00,0.0,0.0,0.0,15.86,1.03,0.0,0.0
2020-05-23 04:00:00,0.0,0.0,0.0,15.38,1.1,0.0,0.0
2020-05-23 05:00:00,2847.0,87.0,11.99,15.75,1.03,0.0,0.002847
2020-05-23 06:00:00,5434.5,149.0,22.35,18.19,0.83,0.0,0.0054345
2020-05-23 07:00:00,11005.5,284.0,32.93,19.55,1.31,0.0,0.0110055
2020-05-23 08:00:00,16356.0,418.0,43.39,21.12,1.59,0.0,0.016356
2020-05-23 09:00:00,28835.0,746.0,53.17,22.47,1.72,0.0,0.028835
2020-05-23 10:00:00,29905.5,782.0,61.19,23.9,1.93,0.0,0.0299055
2020-05-23 11:00:00,32134.0,851.01,65.41,24.76,1.79,0.0,0.032134
2020-05-23 12:00:00,22072.5,573.0,63.81,25.02,2.48,0.0,0.0220725
2020-05-23 13:00:00,28164.0,727.0,57.26,24.71,3.03,0.0,0.028164
2020-05-23 14:00:00,17671.5,456.0,48.12,24.11,2.21,0.0,0.0176715
2020-05-23 15:00:00,8148.0,218.0,37.9,23.54,2.28,0.0,0.008148
2020-05-23 16:00:00,7345.0,198.0,27.32,22.96,2.28,0.0,0.007345
2020-05-23 17:00:00,362.0,20.0,16.82,22.4,1.52,0.0,0.000362
2020-05-23 18:00:00,776.5,33.0,6.72,21.76,1.66,0.0,0.0007765
2020-05-23 19:00:00,0.0,0.0,0.0,20.09,1.38,0.0,0.0
2020-05-23 20:00:00,0.0,0.0,0.0,19.37,1.24,0.0,0.0
2020-05-23 21:00:00,0.0,0.0,0.0,18.38,0.9,0.0,0.0
2020-05-23 22:00:00,0.0,0.0,0.0,17.75,0.83,0.0,0.0
2020-05-23 23:00:00,0.0,0.0,0.0,17.99,0.62,0.0,0.0
2020-05-24 00:00:00,0.0,0.0,0.0,17.64,0.34,0.0,0.0
2020-05-24 01:00:00,0.0,0.0,0.0,17.36,0.0,0.0,0.0
2020-05-24 02:00:00,0.0,0.0,0.0,16.03,0.83,0.0,0.0
2020-05-24 03:00:00,0.0,0.0,0.0,14.92,1.45,0.0,0.0
2020-05-24 04:00:00,0.0,3.0,2.31,14.46,1.38,0.0,0.0
2020-05-24 05:00:00,2977.5,90.0,12.11,15.22,0.83,0.0,0.0029775
2020-05-24 06:00:00,12825.0,337.0,22.46,17.33,0.76,0.0,0.012825
2020-05-24 07:00:00,21224.0,535.0,33.04,18.73,1.79,0.0,0.021224
2020-05-24 08:00:00,27235.0,687.0,43.5,19.8,2.28,0.0,0.027235
2020-05-24 09:00:00,32102.0,821.0,53.3,20.93,2.48,0.0,0.032102
2020-05-24 10:00:00,35399.0,922.01,61.35,21.88,2.28,0.0,0.035399
2020-05-24 11:00:00,36281.5,957.01,65.59,22.8,2.07,0.0,0.0362815
2020-05-24 12:00:00,34208.5,901.01,63.99,23.5,2.07,0.0,0.0342085
2020-05-24 13:00:00,32262.5,845.01,57.43,23.84,2.07,0.0,0.0322625
2020-05-24 14:00:00,28553.5,741.0,48.27,23.87,1.93,0.0,0.0285535
2020-05-24 15:00:00,21914.5,565.0,38.04,23.91,1.79,0.0,0.0219145
2020-05-24 16:00:00,16136.0,423.0,27.46,23.6,1.45,0.0,0.016136
2020-05-24 17:00:00,8349.5,241.0,16.96,23.14,0.69,0.0,0.0083495
2020-05-24 18:00:00,1641.0,66.0,6.86,22.3,0.34,0.0,0.001641
2020-05-24 19:00:00,0.0,0.0,0.0,20.38,1.38,0.0,0.0
2020-05-24 20:00:00,0.0,0.0,0.0,18.07,1.52,0.0,0.0
2020-05-24 21:00:00,0.0,0.0,0.0,16.74,1.38,0.0,0.0
2020-05-24 22:00:00,0.0,0.0,0.0,16.94,0.97,0.0,0.0
2020-05-24 23:00:00,0.0,0.0,0.0,17.27,0.55,0.0,0.0
2020-05-25 00:00:00,0.0,0.0,0.0,16.49,0.48,0.0,0.0
2020-05-25 01:00:00,0.0,0.0,0.0,15.8,0.83,0.0,0.0
2020-05-25 02:00:00,0.0,0.0,0.0,14.48,1.1,0.0,0.0
2020-05-25 03:00:00,0.0,0.0,0.0,13.74,1.24,0.0,0.0
2020-05-25 04:00:00,0.0,3.0,2.43,13.19,1.24,0.0,0.0
2020-05-25 05:00:00,5042.0,155.0,12.22,13.85,0.9,0.0,0.005042
2020-05-25 06:00:00,12804.0,334.0,22.56,15.85,0.76,0.0,0.012804
2020-05-25 07:00:00,20693.5,522.0,33.14,17.78,1.17,0.0,0.0206935
2020-05-25 08:00:00,27058.5,689.0,43.61,19.1,1.17,0.0,0.0270585
2020-05-25 09:00:00,31524.0,819.0,53.42,20.22,1.1,0.0,0.031524
2020-05-25 10:00:00,34313.5,910.01,61.5,21.29,0.97,0.0,0.0343135
2020-05-25 11:00:00,35316.0,960.01,65.77,22.5,0.48,0.0,0.035316
2020-05-25 12:00:00,34010.5,925.01,64.17,23.52,0.48,0.0,0.0340105
2020-05-25 13:00:00,32877.0,882.01,57.59,24.27,0.9,0.0,0.032877
2020-05-25 14:00:00,28397.0,753.0,48.42,24.64,0.76,0.0,0.028397
2020-05-25 15:00:00,22751.0,600.0,38.17,24.92,0.41,0.0,0.022751
2020-05-25 16:00:00,15886.0,422.0,27.59,24.99,0.69,0.0,0.015886
2020-05-25 17:00:00,8239.0,239.0,17.1,24.5,0.97,0.0,0.008239
2020-05-25 18:00:00,1760.0,73.0,7.01,23.2,1.03,0.0,0.00176
2020-05-25 19:00:00,0.0,0.0,0.0,21.53,1.1,0.0,0.0
2020-05-25 20:00:00,0.0,0.0,0.0,20.98,0.9,0.0,0.0
2020-05-25 21:00:00,0.0,0.0,0.0,20.49,0.62,0.0,0.0
2020-05-25 22:00:00,0.0,0.0,0.0,19.92,0.28,0.0,0.0
2020-05-25 23:00:00,0.0,0.0,0.0,19.2,0.14,0.0,0.0
2020-05-26 00:00:00,0.0,0.0,0.0,18.28,0.48,0.0,0.0
2020-05-26 01:00:00,0.0,0.0,0.0,17.17,1.1,0.0,0.0
2020-05-26 02:00:00,0.0,0.0,0.0,15.11,1.79,0.0,0.0
2020-05-26 03:00:00,0.0,0.0,0.0,14.86,2.07,0.0,0.0
2020-05-26 04:00:00,0.0,5.0,2.55,14.66,2.07,0.0,0.0
2020-05-26 05:00:00,4096.5,122.0,12.32,14.94,1.79,0.0,0.0040965
2020-05-26 06:00:00,12176.0,317.0,22.66,17.03,1.59,0.0,0.012176
2020-05-26 07:00:00,18812.0,473.0,33.24,18.7,2.0,0.0,0.018812
2020-05-26 08:00:00,27071.0,682.0,43.71,19.77,2.28,0.0,0.027071
2020-05-26 09:00:00,31616.0,810.0,53.54,20.73,2.14,0.0,0.031616
2020-05-26 10:00:00,34664.5,905.01,61.64,21.75,1.93,0.0,0.0346645
2020-05-26 11:00:00,34552.0,914.01,65.94,22.86,1.66,0.0,0.034552
2020-05-26 12:00:00,34082.0,915.01,64.35,23.34,0.97,0.0,0.034082
2020-05-26 13:00:00,29829.5,803.0,57.74,24.04,0.34,0.0,0.0298295
2020-05-26 14:00:00,24596.0,649.0,48.56,24.26,0.55,0.0,0.024596
2020-05-26 15:00:00,17974.5,470.0,38.31,24.4,0.62,0.0,0.0179745
2020-05-26 16:00:00,14382.5,380.0,27.73,24.31,0.76,0.0,0.0143825
2020-05-26 17:00:00,8412.0,244.0,17.23,24.17,0.41,0.0,0.008412
2020-05-26 18:00:00,1851.5,77.0,7.15,23.56,0.41,0.0,0.0018515
2020-05-26 19:00:00,0.0,0.0,0.0,21.1,1.79,0.0,0.0
2020-05-26 20:00:00,0.0,0.0,0.0,19.16,1.93,0.0,0.0
2020-05-26 21:00:00,0.0,0.0,0.0,17.92,1.79,0.0,0.0
2020-05-26 22:00:00,0.0,0.0,0.0,17.06,1.86,0.0,0.0
2020-05-26 23:00:00,0.0,0.0,0.0,16.34,2.07,0.0,0.0
2020-05-27 00:00:00,0.0,0.0,0.0,15.75,2.07,0.0,0.0
2020-05-27 01:00:00,0.0,0.0,0.0,15.39,2.07,0.0,0.0
2020-05-27 02:00:00,0.0,0.0,0.0,14.98,1.86,0.0,0.0
2020-05-27 03:00:00,0.0,0.0,0.0,14.47,1.59,0.0,0.0
2020-05-27 04:00:00,0.0,2.0,2.66,14.56,1.38,0.0,0.0
2020-05-27 05:00:00,1962.0,63.0,12.42,14.84,1.24,0.0,0.001962
2020-05-27 06:00:00,7096.0,188.0,22.75,16.59,1.17,0.0,0.007096
2020-05-27 07:00:00,20344.0,509.0,33.33,17.17,1.66,0.0,0.020344
2020-05-27 08:00:00,27036.5,678.0,43.81,17.75,1.79,0.0,0.0270365
2020-05-27 09:00:00,31568.0,806.0,53.65,18.27,1.52,0.0,0.031568
2020-05-27 10:00:00,34762.0,905.01,61.78,18.79,1.24,0.0,0.034762
2020-05-27 11:00:00,35741.0,945.01,66.11,19.58,0.97,0.0,0.035741
2020-05-27 12:00:00,31815.0,841.01,64.52,20.78,0.76,0.0,0.031815
2020-05-27 13:00:00,28921.5,762.0,57.89,21.35,0.55,0.0,0.0289215
2020-05-27 14:00:00,26149.0,686.0,48.7,21.9,0.34,0.0,0.026149
2020-05-27 15:00:00,23057.5,602.0,38.44,22.24,0.21,0.0,0.0230575
2020-05-27 16:00:00,16370.5,432.0,27.86,22.37,0.07,0.0,0.0163705
2020-05-27 17:00:00,8486.5,243.0,17.37,22.26,0.41,0.0,0.0084865
2020-05-27 18:00:00,1865.5,74.0,7.29,21.22,0.83,0.0,0.0018655
2020-05-27 19:00:00,0.0,0.0,0.0,19.65,1.17,0.0,0.0
2020-05-27 20:00:00,0.0,0.0,0.0,18.81,1.17,0.0,0.0
2020-05-27 21:00:00,0.0,0.0,0.0,19.22,0.62,0.0,0.0
2020-05-27 22:00:00,0.0,0.0,0.0,18.72,0.0,0.0,0.0
2020-05-27 23:00:00,0.0,0.0,0.0,17.86,0.41,0.0,0.0
2020-05-28 00:00:00,0.0,0.0,0.0,16.89,0.55,0.0,0.0
2020-05-28 01:00:00,0.0,0.0,0.0,16.14,0.34,0.0,0.0
2020-05-28 02:00:00,0.0,0.0,0.0,15.51,0.34,0.0,0.0
2020-05-28 03:00:00,0.0,0.0,0.0,14.87,0.55,0.0,0.0
2020-05-28 04:00:00,45.5,8.0,2.76,14.39,0.69,0.0,4.55e-05
2020-05-28 05:00:00,4949.5,150.0,12.52,14.69,0.41,0.0,0.0049495
2020-05-28 06:00:00,12925.5,339.0,22.84,16.61,0.34,0.0,0.0129255
2020-05-28 07:00:00,20141.5,516.0,33.42,18.86,0.28,0.0,0.0201415
2020-05-28 08:00:00,26227.5,683.0,43.9,20.5,0.21,0.0,0.0262275
2020-05-28 09:00:00,30551.0,808.0,53.75,21.86,0.55,0.0,0.030551
2020-05-28 10:00:00,33624.0,902.01,61.91,22.87,0.76,0.0,0.033624
2020-05-28 11:00:00,35279.5,942.01,66.27,23.56,1.45,0.0,0.0352795
2020-05-28 12:00:00,34426.0,917.01,64.68,24.17,1.59,0.0,0.034426
2020-05-28 13:00:00,30108.0,792.0,58.04,24.58,1.72,0.0,0.030108
2020-05-28 14:00:00,28524.0,748.0,48.83,24.79,1.45,0.0,0.028524
2020-05-28 15:00:00,23183.5,601.0,38.57,24.54,1.52,0.0,0.0231835
2020-05-28 16:00:00,16241.0,424.0,27.98,24.06,2.07,0.0,0.016241
2020-05-28 17:00:00,7723.5,218.0,17.5,23.23,2.69,0.0,0.0077235
2020-05-28 18:00:00,1435.0,54.0,7.43,21.99,2.55,0.0,0.001435
2020-05-28 19:00:00,0.0,0.0,0.0,20.18,2.69,0.0,0.0
2020-05-28 20:00:00,0.0,0.0,0.0,18.9,2.28,0.0,0.0
2020-05-28 21:00:00,0.0,0.0,0.0,17.87,1.59,0.0,0.0
2020-05-28 22:00:00,0.0,0.0,0.0,16.47,1.45,0.0,0.0
2020-05-28 23:00:00,0.0,0.0,0.0,15.39,1.52,0.0,0.0
2020-05-29 00:00:00,0.0,0.0,0.0,14.6,1.45,0.0,0.0
2020-05-29 01:00:00,0.0,0.0,0.0,14.02,1.52,0.0,0.0
2020-05-29 02:00:00,0.0,0.0,0.0,14.21,1.86,0.0,0.0
2020-05-29 03:00:00,0.0,0.0,0.0,14.4,2.41,0.0,0.0
2020-05-29 04:00:00,24.5,7.0,2.86,14.28,2.76,0.0,2.45e-05
2020-05-29 05:00:00,511.5,24.0,12.61,14.22,3.03,0.0,0.0005115
2020-05-29 06:00:00,4132.5,115.0,22.92,14.39,3.17,0.0,0.0041325
2020-05-29 07:00:00,5490.0,147.0,33.5,14.66,3.31,0.0,0.00549
2020-05-29 08:00:00,11354.0,285.0,43.99,15.3,3.1,0.0,0.011354
2020-05-29 09:00:00,12932.5,323.0,53.85,15.62,3.17,0.0,0.0129325
2020-05-29 10:00:00,10036.5,256.0,62.03,16.86,3.03,0.0,0.0100365
2020-05-29 11:00:00,22149.5,555.0,66.42,17.94,2.69,0.0,0.0221495
2020-05-29 12:00:00,9386.0,243.0,64.84,18.55,2.21,0.0,0.009386
2020-05-29 13:00:00,29714.5,760.0,58.19,19.55,1.86,0.0,0.0297145
2020-05-29 14:00:00,28541.5,729.0,48.96,19.93,1.59,0.0,0.0285415
2020-05-29 15:00:00,19962.0,506.0,38.69,20.15,1.59,0.0,0.019962
2020-05-29 16:00:00,13011.0,335.0,28.11,20.02,1.52,0.0,0.013011
2020-05-29 17:00:00,7244.0,200.0,17.62,19.57,1.86,0.0,0.007244
2020-05-29 18:00:00,2096.0,82.0,7.56,18.75,1.93,0.0,0.002096
2020-05-29 19:00:00,0.0,0.0,0.0,17.05,1.86,0.0,0.0
2020-05-29 20:00:00,0.0,0.0,0.0,15.78,1.52,0.0,0.0
2020-05-29 21:00:00,0.0,0.0,0.0,14.98,1.03,0.0,0.0
2020-05-29 22:00:00,0.0,0.0,0.0,15.4,0.83,0.0,0.0
2020-05-29 23:00:00,0.0,0.0,0.0,15.48,0.48,0.0,0.0
2020-05-30 00:00:00,0.0,0.0,0.0,15.29,0.34,0.0,0.0
2020-05-30 01:00:00,0.0,0.0,0.0,15.11,0.48,0.0,0.0
2020-05-30 02:00:00,0.0,0.0,0.0,14.49,0.9,0.0,0.0
2020-05-30 03:00:00,0.0,0.0,0.0,13.29,1.03,0.0,0.0
2020-05-30 04:00:00,0.0,3.0,2.95,13.78,0.83,0.0,0.0
2020-05-30 05:00:00,3974.0,117.0,12.69,14.16,0.48,0.0,0.003974
2020-05-30 06:00:00,10915.5,283.0,23.0,15.32,0.34,0.0,0.0109155
2020-05-30 07:00:00,19476.0,490.0,33.57,16.98,0.97,0.0,0.019476
2020-05-30 08:00:00,27416.5,695.0,44.07,18.11,1.17,0.0,0.0274165
2020-05-30 09:00:00,31605.0,816.0,53.94,19.19,1.17,0.0,0.031605
2020-05-30 10:00:00,34410.0,911.01,62.15,20.29,0.83,0.0,0.03441
2020-05-30 11:00:00,36278.5,972.01,66.57,20.99,0.83,0.0,0.0362785
2020-05-30 12:00:00,35575.5,958.01,64.99,21.79,0.69,0.0,0.0355755
2020-05-30 13:00:00,33210.5,885.01,58.33,22.24,0.76,0.0,0.0332105
2020-05-30 14:00:00,29303.5,774.0,49.09,22.71,0.55,0.0,0.0293035
2020-05-30 15:00:00,23293.0,607.0,38.81,22.9,0.55,0.0,0.023293
2020-05-30 16:00:00,16322.5,430.0,28.23,22.84,0.28,0.0,0.0163225
2020-05-30 17:00:00,8963.0,256.0,17.75,22.44,0.41,0.0,0.008963
2020-05-30 18:00:00,2178.5,87.0,7.69,21.15,0.69,0.0,0.0021785
2020-05-30 19:00:00,0.0,0.0,0.0,20.6,0.48,0.0,0.0
2020-05-30 20:00:00,0.0,0.0,0.0,19.49,0.76,0.0,0.0
2020-05-30 21:00:00,0.0,0.0,0.0,18.68,0.69,0.0,0.0
2020-05-30 22:00:00,0.0,0.0,0.0,18.13,0.48,0.0,0.0
2020-05-30 23:00:00,0.0,0.0,0.0,17.46,0.34,0.0,0.0
2020-05-31 00:00:00,0.0,0.0,0.0,16.79,0.28,0.0,0.0
2020-05-31 01:00:00,0.0,0.0,0.0,15.82,0.55,0.0,0.0
2020-05-31 02:00:00,0.0,0.0,0.0,14.2,1.17,0.0,0.0
2020-05-31 03:00:00,0.0,0.0,0.0,12.7,1.52,0.0,0.0
2020-05-31 04:00:00,6.0,6.0,3.04,12.18,1.59,0.0,6e-06
2020-05-31 05:00:00,2261.5,70.0,12.76,12.51,1.38,0.0,0.0022615
2020-05-31 06:00:00,4992.0,136.0,23.07,14.87,1.45,0.0,0.004992
2020-05-31 07:00:00,7631.0,199.0,33.64,15.88,1.45,0.0,0.007631
2020-05-31 08:00:00,17441.5,438.0,44.14,16.65,1.03,0.0,0.0174415
2020-05-31 09:00:00,21829.5,554.0,54.03,17.59,0.83,0.0,0.0218295
2020-05-31 10:00:00,22443.5,576.0,62.26,18.6,0.62,0.0,0.0224435
2020-05-31 11:00:00,20202.0,521.0,66.71,19.54,0.48,0.0,0.020202
2020-05-31 12:00:00,33704.5,906.01,65.14,20.93,0.34,0.0,0.0337045
2020-05-31 13:00:00,27440.5,722.0,58.46,21.46,0.48,0.0,0.0274405
2020-05-31 14:00:00,27889.0,732.0,49.21,22.13,0.55,0.0,0.027889
2020-05-31 15:00:00,23223.0,604.0,38.93,22.59,0.55,0.0,0.023223
2020-05-31 16:00:00,16561.0,433.0,28.35,22.27,0.69,0.0,0.016561
2020-05-31 17:00:00,8797.0,250.0,17.87,22.44,0.55,0.0,0.008797
2020-05-31 18:00:00,2131.5,83.0,7.81,21.75,0.41,0.0,0.0021315
2020-05-31 19:00:00,0.0,0.0,0.0,20.87,0.55,0.0,0.0
2020-05-31 20:00:00,0.0,0.0,0.0,19.92,0.69,0.0,0.0
2020-05-31 21:00:00,0.0,0.0,0.0,18.83,0.83,0.0,0.0
2020-05-31 22:00:00,0.0,0.0,0.0,17.85,0.9,0.0,0.0
2020-05-31 23:00:00,0.0,0.0,0.0,16.8,0.9,0.0,0.0
2020-06-01 00:00:00,0.0,0.0,0.0,16.6,0.55,0.0,0.0
2020-06-01 01:00:00,0.0,0.0,0.0,16.15,0.21,0.0,0.0
2020-06-01 02:00:00,0.0,0.0,0.0,15.59,0.14,0.0,0.0
2020-06-01 03:00:00,0.0,0.0,0.0,15.12,0.14,0.0,0.0
2020-06-01 04:00:00,0.0,2.0,3.12,14.82,0.21,0.0,0.0
2020-06-01 05:00:00,3110.0,93.0,12.84,14.85,0.21,0.0,0.00311
2020-06-01 06:00:00,8349.5,219.0,23.13,16.15,0.34,0.0,0.0083495
2020-06-01 07:00:00,9773.5,253.0,33.71,18.32,1.03,0.0,0.0097735
2020-06-01 08:00:00,16738.5,426.0,44.21,19.45,1.1,0.0,0.0167385
2020-06-01 09:00:00,30497.5,799.0,54.11,20.7,0.69,0.0,0.0304975
2020-06-01 10:00:00,32572.5,878.01,62.37,22.05,0.28,0.0,0.0325725
2020-06-01 11:00:00,34335.0,937.01,66.84,23.1,0.34,0.0,0.034335
2020-06-01 12:00:00,33420.0,909.01,65.28,23.88,0.48,0.0,0.03342
2020-06-01 13:00:00,32000.5,864.01,58.59,24.38,0.55,0.0,0.0320005
2020-06-01 14:00:00,28078.0,748.0,49.33,24.86,0.55,0.0,0.028078
2020-06-01 15:00:00,23091.0,603.0,39.05,25.0,1.1,0.0,0.023091
2020-06-01 16:00:00,16521.0,435.0,28.46,24.82,1.24,0.0,0.016521
2020-06-01 17:00:00,7842.0,222.0,17.99,24.3,1.24,0.0,0.007842
2020-06-01 18:00:00,2313.5,92.0,7.94,23.07,1.1,0.0,0.0023135
2020-06-01 19:00:00,0.0,0.0,0.0,21.35,0.9,0.0,0.0
2020-06-01 20:00:00,0.0,0.0,0.0,20.11,1.1,0.0,0.0
2020-06-01 21:00:00,0.0,0.0,0.0,18.11,1.59,0.0,0.0
2020-06-01 22:00:00,0.0,0.0,0.0,17.28,1.45,0.0,0.0
2020-06-01 23:00:00,0.0,0.0,0.0,16.73,1.38,0.0,0.0
2020-06-02 00:00:00,0.0,0.0,0.0,16.38,1.31,0.0,0.0
2020-06-02 01:00:00,0.0,0.0,0.0,15.92,1.24,0.0,0.0
2020-06-02 02:00:00,0.0,0.0,0.0,15.58,1.17,0.0,0.0
2020-06-02 03:00:00,0.0,0.0,0.0,15.37,1.1,0.0,0.0
2020-06-02 04:00:00,67.5,9.0,3.19,15.45,0.97,0.0,6.75e-05
2020-06-02 05:00:00,5365.0,163.0,12.9,15.75,0.9,0.0,0.005365
2020-06-02 06:00:00,13254.5,348.0,23.2,17.9,0.69,0.0,0.0132545
2020-06-02 07:00:00,20636.0,529.0,33.77,20.25,0.76,0.0,0.020636
2020-06-02 08:00:00,26581.5,697.0,44.27,22.17,0.34,0.0,0.0265815
2020-06-02 09:00:00,30936.0,828.0,54.19,23.8,0.55,0.0,0.030936
2020-06-02 10:00:00,33938.0,919.01,62.47,24.91,0.9,0.0,0.033938
2020-06-02 11:00:00,35790.5,975.01,66.97,26.03,1.24,0.0,0.0357905
2020-06-02 12:00:00,35490.5,961.01,65.42,26.86,1.66,0.0,0.0354905
2020-06-02 13:00:00,33097.0,889.01,58.72,27.38,1.72,0.0,0.033097
2020-06-02 14:00:00,27953.0,741.0,49.45,27.5,1.66,0.0,0.027953
2020-06-02 15:00:00,23741.0,622.0,39.16,27.48,1.93,0.0,0.023741
2020-06-02 16:00:00,16490.0,433.0,28.58,26.73,2.9,0.0,0.01649
2020-06-02 17:00:00,9362.5,268.0,18.1,25.47,2.69,0.0,0.0093625
2020-06-02 18:00:00,2325.5,91.0,8.06,23.79,2.76,0.0,0.0023255
2020-06-02 19:00:00,0.0,0.0,0.0,22.06,2.48,0.0,0.0
2020-06-02 20:00:00,0.0,0.0,0.0,20.59,2.55,0.0,0.0
2020-06-02 21:00:00,0.0,0.0,0.0,19.56,2.28,0.0,0.0
2020-06-02 22:00:00,0.0,0.0,0.0,18.63,1.72,0.0,0.0
2020-06-02 23:00:00,0.0,0.0,0.0,17.57,1.52,0.0,0.0
2020-06-03 00:00:00,0.0,0.0,0.0,16.86,1.45,0.0,0.0
2020-06-03 01:00:00,0.0,0.0,0.0,16.24,1.59,0.0,0.0
2020-06-03 02:00:00,0.0,0.0,0.0,15.88,1.52,0.0,0.0
2020-06-03 03:00:00,0.0,0.0,0.0,15.82,1.31,0.0,0.0
2020-06-03 04:00:00,115.5,11.0,3.26,15.94,1.03,0.0,0.0001155
2020-06-03 05:00:00,5511.5,169.0,12.96,16.36,0.76,0.0,0.0055115
2020-06-03 06:00:00,13447.0,353.0,23.25,17.76,0.69,0.0,0.013447
2020-06-03 07:00:00,20776.0,528.0,33.82,19.53,1.17,0.0,0.020776
2020-06-03 08:00:00,26772.0,690.0,44.33,21.4,1.1,0.0,0.026772
2020-06-03 09:00:00,30476.5,801.0,54.25,22.81,1.1,0.0,0.0304765
2020-06-03 10:00:00,27502.5,720.0,62.56,24.05,1.72,0.0,0.0275025
2020-06-03 11:00:00,32720.0,858.01,67.09,24.92,2.69,0.0,0.03272
2020-06-03 12:00:00,28787.5,747.0,65.55,25.16,3.24,0.0,0.0287875
2020-06-03 13:00:00,30665.5,792.0,58.84,24.95,3.45,0.0,0.0306655
2020-06-03 14:00:00,28223.0,725.0,49.57,24.44,2.97,0.0,0.028223
2020-06-03 15:00:00,19532.5,499.0,39.27,23.81,2.83,0.0,0.0195325
2020-06-03 16:00:00,1361.0,49.0,28.68,23.23,2.48,0.0,0.001361
2020-06-03 17:00:00,551.5,26.0,18.21,22.71,1.59,0.0,0.0005515
2020-06-03 18:00:00,756.5,32.0,8.17,21.87,1.03,0.0,0.0007565
2020-06-03 19:00:00,0.0,0.0,0.0,20.65,1.86,0.0,0.0
2020-06-03 20:00:00,0.0,0.0,0.0,19.07,1.72,0.0,0.0
2020-06-03 21:00:00,0.0,0.0,0.0,18.52,0.9,0.0,0.0
2020-06-03 22:00:00,0.0,0.0,0.0,18.44,0.69,0.0,0.0
2020-06-03 23:00:00,0.0,0.0,0.0,18.11,0.62,0.0,0.0
2020-06-04 00:00:00,0.0,0.0,0.0,18.13,0.55,0.0,0.0
2020-06-04 01:00:00,0.0,0.0,0.0,17.59,0.69,0.0,0.0
2020-06-04 02:00:00,0.0,0.0,0.0,17.16,1.03,0.0,0.0
2020-06-04 03:00:00,0.0,0.0,0.0,16.99,1.31,0.0,0.0
2020-06-04 04:00:00,5.0,6.0,3.33,16.71,1.38,0.0,5e-06
2020-06-04 05:00:00,373.5,20.0,13.02,17.16,1.79,0.0,0.0003735
2020-06-04 06:00:00,1100.5,41.0,23.3,17.61,2.07,0.0,0.0011005
2020-06-04 07:00:00,2427.0,75.0,33.87,17.44,2.9,0.0,0.002427
2020-06-04 08:00:00,8749.0,226.0,44.38,17.56,3.24,0.0,0.008749
2020-06-04 09:00:00,6531.5,174.0,54.32,18.16,3.17,0.0,0.0065315
2020-06-04 10:00:00,8968.0,232.0,62.64,18.71,4.0,0.0,0.008968
2020-06-04 11:00:00,26045.5,648.0,67.21,19.21,4.69,0.0,0.0260455
2020-06-04 12:00:00,8840.0,229.0,65.67,19.12,4.83,0.0,0.00884
2020-06-04 13:00:00,4648.5,129.0,58.96,18.18,4.21,0.0,0.0046485
2020-06-04 14:00:00,3819.5,109.0,49.68,17.69,3.45,0.0,0.0038195
2020-06-04 15:00:00,4153.5,117.0,39.38,17.45,2.76,0.0,0.0041535
2020-06-04 16:00:00,9952.5,255.0,28.79,17.32,2.48,0.0,0.0099525
2020-06-04 17:00:00,7611.5,207.0,18.32,17.33,1.59,0.0,0.0076115
2020-06-04 18:00:00,1547.0,55.0,8.28,17.2,0.41,0.0,0.001547
2020-06-04 19:00:00,0.0,0.0,0.0,16.36,1.93,0.0,0.0
2020-06-04 20:00:00,0.0,0.0,0.0,15.67,1.72,0.0,0.0
2020-06-04 21:00:00,0.0,0.0,0.0,15.09,1.31,0.0,0.0
2020-06-04 22:00:00,0.0,0.0,0.0,14.77,1.24,0.0,0.0
2020-06-04 23:00:00,0.0,0.0,0.0,14.69,1.1,0.0,0.0
2020-06-05 00:00:00,0.0,0.0,0.0,14.5,0.62,0.0,0.0
2020-06-05 01:00:00,0.0,0.0,0.0,14.45,0.48,0.0,0.0
2020-06-05 02:00:00,0.0,0.0,0.0,13.55,1.03,0.0,0.0
2020-06-05 03:00:00,0.0,0.0,0.0,13.07,1.24,0.0,0.0
2020-06-05 04:00:00,352.0,25.7,3.38,12.69,1.52,0.0,0.000352
2020-06-05 05:00:00,4761.0,139.0,13.07,13.19,1.31,0.0,0.004761
2020-06-05 06:00:00,8635.0,224.0,23.35,15.38,1.52,0.0,0.008635
2020-06-05 07:00:00,16360.0,409.0,33.91,17.14,2.0,0.0,0.01636
2020-06-05 08:00:00,27564.5,697.0,44.43,18.87,1.59,0.0,0.0275645
2020-06-05 09:00:00,31949.5,832.0,54.37,20.54,1.1,0.0,0.0319495
2020-06-05 10:00:00,33306.0,889.01,62.72,22.11,0.76,0.0,0.033306
2020-06-05 11:00:00,35499.5,965.01,67.31,23.42,0.69,0.0,0.0354995
2020-06-05 12:00:00,35271.5,962.01,65.79,24.29,0.69,0.0,0.0352715
2020-06-05 13:00:00,32897.5,886.01,59.07,25.23,0.97,0.0,0.0328975
2020-06-05 14:00:00,29548.0,784.0,49.78,25.58,1.1,0.0,0.029548
2020-06-05 15:00:00,23794.5,624.0,39.48,25.94,1.17,0.0,0.0237945
2020-06-05 16:00:00,17312.5,457.0,28.89,25.77,1.38,0.0,0.0173125
2020-06-05 17:00:00,8742.0,248.0,18.43,25.21,1.59,0.0,0.008742
2020-06-05 18:00:00,2526.5,98.0,8.39,23.64,1.86,0.0,0.0025265
2020-06-05 19:00:00,0.0,0.0,0.0,21.46,2.62,0.0,0.0
2020-06-05 20:00:00,0.0,0.0,0.0,19.92,2.69,0.0,0.0
2020-06-05 21:00:00,0.0,0.0,0.0,18.84,2.55,0.0,0.0
2020-06-05 22:00:00,0.0,0.0,0.0,17.95,2.21,0.0,0.0
2020-06-05 23:00:00,0.0,0.0,0.0,17.01,2.07,0.0,0.0
2020-06-06 00:00:00,0.0,0.0,0.0,15.92,1.86,0.0,0.0
2020-06-06 01:00:00,0.0,0.0,0.0,15.03,1.79,0.0,0.0
2020-06-06 02:00:00,0.0,0.0,0.0,14.32,1.59,0.0,0.0
2020-06-06 03:00:00,0.0,0.0,0.0,14.62,1.17,0.0,0.0
2020-06-06 04:00:00,369.5,25.09,3.44,15.64,0.55,0.0,0.0003695
2020-06-06 05:00:00,5693.5,175.0,13.11,15.89,0.34,0.0,0.0056935
2020-06-06 06:00:00,13473.5,354.0,23.38,17.4,0.34,0.0,0.0134735
2020-06-06 07:00:00,20831.0,531.0,33.95,19.25,0.76,0.0,0.020831
2020-06-06 08:00:00,26052.0,674.0,44.47,20.93,0.62,0.0,0.026052
2020-06-06 09:00:00,29472.0,774.0,54.43,22.43,0.9,0.0,0.029472
2020-06-06 10:00:00,31638.0,837.0,62.79,23.46,1.31,0.0,0.031638
2020-06-06 11:00:00,24379.5,636.0,67.41,24.4,1.93,0.0,0.0243795
2020-06-06 12:00:00,27762.0,725.0,65.91,24.86,2.34,0.0,0.027762
2020-06-06 13:00:00,32774.0,853.0,59.18,24.97,2.9,0.0,0.032774
2020-06-06 14:00:00,28545.5,727.0,49.89,23.83,3.52,0.0,0.0285455
2020-06-06 15:00:00,23046.0,585.0,39.58,23.63,3.24,0.0,0.023046
2020-06-06 16:00:00,16462.5,425.0,28.99,23.37,2.76,0.0,0.0164625
2020-06-06 17:00:00,9024.0,252.0,18.53,22.76,2.55,0.0,0.009024
2020-06-06 18:00:00,2523.5,95.0,8.49,22.09,2.21,0.0,0.0025235
2020-06-06 19:00:00,0.0,0.0,0.0,20.72,2.28,0.0,0.0
2020-06-06 20:00:00,0.0,0.0,0.0,19.56,2.21,0.0,0.0
2020-06-06 21:00:00,0.0,0.0,0.0,18.79,1.93,0.0,0.0
2020-06-06 22:00:00,0.0,0.0,0.0,18.39,1.52,0.0,0.0
2020-06-06 23:00:00,0.0,0.0,0.0,17.92,1.17,0.0,0.0
2020-06-07 00:00:00,0.0,0.0,0.0,17.38,1.17,0.0,0.0
2020-06-07 01:00:00,0.0,0.0,0.0,17.4,0.97,0.0,0.0
2020-06-07 02:00:00,0.0,0.0,0.0,17.31,0.83,0.0,0.0
2020-06-07 03:00:00,0.0,0.0,0.0,17.49,0.48,0.0,0.0
2020-06-07 04:00:00,0.0,2.0,3.48,17.1,0.41,0.0,0.0
2020-06-07 05:00:00,1977.5,64.0,13.15,17.17,0.76,0.0,0.0019775
2020-06-07 06:00:00,1100.0,41.0,23.42,17.47,0.76,0.0,0.0011
2020-06-07 07:00:00,7800.0,205.0,33.98,18.76,2.34,0.0,0.0078
2020-06-07 08:00:00,3124.0,93.0,44.5,19.64,2.55,0.0,0.003124
2020-06-07 09:00:00,11334.5,292.0,54.47,20.27,2.41,0.0,0.0113345
2020-06-07 10:00:00,18852.0,480.0,62.86,21.14,2.48,0.0,0.018852
2020-06-07 11:00:00,24677.5,630.0,67.51,21.32,2.55,0.0,0.0246775
2020-06-07 12:00:00,27026.0,691.0,66.01,21.71,2.76,0.0,0.027026
2020-06-07 13:00:00,21284.5,543.0,59.29,22.46,2.9,0.0,0.0212845
2020-06-07 14:00:00,27480.5,700.0,49.98,22.66,2.83,0.0,0.0274805
2020-06-07 15:00:00,12442.5,320.0,39.68,21.74,2.76,0.0,0.0124425
2020-06-07 16:00:00,14213.0,368.0,29.09,21.53,1.17,0.0,0.014213
2020-06-07 17:00:00,661.5,29.0,18.62,19.99,2.21,0.0,0.0006615
2020-06-07 18:00:00,65.5,9.0,8.59,18.55,2.83,0.0,6.55e-05
2020-06-07 19:00:00,0.0,0.0,0.0,17.03,1.66,0.0,0.0
2020-06-07 20:00:00,0.0,0.0,0.0,16.61,1.52,0.0,0.0
2020-06-07 21:00:00,0.0,0.0,0.0,16.36,1.24,0.0,0.0
2020-06-07 22:00:00,0.0,0.0,0.0,16.26,0.9,0.0,0.0
2020-06-07 23:00:00,0.0,0.0,0.0,16.23,0.48,0.0,0.0
2020-06-08 00:00:00,0.0,0.0,0.0,16.53,0.28,0.0,0.0
2020-06-08 01:00:00,0.0,0.0,0.0,16.49,0.21,0.0,0.0
2020-06-08 02:00:00,0.0,0.0,0.0,15.77,0.69,0.0,0.0
2020-06-08 03:00:00,0.0,0.0,0.0,15.1,1.24,0.0,0.0
2020-06-08 04:00:00,370.0,24.37,3.52,15.29,1.72,0.0,0.00037
2020-06-08 05:00:00,575.5,26.0,13.19,15.18,1.66,0.0,0.0005755
2020-06-08 06:00:00,4559.5,126.0,23.45,15.49,1.45,0.0,0.0045595
2020-06-08 07:00:00,3661.0,105.0,34.01,16.19,0.48,0.0,0.003661
2020-06-08 08:00:00,11453.0,293.0,44.53,17.54,0.97,0.0,0.011453
2020-06-08 09:00:00,12185.5,311.0,54.51,17.88,1.31,0.0,0.0121855
2020-06-08 10:00:00,26239.5,671.0,62.92,18.37,1.17,0.0,0.0262395
2020-06-08 11:00:00,17505.0,446.0,67.59,19.38,1.45,0.0,0.017505
2020-06-08 12:00:00,30987.5,802.0,66.12,19.42,1.38,0.0,0.0309875
2020-06-08 13:00:00,4672.0,131.0,59.39,19.72,1.38,0.0,0.004672
2020-06-08 14:00:00,5572.0,153.0,50.08,20.05,1.38,0.0,0.005572
2020-06-08 15:00:00,1608.5,55.0,39.77,20.34,1.72,0.0,0.0016085
2020-06-08 16:00:00,17199.0,442.0,29.18,19.69,0.9,0.0,0.017199
2020-06-08 17:00:00,7848.5,216.0,18.72,19.5,0.07,0.0,0.0078485
2020-06-08 18:00:00,2694.5,99.0,8.69,18.62,0.41,0.0,0.0026945
2020-06-08 19:00:00,0.0,0.0,0.0,16.3,1.03,0.0,0.0
2020-06-08 20:00:00,0.0,0.0,0.0,15.81,0.83,0.0,0.0
2020-06-08 21:00:00,0.0,0.0,0.0,15.63,0.14,0.0,0.0
2020-06-08 22:00:00,0.0,0.0,0.0,15.43,0.14,0.0,0.0
2020-06-08 23:00:00,0.0,0.0,0.0,14.98,0.55,0.0,0.0
2020-06-09 00:00:00,0.0,0.0,0.0,14.64,0.83,0.0,0.0
2020-06-09 01:00:00,0.0,0.0,0.0,14.63,0.97,0.0,0.0
2020-06-09 02:00:00,0.0,0.0,0.0,14.69,1.1,0.0,0.0
2020-06-09 03:00:00,0.0,0.0,0.0,14.42,1.1,0.0,0.0
2020-06-09 04:00:00,0.0,3.0,3.56,14.33,1.1,0.0,0.0
2020-06-09 05:00:00,3950.0,115.0,13.21,14.31,1.17,0.0,0.00395
2020-06-09 06:00:00,7753.5,202.0,23.47,14.77,1.38,0.0,0.0077535
2020-06-09 07:00:00,12392.5,312.0,34.03,14.99,0.9,0.0,0.0123925
2020-06-09 08:00:00,18366.0,459.0,44.56,15.89,1.1,0.0,0.018366
2020-06-09 09:00:00,29483.0,753.0,54.54,16.7,0.83,0.0,0.029483
2020-06-09 10:00:00,33683.0,879.01,62.97,17.45,0.69,0.0,0.033683
2020-06-09 11:00:00,26613.0,686.0,67.67,17.94,0.69,0.0,0.026613
2020-06-09 12:00:00,24677.0,632.0,66.21,18.5,1.03,0.0,0.024677
2020-06-09 13:00:00,15653.5,399.0,59.48,19.27,1.38,0.0,0.0156535
2020-06-09 14:00:00,2954.0,89.0,50.17,19.81,1.31,0.0,0.002954
2020-06-09 15:00:00,3801.5,110.0,39.86,19.72,0.55,0.0,0.0038015
2020-06-09 16:00:00,7652.0,203.0,29.27,19.3,0.9,0.0,0.007652
2020-06-09 17:00:00,5846.5,160.0,18.81,17.63,1.38,0.0,0.0058465
2020-06-09 18:00:00,2856.0,106.0,8.78,17.07,0.76,0.0,0.002856
2020-06-09 19:00:00,0.0,0.0,0.0,15.94,1.03,0.0,0.0
2020-06-09 20:00:00,0.0,0.0,0.0,14.6,0.69,0.0,0.0
2020-06-09 21:00:00,0.0,0.0,0.0,13.92,1.66,0.0,0.0
2020-06-09 22:00:00,0.0,0.0,0.0,13.43,1.59,0.0,0.0
2020-06-09 23:00:00,0.0,0.0,0.0,13.0,1.31,0.0,0.0
2020-06-10 00:00:00,0.0,0.0,0.0,12.78,1.38,0.0,0.0
2020-06-10 01:00:00,0.0,0.0,0.0,12.42,1.52,0.0,0.0
2020-06-10 02:00:00,0.0,0.0,0.0,12.05,1.45,0.0,0.0
2020-06-10 03:00:00,0.0,0.0,0.0,11.57,1.31,0.0,0.0
2020-06-10 04:00:00,47.0,8.0,3.59,11.14,1.17,0.0,4.7e-05
2020-06-10 05:00:00,4945.0,143.0,13.24,11.98,0.76,0.0,0.004945
2020-06-10 06:00:00,13622.0,351.0,23.49,14.21,0.55,0.0,0.013622
2020-06-10 07:00:00,21178.0,534.0,34.05,16.21,0.48,0.0,0.021178
2020-06-10 08:00:00,26891.5,688.0,44.58,17.84,0.48,0.0,0.0268915
2020-06-10 09:00:00,31218.0,816.0,54.57,19.3,0.55,0.0,0.031218
2020-06-10 10:00:00,32447.0,862.0,63.02,20.4,0.48,0.0,0.032447
2020-06-10 11:00:00,32642.5,880.01,67.75,21.19,0.21,0.0,0.0326425
2020-06-10 12:00:00,17800.5,464.0,66.3,21.93,0.41,0.0,0.0178005
2020-06-10 13:00:00,4353.5,125.0,59.57,22.44,0.41,0.0,0.0043535
2020-06-10 14:00:00,2131.5,69.0,50.26,22.0,1.1,0.0,0.0021315
2020-06-10 15:00:00,12981.0,334.0,39.94,21.42,1.93,0.0,0.012981
2020-06-10 16:00:00,16530.5,423.0,29.35,20.68,1.93,0.0,0.0165305
2020-06-10 17:00:00,6490.5,178.0,18.89,19.67,1.38,0.0,0.0064905
2020-06-10 18:00:00,1564.5,55.0,8.87,19.15,0.9,0.0,0.0015645
2020-06-10 19:00:00,0.0,0.0,0.0,17.85,1.1,0.0,0.0
2020-06-10 20:00:00,0.0,0.0,0.0,17.0,0.97,0.0,0.0
2020-06-10 21:00:00,0.0,0.0,0.0,17.25,0.41,0.0,0.0
2020-06-10 22:00:00,0.0,0.0,0.0,16.8,0.55,0.0,0.0
2020-06-10 23:00:00,0.0,0.0,0.0,14.71,1.1,0.0,0.0
2020-06-11 00:00:00,0.0,0.0,0.0,13.53,1.31,0.0,0.0
2020-06-11 01:00:00,0.0,0.0,0.0,13.27,1.17,0.0,0.0
2020-06-11 02:00:00,0.0,0.0,0.0,13.29,0.97,0.0,0.0
2020-06-11 03:00:00,0.0,0.0,0.0,13.32,0.9,0.0,0.0
2020-06-11 04:00:00,233.5,15.82,3.61,13.09,0.83,0.0,0.0002335
2020-06-11 05:00:00,4324.5,126.0,13.25,13.98,0.55,0.0,0.0043245
2020-06-11 06:00:00,10372.5,268.0,23.5,15.16,0.55,0.0,0.0103725
2020-06-11 07:00:00,16354.5,408.0,34.06,15.92,1.45,0.0,0.0163545
2020-06-11 08:00:00,9745.0,250.0,44.59,16.46,1.38,0.0,0.009745
2020-06-11 09:00:00,23074.0,582.0,54.59,17.38,1.31,0.0,0.023074
2020-06-11 10:00:00,20858.5,531.0,63.05,18.85,1.24,0.0,0.0208585
2020-06-11 11:00:00,13262.0,341.0,67.81,19.71,1.1,0.0,0.013262
2020-06-11 12:00:00,14444.5,372.0,66.39,20.09,0.83,0.0,0.0144445
2020-06-11 13:00:00,12758.5,328.0,59.66,19.87,1.38,0.0,0.0127585
2020-06-11 14:00:00,20045.0,511.0,50.34,20.13,1.31,0.0,0.020045
2020-06-11 15:00:00,12209.5,315.0,40.02,20.47,1.17,0.0,0.0122095
2020-06-11 16:00:00,5920.5,162.0,29.44,19.98,0.21,0.0,0.0059205
2020-06-11 17:00:00,4362.5,124.0,18.98,19.55,0.97,0.0,0.0043625
2020-06-11 18:00:00,2495.5,87.0,8.95,18.79,1.52,0.0,0.0024955
2020-06-11 19:00:00,0.0,0.0,0.0,17.85,1.38,0.0,0.0
2020-06-11 20:00:00,0.0,0.0,0.0,17.16,1.31,0.0,0.0
2020-06-11 21:00:00,0.0,0.0,0.0,16.32,1.03,0.0,0.0
2020-06-11 22:00:00,0.0,0.0,0.0,15.7,1.1,0.0,0.0
2020-06-11 23:00:00,0.0,0.0,0.0,15.11,1.17,0.0,0.0
2020-06-12 00:00:00,0.0,0.0,0.0,14.55,1.24,0.0,0.0
2020-06-12 01:00:00,0.0,0.0,0.0,14.35,1.24,0.0,0.0
2020-06-12 02:00:00,0.0,0.0,0.0,14.46,1.31,0.0,0.0
2020-06-12 03:00:00,0.0,0.0,0.0,14.46,1.17,0.0,0.0
2020-06-12 04:00:00,0.0,3.0,3.63,14.42,1.1,0.0,0.0
2020-06-12 05:00:00,750.5,31.0,13.27,14.88,1.03,0.0,0.0007505
2020-06-12 06:00:00,4389.5,122.0,23.51,15.58,1.45,0.0,0.0043895
2020-06-12 07:00:00,8258.5,214.0,34.07,16.22,1.66,0.0,0.0082585
2020-06-12 08:00:00,14992.5,377.0,44.6,17.4,1.79,0.0,0.0149925
2020-06-12 09:00:00,22092.5,557.0,54.61,18.19,1.66,0.0,0.0220925
2020-06-12 10:00:00,18363.5,467.0,63.09,19.19,1.45,0.0,0.0183635
2020-06-12 11:00:00,20487.5,523.0,67.87,19.56,1.38,0.0,0.0204875
2020-06-12 12:00:00,2951.5,89.0,66.46,20.02,1.45,0.0,0.0029515
2020-06-12 13:00:00,3560.0,104.0,59.74,20.02,1.52,0.0,0.00356
2020-06-12 14:00:00,2902.0,88.0,50.42,20.81,1.93,0.0,0.002902
2020-06-12 15:00:00,12596.0,324.0,40.1,20.99,1.86,0.0,0.012596
2020-06-12 16:00:00,9101.0,239.0,29.51,20.93,1.79,0.0,0.009101
2020-06-12 17:00:00,7191.5,197.0,19.05,20.23,1.31,0.0,0.0071915
2020-06-12 18:00:00,2694.5,95.0,9.03,19.77,0.48,0.0,0.0026945
2020-06-12 19:00:00,0.0,0.0,0.0,18.93,0.21,0.0,0.0
2020-06-12 20:00:00,0.0,0.0,0.0,18.19,0.41,0.0,0.0
2020-06-12 21:00:00,0.0,0.0,0.0,17.33,0.76,0.0,0.0
2020-06-12 22:00:00,0.0,0.0,0.0,16.52,0.83,0.0,0.0
2020-06-12 23:00:00,0.0,0.0,0.0,16.65,0.62,0.0,0.0
2020-06-13 00:00:00,0.0,0.0,0.0,16.5,0.48,0.0,0.0
2020-06-13 01:00:00,0.0,0.0,0.0,16.23,0.62,0.0,0.0
2020-06-13 02:00:00,0.0,0.0,0.0,15.76,0.69,0.0,0.0
2020-06-13 03:00:00,0.0,0.0,0.0,15.38,0.69,0.0,0.0
2020-06-13 04:00:00,0.0,5.0,3.65,14.9,0.9,0.0,0.0
2020-06-13 05:00:00,3627.5,107.0,13.28,15.3,0.76,0.0,0.0036275
2020-06-13 06:00:00,6104.5,164.0,23.52,16.59,0.83,0.0,0.0061045
2020-06-13 07:00:00,7999.0,210.0,34.07,17.71,0.69,0.0,0.007999
2020-06-13 08:00:00,11079.0,286.0,44.61,18.59,0.55,0.0,0.011079
2020-06-13 09:00:00,13098.5,338.0,54.62,19.25,0.28,0.0,0.0130985
2020-06-13 10:00:00,9395.5,247.0,63.12,19.96,0.28,0.0,0.0093955
2020-06-13 11:00:00,6541.5,177.0,67.92,20.05,0.48,0.0,0.0065415
2020-06-13 12:00:00,3786.0,110.0,66.53,20.54,0.55,0.0,0.003786
2020-06-13 13:00:00,2699.0,83.0,59.81,20.45,0.41,0.0,0.002699
2020-06-13 14:00:00,2263.0,72.0,50.49,20.42,0.21,0.0,0.002263
2020-06-13 15:00:00,1920.0,63.0,40.18,19.77,0.76,0.0,0.00192
2020-06-13 16:00:00,1580.5,54.0,29.59,18.87,0.69,0.0,0.0015805
2020-06-13 17:00:00,5565.5,154.0,19.13,18.71,0.41,0.0,0.0055655
2020-06-13 18:00:00,1510.0,53.0,9.11,18.16,0.9,0.0,0.00151
2020-06-13 19:00:00,0.0,0.0,0.0,17.78,0.21,0.0,0.0
2020-06-13 20:00:00,0.0,0.0,0.0,17.02,1.17,0.0,0.0
2020-06-13 21:00:00,0.0,0.0,0.0,16.55,1.38,0.0,0.0
2020-06-13 22:00:00,0.0,0.0,0.0,16.19,1.66,0.0,0.0
2020-06-13 23:00:00,0.0,0.0,0.0,15.96,1.66,0.0,0.0
2020-06-14 00:00:00,0.0,0.0,0.0,15.59,1.79,0.0,0.0
2020-06-14 01:00:00,0.0,0.0,0.0,15.25,1.93,0.0,0.0
2020-06-14 02:00:00,0.0,0.0,0.0,14.87,1.86,0.0,0.0
2020-06-14 03:00:00,0.0,0.0,0.0,14.27,1.86,0.0,0.0
2020-06-14 04:00:00,262.0,16.81,3.65,13.83,1.66,0.0,0.000262
2020-06-14 05:00:00,2796.0,84.0,13.28,13.83,1.1,0.0,0.002796
2020-06-14 06:00:00,13920.5,360.0,23.52,15.45,1.03,0.0,0.0139205
2020-06-14 07:00:00,21213.0,532.0,34.07,18.02,1.72,0.0,0.021213
2020-06-14 08:00:00,27451.5,697.0,44.6,20.08,1.72,0.0,0.0274515
2020-06-14 09:00:00,32032.5,836.0,54.63,22.38,1.52,0.0,0.0320325
2020-06-14 10:00:00,34613.5,929.01,63.14,24.48,1.24,0.0,0.0346135
2020-06-14 11:00:00,35654.0,971.01,67.97,25.83,1.17,0.0,0.035654
2020-06-14 12:00:00,35321.0,970.01,66.6,26.72,0.97,0.0,0.035321
2020-06-14 13:00:00,32560.5,891.01,59.88,27.35,0.76,0.0,0.0325605
2020-06-14 14:00:00,29373.0,796.0,50.56,27.72,0.62,0.0,0.029373
2020-06-14 15:00:00,23811.5,634.0,40.25,27.93,0.83,0.0,0.0238115
2020-06-14 16:00:00,17273.0,462.0,29.66,27.67,0.76,0.0,0.017273
2020-06-14 17:00:00,9771.5,281.0,19.2,27.16,0.14,0.0,0.0097715
2020-06-14 18:00:00,2842.5,106.0,9.18,26.01,0.41,0.0,0.0028425
2020-06-14 19:00:00,0.0,0.0,0.0,23.29,1.86,0.0,0.0
2020-06-14 20:00:00,0.0,0.0,0.0,21.58,1.86,0.0,0.0
2020-06-14 21:00:00,0.0,0.0,0.0,20.01,1.79,0.0,0.0
2020-06-14 22:00:00,0.0,0.0,0.0,18.84,1.72,0.0,0.0
2020-06-14 23:00:00,0.0,0.0,0.0,18.19,1.72,0.0,0.0
2020-06-15 00:00:00,0.0,0.0,0.0,17.4,1.52,0.0,0.0
2020-06-15 01:00:00,0.0,0.0,0.0,17.07,1.24,0.0,0.0
2020-06-15 02:00:00,0.0,0.0,0.0,16.69,1.24,0.0,0.0
2020-06-15 03:00:00,0.0,0.0,0.0,16.19,1.17,0.0,0.0
2020-06-15 04:00:00,0.0,3.0,3.66,15.76,1.24,0.0,0.0
2020-06-15 05:00:00,2303.5,72.0,13.28,16.0,1.31,0.0,0.0023035
2020-06-15 06:00:00,12484.0,327.0,23.51,18.46,0.9,0.0,0.012484
2020-06-15 07:00:00,12989.5,335.0,34.06,21.33,1.38,0.0,0.0129895
2020-06-15 08:00:00,19122.5,494.0,44.6,23.54,1.45,0.0,0.0191225
2020-06-15 09:00:00,29021.5,767.0,54.63,24.89,1.24,0.0,0.0290215
2020-06-15 10:00:00,32944.0,900.01,63.15,25.92,0.62,0.0,0.032944
2020-06-15 11:00:00,34625.0,967.01,68.01,26.57,0.28,0.0,0.034625
2020-06-15 12:00:00,34182.5,961.01,66.66,27.35,0.14,0.0,0.0341825
2020-06-15 13:00:00,31979.0,888.01,59.95,27.7,0.21,0.0,0.031979
2020-06-15 14:00:00,28392.0,773.0,50.63,27.88,0.34,0.0,0.028392
2020-06-15 15:00:00,23382.5,625.0,40.31,27.75,0.48,0.0,0.0233825
2020-06-15 16:00:00,9640.5,261.0,29.72,27.18,0.62,0.0,0.0096405
2020-06-15 17:00:00,4150.0,122.0,19.26,25.77,0.69,0.0,0.00415
2020-06-15 18:00:00,62.0,9.0,9.24,24.28,0.76,0.0,6.2e-05
2020-06-15 19:00:00,0.0,0.0,0.0,23.02,1.24,0.0,0.0
2020-06-15 20:00:00,0.0,0.0,0.0,23.11,0.55,0.0,0.0
2020-06-15 21:00:00,0.0,0.0,0.0,22.28,0.41,0.0,0.0
2020-06-15 22:00:00,0.0,0.0,0.0,21.36,0.28,0.0,0.0
2020-06-15 23:00:00,0.0,0.0,0.0,20.63,0.21,0.0,0.0
2020-06-16 00:00:00,0.0,0.0,0.0,20.16,0.34,0.0,0.0
2020-06-16 01:00:00,0.0,0.0,0.0,19.34,0.76,0.0,0.0
2020-06-16 02:00:00,0.0,0.0,0.0,17.41,1.31,0.0,0.0
2020-06-16 03:00:00,0.0,0.0,0.0,16.95,1.24,0.0,0.0
2020-06-16 04:00:00,405.0,26.86,3.65,17.56,0.76,0.0,0.000405
2020-06-16 05:00:00,5746.5,178.0,13.27,17.8,0.14,0.0,0.0057465
2020-06-16 06:00:00,13171.5,347.0,23.5,18.27,0.28,0.0,0.0131715
2020-06-16 07:00:00,20373.5,519.0,34.05,19.53,0.9,0.0,0.0203735
2020-06-16 08:00:00,26677.5,688.0,44.59,20.58,0.76,0.0,0.0266775
2020-06-16 09:00:00,26096.5,679.0,54.62,21.53,0.83,0.0,0.0260965
2020-06-16 10:00:00,30824.5,817.0,63.16,22.62,0.9,0.0,0.0308245
2020-06-16 11:00:00,33546.5,904.01,68.04,23.61,0.83,0.0,0.0335465
2020-06-16 12:00:00,33257.0,904.01,66.71,24.52,0.62,0.0,0.033257
2020-06-16 13:00:00,19587.0,521.0,60.01,25.15,0.14,0.0,0.019587
2020-06-16 14:00:00,6830.0,189.0,50.69,25.66,0.14,0.0,0.00683
2020-06-16 15:00:00,1568.0,55.0,40.37,25.15,1.31,0.0,0.001568
2020-06-16 16:00:00,1323.0,48.0,29.78,23.27,1.72,0.0,0.001323
2020-06-16 17:00:00,1779.0,60.0,19.33,22.52,1.1,0.0,0.001779
2020-06-16 18:00:00,756.0,32.0,9.31,22.07,1.45,0.0,0.000756
2020-06-16 19:00:00,0.0,0.0,0.0,20.79,0.69,0.0,0.0
2020-06-16 20:00:00,0.0,0.0,0.0,18.71,1.52,0.0,0.0
2020-06-16 21:00:00,0.0,0.0,0.0,17.83,1.31,0.0,0.0
2020-06-16 22:00:00,0.0,0.0,0.0,18.41,0.76,0.0,0.0
2020-06-16 23:00:00,0.0,0.0,0.0,18.52,0.62,0.0,0.0
2020-06-17 00:00:00,0.0,0.0,0.0,16.86,0.83,0.0,0.0
2020-06-17 01:00:00,0.0,0.0,0.0,15.77,1.38,0.0,0.0
2020-06-17 02:00:00,0.0,0.0,0.0,15.99,1.72,0.0,0.0
2020-06-17 03:00:00,0.0,0.0,0.0,15.86,1.66,0.0,0.0
2020-06-17 04:00:00,91.0,10.0,3.65,15.59,1.24,0.0,9.1e-05
2020-06-17 05:00:00,3947.0,116.0,13.26,15.62,0.69,0.0,0.003947
2020-06-17 06:00:00,5797.0,157.0,23.48,16.87,0.41,0.0,0.005797
2020-06-17 07:00:00,12034.5,309.0,34.03,17.92,0.21,0.0,0.0120345
2020-06-17 08:00:00,23788.5,608.0,44.57,19.01,0.62,0.0,0.0237885
2020-06-17 09:00:00,25679.5,665.0,54.61,20.27,0.69,0.0,0.0256795
2020-06-17 10:00:00,25092.0,653.0,63.16,21.12,0.83,0.0,0.025092
2020-06-17 11:00:00,26820.0,703.0,68.07,22.22,1.03,0.0,0.02682
2020-06-17 12:00:00,32799.0,870.0,66.76,22.78,1.24,0.0,0.032799
2020-06-17 13:00:00,26575.5,696.0,60.06,23.53,1.31,0.0,0.0265755
2020-06-17 14:00:00,18595.5,483.0,50.75,23.61,1.17,0.0,0.0185955
2020-06-17 15:00:00,3275.5,98.0,40.43,21.95,0.34,0.0,0.0032755
2020-06-17 16:00:00,2302.0,73.0,29.84,20.76,1.03,0.0,0.002302
2020-06-17 17:00:00,1566.0,54.0,19.38,20.7,0.9,0.0,0.001566
2020-06-17 18:00:00,2794.5,97.0,9.36,20.71,0.48,0.0,0.0027945
2020-06-17 19:00:00,0.0,0.0,0.0,19.45,0.76,0.0,0.0
2020-06-17 20:00:00,0.0,0.0,0.0,19.13,0.55,0.0,0.0
2020-06-17 21:00:00,0.0,0.0,0.0,19.0,0.34,0.0,0.0
2020-06-17 22:00:00,0.0,0.0,0.0,18.27,0.83,0.0,0.0
2020-06-17 23:00:00,0.0,0.0,0.0,16.2,1.31,0.0,0.0
2020-06-18 00:00:00,0.0,0.0,0.0,15.44,1.31,0.0,0.0
2020-06-18 01:00:00,0.0,0.0,0.0,14.88,1.17,0.0,0.0
2020-06-18 02:00:00,0.0,0.0,0.0,15.06,0.83,0.0,0.0
2020-06-18 03:00:00,0.0,0.0,0.0,15.04,0.83,0.0,0.0
2020-06-18 04:00:00,405.5,25.33,3.63,14.15,1.03,0.0,0.0004055
2020-06-18 05:00:00,5559.0,167.0,13.24,14.75,0.83,0.0,0.005559
2020-06-18 06:00:00,13366.5,349.0,23.46,17.14,0.76,0.0,0.0133665
2020-06-18 07:00:00,20703.5,526.0,34.01,18.93,0.9,0.0,0.0207035
2020-06-18 08:00:00,26004.5,668.0,44.55,20.16,0.83,0.0,0.0260045
2020-06-18 09:00:00,24346.0,633.0,54.6,21.26,0.62,0.0,0.024346
2020-06-18 10:00:00,29721.0,786.0,63.16,22.4,0.83,0.0,0.029721
2020-06-18 11:00:00,34511.0,923.01,68.08,23.15,1.17,0.0,0.034511
2020-06-18 12:00:00,32018.5,849.0,66.8,23.78,1.45,0.0,0.0320185
2020-06-18 13:00:00,23686.5,607.0,60.11,22.51,2.48,0.0,0.0236865
2020-06-18 14:00:00,16782.5,430.0,50.8,22.95,2.76,0.0,0.0167825
2020-06-18 15:00:00,1626.5,56.0,40.48,22.94,3.03,0.0,0.0016265
2020-06-18 16:00:00,8781.5,232.0,29.9,21.53,1.59,0.0,0.0087815
2020-06-18 17:00:00,10274.0,286.0,19.44,21.15,0.28,0.0,0.010274
2020-06-18 18:00:00,136.5,12.0,9.42,20.89,0.41,0.0,0.0001365
2020-06-18 19:00:00,0.0,0.0,0.0,19.93,0.9,0.0,0.0
2020-06-18 20:00:00,0.0,0.0,0.0,18.04,1.38,0.0,0.0
2020-06-18 21:00:00,0.0,0.0,0.0,16.8,0.97,0.0,0.0
2020-06-18 22:00:00,0.0,0.0,0.0,15.74,1.17,0.0,0.0
2020-06-18 23:00:00,0.0,0.0,0.0,15.67,0.9,0.0,0.0
2020-06-19 00:00:00,0.0,0.0,0.0,16.3,0.48,0.0,0.0
2020-06-19 01:00:00,0.0,0.0,0.0,16.04,0.28,0.0,0.0
2020-06-19 02:00:00,0.0,0.0,0.0,15.59,0.55,0.0,0.0
2020-06-19 03:00:00,0.0,0.0,0.0,15.14,0.83,0.0,0.0
2020-06-19 04:00:00,387.0,26.72,3.61,14.19,1.03,0.0,0.000387
2020-06-19 05:00:00,5809.0,176.0,13.22,14.66,0.83,0.0,0.005809
2020-06-19 06:00:00,13472.0,351.0,23.44,17.25,1.1,0.0,0.013472
2020-06-19 07:00:00,20907.5,528.0,33.99,18.57,1.31,0.0,0.0209075
2020-06-19 08:00:00,25701.0,655.0,44.53,20.0,1.31,0.0,0.025701
2020-06-19 09:00:00,29469.5,765.0,54.58,21.24,1.24,0.0,0.0294695
2020-06-19 10:00:00,34445.5,929.01,63.15,22.38,0.55,0.0,0.0344455
2020-06-19 11:00:00,31994.0,875.0,68.09,23.06,0.0,0.0,0.031994
2020-06-19 12:00:00,31950.5,861.0,66.83,23.54,0.62,0.0,0.0319505
2020-06-19 13:00:00,31340.0,837.0,60.16,24.25,0.97,0.0,0.03134
2020-06-19 14:00:00,29492.0,780.0,50.85,24.57,1.03,0.0,0.029492
2020-06-19 15:00:00,24155.0,632.0,40.53,24.61,0.9,0.0,0.024155
2020-06-19 16:00:00,17553.5,460.0,29.94,24.16,0.97,0.0,0.0175535
2020-06-19 17:00:00,7177.0,199.0,19.49,23.69,1.31,0.0,0.007177
2020-06-19 18:00:00,719.0,31.0,9.46,22.72,1.31,0.0,0.000719
2020-06-19 19:00:00,0.0,0.0,0.0,21.31,1.45,0.0,0.0
2020-06-19 20:00:00,0.0,0.0,0.0,19.61,1.17,0.0,0.0
2020-06-19 21:00:00,0.0,0.0,0.0,18.3,1.24,0.0,0.0
2020-06-19 22:00:00,0.0,0.0,0.0,16.92,1.52,0.0,0.0
2020-06-19 23:00:00,0.0,0.0,0.0,16.05,1.59,0.0,0.0
2020-06-20 00:00:00,0.0,0.0,0.0,15.67,1.45,0.0,0.0
2020-06-20 01:00:00,0.0,0.0,0.0,15.5,1.31,0.0,0.0
2020-06-20 02:00:00,0.0,0.0,0.0,15.74,1.03,0.0,0.0
2020-06-20 03:00:00,0.0,0.0,0.0,16.06,0.69,0.0,0.0
2020-06-20 04:00:00,197.0,14.0,3.59,15.27,0.28,0.0,0.000197
2020-06-20 05:00:00,5291.5,158.0,13.19,14.88,0.28,0.0,0.0052915
2020-06-20 06:00:00,12643.5,329.0,23.41,16.66,0.69,0.0,0.0126435
2020-06-20 07:00:00,16986.0,435.0,33.96,19.97,0.62,0.0,0.016986
2020-06-20 08:00:00,25065.0,647.0,44.5,21.73,0.97,0.0,0.025065
2020-06-20 09:00:00,31332.5,829.0,54.55,23.04,0.9,0.0,0.0313325
2020-06-20 10:00:00,34258.0,927.01,63.13,24.13,0.76,0.0,0.034258
2020-06-20 11:00:00,35547.5,971.01,68.1,24.9,0.83,0.0,0.0355475
2020-06-20 12:00:00,35358.0,966.01,66.86,25.47,0.9,0.0,0.035358
2020-06-20 13:00:00,32793.0,888.01,60.2,25.92,0.9,0.0,0.032793
2020-06-20 14:00:00,29678.0,791.0,50.89,26.29,1.1,0.0,0.029678
2020-06-20 15:00:00,24300.5,638.0,40.58,26.46,1.31,0.0,0.0243005
2020-06-20 16:00:00,17520.5,462.0,29.99,26.11,1.31,0.0,0.0175205
2020-06-20 17:00:00,10015.5,282.0,19.53,25.6,1.38,0.0,0.0100155
2020-06-20 18:00:00,2987.5,107.0,9.51,24.38,1.1,0.0,0.0029875
2020-06-20 19:00:00,0.0,0.0,0.0,22.69,1.52,0.0,0.0
2020-06-20 20:00:00,0.0,0.0,0.0,20.27,1.59,0.0,0.0
2020-06-20 21:00:00,0.0,0.0,0.0,19.28,1.31,0.0,0.0
2020-06-20 22:00:00,0.0,0.0,0.0,20.02,0.9,0.0,0.0
2020-06-20 23:00:00,0.0,0.0,0.0,19.48,0.9,0.0,0.0
2020-06-21 00:00:00,0.0,0.0,0.0,17.74,0.97,0.0,0.0
2020-06-21 01:00:00,0.0,0.0,0.0,16.38,1.03,0.0,0.0
2020-06-21 02:00:00,0.0,0.0,0.0,15.51,1.1,0.0,0.0
2020-06-21 03:00:00,0.0,0.0,0.0,15.17,1.1,0.0,0.0
2020-06-21 04:00:00,382.5,26.69,3.56,15.08,1.24,0.0,0.0003825
2020-06-21 05:00:00,4156.5,122.0,13.16,15.66,1.03,0.0,0.0041565
2020-06-21 06:00:00,13339.0,350.0,23.38,18.31,0.9,0.0,0.013339
2020-06-21 07:00:00,20351.0,521.0,33.92,20.92,1.1,0.0,0.020351
2020-06-21 08:00:00,26565.5,691.0,44.47,23.25,1.1,0.0,0.0265655
2020-06-21 09:00:00,31073.5,830.0,54.52,25.09,0.97,0.0,0.0310735
2020-06-21 10:00:00,33545.0,919.01,63.11,26.29,0.69,0.0,0.033545
2020-06-21 11:00:00,33160.0,920.01,68.1,27.28,0.48,0.0,0.03316
2020-06-21 12:00:00,33495.5,937.01,66.88,27.91,0.34,0.0,0.0334955
2020-06-21 13:00:00,31774.5,880.01,60.23,28.56,0.48,0.0,0.0317745
2020-06-21 14:00:00,28779.5,781.0,50.93,28.88,0.83,0.0,0.0287795
2020-06-21 15:00:00,23882.5,637.0,40.62,28.98,1.1,0.0,0.0238825
2020-06-21 16:00:00,17434.0,467.0,30.03,28.72,1.03,0.0,0.017434
2020-06-21 17:00:00,9974.5,285.0,19.57,27.93,0.76,0.0,0.0099745
2020-06-21 18:00:00,3009.0,110.0,9.54,27.34,0.41,0.0,0.003009
2020-06-21 19:00:00,0.0,0.0,0.0,25.11,1.45,0.0,0.0
2020-06-21 20:00:00,0.0,0.0,0.0,22.73,2.14,0.0,0.0
2020-06-21 21:00:00,0.0,0.0,0.0,20.66,2.07,0.0,0.0
2020-06-21 22:00:00,0.0,0.0,0.0,19.53,1.66,0.0,0.0
2020-06-21 23:00:00,0.0,0.0,0.0,20.53,1.1,0.0,0.0
2020-06-22 00:00:00,0.0,0.0,0.0,21.49,0.48,0.0,0.0
2020-06-22 01:00:00,0.0,0.0,0.0,21.26,0.69,0.0,0.0
2020-06-22 02:00:00,0.0,0.0,0.0,21.22,0.9,0.0,0.0
2020-06-22 03:00:00,0.0,0.0,0.0,20.74,0.55,0.0,0.0
2020-06-22 04:00:00,369.0,26.66,3.53,20.37,0.34,0.0,0.000369
2020-06-22 05:00:00,5616.0,175.0,13.12,19.48,0.97,0.0,0.005616
2020-06-22 06:00:00,13179.5,349.0,23.34,19.96,0.83,0.0,0.0131795
2020-06-22 07:00:00,20431.0,529.0,33.88,22.89,0.97,0.0,0.020431
2020-06-22 08:00:00,26457.5,695.0,44.43,25.23,1.1,0.0,0.0264575
2020-06-22 09:00:00,30777.5,831.0,54.49,26.98,0.9,0.0,0.0307775
2020-06-22 10:00:00,33290.5,924.01,63.08,28.15,0.55,0.0,0.0332905
2020-06-22 11:00:00,34489.5,973.01,68.09,29.05,0.41,0.0,0.0344895
2020-06-22 12:00:00,34574.5,969.01,66.89,29.68,0.76,0.0,0.0345745
2020-06-22 13:00:00,32362.0,887.01,60.26,30.11,1.38,0.0,0.032362
2020-06-22 14:00:00,29534.5,794.0,50.97,30.3,1.86,0.0,0.0295345
2020-06-22 15:00:00,24023.5,638.0,40.65,30.2,1.93,0.0,0.0240235
2020-06-22 16:00:00,17336.0,465.0,30.07,29.81,1.45,0.0,0.017336
2020-06-22 17:00:00,9796.0,281.0,19.6,28.9,0.69,0.0,0.009796
2020-06-22 18:00:00,3011.0,111.0,9.58,28.97,0.14,0.0,0.003011
2020-06-22 19:00:00,0.0,0.0,0.0,27.81,0.62,0.0,0.0
2020-06-22 20:00:00,0.0,0.0,0.0,25.09,1.1,0.0,0.0
2020-06-22 21:00:00,0.0,0.0,0.0,22.25,1.59,0.0,0.0
2020-06-22 22:00:00,0.0,0.0,0.0,20.84,1.52,0.0,0.0
2020-06-22 23:00:00,0.0,0.0,0.0,20.02,1.38,0.0,0.0
2020-06-23 00:00:00,0.0,0.0,0.0,19.69,1.24,0.0,0.0
2020-06-23 01:00:00,0.0,0.0,0.0,19.31,1.17,0.0,0.0
2020-06-23 02:00:00,0.0,0.0,0.0,19.46,1.03,0.0,0.0
2020-06-23 03:00:00,0.0,0.0,0.0,19.91,0.83,0.0,0.0
2020-06-23 04:00:00,317.5,20.33,3.49,19.57,0.76,0.0,0.0003175
2020-06-23 05:00:00,5404.5,168.0,13.08,19.84,0.69,0.0,0.0054045
2020-06-23 06:00:00,12706.5,339.0,23.3,21.33,0.62,0.0,0.0127065
2020-06-23 07:00:00,19763.5,517.0,33.84,23.8,0.48,0.0,0.0197635
2020-06-23 08:00:00,25934.5,687.0,44.39,25.42,0.62,0.0,0.0259345
2020-06-23 09:00:00,30417.5,825.0,54.45,26.88,0.62,0.0,0.0304175
2020-06-23 10:00:00,32984.0,919.01,63.05,28.32,0.41,0.0,0.032984
2020-06-23 11:00:00,33993.5,968.01,68.07,29.43,0.14,0.0,0.0339935
2020-06-23 12:00:00,33770.5,958.01,66.9,30.19,0.34,0.0,0.0337705
2020-06-23 13:00:00,31729.0,882.01,60.28,30.79,0.83,0.0,0.031729
2020-06-23 14:00:00,28549.5,782.0,50.99,31.23,0.97,0.0,0.0285495
2020-06-23 15:00:00,23387.0,631.0,40.69,31.34,1.1,0.0,0.023387
2020-06-23 16:00:00,17128.5,463.0,30.1,31.12,1.31,0.0,0.0171285
2020-06-23 17:00:00,9733.0,280.0,19.64,30.27,1.24,0.0,0.009733
2020-06-23 18:00:00,3021.0,111.0,9.6,28.96,1.24,0.0,0.003021
2020-06-23 19:00:00,0.0,0.0,0.0,26.91,1.79,0.0,0.0
2020-06-23 20:00:00,0.0,0.0,0.0,24.39,1.86,0.0,0.0
2020-06-23 21:00:00,0.0,0.0,0.0,22.56,2.0,0.0,0.0
2020-06-23 22:00:00,0.0,0.0,0.0,21.14,1.72,0.0,0.0
2020-06-23 23:00:00,0.0,0.0,0.0,20.95,1.24,0.0,0.0
2020-06-24 00:00:00,0.0,0.0,0.0,21.17,0.9,0.0,0.0
2020-06-24 01:00:00,0.0,0.0,0.0,21.06,0.69,0.0,0.0
2020-06-24 02:00:00,0.0,0.0,0.0,20.39,0.41,0.0,0.0
2020-06-24 03:00:00,0.0,0.0,0.0,19.82,0.28,0.0,0.0
2020-06-24 04:00:00,355.5,23.56,3.44,19.33,0.21,0.0,0.0003555
2020-06-24 05:00:00,5336.0,165.0,13.03,19.43,0.28,0.0,0.005336
2020-06-24 06:00:00,12716.5,339.0,23.25,21.2,0.69,0.0,0.0127165
2020-06-24 07:00:00,20075.5,523.0,33.79,23.8,0.83,0.0,0.0200755
2020-06-24 08:00:00,26179.5,688.0,44.34,25.57,1.17,0.0,0.0261795
2020-06-24 09:00:00,30841.0,827.0,54.4,26.94,1.24,0.0,0.030841
2020-06-24 10:00:00,33753.5,921.01,63.01,28.09,1.31,0.0,0.0337535
2020-06-24 11:00:00,34981.5,965.01,68.05,28.95,1.31,0.0,0.0349815
2020-06-24 12:00:00,34535.5,961.01,66.9,29.67,1.03,0.0,0.0345355
2020-06-24 13:00:00,31948.0,884.01,60.3,30.12,0.9,0.0,0.031948
2020-06-24 14:00:00,28554.0,780.0,51.02,30.7,0.97,0.0,0.028554
2020-06-24 15:00:00,23114.0,620.0,40.71,30.76,1.31,0.0,0.023114
2020-06-24 16:00:00,17172.0,460.0,30.13,30.29,1.86,0.0,0.017172
2020-06-24 17:00:00,9704.5,277.0,19.66,29.4,1.66,0.0,0.0097045
2020-06-24 18:00:00,2946.0,106.0,9.63,27.62,1.31,0.0,0.002946
2020-06-24 19:00:00,0.0,0.0,0.0,25.9,1.1,0.0,0.0
2020-06-24 20:00:00,0.0,0.0,0.0,25.68,0.69,0.0,0.0
2020-06-24 21:00:00,0.0,0.0,0.0,25.66,0.34,0.0,0.0
2020-06-24 22:00:00,0.0,0.0,0.0,24.87,0.41,0.0,0.0
2020-06-24 23:00:00,0.0,0.0,0.0,24.2,0.34,0.0,0.0
2020-06-25 00:00:00,0.0,0.0,0.0,23.09,0.76,0.0,0.0
2020-06-25 01:00:00,0.0,0.0,0.0,20.83,1.31,0.0,0.0
2020-06-25 02:00:00,0.0,0.0,0.0,19.82,1.38,0.0,0.0
2020-06-25 03:00:00,0.0,0.0,0.0,19.12,1.52,0.0,0.0
2020-06-25 04:00:00,260.5,18.39,3.4,18.68,1.59,0.0,0.0002605
2020-06-25 05:00:00,1841.0,61.0,12.98,19.31,1.66,0.0,0.001841
2020-06-25 06:00:00,6973.5,188.0,23.2,20.67,1.79,0.0,0.0069735
2020-06-25 07:00:00,9533.0,252.0,33.74,23.0,1.45,0.0,0.009533
2020-06-25 08:00:00,18841.0,487.0,44.29,23.74,1.45,0.0,0.018841
2020-06-25 09:00:00,29764.5,782.0,54.36,24.39,1.45,0.0,0.0297645
2020-06-25 10:00:00,31680.0,843.0,62.97,25.34,1.52,0.0,0.03168
2020-06-25 11:00:00,32776.5,879.01,68.02,26.56,1.72,0.0,0.0327765
2020-06-25 12:00:00,33731.0,915.01,66.89,27.41,1.45,0.0,0.033731
2020-06-25 13:00:00,31447.5,851.0,60.31,28.13,1.31,0.0,0.0314475
2020-06-25 14:00:00,27715.5,738.0,51.04,28.54,1.66,0.0,0.0277155
2020-06-25 15:00:00,19313.0,508.0,40.74,28.21,1.79,0.0,0.019313
2020-06-25 16:00:00,12000.0,320.0,30.15,27.62,1.66,0.0,0.012
2020-06-25 17:00:00,4525.0,132.0,19.68,26.82,1.31,0.0,0.004525
2020-06-25 18:00:00,354.5,20.0,9.65,25.84,1.52,0.0,0.0003545
2020-06-25 19:00:00,0.0,0.0,0.0,24.57,1.79,0.0,0.0
2020-06-25 20:00:00,0.0,0.0,0.0,23.07,1.38,0.0,0.0
2020-06-25 21:00:00,0.0,0.0,0.0,22.46,0.76,0.0,0.0
2020-06-25 22:00:00,0.0,0.0,0.0,21.86,0.83,0.0,0.0
2020-06-25 23:00:00,0.0,0.0,0.0,22.67,0.21,0.0,0.0
2020-06-26 00:00:00,0.0,0.0,0.0,22.24,0.14,0.0,0.0
2020-06-26 01:00:00,0.0,0.0,0.0,21.69,0.34,0.0,0.0
2020-06-26 02:00:00,0.0,0.0,0.0,21.22,0.48,0.0,0.0
2020-06-26 03:00:00,0.0,0.0,0.0,20.87,0.69,0.0,0.0
2020-06-26 04:00:00,0.0,2.0,3.34,19.87,0.97,0.0,0.0
2020-06-26 05:00:00,398.5,21.0,12.93,19.87,0.97,0.0,0.0003985
2020-06-26 06:00:00,5044.0,141.0,23.14,21.0,1.17,0.0,0.005044
2020-06-26 07:00:00,11951.5,311.0,33.69,21.3,0.55,0.0,0.0119515
2020-06-26 08:00:00,11430.5,300.0,44.23,22.68,0.69,0.0,0.0114305
2020-06-26 09:00:00,17722.0,465.0,54.3,24.0,0.48,0.0,0.017722
2020-06-26 10:00:00,30341.0,825.0,62.92,25.06,0.28,0.0,0.030341
2020-06-26 11:00:00,31699.5,870.01,67.98,26.15,0.41,0.0,0.0316995
2020-06-26 12:00:00,31165.5,857.0,66.88,26.57,0.34,0.0,0.0311655
2020-06-26 13:00:00,16172.0,431.0,60.31,27.44,0.76,0.0,0.016172
2020-06-26 14:00:00,16553.0,438.0,51.05,27.73,1.45,0.0,0.016553
2020-06-26 15:00:00,15587.5,411.0,40.75,27.57,1.59,0.0,0.0155875
2020-06-26 16:00:00,13077.0,344.0,30.17,25.69,1.86,0.0,0.013077
2020-06-26 17:00:00,9394.5,262.0,19.7,24.67,1.31,0.0,0.0093945
2020-06-26 18:00:00,3157.0,115.0,9.66,24.18,0.62,0.0,0.003157
2020-06-26 19:00:00,0.0,0.0,0.0,24.47,0.9,0.0,0.0
2020-06-26 20:00:00,0.0,0.0,0.0,24.46,0.55,0.0,0.0
2020-06-26 21:00:00,0.0,0.0,0.0,23.7,0.41,0.0,0.0
2020-06-26 22:00:00,0.0,0.0,0.0,23.22,0.34,0.0,0.0
2020-06-26 23:00:00,0.0,0.0,0.0,22.7,0.55,0.0,0.0
2020-06-27 00:00:00,0.0,0.0,0.0,20.65,1.17,0.0,0.0
2020-06-27 01:00:00,0.0,0.0,0.0,20.06,1.17,0.0,0.0
2020-06-27 02:00:00,0.0,0.0,0.0,21.29,0.76,0.0,0.0
2020-06-27 03:00:00,0.0,0.0,0.0,20.99,0.55,0.0,0.0
2020-06-27 04:00:00,137.0,12.0,3.28,20.52,0.76,0.0,0.000137
2020-06-27 05:00:00,2432.0,77.0,12.87,20.31,0.69,0.0,0.002432
2020-06-27 06:00:00,6868.5,187.0,23.08,21.67,0.69,0.0,0.0068685
2020-06-27 07:00:00,14841.5,387.0,33.63,22.5,0.21,0.0,0.0148415
2020-06-27 08:00:00,20172.5,531.0,44.18,23.79,0.0,0.0,0.0201725
2020-06-27 09:00:00,29333.0,788.0,54.24,25.01,0.41,0.0,0.029333
2020-06-27 10:00:00,32498.0,884.01,62.86,26.19,0.76,0.0,0.032498
2020-06-27 11:00:00,33953.5,932.01,67.94,27.45,0.97,0.0,0.0339535
2020-06-27 12:00:00,33527.0,919.01,66.86,28.35,1.17,0.0,0.033527
2020-06-27 13:00:00,30853.5,836.0,60.31,28.84,1.38,0.0,0.0308535
2020-06-27 14:00:00,21042.0,561.0,51.06,29.27,1.38,0.0,0.021042
2020-06-27 15:00:00,1536.5,55.0,40.77,28.83,0.76,0.0,0.0015365
2020-06-27 16:00:00,1003.0,40.0,30.18,28.26,0.28,0.0,0.001003
2020-06-27 17:00:00,767.0,33.0,19.71,27.42,0.97,0.0,0.000767
2020-06-27 18:00:00,2590.0,90.0,9.67,25.74,0.76,0.0,0.00259
2020-06-27 19:00:00,0.0,0.0,0.0,25.16,0.97,0.0,0.0
2020-06-27 20:00:00,0.0,0.0,0.0,24.77,0.83,0.0,0.0
2020-06-27 21:00:00,0.0,0.0,0.0,24.0,0.83,0.0,0.0
2020-06-27 22:00:00,0.0,0.0,0.0,23.53,0.76,0.0,0.0
2020-06-27 23:00:00,0.0,0.0,0.0,23.03,0.55,0.0,0.0
2020-06-28 00:00:00,0.0,0.0,0.0,22.53,0.76,0.0,0.0
2020-06-28 01:00:00,0.0,0.0,0.0,21.22,0.97,0.0,0.0
2020-06-28 02:00:00,0.0,0.0,0.0,20.21,1.1,0.0,0.0
2020-06-28 03:00:00,0.0,0.0,0.0,19.94,1.1,0.0,0.0
2020-06-28 04:00:00,226.0,16.6,3.22,19.52,1.1,0.0,0.000226
2020-06-28 05:00:00,3591.0,109.0,12.81,19.69,1.03,0.0,0.003591
2020-06-28 06:00:00,9437.0,253.0,23.02,22.11,0.76,0.0,0.009437
2020-06-28 07:00:00,19369.0,505.0,33.57,23.41,0.55,0.0,0.019369
2020-06-28 08:00:00,25027.0,663.0,44.11,25.19,0.41,0.0,0.025027
2020-06-28 09:00:00,29759.5,808.0,54.18,26.72,0.41,0.0,0.0297595
2020-06-28 10:00:00,32552.0,897.01,62.8,28.13,0.69,0.0,0.032552
2020-06-28 11:00:00,33792.5,935.01,67.89,29.2,1.03,0.0,0.0337925
2020-06-28 12:00:00,33756.0,927.01,66.84,29.85,1.52,0.0,0.033756
2020-06-28 13:00:00,31882.0,867.01,60.31,30.46,1.79,0.0,0.031882
2020-06-28 14:00:00,28829.5,770.0,51.07,30.47,2.28,0.0,0.0288295
2020-06-28 15:00:00,23263.0,615.0,40.77,30.08,2.21,0.0,0.023263
2020-06-28 16:00:00,16066.0,427.0,30.19,29.49,2.41,0.0,0.016066
2020-06-28 17:00:00,9002.5,254.0,19.72,28.3,2.55,0.0,0.0090025
2020-06-28 18:00:00,2825.5,100.0,9.67,26.94,2.21,0.0,0.0028255
2020-06-28 19:00:00,0.0,0.0,0.0,25.05,2.62,0.0,0.0
2020-06-28 20:00:00,0.0,0.0,0.0,23.82,2.48,0.0,0.0
2020-06-28 21:00:00,0.0,0.0,0.0,22.77,2.28,0.0,0.0
2020-06-28 22:00:00,0.0,0.0,0.0,22.11,2.07,0.0,0.0
2020-06-28 23:00:00,0.0,0.0,0.0,21.51,2.07,0.0,0.0
2020-06-29 00:00:00,0.0,0.0,0.0,20.98,1.86,0.0,0.0
2020-06-29 01:00:00,0.0,0.0,0.0,20.4,1.66,0.0,0.0
2020-06-29 02:00:00,0.0,0.0,0.0,19.57,1.38,0.0,0.0
2020-06-29 03:00:00,0.0,0.0,0.0,19.11,1.1,0.0,0.0
2020-06-29 04:00:00,230.0,17.38,3.15,18.66,1.17,0.0,0.00023
2020-06-29 05:00:00,4888.0,152.0,12.74,19.31,0.97,0.0,0.004888
2020-06-29 06:00:00,12008.5,321.0,22.95,21.77,1.1,0.0,0.0120085
2020-06-29 07:00:00,19088.5,496.0,33.5,23.61,0.9,0.0,0.0190885
2020-06-29 08:00:00,25103.0,659.0,44.05,25.1,0.9,0.0,0.025103
2020-06-29 09:00:00,29660.0,800.0,54.11,26.53,0.62,0.0,0.02966
2020-06-29 10:00:00,31657.5,873.01,62.74,27.93,0.48,0.0,0.0316575
2020-06-29 11:00:00,33331.0,932.01,67.83,29.23,0.55,0.0,0.033331
2020-06-29 12:00:00,33042.0,923.01,66.8,30.29,0.76,0.0,0.033042
2020-06-29 13:00:00,30946.5,869.01,60.3,31.45,0.41,0.0,0.0309465
2020-06-29 14:00:00,27352.5,762.0,51.06,31.8,0.14,0.0,0.0273525
2020-06-29 15:00:00,22727.0,622.0,40.78,32.12,0.34,0.0,0.022727
2020-06-29 16:00:00,16586.0,450.0,30.19,31.73,1.17,0.0,0.016586
2020-06-29 17:00:00,9414.0,270.0,19.72,30.64,2.14,0.0,0.009414
2020-06-29 18:00:00,2896.0,105.0,9.67,28.95,2.62,0.0,0.002896
2020-06-29 19:00:00,0.0,0.0,0.0,25.46,2.83,0.0,0.0
2020-06-29 20:00:00,0.0,0.0,0.0,24.32,2.07,0.0,0.0
2020-06-29 21:00:00,0.0,0.0,0.0,23.5,1.59,0.0,0.0
2020-06-29 22:00:00,0.0,0.0,0.0,22.67,1.31,0.0,0.0
2020-06-29 23:00:00,0.0,0.0,0.0,21.63,1.31,0.0,0.0
2020-06-30 00:00:00,0.0,0.0,0.0,21.12,1.24,0.0,0.0
2020-06-30 01:00:00,0.0,0.0,0.0,21.05,0.9,0.0,0.0
2020-06-30 02:00:00,0.0,0.0,0.0,21.63,0.62,0.0,0.0
2020-06-30 03:00:00,0.0,0.0,0.0,20.58,0.9,0.0,0.0
2020-06-30 04:00:00,197.0,15.61,3.08,20.13,0.97,0.0,0.000197
2020-06-30 05:00:00,3387.0,104.0,12.67,20.9,0.76,0.0,0.003387
2020-06-30 06:00:00,9812.0,263.0,22.88,22.04,0.76,0.0,0.009812
2020-06-30 07:00:00,15366.5,399.0,33.43,23.23,0.97,0.0,0.0153665
2020-06-30 08:00:00,18353.0,479.0,43.97,24.58,0.9,0.0,0.018353
2020-06-30 09:00:00,25100.5,667.0,54.04,25.64,0.69,0.0,0.0251005
2020-06-30 10:00:00,25010.5,674.0,62.66,26.62,0.41,0.0,0.0250105
2020-06-30 11:00:00,30154.5,826.0,67.77,27.31,0.55,0.0,0.0301545
2020-06-30 12:00:00,31194.0,853.0,66.76,28.24,0.97,0.0,0.031194
2020-06-30 13:00:00,24443.0,652.0,60.28,28.84,1.72,0.0,0.024443
2020-06-30 14:00:00,26778.5,708.0,51.06,29.25,2.41,0.0,0.0267785
2020-06-30 15:00:00,22455.5,591.0,40.77,29.12,2.14,0.0,0.0224555
2020-06-30 16:00:00,16229.0,430.0,30.19,28.81,2.34,0.0,0.016229
2020-06-30 17:00:00,8726.5,246.0,19.71,28.15,2.48,0.0,0.0087265
2020-06-30 18:00:00,2892.5,103.0,9.66,27.07,2.41,0.0,0.0028925
2020-06-30 19:00:00,0.0,0.0,0.0,25.68,2.28,0.0,0.0
2020-06-30 20:00:00,0.0,0.0,0.0,24.61,2.07,0.0,0.0
2020-06-30 21:00:00,0.0,0.0,0.0,23.75,2.0,0.0,0.0
2020-06-30 22:00:00,0.0,0.0,0.0,22.98,2.0,0.0,0.0
2020-06-30 23:00:00,0.0,0.0,0.0,22.36,1.86,0.0,0.0
2020-07-01 00:00:00,0.0,0.0,0.0,21.7,1.59,0.0,0.0
2020-07-01 01:00:00,0.0,0.0,0.0,21.11,1.45,0.0,0.0
2020-07-01 02:00:00,0.0,0.0,0.0,20.7,1.38,0.0,0.0
2020-07-01 03:00:00,0.0,0.0,0.0,20.19,1.31,0.0,0.0
2020-07-01 04:00:00,115.5,11.84,3.01,20.11,1.1,0.0,0.0001155
2020-07-01 05:00:00,3705.5,114.0,12.59,20.87,0.76,0.0,0.0037055
2020-07-01 06:00:00,11315.5,305.0,22.81,22.46,0.48,0.0,0.0113155
2020-07-01 07:00:00,16495.5,429.0,33.35,24.1,1.1,0.0,0.0164955
2020-07-01 08:00:00,24569.0,647.0,43.9,25.32,0.69,0.0,0.024569
2020-07-01 09:00:00,28446.0,765.0,53.96,26.63,0.62,0.0,0.028446
2020-07-01 10:00:00,30513.0,827.0,62.59,27.5,0.97,0.0,0.030513
2020-07-01 11:00:00,30149.0,816.0,67.7,28.12,1.31,0.0,0.030149
2020-07-01 12:00:00,3485.0,106.0,66.72,28.78,1.66,0.0,0.003485
2020-07-01 13:00:00,3782.5,114.0,60.25,29.35,1.1,0.0,0.0037825
2020-07-01 14:00:00,27432.5,735.0,51.05,29.19,1.38,0.0,0.0274325
2020-07-01 15:00:00,22816.0,603.0,40.77,29.37,1.79,0.0,0.022816
2020-07-01 16:00:00,16758.0,446.0,30.18,28.97,1.79,0.0,0.016758
2020-07-01 17:00:00,2986.5,93.0,19.7,28.01,1.52,0.0,0.0029865
2020-07-01 18:00:00,2865.5,102.0,9.64,25.93,1.52,0.0,0.0028655
2020-07-01 19:00:00,0.0,0.0,0.0,24.73,1.66,0.0,0.0
2020-07-01 20:00:00,0.0,0.0,0.0,23.67,0.62,0.0,0.0
2020-07-01 21:00:00,0.0,0.0,0.0,23.04,0.9,0.0,0.0
2020-07-01 22:00:00,0.0,0.0,0.0,22.23,1.03,0.0,0.0
2020-07-01 23:00:00,0.0,0.0,0.0,21.53,1.31,0.0,0.0
2020-07-02 00:00:00,0.0,0.0,0.0,21.16,1.24,0.0,0.0
2020-07-02 01:00:00,0.0,0.0,0.0,20.79,1.24,0.0,0.0
2020-07-02 02:00:00,0.0,0.0,0.0,20.52,1.24,0.0,0.0
2020-07-02 03:00:00,0.0,0.0,0.0,19.93,1.38,0.0,0.0
2020-07-02 04:00:00,224.0,17.33,2.92,20.58,0.97,0.0,0.000224
2020-07-02 05:00:00,4745.5,150.0,12.51,21.55,0.69,0.0,0.0047455
2020-07-02 06:00:00,12116.5,327.0,22.73,23.0,0.83,0.0,0.0121165
2020-07-02 07:00:00,19149.5,500.0,33.28,24.13,0.76,0.0,0.0191495
2020-07-02 08:00:00,25100.5,668.0,43.82,25.77,0.34,0.0,0.0251005
2020-07-02 09:00:00,29278.5,802.0,53.88,27.29,0.14,0.0,0.0292785
2020-07-02 10:00:00,32329.0,895.01,62.51,28.75,0.62,0.0,0.032329
2020-07-02 11:00:00,33596.0,935.01,67.62,29.99,0.97,0.0,0.033596
2020-07-02 12:00:00,32925.0,912.01,66.66,30.96,1.31,0.0,0.032925
2020-07-02 13:00:00,30757.5,840.0,60.22,31.78,1.86,0.0,0.0307575
2020-07-02 14:00:00,15564.5,418.0,51.03,31.63,2.21,0.0,0.0155645
2020-07-02 15:00:00,19713.0,524.0,40.76,31.38,2.41,0.0,0.019713
2020-07-02 16:00:00,8871.0,243.0,30.17,29.96,2.0,0.0,0.008871
2020-07-02 17:00:00,501.0,25.0,19.69,28.83,1.86,0.0,0.000501
2020-07-02 18:00:00,1414.5,52.0,9.63,27.78,2.0,0.0,0.0014145
2020-07-02 19:00:00,0.0,0.0,0.0,26.2,1.93,0.0,0.0
2020-07-02 20:00:00,0.0,0.0,0.0,24.69,1.93,0.0,0.0
2020-07-02 21:00:00,0.0,0.0,0.0,23.27,1.79,0.0,0.0
2020-07-02 22:00:00,0.0,0.0,0.0,21.95,1.38,0.0,0.0
2020-07-02 23:00:00,0.0,0.0,0.0,21.35,1.24,0.0,0.0
2020-07-03 00:00:00,0.0,0.0,0.0,20.57,1.66,0.0,0.0
2020-07-03 01:00:00,0.0,0.0,0.0,20.2,1.24,0.0,0.0
2020-07-03 02:00:00,0.0,0.0,0.0,20.74,0.69,0.0,0.0
2020-07-03 03:00:00,0.0,0.0,0.0,19.64,0.55,0.0,0.0
2020-07-03 04:00:00,144.5,13.63,2.84,18.26,1.38,0.0,0.0001445
2020-07-03 05:00:00,4562.0,141.0,12.43,19.12,1.79,0.0,0.004562
2020-07-03 06:00:00,12143.0,321.0,22.65,20.18,2.0,0.0,0.012143
2020-07-03 07:00:00,19419.0,502.0,33.19,23.7,1.52,0.0,0.019419
2020-07-03 08:00:00,25547.0,668.0,43.74,25.68,1.45,0.0,0.025547
2020-07-03 09:00:00,28073.5,743.0,53.8,26.24,1.45,0.0,0.0280735
2020-07-03 10:00:00,32076.5,857.0,62.42,27.2,1.93,0.0,0.0320765
2020-07-03 11:00:00,34927.5,941.01,67.54,27.84,2.14,0.0,0.0349275
2020-07-03 12:00:00,34445.0,929.01,66.6,27.64,1.93,0.0,0.034445
2020-07-03 13:00:00,32585.5,860.01,60.19,25.99,2.28,0.0,0.0325855
2020-07-03 14:00:00,17869.0,463.0,51.01,25.41,2.62,0.0,0.017869
2020-07-03 15:00:00,4844.0,138.0,40.74,24.66,1.66,0.0,0.004844
2020-07-03 16:00:00,1057.0,41.0,30.15,24.93,0.41,0.0,0.001057
2020-07-03 17:00:00,615.5,28.0,19.67,23.43,2.07,0.0,0.0006155
2020-07-03 18:00:00,110.5,11.0,9.6,22.24,2.28,0.0,0.0001105
2020-07-03 19:00:00,0.0,0.0,0.0,21.38,2.14,0.0,0.0
2020-07-03 20:00:00,0.0,0.0,0.0,19.81,1.52,0.0,0.0
2020-07-03 21:00:00,0.0,0.0,0.0,19.16,1.66,0.0,0.0
2020-07-03 22:00:00,0.0,0.0,0.0,18.99,2.28,0.0,0.0
2020-07-03 23:00:00,0.0,0.0,0.0,18.9,2.0,0.0,0.0
2020-07-04 00:00:00,0.0,0.0,0.0,18.71,2.14,0.0,0.0
2020-07-04 01:00:00,0.0,0.0,0.0,18.59,2.07,0.0,0.0
2020-07-04 02:00:00,0.0,0.0,0.0,18.49,1.66,0.0,0.0
2020-07-04 03:00:00,0.0,0.0,0.0,18.4,1.72,0.0,0.0
2020-07-04 04:00:00,92.0,10.84,2.75,18.32,1.66,0.0,9.2e-05
2020-07-04 05:00:00,4979.0,158.0,12.34,18.68,1.52,0.0,0.004979
2020-07-04 06:00:00,12539.0,332.0,22.56,19.55,1.52,0.0,0.012539
2020-07-04 07:00:00,19919.5,506.0,33.11,20.87,1.93,0.0,0.0199195
2020-07-04 08:00:00,26295.5,674.0,43.65,22.17,1.66,0.0,0.0262955
2020-07-04 09:00:00,30592.5,805.0,53.71,23.75,1.24,0.0,0.0305925
2020-07-04 10:00:00,33459.5,900.01,62.33,24.79,1.03,0.0,0.0334595
2020-07-04 11:00:00,34348.0,940.01,67.45,25.72,0.76,0.0,0.034348
2020-07-04 12:00:00,34087.0,938.01,66.54,26.6,0.69,0.0,0.034087
2020-07-04 13:00:00,32382.0,878.01,60.14,27.26,1.1,0.0,0.032382
2020-07-04 14:00:00,28886.0,772.0,50.98,27.58,1.24,0.0,0.028886
2020-07-04 15:00:00,23642.0,627.0,40.72,27.86,1.03,0.0,0.023642
2020-07-04 16:00:00,17137.0,458.0,30.13,27.81,0.76,0.0,0.017137
2020-07-04 17:00:00,9757.0,278.0,19.65,27.62,0.69,0.0,0.009757
2020-07-04 18:00:00,3028.0,111.0,9.57,26.55,0.69,0.0,0.003028
2020-07-04 19:00:00,0.0,0.0,0.0,26.2,0.69,0.0,0.0
2020-07-04 20:00:00,0.0,0.0,0.0,24.0,1.31,0.0,0.0
2020-07-04 21:00:00,0.0,0.0,0.0,22.7,1.45,0.0,0.0
2020-07-04 22:00:00,0.0,0.0,0.0,22.5,1.24,0.0,0.0
2020-07-04 23:00:00,0.0,0.0,0.0,23.29,0.9,0.0,0.0
2020-07-05 00:00:00,0.0,0.0,0.0,22.62,0.83,0.0,0.0
2020-07-05 01:00:00,0.0,0.0,0.0,22.07,0.9,0.0,0.0
2020-07-05 02:00:00,0.0,0.0,0.0,21.04,1.03,0.0,0.0
2020-07-05 03:00:00,0.0,0.0,0.0,20.86,0.97,0.0,0.0
2020-07-05 04:00:00,140.5,13.61,2.66,20.65,0.69,0.0,0.0001405
2020-07-05 05:00:00,4753.5,153.0,12.25,20.67,0.41,0.0,0.0047535
2020-07-05 06:00:00,12004.0,324.0,22.47,21.75,0.34,0.0,0.012004
2020-07-05 07:00:00,19071.5,498.0,33.02,24.11,0.76,0.0,0.0190715
2020-07-05 08:00:00,25094.0,664.0,43.56,25.71,0.62,0.0,0.025094
2020-07-05 09:00:00,29246.0,798.0,53.62,27.03,0.21,0.0,0.029246
2020-07-05 10:00:00,32183.5,892.01,62.23,28.17,0.41,0.0,0.0321835
2020-07-05 11:00:00,33452.5,932.01,67.36,29.14,0.69,0.0,0.0334525
2020-07-05 12:00:00,33378.5,930.01,66.46,29.9,0.83,0.0,0.0333785
2020-07-05 13:00:00,31545.5,871.01,60.1,30.47,0.97,0.0,0.0315455
2020-07-05 14:00:00,28249.0,769.0,50.94,30.88,1.1,0.0,0.028249
2020-07-05 15:00:00,23072.5,621.0,40.69,31.08,1.1,0.0,0.0230725
2020-07-05 16:00:00,16808.0,455.0,30.11,30.95,1.03,0.0,0.016808
2020-07-05 17:00:00,9487.5,274.0,19.62,30.51,0.97,0.0,0.0094875
2020-07-05 18:00:00,2946.0,110.0,9.54,29.17,0.69,0.0,0.002946
2020-07-05 19:00:00,0.0,0.0,0.0,27.79,0.97,0.0,0.0
2020-07-05 20:00:00,0.0,0.0,0.0,26.87,0.97,0.0,0.0
2020-07-05 21:00:00,0.0,0.0,0.0,25.57,1.1,0.0,0.0
2020-07-05 22:00:00,0.0,0.0,0.0,24.32,1.17,0.0,0.0
2020-07-05 23:00:00,0.0,0.0,0.0,23.96,0.97,0.0,0.0
2020-07-06 00:00:00,0.0,0.0,0.0,23.7,0.62,0.0,0.0
2020-07-06 01:00:00,0.0,0.0,0.0,23.11,0.41,0.0,0.0
2020-07-06 02:00:00,0.0,0.0,0.0,22.59,0.69,0.0,0.0
2020-07-06 03:00:00,0.0,0.0,0.0,22.19,0.69,0.0,0.0
2020-07-06 04:00:00,112.5,11.81,2.56,21.99,0.55,0.0,0.0001125
2020-07-06 05:00:00,4598.5,148.0,12.16,21.8,0.62,0.0,0.0045985
2020-07-06 06:00:00,11875.5,322.0,22.38,23.09,0.62,0.0,0.0118755
2020-07-06 07:00:00,19032.5,501.0,32.93,25.33,0.62,0.0,0.0190325
2020-07-06 08:00:00,25063.0,668.0,43.47,27.04,0.62,0.0,0.025063
2020-07-06 09:00:00,29102.5,803.0,53.52,28.39,0.07,0.0,0.0291025
2020-07-06 10:00:00,31857.5,893.01,62.13,29.58,0.28,0.0,0.0318575
2020-07-06 11:00:00,33250.5,939.01,67.25,30.52,0.48,0.0,0.0332505
2020-07-06 12:00:00,33231.0,932.01,66.38,31.03,0.83,0.0,0.033231
2020-07-06 13:00:00,31520.5,873.01,60.04,31.74,1.17,0.0,0.0315205
2020-07-06 14:00:00,28166.0,767.0,50.9,31.98,1.45,0.0,0.028166
2020-07-06 15:00:00,23254.0,623.0,40.66,32.08,1.93,0.0,0.023254
2020-07-06 16:00:00,16509.0,444.0,30.08,31.68,2.28,0.0,0.016509
2020-07-06 17:00:00,9459.5,272.0,19.58,30.73,1.86,0.0,0.0094595
2020-07-06 18:00:00,2846.0,104.0,9.5,29.4,1.52,0.0,0.002846
2020-07-06 19:00:00,0.0,0.0,0.0,27.32,1.03,0.0,0.0
2020-07-06 20:00:00,0.0,0.0,0.0,25.91,1.17,0.0,0.0
2020-07-06 21:00:00,0.0,0.0,0.0,24.13,1.52,0.0,0.0
2020-07-06 22:00:00,0.0,0.0,0.0,23.29,2.14,0.0,0.0
2020-07-06 23:00:00,0.0,0.0,0.0,23.58,3.59,0.0,0.0
2020-07-07 00:00:00,0.0,0.0,0.0,22.85,3.59,0.0,0.0
2020-07-07 01:00:00,0.0,0.0,0.0,21.95,3.03,0.0,0.0
2020-07-07 02:00:00,0.0,0.0,0.0,21.05,2.41,0.0,0.0
2020-07-07 03:00:00,0.0,0.0,0.0,19.89,2.0,0.0,0.0
2020-07-07 04:00:00,92.0,11.65,2.46,19.08,2.14,0.0,9.2e-05
2020-07-07 05:00:00,4736.5,151.0,12.06,19.31,2.55,0.0,0.0047365
2020-07-07 06:00:00,12052.5,318.0,22.28,20.15,3.1,0.0,0.0120525
2020-07-07 07:00:00,19161.5,484.0,32.83,22.31,4.0,0.0,0.0191615
2020-07-07 08:00:00,26113.0,654.0,43.37,22.86,4.69,0.0,0.026113
2020-07-07 09:00:00,28308.0,715.0,53.42,23.5,4.69,0.0,0.028308
2020-07-07 10:00:00,34316.5,875.01,62.02,23.91,4.69,0.0,0.0343165
2020-07-07 11:00:00,35218.5,905.01,67.15,24.36,4.48,0.0,0.0352185
2020-07-07 12:00:00,35063.5,908.01,66.29,24.8,3.86,0.0,0.0350635
2020-07-07 13:00:00,33307.5,865.01,59.98,25.12,3.24,0.0,0.0333075
2020-07-07 14:00:00,29412.0,764.0,50.86,25.4,2.48,0.0,0.029412
2020-07-07 15:00:00,23689.5,614.0,40.62,25.48,1.93,0.0,0.0236895
2020-07-07 16:00:00,17143.5,450.0,30.04,25.5,1.45,0.0,0.0171435
2020-07-07 17:00:00,9627.0,270.0,19.54,25.11,1.17,0.0,0.009627
2020-07-07 18:00:00,2917.0,104.0,9.45,24.28,1.24,0.0,0.002917
2020-07-07 19:00:00,0.0,0.0,0.0,23.34,1.66,0.0,0.0
2020-07-07 20:00:00,0.0,0.0,0.0,21.5,1.72,0.0,0.0
2020-07-07 21:00:00,0.0,0.0,0.0,20.34,1.66,0.0,0.0
2020-07-07 22:00:00,0.0,0.0,0.0,19.5,1.66,0.0,0.0
2020-07-07 23:00:00,0.0,0.0,0.0,19.04,1.52,0.0,0.0
2020-07-08 00:00:00,0.0,0.0,0.0,18.61,1.59,0.0,0.0
2020-07-08 01:00:00,0.0,0.0,0.0,18.38,1.59,0.0,0.0
2020-07-08 02:00:00,0.0,0.0,0.0,17.94,1.72,0.0,0.0
2020-07-08 03:00:00,0.0,0.0,0.0,17.55,1.72,0.0,0.0
2020-07-08 04:00:00,0.0,0.0,0.0,17.23,1.59,0.0,0.0
2020-07-08 05:00:00,2375.0,75.0,11.95,17.59,1.38,0.0,0.002375
2020-07-08 06:00:00,8986.0,239.0,22.18,19.94,1.38,0.0,0.008986
2020-07-08 07:00:00,15129.5,387.0,32.73,21.07,1.72,0.0,0.0151295
2020-07-08 08:00:00,25555.0,655.0,43.27,21.94,1.52,0.0,0.025555
2020-07-08 09:00:00,30221.5,793.0,53.32,23.37,1.24,0.0,0.0302215
2020-07-08 10:00:00,32994.0,883.01,61.91,24.37,1.1,0.0,0.032994
2020-07-08 11:00:00,34574.0,938.01,67.03,25.58,1.1,0.0,0.034574
2020-07-08 12:00:00,34238.5,931.01,66.2,26.51,1.17,0.0,0.0342385
2020-07-08 13:00:00,32341.5,873.01,59.91,27.23,1.31,0.0,0.0323415
2020-07-08 14:00:00,28731.0,767.0,50.81,27.86,1.38,0.0,0.028731
2020-07-08 15:00:00,23379.5,619.0,40.57,28.12,1.24,0.0,0.0233795
2020-07-08 16:00:00,16986.5,454.0,30.0,28.19,0.97,0.0,0.0169865
2020-07-08 17:00:00,9576.5,273.0,19.5,27.93,1.03,0.0,0.0095765
2020-07-08 18:00:00,2849.0,104.0,9.4,26.95,1.17,0.0,0.002849
2020-07-08 19:00:00,0.0,0.0,0.0,25.13,1.31,0.0,0.0
2020-07-08 20:00:00,0.0,0.0,0.0,23.14,1.66,0.0,0.0
2020-07-08 21:00:00,0.0,0.0,0.0,21.94,1.59,0.0,0.0
2020-07-08 22:00:00,0.0,0.0,0.0,21.09,1.52,0.0,0.0
2020-07-08 23:00:00,0.0,0.0,0.0,20.84,1.31,0.0,0.0
2020-07-09 00:00:00,0.0,0.0,0.0,20.6,1.24,0.0,0.0
2020-07-09 01:00:00,0.0,0.0,0.0,20.14,1.17,0.0,0.0
2020-07-09 02:00:00,0.0,0.0,0.0,19.55,1.24,0.0,0.0
2020-07-09 03:00:00,0.0,0.0,0.0,19.5,1.1,0.0,0.0
2020-07-09 04:00:00,0.0,0.0,0.0,19.29,1.1,0.0,0.0
2020-07-09 05:00:00,4335.5,138.0,11.85,19.27,1.03,0.0,0.0043355
2020-07-09 06:00:00,11535.0,311.0,22.08,21.46,0.55,0.0,0.011535
2020-07-09 07:00:00,18488.0,484.0,32.63,23.17,0.21,0.0,0.018488
2020-07-09 08:00:00,24280.5,641.0,43.17,24.76,0.41,0.0,0.0242805
2020-07-09 09:00:00,29058.5,785.0,53.21,26.19,0.41,0.0,0.0290585
2020-07-09 10:00:00,31912.5,879.01,61.79,27.52,0.48,0.0,0.0319125
2020-07-09 11:00:00,33271.5,924.01,66.91,28.65,0.69,0.0,0.0332715
2020-07-09 12:00:00,32974.5,918.01,66.1,29.62,0.76,0.0,0.0329745
2020-07-09 13:00:00,31323.0,865.01,59.84,30.27,0.9,0.0,0.031323
2020-07-09 14:00:00,27863.0,759.0,50.75,30.86,1.03,0.0,0.027863
2020-07-09 15:00:00,22892.5,617.0,40.53,31.12,1.03,0.0,0.0228925
2020-07-09 16:00:00,16498.0,446.0,29.95,31.0,1.24,0.0,0.016498
2020-07-09 17:00:00,9313.5,268.0,19.45,30.4,1.66,0.0,0.0093135
2020-07-09 18:00:00,2724.5,100.0,9.34,29.05,1.79,0.0,0.0027245
2020-07-09 19:00:00,0.0,0.0,0.0,27.04,1.93,0.0,0.0
2020-07-09 20:00:00,0.0,0.0,0.0,25.22,1.86,0.0,0.0
2020-07-09 21:00:00,0.0,0.0,0.0,23.68,1.59,0.0,0.0
2020-07-09 22:00:00,0.0,0.0,0.0,23.23,1.17,0.0,0.0
2020-07-09 23:00:00,0.0,0.0,0.0,23.17,0.97,0.0,0.0
2020-07-10 00:00:00,0.0,0.0,0.0,22.36,1.03,0.0,0.0
2020-07-10 01:00:00,0.0,0.0,0.0,21.69,1.03,0.0,0.0
2020-07-10 02:00:00,0.0,0.0,0.0,22.23,0.76,0.0,0.0
2020-07-10 03:00:00,0.0,0.0,0.0,21.98,0.48,0.0,0.0
2020-07-10 04:00:00,0.0,0.0,0.0,21.73,0.55,0.0,0.0
2020-07-10 05:00:00,3850.0,123.0,11.74,21.75,0.48,0.0,0.00385
2020-07-10 06:00:00,10444.5,284.0,21.98,22.95,0.34,0.0,0.0104445
2020-07-10 07:00:00,17389.0,458.0,32.53,25.06,0.41,0.0,0.017389
2020-07-10 08:00:00,23457.5,624.0,43.06,26.62,0.41,0.0,0.0234575
2020-07-10 09:00:00,28095.5,762.0,53.1,28.08,0.55,0.0,0.0280955
2020-07-10 10:00:00,31249.5,858.01,61.67,29.27,0.9,0.0,0.0312495
2020-07-10 11:00:00,32899.0,908.01,66.79,30.25,1.24,0.0,0.032899
2020-07-10 12:00:00,32614.0,902.01,65.99,30.82,1.24,0.0,0.032614
2020-07-10 13:00:00,30556.5,840.01,59.76,31.29,1.24,0.0,0.0305565
2020-07-10 14:00:00,22869.5,615.0,50.69,31.3,1.59,0.0,0.0228695
2020-07-10 15:00:00,20033.5,531.0,40.47,30.13,1.93,0.0,0.0200335
2020-07-10 16:00:00,3510.5,107.0,29.9,29.65,2.0,0.0,0.0035105
2020-07-10 17:00:00,7773.0,221.0,19.39,28.94,2.0,0.0,0.007773
2020-07-10 18:00:00,2500.5,90.0,9.28,28.03,2.28,0.0,0.0025005
2020-07-10 19:00:00,0.0,0.0,0.0,26.34,3.17,0.0,0.0
2020-07-10 20:00:00,0.0,0.0,0.0,25.08,2.0,0.0,0.0
2020-07-10 21:00:00,0.0,0.0,0.0,23.99,1.17,0.0,0.0
2020-07-10 22:00:00,0.0,0.0,0.0,23.26,2.07,0.0,0.0
2020-07-10 23:00:00,0.0,0.0,0.0,22.71,1.79,0.0,0.0
2020-07-11 00:00:00,0.0,0.0,0.0,22.16,1.17,0.0,0.0
2020-07-11 01:00:00,0.0,0.0,0.0,21.67,1.45,0.0,0.0
2020-07-11 02:00:00,0.0,0.0,0.0,21.05,1.38,0.0,0.0
2020-07-11 03:00:00,0.0,0.0,0.0,20.48,1.03,0.0,0.0
2020-07-11 04:00:00,0.0,0.0,0.0,20.52,0.83,0.0,0.0
2020-07-11 05:00:00,3780.0,120.0,11.63,20.05,1.17,0.0,0.00378
2020-07-11 06:00:00,10607.5,287.0,21.87,21.68,0.34,0.0,0.0106075
2020-07-11 07:00:00,17969.0,462.0,32.42,22.9,1.79,0.0,0.017969
2020-07-11 08:00:00,24259.5,628.0,42.95,23.98,1.38,0.0,0.0242595
2020-07-11 09:00:00,27984.0,750.0,52.98,24.86,0.28,0.0,0.027984
2020-07-11 10:00:00,23633.0,631.0,61.54,26.18,0.62,0.0,0.023633
2020-07-11 11:00:00,26533.5,717.0,66.65,26.98,0.62,0.0,0.0265335
2020-07-11 12:00:00,29053.5,794.0,65.88,27.39,0.48,0.0,0.0290535
2020-07-11 13:00:00,26617.0,721.0,59.67,27.96,0.62,0.0,0.026617
2020-07-11 14:00:00,26019.5,699.0,50.62,28.36,0.83,0.0,0.0260195
2020-07-11 15:00:00,22080.5,589.0,40.41,28.66,0.76,0.0,0.0220805
2020-07-11 16:00:00,15051.5,404.0,29.84,28.38,0.62,0.0,0.0150515
2020-07-11 17:00:00,9357.5,269.0,19.33,27.92,0.41,0.0,0.0093575
2020-07-11 18:00:00,2473.5,89.0,9.21,26.48,0.9,0.0,0.0024735
2020-07-11 19:00:00,0.0,0.0,0.0,25.64,1.38,0.0,0.0
2020-07-11 20:00:00,0.0,0.0,0.0,24.55,2.0,0.0,0.0
2020-07-11 21:00:00,0.0,0.0,0.0,23.53,1.72,0.0,0.0
2020-07-11 22:00:00,0.0,0.0,0.0,22.43,1.1,0.0,0.0
2020-07-11 23:00:00,0.0,0.0,0.0,23.27,0.55,0.0,0.0
2020-07-12 00:00:00,0.0,0.0,0.0,21.65,1.38,0.0,0.0
2020-07-12 01:00:00,0.0,0.0,0.0,21.89,2.55,0.0,0.0
2020-07-12 02:00:00,0.0,0.0,0.0,21.46,3.24,0.0,0.0
2020-07-12 03:00:00,0.0,0.0,0.0,20.85,3.52,0.0,0.0
2020-07-12 04:00:00,0.0,0.0,0.0,20.28,3.38,0.0,0.0
2020-07-12 05:00:00,4113.0,132.0,11.51,20.0,3.38,0.0,0.004113
2020-07-12 06:00:00,11339.0,300.0,21.75,19.89,3.17,0.0,0.011339
2020-07-12 07:00:00,18579.5,470.0,32.31,20.92,2.76,0.0,0.0185795
2020-07-12 08:00:00,23863.5,604.0,42.84,22.0,2.69,0.0,0.0238635
2020-07-12 09:00:00,23615.5,603.0,52.86,22.8,2.69,0.0,0.0236155
2020-07-12 10:00:00,32022.0,832.0,61.41,23.87,2.62,0.0,0.032022
2020-07-12 11:00:00,35214.5,930.01,66.52,24.94,2.41,0.0,0.0352145
2020-07-12 12:00:00,34612.5,919.01,65.76,25.6,2.21,0.0,0.0346125
2020-07-12 13:00:00,32476.5,861.01,59.58,26.32,2.07,0.0,0.0324765
2020-07-12 14:00:00,28470.5,752.0,50.55,27.3,1.86,0.0,0.0284705
2020-07-12 15:00:00,23551.5,617.0,40.35,27.32,1.79,0.0,0.0235515
2020-07-12 16:00:00,16952.5,448.0,29.77,27.4,1.86,0.0,0.0169525
2020-07-12 17:00:00,9585.0,272.0,19.26,26.92,1.72,0.0,0.009585
2020-07-12 18:00:00,2849.0,106.0,9.14,25.76,1.45,0.0,0.002849
2020-07-12 19:00:00,0.0,0.0,0.0,24.56,1.72,0.0,0.0
2020-07-12 20:00:00,0.0,0.0,0.0,23.2,1.86,0.0,0.0
2020-07-12 21:00:00,0.0,0.0,0.0,22.04,1.66,0.0,0.0
2020-07-12 22:00:00,0.0,0.0,0.0,21.28,1.66,0.0,0.0
2020-07-12 23:00:00,0.0,0.0,0.0,20.82,1.79,0.0,0.0
2020-07-13 00:00:00,0.0,0.0,0.0,20.42,2.0,0.0,0.0
2020-07-13 01:00:00,0.0,0.0,0.0,20.3,2.41,0.0,0.0
2020-07-13 02:00:00,0.0,0.0,0.0,20.26,2.55,0.0,0.0
2020-07-13 03:00:00,0.0,0.0,0.0,20.26,2.62,0.0,0.0
2020-07-13 04:00:00,0.0,0.0,0.0,20.07,2.62,0.0,0.0
2020-07-13 05:00:00,2684.5,85.0,11.39,20.14,2.55,0.0,0.0026845
2020-07-13 06:00:00,3113.0,93.0,21.64,20.34,2.48,0.0,0.003113
2020-07-13 07:00:00,5196.5,144.0,32.2,20.97,3.03,0.0,0.0051965
2020-07-13 08:00:00,22646.5,571.0,42.73,21.76,3.03,0.0,0.0226465
2020-07-13 09:00:00,30179.5,770.0,52.74,22.32,2.83,0.0,0.0301795
2020-07-13 10:00:00,33053.5,858.01,61.27,23.16,2.48,0.0,0.0330535
2020-07-13 11:00:00,25573.5,663.0,66.37,23.91,2.34,0.0,0.0255735
2020-07-13 12:00:00,32330.0,849.01,65.63,24.74,2.34,0.0,0.03233
2020-07-13 13:00:00,29980.0,786.0,59.48,25.88,2.41,0.0,0.02998
2020-07-13 14:00:00,25272.0,662.0,50.47,26.53,1.93,0.0,0.025272
2020-07-13 15:00:00,18189.0,475.0,40.28,26.68,1.86,0.0,0.018189
2020-07-13 16:00:00,14511.0,382.0,29.7,26.46,2.0,0.0,0.014511
2020-07-13 17:00:00,9004.0,253.0,19.19,25.97,2.34,0.0,0.009004
2020-07-13 18:00:00,2687.0,99.0,9.06,24.94,2.34,0.0,0.002687
2020-07-13 19:00:00,0.0,0.0,0.0,23.46,1.59,0.0,0.0
2020-07-13 20:00:00,0.0,0.0,0.0,22.42,1.72,0.0,0.0
2020-07-13 21:00:00,0.0,0.0,0.0,21.25,1.52,0.0,0.0
2020-07-13 22:00:00,0.0,0.0,0.0,20.31,1.38,0.0,0.0
2020-07-13 23:00:00,0.0,0.0,0.0,19.6,1.66,0.0,0.0
2020-07-14 00:00:00,0.0,0.0,0.0,19.17,1.72,0.0,0.0
2020-07-14 01:00:00,0.0,0.0,0.0,18.9,1.66,0.0,0.0
2020-07-14 02:00:00,0.0,0.0,0.0,18.67,1.66,0.0,0.0
2020-07-14 03:00:00,0.0,0.0,0.0,18.35,1.59,0.0,0.0
2020-07-14 04:00:00,0.0,0.0,0.0,18.13,1.52,0.0,0.0
2020-07-14 05:00:00,2932.5,92.0,11.27,18.55,1.52,0.0,0.0029325
2020-07-14 06:00:00,5435.5,150.0,21.52,19.91,1.72,0.0,0.0054355
2020-07-14 07:00:00,10746.0,278.0,32.08,20.21,1.72,0.0,0.010746
2020-07-14 08:00:00,22334.0,566.0,42.61,20.44,1.72,0.0,0.022334
2020-07-14 09:00:00,28153.0,726.0,52.61,21.55,1.52,0.0,0.028153
2020-07-14 10:00:00,32627.0,861.01,61.13,22.29,1.17,0.0,0.032627
2020-07-14 11:00:00,32257.5,862.01,66.22,23.2,0.9,0.0,0.0322575
2020-07-14 12:00:00,31149.0,837.01,65.5,23.97,0.69,0.0,0.031149
2020-07-14 13:00:00,23235.5,614.0,59.38,24.56,0.69,0.0,0.0232355
2020-07-14 14:00:00,24366.0,640.0,50.38,24.71,0.97,0.0,0.024366
2020-07-14 15:00:00,14462.0,378.0,40.2,24.97,1.38,0.0,0.014462
2020-07-14 16:00:00,17576.5,460.0,29.63,24.88,1.59,0.0,0.0175765
2020-07-14 17:00:00,7954.0,222.0,19.11,24.6,1.59,0.0,0.007954
2020-07-14 18:00:00,2137.0,75.0,8.98,23.76,1.45,0.0,0.002137
2020-07-14 19:00:00,0.0,0.0,0.0,22.45,1.52,0.0,0.0
2020-07-14 20:00:00,0.0,0.0,0.0,21.08,1.66,0.0,0.0
2020-07-14 21:00:00,0.0,0.0,0.0,19.82,1.72,0.0,0.0
2020-07-14 22:00:00,0.0,0.0,0.0,18.79,1.66,0.0,0.0
2020-07-14 23:00:00,0.0,0.0,0.0,18.37,1.38,0.0,0.0
2020-07-15 00:00:00,0.0,0.0,0.0,17.96,1.24,0.0,0.0
2020-07-15 01:00:00,0.0,0.0,0.0,17.48,1.17,0.0,0.0
2020-07-15 02:00:00,0.0,0.0,0.0,16.83,1.31,0.0,0.0
2020-07-15 03:00:00,0.0,0.0,0.0,16.46,1.45,0.0,0.0
2020-07-15 04:00:00,0.0,0.0,0.0,16.45,1.31,0.0,0.0
2020-07-15 05:00:00,601.0,27.0,11.14,17.67,0.83,0.0,0.000601
2020-07-15 06:00:00,5353.0,148.0,21.4,19.2,0.62,0.0,0.005353
2020-07-15 07:00:00,12323.5,320.0,31.96,20.66,0.34,0.0,0.0123235
2020-07-15 08:00:00,18343.5,476.0,42.49,21.67,0.14,0.0,0.0183435
2020-07-15 09:00:00,27819.0,734.0,52.48,22.75,0.48,0.0,0.027819
2020-07-15 10:00:00,28222.0,749.0,60.99,24.02,0.83,0.0,0.028222
2020-07-15 11:00:00,32247.5,862.01,66.07,24.94,1.31,0.0,0.0322475
2020-07-15 12:00:00,26780.5,712.0,65.35,25.84,1.24,0.0,0.0267805
2020-07-15 13:00:00,24750.0,657.0,59.27,26.47,1.17,0.0,0.02475
2020-07-15 14:00:00,24860.5,664.0,50.29,27.07,0.69,0.0,0.0248605
2020-07-15 15:00:00,20853.0,551.0,40.12,26.87,0.76,0.0,0.020853
2020-07-15 16:00:00,12812.0,340.0,29.55,25.7,0.76,0.0,0.012812
2020-07-15 17:00:00,4770.0,138.0,19.03,25.36,0.41,0.0,0.00477
2020-07-15 18:00:00,1709.0,61.0,8.89,24.25,0.34,0.0,0.001709
2020-07-15 19:00:00,0.0,0.0,0.0,23.61,0.34,0.0,0.0
2020-07-15 20:00:00,0.0,0.0,0.0,23.17,0.48,0.0,0.0
2020-07-15 21:00:00,0.0,0.0,0.0,22.47,0.76,0.0,0.0
2020-07-15 22:00:00,0.0,0.0,0.0,20.42,1.17,0.0,0.0
2020-07-15 23:00:00,0.0,0.0,0.0,19.38,1.17,0.0,0.0
2020-07-16 00:00:00,0.0,0.0,0.0,20.46,0.62,0.0,0.0
2020-07-16 01:00:00,0.0,0.0,0.0,19.44,0.9,0.0,0.0
2020-07-16 02:00:00,0.0,0.0,0.0,17.83,1.31,0.0,0.0
2020-07-16 03:00:00,0.0,0.0,0.0,17.37,1.38,0.0,0.0
2020-07-16 04:00:00,0.0,0.0,0.0,17.32,1.17,0.0,0.0
2020-07-16 05:00:00,3552.0,114.0,11.02,18.15,0.83,0.0,0.003552
2020-07-16 06:00:00,10406.0,280.0,21.28,20.02,0.69,0.0,0.010406
2020-07-16 07:00:00,17913.5,462.0,31.84,21.38,0.76,0.0,0.0179135
2020-07-16 08:00:00,24417.0,632.0,42.36,22.59,0.9,0.0,0.024417
2020-07-16 09:00:00,28910.5,762.0,52.35,23.75,0.9,0.0,0.0289105
2020-07-16 10:00:00,31360.0,846.01,60.84,25.2,0.69,0.0,0.03136
2020-07-16 11:00:00,32919.0,907.01,65.91,26.36,0.41,0.0,0.032919
2020-07-16 12:00:00,32248.0,886.01,65.21,27.27,0.62,0.0,0.032248
2020-07-16 13:00:00,31155.5,844.01,59.15,27.34,0.97,0.0,0.0311555
2020-07-16 14:00:00,27561.0,736.0,50.2,27.62,1.1,0.0,0.027561
2020-07-16 15:00:00,22588.5,599.0,40.03,28.12,1.03,0.0,0.0225885
2020-07-16 16:00:00,16185.0,433.0,29.46,27.77,0.76,0.0,0.016185
2020-07-16 17:00:00,8896.0,255.0,18.94,27.57,0.97,0.0,0.008896
2020-07-16 18:00:00,2400.0,89.0,8.79,26.65,1.52,0.0,0.0024
2020-07-16 19:00:00,0.0,0.0,0.0,25.1,2.21,0.0,0.0
2020-07-16 20:00:00,0.0,0.0,0.0,23.93,1.93,0.0,0.0
2020-07-16 21:00:00,0.0,0.0,0.0,22.85,1.93,0.0,0.0
2020-07-16 22:00:00,0.0,0.0,0.0,21.89,1.93,0.0,0.0
2020-07-16 23:00:00,0.0,0.0,0.0,20.95,1.72,0.0,0.0
2020-07-17 00:00:00,0.0,0.0,0.0,20.07,1.59,0.0,0.0
2020-07-17 01:00:00,0.0,0.0,0.0,19.46,1.38,0.0,0.0
2020-07-17 02:00:00,0.0,0.0,0.0,19.49,1.03,0.0,0.0
2020-07-17 03:00:00,0.0,0.0,0.0,20.29,0.69,0.0,0.0
2020-07-17 04:00:00,0.0,0.0,0.0,20.11,0.48,0.0,0.0
2020-07-17 05:00:00,3942.5,134.0,10.89,20.04,0.14,0.0,0.0039425
2020-07-17 06:00:00,11023.5,300.0,21.15,20.84,0.28,0.0,0.0110235
2020-07-17 07:00:00,16152.5,423.0,31.72,23.21,0.21,0.0,0.0161525
2020-07-17 08:00:00,24220.0,633.0,42.23,24.94,1.03,0.0,0.02422
2020-07-17 09:00:00,29262.5,768.0,52.21,26.05,1.93,0.0,0.0292625
2020-07-17 10:00:00,32278.5,854.01,60.69,26.63,2.28,0.0,0.0322785
2020-07-17 11:00:00,30522.5,813.0,65.74,27.14,2.0,0.0,0.0305225
2020-07-17 12:00:00,29605.0,793.0,65.05,27.78,1.72,0.0,0.029605
2020-07-17 13:00:00,31185.0,837.01,59.02,28.27,1.72,0.0,0.031185
2020-07-17 14:00:00,26862.5,714.0,50.09,28.35,1.59,0.0,0.0268625
2020-07-17 15:00:00,22462.5,594.0,39.94,28.46,1.38,0.0,0.0224625
2020-07-17 16:00:00,16177.5,433.0,29.37,28.35,1.03,0.0,0.0161775
2020-07-17 17:00:00,8862.5,255.0,18.85,27.93,0.9,0.0,0.0088625
2020-07-17 18:00:00,2490.0,94.0,8.69,26.77,1.17,0.0,0.00249
2020-07-17 19:00:00,0.0,0.0,0.0,24.93,1.1,0.0,0.0
2020-07-17 20:00:00,0.0,0.0,0.0,23.69,1.1,0.0,0.0
2020-07-17 21:00:00,0.0,0.0,0.0,22.62,1.66,0.0,0.0
2020-07-17 22:00:00,0.0,0.0,0.0,22.21,2.07,0.0,0.0
2020-07-17 23:00:00,0.0,0.0,0.0,21.82,2.28,0.0,0.0
2020-07-18 00:00:00,0.0,0.0,0.0,21.19,2.21,0.0,0.0
2020-07-18 01:00:00,0.0,0.0,0.0,20.54,2.28,0.0,0.0
2020-07-18 02:00:00,0.0,0.0,0.0,20.19,2.34,0.0,0.0
2020-07-18 03:00:00,0.0,0.0,0.0,19.83,2.21,0.0,0.0
2020-07-18 04:00:00,0.0,0.0,0.0,19.59,2.07,0.0,0.0
2020-07-18 05:00:00,1311.5,47.0,10.75,19.59,1.86,0.0,0.0013115
2020-07-18 06:00:00,3363.0,99.0,21.02,19.89,2.28,0.0,0.003363
2020-07-18 07:00:00,5785.5,157.0,31.59,19.11,2.83,0.0,0.0057855
2020-07-18 08:00:00,14563.5,368.0,42.1,19.8,3.1,0.0,0.0145635
2020-07-18 09:00:00,13897.0,355.0,52.07,20.81,2.62,0.0,0.013897
2020-07-18 10:00:00,32647.5,854.01,60.53,22.38,1.66,0.0,0.0326475
2020-07-18 11:00:00,25880.5,685.0,65.57,23.28,0.62,0.0,0.0258805
2020-07-18 12:00:00,26864.5,719.0,64.89,24.52,0.48,0.0,0.0268645
2020-07-18 13:00:00,25098.0,674.0,58.89,25.36,0.21,0.0,0.025098
2020-07-18 14:00:00,22546.0,603.0,49.98,26.12,0.14,0.0,0.022546
2020-07-18 15:00:00,21656.0,575.0,39.84,26.67,0.41,0.0,0.021656
2020-07-18 16:00:00,16108.5,429.0,29.28,26.62,0.69,0.0,0.0161085
2020-07-18 17:00:00,9019.0,258.0,18.75,26.72,1.03,0.0,0.009019
2020-07-18 18:00:00,2457.0,93.0,8.58,25.83,1.45,0.0,0.002457
2020-07-18 19:00:00,0.0,0.0,0.0,24.17,1.31,0.0,0.0
2020-07-18 20:00:00,0.0,0.0,0.0,23.38,1.1,0.0,0.0
2020-07-18 21:00:00,0.0,0.0,0.0,23.21,0.9,0.0,0.0
2020-07-18 22:00:00,0.0,0.0,0.0,22.92,0.76,0.0,0.0
2020-07-18 23:00:00,0.0,0.0,0.0,22.4,0.62,0.0,0.0
2020-07-19 00:00:00,0.0,0.0,0.0,21.06,0.97,0.0,0.0
2020-07-19 01:00:00,0.0,0.0,0.0,19.5,1.31,0.0,0.0
2020-07-19 02:00:00,0.0,0.0,0.0,19.23,1.17,0.0,0.0
2020-07-19 03:00:00,0.0,0.0,0.0,19.05,1.03,0.0,0.0
2020-07-19 04:00:00,0.0,0.0,0.0,18.82,1.03,0.0,0.0
2020-07-19 05:00:00,3629.0,120.0,10.61,18.81,0.97,0.0,0.003629
2020-07-19 06:00:00,11029.5,299.0,20.89,20.66,0.9,0.0,0.0110295
2020-07-19 07:00:00,18500.5,480.0,31.46,22.63,0.9,0.0,0.0185005
2020-07-19 08:00:00,24809.0,646.0,41.97,23.54,0.9,0.0,0.024809
2020-07-19 09:00:00,29611.5,784.0,51.93,24.7,1.03,0.0,0.0296115
2020-07-19 10:00:00,31428.0,848.01,60.37,25.88,0.9,0.0,0.031428
2020-07-19 11:00:00,31793.0,875.01,65.39,26.98,0.48,0.0,0.031793
2020-07-19 12:00:00,33273.0,919.01,64.73,27.79,0.69,0.0,0.033273
2020-07-19 13:00:00,31929.5,865.01,58.76,28.63,1.45,0.0,0.0319295
2020-07-19 14:00:00,28569.5,759.0,49.87,29.16,2.14,0.0,0.0285695
2020-07-19 15:00:00,21876.0,574.0,39.73,29.02,2.48,0.0,0.021876
2020-07-19 16:00:00,16058.5,426.0,29.17,28.75,2.55,0.0,0.0160585
2020-07-19 17:00:00,9139.0,262.0,18.64,28.08,2.55,0.0,0.009139
2020-07-19 18:00:00,2447.5,94.0,8.47,27.04,2.41,0.0,0.0024475
2020-07-19 19:00:00,0.0,0.0,0.0,25.49,2.0,0.0,0.0
2020-07-19 20:00:00,0.0,0.0,0.0,24.19,2.07,0.0,0.0
2020-07-19 21:00:00,0.0,0.0,0.0,23.2,2.07,0.0,0.0
2020-07-19 22:00:00,0.0,0.0,0.0,22.27,2.0,0.0,0.0
2020-07-19 23:00:00,0.0,0.0,0.0,21.4,1.79,0.0,0.0
2020-07-20 00:00:00,0.0,0.0,0.0,20.52,1.45,0.0,0.0
2020-07-20 01:00:00,0.0,0.0,0.0,20.19,1.17,0.0,0.0
2020-07-20 02:00:00,0.0,0.0,0.0,19.55,1.31,0.0,0.0
2020-07-20 03:00:00,0.0,0.0,0.0,19.04,1.38,0.0,0.0
2020-07-20 04:00:00,0.0,0.0,0.0,18.79,1.31,0.0,0.0
2020-07-20 05:00:00,3020.0,98.0,10.48,19.35,1.03,0.0,0.00302
2020-07-20 06:00:00,10426.0,284.0,20.76,21.61,0.76,0.0,0.010426
2020-07-20 07:00:00,18010.0,468.0,31.33,22.8,0.83,0.0,0.01801
2020-07-20 08:00:00,24207.0,635.0,41.84,24.3,0.62,0.0,0.024207
2020-07-20 09:00:00,28712.5,771.0,51.78,25.65,0.48,0.0,0.0287125
2020-07-20 10:00:00,31517.5,862.01,60.2,27.21,0.62,0.0,0.0315175
2020-07-20 11:00:00,31716.5,870.01,65.21,28.54,0.97,0.0,0.0317165
2020-07-20 12:00:00,31939.0,874.01,64.56,29.62,1.38,0.0,0.031939
2020-07-20 13:00:00,29318.5,791.0,58.61,30.31,1.93,0.0,0.0293185
2020-07-20 14:00:00,26559.5,706.0,49.75,30.61,2.55,0.0,0.0265595
2020-07-20 15:00:00,21400.5,564.0,39.62,30.48,2.83,0.0,0.0214005
2020-07-20 16:00:00,16187.5,432.0,29.07,29.99,2.62,0.0,0.0161875
2020-07-20 17:00:00,8818.5,254.0,18.53,29.12,2.83,0.0,0.0088185
2020-07-20 18:00:00,2282.0,88.0,8.35,27.95,2.76,0.0,0.002282
2020-07-20 19:00:00,0.0,0.0,0.0,25.77,2.69,0.0,0.0
2020-07-20 20:00:00,0.0,0.0,0.0,24.49,2.41,0.0,0.0
2020-07-20 21:00:00,0.0,0.0,0.0,23.46,2.14,0.0,0.0
2020-07-20 22:00:00,0.0,0.0,0.0,22.71,1.86,0.0,0.0
2020-07-20 23:00:00,0.0,0.0,0.0,21.99,1.79,0.0,0.0
2020-07-21 00:00:00,0.0,0.0,0.0,21.41,1.66,0.0,0.0
2020-07-21 01:00:00,0.0,0.0,0.0,20.78,1.52,0.0,0.0
2020-07-21 02:00:00,0.0,0.0,0.0,20.1,1.38,0.0,0.0
2020-07-21 03:00:00,0.0,0.0,0.0,19.83,1.17,0.0,0.0
2020-07-21 04:00:00,0.0,0.0,0.0,19.86,1.03,0.0,0.0
2020-07-21 05:00:00,2806.5,92.0,10.33,20.11,0.9,0.0,0.0028065
2020-07-21 06:00:00,6682.0,184.0,20.62,22.18,0.9,0.0,0.006682
2020-07-21 07:00:00,17089.5,447.0,31.19,24.02,0.76,0.0,0.0170895
2020-07-21 08:00:00,23137.0,612.0,41.7,25.65,0.41,0.0,0.023137
2020-07-21 09:00:00,27710.5,748.0,51.63,27.23,0.48,0.0,0.0277105
2020-07-21 10:00:00,30984.0,852.01,60.03,28.34,0.55,0.0,0.030984
2020-07-21 11:00:00,31831.0,894.01,65.02,29.4,0.21,0.0,0.031831
2020-07-21 12:00:00,31282.0,878.01,64.38,30.38,0.34,0.0,0.031282
2020-07-21 13:00:00,29067.0,800.01,58.46,31.21,0.97,0.0,0.029067
2020-07-21 14:00:00,26135.5,712.0,49.62,31.44,0.97,0.0,0.0261355
2020-07-21 15:00:00,13284.0,360.0,39.51,31.84,1.31,0.0,0.013284
2020-07-21 16:00:00,7898.0,220.0,28.95,31.53,2.0,0.0,0.007898
2020-07-21 17:00:00,8763.5,256.0,18.42,30.27,2.0,0.0,0.0087635
2020-07-21 18:00:00,2289.0,92.0,8.23,28.52,1.38,0.0,0.002289
2020-07-21 19:00:00,0.0,0.0,0.0,26.94,2.07,0.0,0.0
2020-07-21 20:00:00,0.0,0.0,0.0,25.19,1.52,0.0,0.0
2020-07-21 21:00:00,0.0,0.0,0.0,24.11,1.24,0.0,0.0
2020-07-21 22:00:00,0.0,0.0,0.0,24.26,0.9,0.0,0.0
2020-07-21 23:00:00,0.0,0.0,0.0,23.0,1.1,0.0,0.0
2020-07-22 00:00:00,0.0,0.0,0.0,22.07,1.38,0.0,0.0
2020-07-22 01:00:00,0.0,0.0,0.0,21.82,1.52,0.0,0.0
2020-07-22 02:00:00,0.0,0.0,0.0,21.43,1.45,0.0,0.0
2020-07-22 03:00:00,0.0,0.0,0.0,21.09,1.45,0.0,0.0
2020-07-22 04:00:00,0.0,0.0,0.0,20.73,1.38,0.0,0.0
2020-07-22 05:00:00,3097.5,104.0,10.19,21.05,1.24,0.0,0.0030975
2020-07-22 06:00:00,10003.5,276.0,20.48,23.52,0.97,0.0,0.0100035
2020-07-22 07:00:00,16692.5,436.0,31.06,24.24,1.03,0.0,0.0166925
2020-07-22 08:00:00,23194.5,614.0,41.56,25.84,0.41,0.0,0.0231945
2020-07-22 09:00:00,27290.5,736.0,51.48,27.53,0.55,0.0,0.0272905
2020-07-22 10:00:00,30918.5,852.01,59.86,28.81,0.55,0.0,0.0309185
2020-07-22 11:00:00,31893.5,884.01,64.82,29.7,0.76,0.0,0.0318935
2020-07-22 12:00:00,29898.5,827.01,64.19,30.66,0.83,0.0,0.0298985
2020-07-22 13:00:00,27213.0,747.0,58.31,31.03,0.83,0.0,0.027213
2020-07-22 14:00:00,24169.5,662.0,49.49,31.25,0.41,0.0,0.0241695
2020-07-22 15:00:00,7525.0,211.0,39.38,31.1,0.76,0.0,0.007525
2020-07-22 16:00:00,5392.5,156.0,28.83,30.79,1.03,0.0,0.0053925
2020-07-22 17:00:00,404.5,22.0,18.29,30.16,0.76,0.0,0.0004045
2020-07-22 18:00:00,128.5,12.0,8.1,29.14,1.1,0.0,0.0001285
2020-07-22 19:00:00,0.0,0.0,0.0,26.85,0.48,0.0,0.0
2020-07-22 20:00:00,0.0,0.0,0.0,25.13,1.1,0.0,0.0
2020-07-22 21:00:00,0.0,0.0,0.0,24.24,1.38,0.0,0.0
2020-07-22 22:00:00,0.0,0.0,0.0,23.61,1.1,0.0,0.0
2020-07-22 23:00:00,0.0,0.0,0.0,24.46,0.76,0.0,0.0
2020-07-23 00:00:00,0.0,0.0,0.0,24.29,0.28,0.0,0.0
2020-07-23 01:00:00,0.0,0.0,0.0,23.9,0.34,0.0,0.0
2020-07-23 02:00:00,0.0,0.0,0.0,23.19,0.69,0.0,0.0
2020-07-23 03:00:00,0.0,0.0,0.0,21.51,1.03,0.0,0.0
2020-07-23 04:00:00,0.0,0.0,0.0,21.56,0.83,0.0,0.0
2020-07-23 05:00:00,2622.5,87.0,10.04,20.84,0.97,0.0,0.0026225
2020-07-23 06:00:00,5023.5,142.0,20.34,22.63,1.17,0.0,0.0050235
2020-07-23 07:00:00,12538.0,328.0,30.92,22.98,0.83,0.0,0.012538
2020-07-23 08:00:00,22294.5,582.0,41.41,24.57,0.9,0.0,0.0222945
2020-07-23 09:00:00,28624.0,767.0,51.32,26.45,0.76,0.0,0.028624
2020-07-23 10:00:00,31701.0,873.01,59.68,27.83,0.48,0.0,0.031701
2020-07-23 11:00:00,32451.5,911.01,64.63,29.21,0.28,0.0,0.0324515
2020-07-23 12:00:00,32481.0,911.01,64.0,30.44,0.55,0.0,0.032481
2020-07-23 13:00:00,30854.0,852.01,58.14,31.22,1.03,0.0,0.030854
2020-07-23 14:00:00,27168.5,742.0,49.35,31.73,1.03,0.0,0.0271685
2020-07-23 15:00:00,22208.0,598.0,39.26,31.95,1.38,0.0,0.022208
2020-07-23 16:00:00,15479.5,419.0,28.71,31.36,1.72,0.0,0.0154795
2020-07-23 17:00:00,8383.0,245.0,18.17,30.4,2.0,0.0,0.008383
2020-07-23 18:00:00,1814.5,69.0,7.96,28.94,1.72,0.0,0.0018145
2020-07-23 19:00:00,0.0,0.0,0.0,27.12,1.45,0.0,0.0
2020-07-23 20:00:00,0.0,0.0,0.0,26.61,1.03,0.0,0.0
2020-07-23 21:00:00,0.0,0.0,0.0,25.84,0.97,0.0,0.0
2020-07-23 22:00:00,0.0,0.0,0.0,24.44,1.17,0.0,0.0
2020-07-23 23:00:00,0.0,0.0,0.0,23.65,1.24,0.0,0.0
2020-07-24 00:00:00,0.0,0.0,0.0,22.27,1.52,0.0,0.0
2020-07-24 01:00:00,0.0,0.0,0.0,21.6,1.38,0.0,0.0
2020-07-24 02:00:00,0.0,0.0,0.0,22.34,0.76,0.0,0.0
2020-07-24 03:00:00,0.0,0.0,0.0,22.06,0.9,0.0,0.0
2020-07-24 04:00:00,0.0,0.0,0.0,19.74,2.0,0.0,0.0
2020-07-24 05:00:00,2132.5,71.0,9.89,19.61,1.79,0.0,0.0021325
2020-07-24 06:00:00,1121.0,42.0,20.2,20.32,1.66,0.0,0.001121
2020-07-24 07:00:00,7616.5,202.0,30.78,19.78,1.59,0.0,0.0076165
2020-07-24 08:00:00,4207.0,120.0,41.27,20.59,2.0,0.0,0.004207
2020-07-24 09:00:00,5544.0,153.0,51.17,21.46,2.07,0.0,0.005544
2020-07-24 10:00:00,4567.5,130.0,59.5,22.7,1.79,0.0,0.0045675
2020-07-24 11:00:00,2614.0,82.0,64.42,24.3,1.72,0.0,0.002614
2020-07-24 12:00:00,9258.5,248.0,63.8,25.16,1.45,0.0,0.0092585
2020-07-24 13:00:00,23564.0,616.0,57.98,25.94,2.07,0.0,0.023564
2020-07-24 14:00:00,27527.5,726.0,49.2,26.78,1.59,0.0,0.0275275
2020-07-24 15:00:00,22369.5,591.0,39.12,27.23,0.97,0.0,0.0223695
2020-07-24 16:00:00,15935.0,427.0,28.58,27.42,0.69,0.0,0.015935
2020-07-24 17:00:00,8545.5,248.0,18.03,27.13,1.1,0.0,0.0085455
2020-07-24 18:00:00,2054.0,81.0,7.82,26.25,1.31,0.0,0.002054
2020-07-24 19:00:00,0.0,0.0,0.0,23.46,1.24,0.0,0.0
2020-07-24 20:00:00,0.0,0.0,0.0,21.74,1.17,0.0,0.0
2020-07-24 21:00:00,0.0,0.0,0.0,20.91,1.17,0.0,0.0
2020-07-24 22:00:00,0.0,0.0,0.0,20.17,1.17,0.0,0.0
2020-07-24 23:00:00,0.0,0.0,0.0,20.11,1.03,0.0,0.0
2020-07-25 00:00:00,0.0,0.0,0.0,19.74,1.03,0.0,0.0
2020-07-25 01:00:00,0.0,0.0,0.0,19.56,1.03,0.0,0.0
2020-07-25 02:00:00,0.0,0.0,0.0,19.44,1.03,0.0,0.0
2020-07-25 03:00:00,0.0,0.0,0.0,19.86,0.9,0.0,0.0
2020-07-25 04:00:00,0.0,0.0,0.0,19.62,0.76,0.0,0.0
2020-07-25 05:00:00,3145.0,109.0,9.74,19.56,0.62,0.0,0.003145
2020-07-25 06:00:00,10568.0,289.0,20.06,19.95,0.55,0.0,0.010568
2020-07-25 07:00:00,17940.5,471.0,30.63,22.89,0.14,0.0,0.0179405
2020-07-25 08:00:00,23914.5,633.0,41.12,24.74,0.21,0.0,0.0239145
2020-07-25 09:00:00,28620.5,772.0,51.0,26.31,0.41,0.0,0.0286205
2020-07-25 10:00:00,32064.0,879.01,59.31,27.74,0.69,0.0,0.032064
2020-07-25 11:00:00,33174.5,913.01,64.21,28.77,1.03,0.0,0.0331745
2020-07-25 12:00:00,33119.5,908.01,63.6,29.5,1.38,0.0,0.0331195
2020-07-25 13:00:00,31570.0,854.01,57.8,29.75,1.79,0.0,0.03157
2020-07-25 14:00:00,27912.5,743.0,49.05,30.13,2.28,0.0,0.0279125
2020-07-25 15:00:00,22693.0,598.0,38.98,30.04,2.55,0.0,0.022693
2020-07-25 16:00:00,15927.0,425.0,28.44,29.62,2.69,0.0,0.015927
2020-07-25 17:00:00,8682.5,253.0,17.89,28.94,2.76,0.0,0.0086825
2020-07-25 18:00:00,1551.0,59.0,7.67,27.63,2.62,0.0,0.001551
2020-07-25 19:00:00,0.0,0.0,0.0,26.0,2.21,0.0,0.0
2020-07-25 20:00:00,0.0,0.0,0.0,24.64,1.93,0.0,0.0
2020-07-25 21:00:00,0.0,0.0,0.0,23.48,1.86,0.0,0.0
2020-07-25 22:00:00,0.0,0.0,0.0,22.37,1.72,0.0,0.0
2020-07-25 23:00:00,0.0,0.0,0.0,21.68,1.72,0.0,0.0
2020-07-26 00:00:00,0.0,0.0,0.0,20.72,1.45,0.0,0.0
2020-07-26 01:00:00,0.0,0.0,0.0,20.84,1.03,0.0,0.0
2020-07-26 02:00:00,0.0,0.0,0.0,20.71,0.9,0.0,0.0
2020-07-26 03:00:00,0.0,0.0,0.0,21.31,0.28,0.0,0.0
2020-07-26 04:00:00,0.0,0.0,0.0,21.04,0.07,0.0,0.0
2020-07-26 05:00:00,274.5,17.0,9.59,20.88,0.0,0.0,0.0002745
2020-07-26 06:00:00,3000.0,91.0,19.91,21.65,0.28,0.0,0.003
2020-07-26 07:00:00,17596.5,460.0,30.49,23.25,0.62,0.0,0.0175965
2020-07-26 08:00:00,21570.5,565.0,40.97,24.65,0.62,0.0,0.0215705
2020-07-26 09:00:00,21211.0,565.0,50.84,25.95,0.21,0.0,0.021211
2020-07-26 10:00:00,31237.0,860.01,59.12,27.22,0.28,0.0,0.031237
2020-07-26 11:00:00,32709.0,898.01,64.0,28.18,0.9,0.0,0.032709
2020-07-26 12:00:00,32551.5,888.01,63.39,29.03,1.38,0.0,0.0325515
2020-07-26 13:00:00,29494.5,807.01,57.62,30.02,0.97,0.0,0.0294945
2020-07-26 14:00:00,26274.0,710.0,48.89,30.35,1.1,0.0,0.026274
2020-07-26 15:00:00,18452.0,492.0,38.84,30.29,1.45,0.0,0.018452
2020-07-26 16:00:00,13195.0,355.0,28.3,29.97,2.07,0.0,0.013195
2020-07-26 17:00:00,8059.5,235.0,17.75,28.95,2.62,0.0,0.0080595
2020-07-26 18:00:00,1849.5,74.0,7.52,27.74,2.07,0.0,0.0018495
2020-07-26 19:00:00,0.0,0.0,0.0,25.91,2.14,0.0,0.0
2020-07-26 20:00:00,0.0,0.0,0.0,24.82,1.86,0.0,0.0
2020-07-26 21:00:00,0.0,0.0,0.0,23.8,1.38,0.0,0.0
2020-07-26 22:00:00,0.0,0.0,0.0,22.75,1.17,0.0,0.0
2020-07-26 23:00:00,0.0,0.0,0.0,22.16,1.1,0.0,0.0
2020-07-27 00:00:00,0.0,0.0,0.0,22.12,0.97,0.0,0.0
2020-07-27 01:00:00,0.0,0.0,0.0,22.78,0.69,0.0,0.0
2020-07-27 02:00:00,0.0,0.0,0.0,23.02,0.48,0.0,0.0
2020-07-27 03:00:00,0.0,0.0,0.0,23.05,0.14,0.0,0.0
2020-07-27 04:00:00,0.0,0.0,0.0,22.8,0.07,0.0,0.0
2020-07-27 05:00:00,2556.0,89.0,9.43,22.55,0.28,0.0,0.002556
2020-07-27 06:00:00,9307.0,258.0,19.76,22.63,0.62,0.0,0.009307
2020-07-27 07:00:00,16937.5,443.0,30.34,24.08,0.97,0.0,0.0169375
2020-07-27 08:00:00,23342.5,606.0,40.82,25.09,1.52,0.0,0.0233425
2020-07-27 09:00:00,28057.5,737.0,50.67,25.99,1.66,0.0,0.0280575
2020-07-27 10:00:00,31185.5,832.01,58.93,26.55,1.52,0.0,0.0311855
2020-07-27 11:00:00,32122.0,869.01,63.78,27.51,1.31,0.0,0.032122
2020-07-27 12:00:00,31140.5,850.01,63.18,28.32,0.97,0.0,0.0311405
2020-07-27 13:00:00,28882.5,786.01,57.43,28.88,0.83,0.0,0.0288825
2020-07-27 14:00:00,26213.5,709.0,48.73,29.77,0.83,0.0,0.0262135
2020-07-27 15:00:00,21114.0,566.0,38.69,30.31,0.97,0.0,0.021114
2020-07-27 16:00:00,14717.5,402.0,28.15,30.78,0.55,0.0,0.0147175
2020-07-27 17:00:00,7716.0,229.0,17.6,30.74,0.83,0.0,0.007716
2020-07-27 18:00:00,1703.0,70.0,7.36,29.71,1.31,0.0,0.001703
2020-07-27 19:00:00,0.0,0.0,0.0,27.71,0.9,0.0,0.0
2020-07-27 20:00:00,0.0,0.0,0.0,26.85,0.97,0.0,0.0
2020-07-27 21:00:00,0.0,0.0,0.0,25.74,0.97,0.0,0.0
2020-07-27 22:00:00,0.0,0.0,0.0,25.05,0.97,0.0,0.0
2020-07-27 23:00:00,0.0,0.0,0.0,25.33,0.69,0.0,0.0
2020-07-28 00:00:00,0.0,0.0,0.0,24.95,0.55,0.0,0.0
2020-07-28 01:00:00,0.0,0.0,0.0,24.26,0.62,0.0,0.0
2020-07-28 02:00:00,0.0,0.0,0.0,23.57,0.69,0.0,0.0
2020-07-28 03:00:00,0.0,0.0,0.0,22.91,0.83,0.0,0.0
2020-07-28 04:00:00,0.0,0.0,0.0,22.37,0.9,0.0,0.0
2020-07-28 05:00:00,1445.5,52.0,9.27,21.77,0.9,0.0,0.0014455
2020-07-28 06:00:00,8479.0,235.0,19.61,22.93,0.62,0.0,0.008479
2020-07-28 07:00:00,15762.0,417.0,30.19,24.75,0.21,0.0,0.015762
2020-07-28 08:00:00,22270.5,594.0,40.66,26.64,0.14,0.0,0.0222705
2020-07-28 09:00:00,25178.0,680.0,50.5,28.43,0.48,0.0,0.025178
2020-07-28 10:00:00,23420.0,635.0,58.73,29.79,0.76,0.0,0.02342
2020-07-28 11:00:00,31595.5,873.01,63.55,31.07,1.17,0.0,0.0315955
2020-07-28 12:00:00,27448.0,755.0,62.95,32.03,1.17,0.0,0.027448
2020-07-28 13:00:00,28607.0,797.01,57.24,32.76,0.69,0.0,0.028607
2020-07-28 14:00:00,23778.5,654.0,48.56,33.41,0.76,0.0,0.0237785
2020-07-28 15:00:00,19886.5,537.0,38.53,33.2,1.59,0.0,0.0198865
2020-07-28 16:00:00,13705.5,376.0,28.0,32.86,1.31,0.0,0.0137055
2020-07-28 17:00:00,6593.5,195.0,17.44,31.41,1.17,0.0,0.0065935
2020-07-28 18:00:00,19.0,7.0,7.2,29.98,0.83,0.0,1.9e-05
2020-07-28 19:00:00,0.0,0.0,0.0,28.62,2.14,0.0,0.0
2020-07-28 20:00:00,0.0,0.0,0.0,27.26,1.66,0.0,0.0
2020-07-28 21:00:00,0.0,0.0,0.0,26.31,1.79,0.0,0.0
2020-07-28 22:00:00,0.0,0.0,0.0,25.07,1.45,0.0,0.0
2020-07-28 23:00:00,0.0,0.0,0.0,24.42,1.59,0.0,0.0
2020-07-29 00:00:00,0.0,0.0,0.0,23.66,1.59,0.0,0.0
2020-07-29 01:00:00,0.0,0.0,0.0,24.18,0.9,0.0,0.0
2020-07-29 02:00:00,0.0,0.0,0.0,24.64,0.55,0.0,0.0
2020-07-29 03:00:00,0.0,0.0,0.0,24.36,0.62,0.0,0.0
2020-07-29 04:00:00,0.0,0.0,0.0,23.97,0.69,0.0,0.0
2020-07-29 05:00:00,2187.0,77.0,9.11,24.01,0.62,0.0,0.002187
2020-07-29 06:00:00,8717.5,245.0,19.46,24.74,0.48,0.0,0.0087175
2020-07-29 07:00:00,16163.0,427.0,30.04,25.15,0.55,0.0,0.016163
2020-07-29 08:00:00,22147.0,590.0,40.51,26.97,0.28,0.0,0.022147
2020-07-29 09:00:00,26533.5,727.0,50.33,28.75,0.0,0.0,0.0265335
2020-07-29 10:00:00,29725.0,826.01,58.53,30.25,0.34,0.0,0.029725
2020-07-29 11:00:00,28734.5,804.01,63.33,31.46,0.34,0.0,0.0287345
2020-07-29 12:00:00,27343.5,762.0,62.73,32.6,0.62,0.0,0.0273435
2020-07-29 13:00:00,25330.5,699.0,57.04,33.34,0.97,0.0,0.0253305
2020-07-29 14:00:00,23570.5,643.0,48.38,33.76,1.38,0.0,0.0235705
2020-07-29 15:00:00,17834.5,484.0,38.37,33.86,1.45,0.0,0.0178345
2020-07-29 16:00:00,10227.5,283.0,27.84,33.65,2.07,0.0,0.0102275
2020-07-29 17:00:00,3852.5,118.0,17.28,32.34,2.41,0.0,0.0038525
2020-07-29 18:00:00,641.0,30.0,7.03,30.81,2.48,0.0,0.000641
2020-07-29 19:00:00,0.0,0.0,0.0,29.27,1.86,0.0,0.0
2020-07-29 20:00:00,0.0,0.0,0.0,28.05,1.86,0.0,0.0
2020-07-29 21:00:00,0.0,0.0,0.0,26.77,1.45,0.0,0.0
2020-07-29 22:00:00,0.0,0.0,0.0,26.11,1.03,0.0,0.0
2020-07-29 23:00:00,0.0,0.0,0.0,26.28,0.76,0.0,0.0
2020-07-30 00:00:00,0.0,0.0,0.0,26.32,0.55,0.0,0.0
2020-07-30 01:00:00,0.0,0.0,0.0,26.12,0.48,0.0,0.0
2020-07-30 02:00:00,0.0,0.0,0.0,25.9,0.28,0.0,0.0
2020-07-30 03:00:00,0.0,0.0,0.0,25.43,0.28,0.0,0.0
2020-07-30 04:00:00,0.0,0.0,0.0,24.83,0.69,0.0,0.0
2020-07-30 05:00:00,1491.0,54.0,8.95,23.75,0.97,0.0,0.001491
2020-07-30 06:00:00,6081.5,172.0,19.3,25.27,1.03,0.0,0.0060815
2020-07-30 07:00:00,14092.0,374.0,29.89,26.71,1.03,0.0,0.014092
2020-07-30 08:00:00,21722.5,571.0,40.35,28.01,1.66,0.0,0.0217225
2020-07-30 09:00:00,26893.0,720.0,50.15,29.43,1.45,0.0,0.026893
2020-07-30 10:00:00,29031.0,797.01,58.33,30.61,0.9,0.0,0.029031
2020-07-30 11:00:00,28035.5,791.01,63.09,32.05,0.07,0.0,0.0280355
2020-07-30 12:00:00,26662.0,749.0,62.5,33.0,0.28,0.0,0.026662
2020-07-30 13:00:00,26023.0,730.0,56.83,33.88,0.34,0.0,0.026023
2020-07-30 14:00:00,22928.5,640.0,48.2,34.38,0.14,0.0,0.0229285
2020-07-30 15:00:00,19655.5,536.0,38.2,34.73,1.38,0.0,0.0196555
2020-07-30 16:00:00,13665.5,378.0,27.68,33.96,1.1,0.0,0.0136655
2020-07-30 17:00:00,6825.0,207.0,17.12,33.6,0.07,0.0,0.006825
2020-07-30 18:00:00,1569.5,70.0,6.86,32.91,0.55,0.0,0.0015695
2020-07-30 19:00:00,0.0,0.0,0.0,30.98,1.59,0.0,0.0
2020-07-30 20:00:00,0.0,0.0,0.0,29.4,1.52,0.0,0.0
2020-07-30 21:00:00,0.0,0.0,0.0,28.84,0.97,0.0,0.0
2020-07-30 22:00:00,0.0,0.0,0.0,27.84,1.24,0.0,0.0
2020-07-30 23:00:00,0.0,0.0,0.0,26.72,1.38,0.0,0.0
2020-07-31 00:00:00,0.0,0.0,0.0,26.51,1.17,0.0,0.0
2020-07-31 01:00:00,0.0,0.0,0.0,25.96,1.17,0.0,0.0
2020-07-31 02:00:00,0.0,0.0,0.0,24.98,1.31,0.0,0.0
2020-07-31 03:00:00,0.0,0.0,0.0,24.33,1.38,0.0,0.0
2020-07-31 04:00:00,0.0,0.0,0.0,23.95,1.38,0.0,0.0
2020-07-31 05:00:00,2201.5,79.0,8.79,24.19,1.17,0.0,0.0022015
2020-07-31 06:00:00,8830.0,251.0,19.15,26.37,0.76,0.0,0.00883
2020-07-31 07:00:00,16381.0,438.0,29.73,26.89,0.34,0.0,0.016381
2020-07-31 08:00:00,22352.5,600.0,40.18,28.74,0.41,0.0,0.0223525
2020-07-31 09:00:00,26985.5,745.01,49.97,30.43,0.14,0.0,0.0269855
2020-07-31 10:00:00,30111.0,851.01,58.12,31.93,0.14,0.0,0.030111
2020-07-31 11:00:00,31146.5,885.01,62.85,33.38,0.48,0.0,0.0311465
2020-07-31 12:00:00,31224.5,885.01,62.26,34.77,0.9,0.0,0.0312245
2020-07-31 13:00:00,29625.0,831.01,56.62,35.62,1.24,0.0,0.029625
2020-07-31 14:00:00,25582.5,716.0,48.01,36.36,0.83,0.0,0.0255825
2020-07-31 15:00:00,20535.0,569.0,38.03,36.55,0.9,0.0,0.020535
2020-07-31 16:00:00,14312.0,398.0,27.51,35.21,1.31,0.0,0.014312
2020-07-31 17:00:00,7203.5,219.0,16.95,34.49,2.0,0.0,0.0072035
2020-07-31 18:00:00,1339.5,58.0,6.68,33.08,1.86,0.0,0.0013395
2020-07-31 19:00:00,0.0,0.0,0.0,30.76,1.17,0.0,0.0
2020-07-31 20:00:00,0.0,0.0,0.0,30.71,0.97,0.0,0.0
2020-07-31 21:00:00,0.0,0.0,0.0,28.91,1.1,0.0,0.0
2020-07-31 22:00:00,0.0,0.0,0.0,27.62,1.38,0.0,0.0
2020-07-31 23:00:00,0.0,0.0,0.0,26.67,1.45,0.0,0.0
2020-08-01 00:00:00,0.0,0.0,0.0,26.35,1.31,0.0,0.0
2020-08-01 01:00:00,0.0,0.0,0.0,26.36,1.17,0.0,0.0
2020-08-01 02:00:00,0.0,0.0,0.0,25.71,1.17,0.0,0.0
2020-08-01 03:00:00,0.0,0.0,0.0,25.82,0.97,0.0,0.0
2020-08-01 04:00:00,0.0,0.0,0.0,25.31,0.97,0.0,0.0
2020-08-01 05:00:00,2125.5,77.0,8.62,24.71,1.03,0.0,0.0021255
2020-08-01 06:00:00,8679.0,246.0,18.99,25.74,0.83,0.0,0.008679
2020-08-01 07:00:00,16102.5,431.0,29.57,27.36,0.48,0.0,0.0161025
2020-08-01 08:00:00,22278.0,598.0,40.02,29.38,0.62,0.0,0.022278
2020-08-01 09:00:00,26833.0,742.01,49.79,31.67,0.34,0.0,0.026833
2020-08-01 10:00:00,29690.5,844.01,57.91,33.52,0.21,0.0,0.0296905
2020-08-01 11:00:00,31056.5,882.01,62.61,34.87,0.83,0.0,0.0310565
2020-08-01 12:00:00,31000.5,881.01,62.01,35.93,1.03,0.0,0.0310005
2020-08-01 13:00:00,29185.5,827.01,56.41,36.65,0.97,0.0,0.0291855
2020-08-01 14:00:00,25358.0,713.0,47.82,37.06,0.76,0.0,0.025358
2020-08-01 15:00:00,20295.0,566.0,37.85,37.07,0.62,0.0,0.020295
2020-08-01 16:00:00,14548.0,412.0,27.34,36.75,0.34,0.0,0.014548
2020-08-01 17:00:00,6499.5,198.0,16.77,34.51,0.62,0.0,0.0064995
2020-08-01 18:00:00,1.0,6.0,6.49,34.34,1.45,0.0,1e-06
2020-08-01 19:00:00,0.0,0.0,0.0,31.84,1.79,0.0,0.0
2020-08-01 20:00:00,0.0,0.0,0.0,30.13,1.93,0.0,0.0
2020-08-01 21:00:00,0.0,0.0,0.0,28.98,2.14,0.0,0.0
2020-08-01 22:00:00,0.0,0.0,0.0,28.0,2.07,0.0,0.0
2020-08-01 23:00:00,0.0,0.0,0.0,27.01,1.86,0.0,0.0
2020-08-02 00:00:00,0.0,0.0,0.0,25.77,1.52,0.0,0.0
2020-08-02 01:00:00,0.0,0.0,0.0,25.59,1.24,0.0,0.0
2020-08-02 02:00:00,0.0,0.0,0.0,25.33,1.1,0.0,0.0
2020-08-02 03:00:00,0.0,0.0,0.0,26.41,0.55,0.0,0.0
2020-08-02 04:00:00,0.0,0.0,0.0,25.25,0.83,0.0,0.0
2020-08-02 05:00:00,2147.5,81.0,8.46,25.81,0.28,0.0,0.0021475
2020-08-02 06:00:00,8801.0,251.0,18.83,25.69,0.69,0.0,0.008801
2020-08-02 07:00:00,16362.5,437.0,29.42,27.67,0.9,0.0,0.0163625
2020-08-02 08:00:00,22611.0,600.0,39.85,29.37,1.45,0.0,0.022611
2020-08-02 09:00:00,28038.0,746.01,49.6,30.54,2.41,0.0,0.028038
2020-08-02 10:00:00,31217.5,839.01,57.69,31.41,2.69,0.0,0.0312175
2020-08-02 11:00:00,30570.5,831.01,62.36,32.08,2.28,0.0,0.0305705
2020-08-02 12:00:00,31584.5,867.01,61.76,32.67,1.93,0.0,0.0315845
2020-08-02 13:00:00,29638.5,814.01,56.18,33.25,1.66,0.0,0.0296385
2020-08-02 14:00:00,22588.0,614.0,47.62,33.42,1.45,0.0,0.022588
2020-08-02 15:00:00,17033.0,463.0,37.66,33.63,1.24,0.0,0.017033
2020-08-02 16:00:00,843.5,36.0,27.16,32.93,1.31,0.0,0.0008435
2020-08-02 17:00:00,3240.0,101.0,16.59,30.66,1.72,0.0,0.00324
2020-08-02 18:00:00,2.0,6.0,6.3,27.78,2.83,0.0,2e-06
2020-08-02 19:00:00,0.0,0.0,0.0,26.34,0.69,0.0,0.0
2020-08-02 20:00:00,0.0,0.0,0.0,25.08,1.31,0.0,0.0
2020-08-02 21:00:00,0.0,0.0,0.0,24.67,0.9,0.0,0.0
2020-08-02 22:00:00,0.0,0.0,0.0,24.19,0.55,0.0,0.0
2020-08-02 23:00:00,0.0,0.0,0.0,22.98,1.03,0.0,0.0
2020-08-03 00:00:00,0.0,0.0,0.0,22.61,1.45,0.0,0.0
2020-08-03 01:00:00,0.0,0.0,0.0,21.82,1.31,0.0,0.0
2020-08-03 02:00:00,0.0,0.0,0.0,21.47,1.03,0.0,0.0
2020-08-03 03:00:00,0.0,0.0,0.0,21.47,0.69,0.0,0.0
2020-08-03 04:00:00,0.0,0.0,0.0,21.55,1.24,0.0,0.0
2020-08-03 05:00:00,162.0,13.0,8.29,21.53,1.1,0.0,0.000162
2020-08-03 06:00:00,4349.0,125.0,18.67,21.72,1.03,0.0,0.004349
2020-08-03 07:00:00,4040.5,117.0,29.26,22.22,0.9,0.0,0.0040405
2020-08-03 08:00:00,10676.5,280.0,39.69,22.57,1.24,0.0,0.0106765
2020-08-03 09:00:00,13699.5,356.0,49.42,22.79,1.24,0.0,0.0136995
2020-08-03 10:00:00,11335.5,298.0,57.47,23.49,1.31,0.0,0.0113355
2020-08-03 11:00:00,6265.5,173.0,62.11,24.33,1.38,0.0,0.0062655
2020-08-03 12:00:00,2493.5,79.0,61.51,24.46,1.45,0.0,0.0024935
2020-08-03 13:00:00,6256.5,173.0,55.95,24.26,0.9,0.0,0.0062565
2020-08-03 14:00:00,9887.0,265.0,47.42,24.57,0.07,0.0,0.009887
2020-08-03 15:00:00,1574.5,55.0,37.47,24.18,0.62,0.0,0.0015745
2020-08-03 16:00:00,888.5,36.0,26.97,23.49,1.45,0.0,0.0008885
2020-08-03 17:00:00,4982.0,144.0,16.4,23.32,1.79,0.0,0.004982
2020-08-03 18:00:00,0.0,5.0,6.11,22.7,1.24,0.0,0.0
2020-08-03 19:00:00,0.0,0.0,0.0,19.63,2.62,0.0,0.0
2020-08-03 20:00:00,0.0,0.0,0.0,18.91,2.41,0.0,0.0
2020-08-03 21:00:00,0.0,0.0,0.0,18.58,1.52,0.0,0.0
2020-08-03 22:00:00,0.0,0.0,0.0,18.33,1.1,0.0,0.0
2020-08-03 23:00:00,0.0,0.0,0.0,17.43,1.03,0.0,0.0
2020-08-04 00:00:00,0.0,0.0,0.0,17.3,0.28,0.0,0.0
2020-08-04 01:00:00,0.0,0.0,0.0,16.78,0.83,0.0,0.0
2020-08-04 02:00:00,0.0,0.0,0.0,16.51,0.97,0.0,0.0
2020-08-04 03:00:00,0.0,0.0,0.0,16.27,0.9,0.0,0.0
2020-08-04 04:00:00,0.0,0.0,0.0,16.07,1.24,0.0,0.0
2020-08-04 05:00:00,376.0,20.0,8.12,16.0,1.17,0.0,0.000376
2020-08-04 06:00:00,9846.0,273.0,18.5,17.78,0.55,0.0,0.009846
2020-08-04 07:00:00,15831.5,407.0,29.09,20.51,1.31,0.0,0.0158315
2020-08-04 08:00:00,16812.5,432.0,39.52,22.55,1.59,0.0,0.0168125
2020-08-04 09:00:00,11873.0,312.0,49.23,24.15,1.45,0.0,0.011873
2020-08-04 10:00:00,20251.5,533.0,57.25,25.41,1.03,0.0,0.0202515
2020-08-04 11:00:00,31135.0,846.01,61.86,26.52,0.76,0.0,0.031135
2020-08-04 12:00:00,33625.0,913.01,61.25,27.21,1.24,0.0,0.033625
2020-08-04 13:00:00,31787.0,847.01,55.72,27.69,2.0,0.0,0.031787
2020-08-04 14:00:00,28225.0,741.01,47.21,27.89,2.41,0.0,0.028225
2020-08-04 15:00:00,22666.5,590.0,37.28,27.84,2.76,0.0,0.0226665
2020-08-04 16:00:00,15534.0,413.0,26.78,27.37,2.62,0.0,0.015534
2020-08-04 17:00:00,7648.5,228.0,16.21,26.64,2.28,0.0,0.0076485
2020-08-04 18:00:00,1261.5,59.0,5.91,25.18,1.72,0.0,0.0012615
2020-08-04 19:00:00,0.0,0.0,0.0,23.58,1.17,0.0,0.0
2020-08-04 20:00:00,0.0,0.0,0.0,22.33,1.1,0.0,0.0
2020-08-04 21:00:00,0.0,0.0,0.0,20.79,1.31,0.0,0.0
2020-08-04 22:00:00,0.0,0.0,0.0,20.43,1.24,0.0,0.0
2020-08-04 23:00:00,0.0,0.0,0.0,21.71,0.69,0.0,0.0
2020-08-05 00:00:00,0.0,0.0,0.0,21.36,0.41,0.0,0.0
2020-08-05 01:00:00,0.0,0.0,0.0,20.85,0.41,0.0,0.0
2020-08-05 02:00:00,0.0,0.0,0.0,20.28,0.62,0.0,0.0
2020-08-05 03:00:00,0.0,0.0,0.0,19.75,0.76,0.0,0.0
2020-08-05 04:00:00,0.0,0.0,0.0,19.17,0.83,0.0,0.0
2020-08-05 05:00:00,2282.5,88.0,7.94,18.59,0.48,0.0,0.0022825
2020-08-05 06:00:00,9479.0,265.0,18.34,19.27,0.21,0.0,0.009479
2020-08-05 07:00:00,17536.0,457.0,28.93,21.68,0.62,0.0,0.017536
2020-08-05 08:00:00,24023.0,623.0,39.34,23.29,1.03,0.0,0.024023
2020-08-05 09:00:00,29044.5,766.01,49.04,24.64,1.1,0.0,0.0290445
2020-08-05 10:00:00,32130.0,867.01,57.02,25.87,0.9,0.0,0.03213
2020-08-05 11:00:00,33447.0,907.01,61.6,26.94,1.24,0.0,0.033447
2020-08-05 12:00:00,33328.5,901.01,60.99,27.76,1.59,0.0,0.0333285
2020-08-05 13:00:00,31358.0,841.01,55.48,28.36,1.79,0.0,0.031358
2020-08-05 14:00:00,27710.0,735.01,46.99,28.75,1.93,0.0,0.02771
2020-08-05 15:00:00,22251.5,585.0,37.08,28.79,2.21,0.0,0.0222515
2020-08-05 16:00:00,15273.5,409.0,26.59,28.42,2.41,0.0,0.0152735
2020-08-05 17:00:00,7427.0,223.0,16.01,27.58,2.07,0.0,0.007427
2020-08-05 18:00:00,960.0,49.5,5.7,25.98,1.66,0.0,0.00096
2020-08-05 19:00:00,0.0,0.0,0.0,23.69,1.38,0.0,0.0
2020-08-05 20:00:00,0.0,0.0,0.0,23.2,1.24,0.0,0.0
2020-08-05 21:00:00,0.0,0.0,0.0,22.22,1.31,0.0,0.0
2020-08-05 22:00:00,0.0,0.0,0.0,21.45,1.31,0.0,0.0
2020-08-05 23:00:00,0.0,0.0,0.0,21.27,1.17,0.0,0.0
2020-08-06 00:00:00,0.0,0.0,0.0,21.24,1.03,0.0,0.0
2020-08-06 01:00:00,0.0,0.0,0.0,19.1,1.45,0.0,0.0
2020-08-06 02:00:00,0.0,0.0,0.0,18.23,1.45,0.0,0.0
2020-08-06 03:00:00,0.0,0.0,0.0,18.13,1.31,0.0,0.0
2020-08-06 04:00:00,0.0,0.0,0.0,18.09,1.1,0.0,0.0
2020-08-06 05:00:00,2147.5,83.0,7.77,18.71,0.76,0.0,0.0021475
2020-08-06 06:00:00,9113.0,255.0,18.17,19.67,0.48,0.0,0.009113
2020-08-06 07:00:00,17085.5,445.0,28.76,22.39,1.03,0.0,0.0170855
2020-08-06 08:00:00,23479.5,612.0,39.17,24.06,0.9,0.0,0.0234795
2020-08-06 09:00:00,28454.5,757.01,48.84,25.64,0.83,0.0,0.0284545
2020-08-06 10:00:00,31438.0,853.01,56.79,27.02,0.83,0.0,0.031438
2020-08-06 11:00:00,32694.0,897.01,61.33,28.15,0.9,0.0,0.032694
2020-08-06 12:00:00,32605.0,896.01,60.72,29.11,1.03,0.0,0.032605
2020-08-06 13:00:00,30514.0,831.01,55.23,29.83,1.24,0.0,0.030514
2020-08-06 14:00:00,27167.0,730.01,46.77,30.34,1.52,0.0,0.027167
2020-08-06 15:00:00,21741.0,580.0,36.87,30.49,1.59,0.0,0.021741
2020-08-06 16:00:00,14828.5,403.0,26.38,30.25,1.72,0.0,0.0148285
2020-08-06 17:00:00,7149.5,218.0,15.81,29.46,1.72,0.0,0.0071495
2020-08-06 18:00:00,901.5,46.33,5.49,28.01,1.86,0.0,0.0009015
2020-08-06 19:00:00,0.0,0.0,0.0,26.11,1.93,0.0,0.0
2020-08-06 20:00:00,0.0,0.0,0.0,24.46,2.0,0.0,0.0
2020-08-06 21:00:00,0.0,0.0,0.0,22.95,1.86,0.0,0.0
2020-08-06 22:00:00,0.0,0.0,0.0,21.84,1.72,0.0,0.0
2020-08-06 23:00:00,0.0,0.0,0.0,21.37,1.52,0.0,0.0
2020-08-07 00:00:00,0.0,0.0,0.0,21.96,1.17,0.0,0.0
2020-08-07 01:00:00,0.0,0.0,0.0,22.56,0.97,0.0,0.0
2020-08-07 02:00:00,0.0,0.0,0.0,22.3,0.83,0.0,0.0
2020-08-07 03:00:00,0.0,0.0,0.0,22.0,0.83,0.0,0.0
2020-08-07 04:00:00,0.0,0.0,0.0,21.58,0.83,0.0,0.0
2020-08-07 05:00:00,1976.5,78.0,7.6,21.15,0.83,0.0,0.0019765
2020-08-07 06:00:00,8814.0,250.0,18.01,21.9,0.62,0.0,0.008814
2020-08-07 07:00:00,16630.5,438.0,28.6,24.3,0.9,0.0,0.0166305
2020-08-07 08:00:00,23087.0,607.0,38.99,26.09,0.97,0.0,0.023087
2020-08-07 09:00:00,27842.0,749.01,48.64,27.54,0.69,0.0,0.027842
2020-08-07 10:00:00,30894.0,849.01,56.56,28.82,0.62,0.0,0.030894
2020-08-07 11:00:00,32160.5,883.01,61.06,30.0,1.24,0.0,0.0321605
2020-08-07 12:00:00,32229.0,882.01,60.44,30.9,1.66,0.0,0.032229
2020-08-07 13:00:00,30297.5,822.01,54.98,31.51,1.93,0.0,0.0302975
2020-08-07 14:00:00,26722.5,717.01,46.54,31.87,2.14,0.0,0.0267225
2020-08-07 15:00:00,21169.5,565.0,36.66,31.89,2.21,0.0,0.0211695
2020-08-07 16:00:00,14371.5,392.0,26.18,31.52,2.28,0.0,0.0143715
2020-08-07 17:00:00,6806.5,209.0,15.6,30.77,2.14,0.0,0.0068065
2020-08-07 18:00:00,800.0,42.19,5.28,29.4,2.28,0.0,0.0008
2020-08-07 19:00:00,0.0,0.0,0.0,28.12,2.07,0.0,0.0
2020-08-07 20:00:00,0.0,0.0,0.0,26.56,1.93,0.0,0.0
2020-08-07 21:00:00,0.0,0.0,0.0,25.05,1.66,0.0,0.0
2020-08-07 22:00:00,0.0,0.0,0.0,24.04,1.52,0.0,0.0
2020-08-07 23:00:00,0.0,0.0,0.0,23.49,1.45,0.0,0.0
2020-08-08 00:00:00,0.0,0.0,0.0,23.17,1.31,0.0,0.0
2020-08-08 01:00:00,0.0,0.0,0.0,23.04,1.24,0.0,0.0
2020-08-08 02:00:00,0.0,0.0,0.0,23.11,1.1,0.0,0.0
2020-08-08 03:00:00,0.0,0.0,0.0,23.74,0.9,0.0,0.0
2020-08-08 04:00:00,0.0,0.0,0.0,23.42,0.83,0.0,0.0
2020-08-08 05:00:00,1826.5,72.0,7.42,23.02,0.9,0.0,0.0018265
2020-08-08 06:00:00,8273.5,236.0,17.84,23.46,0.69,0.0,0.0082735
2020-08-08 07:00:00,16025.0,425.0,28.43,25.53,0.83,0.0,0.016025
2020-08-08 08:00:00,22549.0,596.0,38.82,27.06,0.9,0.0,0.022549
2020-08-08 09:00:00,27334.0,736.01,48.44,28.44,0.83,0.0,0.027334
2020-08-08 10:00:00,30319.0,839.01,56.32,29.82,0.48,0.0,0.030319
2020-08-08 11:00:00,31300.0,879.01,60.79,31.01,0.41,0.0,0.0313
2020-08-08 12:00:00,31569.0,877.01,60.16,31.98,1.1,0.0,0.031569
2020-08-08 13:00:00,29695.0,813.01,54.72,32.82,1.72,0.0,0.029695
2020-08-08 14:00:00,26122.5,708.01,46.31,33.11,1.79,0.0,0.0261225
2020-08-08 15:00:00,20511.5,554.0,36.44,33.05,1.59,0.0,0.0205115
2020-08-08 16:00:00,13883.5,383.0,25.97,32.96,1.79,0.0,0.0138835
2020-08-08 17:00:00,6401.5,198.0,15.38,31.95,1.79,0.0,0.0064015
2020-08-08 18:00:00,720.5,37.44,5.05,30.42,1.72,0.0,0.0007205
2020-08-08 19:00:00,0.0,0.0,0.0,28.64,2.0,0.0,0.0
2020-08-08 20:00:00,0.0,0.0,0.0,27.02,1.93,0.0,0.0
2020-08-08 21:00:00,0.0,0.0,0.0,25.61,1.66,0.0,0.0
2020-08-08 22:00:00,0.0,0.0,0.0,25.0,1.52,0.0,0.0
2020-08-08 23:00:00,0.0,0.0,0.0,25.35,1.17,0.0,0.0
2020-08-09 00:00:00,0.0,0.0,0.0,26.02,0.97,0.0,0.0
2020-08-09 01:00:00,0.0,0.0,0.0,25.67,0.9,0.0,0.0
2020-08-09 02:00:00,0.0,0.0,0.0,25.34,0.83,0.0,0.0
2020-08-09 03:00:00,0.0,0.0,0.0,24.63,0.97,0.0,0.0
2020-08-09 04:00:00,0.0,0.0,0.0,23.79,1.03,0.0,0.0
2020-08-09 05:00:00,1576.5,62.0,7.24,23.52,0.97,0.0,0.0015765
2020-08-09 06:00:00,7976.5,229.0,17.67,24.39,0.48,0.0,0.0079765
2020-08-09 07:00:00,16022.0,428.0,28.26,26.97,0.9,0.0,0.016022
2020-08-09 08:00:00,22279.5,595.0,38.64,28.5,0.69,0.0,0.0222795
2020-08-09 09:00:00,27016.0,739.01,48.24,29.95,0.41,0.0,0.027016
2020-08-09 10:00:00,30007.5,838.01,56.09,31.3,0.41,0.0,0.0300075
2020-08-09 11:00:00,31249.5,877.01,60.51,32.49,0.76,0.0,0.0312495
2020-08-09 12:00:00,31242.0,881.01,59.88,33.4,0.76,0.0,0.031242
2020-08-09 13:00:00,29095.0,816.01,54.46,33.86,0.69,0.0,0.029095
2020-08-09 14:00:00,25717.0,710.01,46.07,34.32,0.97,0.0,0.025717
2020-08-09 15:00:00,20535.5,561.0,36.22,34.63,1.31,0.0,0.0205355
2020-08-09 16:00:00,13731.0,382.0,25.75,34.21,1.66,0.0,0.013731
2020-08-09 17:00:00,6339.5,199.0,15.17,33.19,1.72,0.0,0.0063395
2020-08-09 18:00:00,667.0,37.75,4.83,31.34,1.52,0.0,0.000667
2020-08-09 19:00:00,0.0,0.0,0.0,29.46,1.66,0.0,0.0
2020-08-09 20:00:00,0.0,0.0,0.0,27.42,1.59,0.0,0.0
2020-08-09 21:00:00,0.0,0.0,0.0,27.05,1.31,0.0,0.0
2020-08-09 22:00:00,0.0,0.0,0.0,27.27,0.97,0.0,0.0
2020-08-09 23:00:00,0.0,0.0,0.0,25.83,0.97,0.0,0.0
2020-08-10 00:00:00,0.0,0.0,0.0,24.99,0.9,0.0,0.0
2020-08-10 01:00:00,0.0,0.0,0.0,23.57,1.17,0.0,0.0
2020-08-10 02:00:00,0.0,0.0,0.0,23.77,1.03,0.0,0.0
2020-08-10 03:00:00,0.0,0.0,0.0,24.42,0.83,0.0,0.0
2020-08-10 04:00:00,0.0,0.0,0.0,24.14,0.83,0.0,0.0
2020-08-10 05:00:00,1410.0,56.0,7.06,23.59,0.9,0.0,0.00141
2020-08-10 06:00:00,7363.5,211.0,17.5,24.11,0.69,0.0,0.0073635
2020-08-10 07:00:00,14865.0,395.0,28.09,26.69,1.38,0.0,0.014865
2020-08-10 08:00:00,18087.0,477.0,38.45,27.81,1.31,0.0,0.018087
2020-08-10 09:00:00,25135.5,671.0,48.03,29.43,1.45,0.0,0.0251355
2020-08-10 10:00:00,29695.0,809.01,55.84,30.63,1.31,0.0,0.029695
2020-08-10 11:00:00,30789.5,852.01,60.23,31.76,1.1,0.0,0.0307895
2020-08-10 12:00:00,29766.0,836.01,59.59,32.16,0.41,0.0,0.029766
2020-08-10 13:00:00,23341.5,631.0,54.19,30.79,1.17,0.0,0.0233415
2020-08-10 14:00:00,6184.5,176.0,45.83,30.76,1.38,0.0,0.0061845
2020-08-10 15:00:00,2156.0,72.0,35.99,30.35,1.86,0.0,0.002156
2020-08-10 16:00:00,794.5,34.0,25.53,29.05,2.41,0.0,0.0007945
2020-08-10 17:00:00,4320.5,131.0,14.94,28.42,1.72,0.0,0.0043205
2020-08-10 18:00:00,635.0,35.96,4.6,27.38,1.17,0.0,0.000635
2020-08-10 19:00:00,0.0,0.0,0.0,29.32,0.83,0.0,0.0
2020-08-10 20:00:00,0.0,0.0,0.0,26.59,2.0,0.0,0.0
2020-08-10 21:00:00,0.0,0.0,0.0,25.56,1.86,0.0,0.0
2020-08-10 22:00:00,0.0,0.0,0.0,25.8,1.03,0.0,0.0
2020-08-10 23:00:00,0.0,0.0,0.0,27.07,0.28,0.0,0.0
2020-08-11 00:00:00,0.0,0.0,0.0,26.54,0.76,0.0,0.0
2020-08-11 01:00:00,0.0,0.0,0.0,23.96,1.24,0.0,0.0
2020-08-11 02:00:00,0.0,0.0,0.0,22.78,1.45,0.0,0.0
2020-08-11 03:00:00,0.0,0.0,0.0,22.48,1.31,0.0,0.0
2020-08-11 04:00:00,0.0,0.0,0.0,22.4,1.17,0.0,0.0
2020-08-11 05:00:00,215.5,15.0,6.88,22.43,1.1,0.0,0.0002155
2020-08-11 06:00:00,1841.0,62.0,17.32,23.93,0.76,0.0,0.001841
2020-08-11 07:00:00,15375.5,410.0,27.91,26.9,1.17,0.0,0.0153755
2020-08-11 08:00:00,21401.0,568.0,38.27,27.24,0.55,0.0,0.021401
2020-08-11 09:00:00,25572.0,697.01,47.83,29.03,0.14,0.0,0.025572
2020-08-11 10:00:00,28731.0,801.01,55.6,30.69,0.14,0.0,0.028731
2020-08-11 11:00:00,28952.5,807.01,59.95,31.85,0.55,0.0,0.0289525
2020-08-11 12:00:00,29376.0,814.01,59.29,32.52,1.03,0.0,0.029376
2020-08-11 13:00:00,28480.0,778.01,53.92,32.9,1.66,0.0,0.02848
2020-08-11 14:00:00,25005.0,672.0,45.58,32.6,2.07,0.0,0.025005
2020-08-11 15:00:00,19104.0,508.0,35.76,30.04,1.59,0.0,0.019104
2020-08-11 16:00:00,9426.5,260.0,25.3,30.12,1.1,0.0,0.0094265
2020-08-11 17:00:00,6004.5,188.0,14.71,29.86,1.1,0.0,0.0060045
2020-08-11 18:00:00,501.0,28.58,4.36,28.86,0.97,0.0,0.000501
2020-08-11 19:00:00,0.0,0.0,0.0,28.75,0.97,0.0,0.0
2020-08-11 20:00:00,0.0,0.0,0.0,28.0,0.97,0.0,0.0
2020-08-11 21:00:00,0.0,0.0,0.0,26.98,1.03,0.0,0.0
2020-08-11 22:00:00,0.0,0.0,0.0,26.98,0.9,0.0,0.0
2020-08-11 23:00:00,0.0,0.0,0.0,26.79,0.69,0.0,0.0
2020-08-12 00:00:00,0.0,0.0,0.0,26.2,0.69,0.0,0.0
2020-08-12 01:00:00,0.0,0.0,0.0,24.39,1.03,0.0,0.0
2020-08-12 02:00:00,0.0,0.0,0.0,23.82,1.03,0.0,0.0
2020-08-12 03:00:00,0.0,0.0,0.0,24.19,0.83,0.0,0.0
2020-08-12 04:00:00,0.0,0.0,0.0,24.21,0.62,0.0,0.0
2020-08-12 05:00:00,1130.5,46.0,6.7,23.85,0.62,0.0,0.0011305
2020-08-12 06:00:00,7509.5,218.0,17.15,24.54,0.48,0.0,0.0075095
2020-08-12 07:00:00,14754.0,394.0,27.74,26.12,0.62,0.0,0.014754
2020-08-12 08:00:00,21102.0,559.0,38.08,27.47,0.76,0.0,0.021102
2020-08-12 09:00:00,26042.5,698.01,47.61,28.72,0.97,0.0,0.0260425
2020-08-12 10:00:00,29295.0,798.01,55.35,29.93,1.03,0.0,0.029295
2020-08-12 11:00:00,29972.5,826.01,59.66,30.47,0.83,0.0,0.0299725
2020-08-12 12:00:00,30021.0,824.01,59.0,31.32,1.24,0.0,0.030021
2020-08-12 13:00:00,25248.0,687.0,53.64,31.69,1.17,0.0,0.025248
2020-08-12 14:00:00,8442.0,235.0,45.33,31.72,1.03,0.0,0.008442
2020-08-12 15:00:00,8826.5,241.0,35.52,29.51,2.28,0.0,0.0088265
2020-08-12 16:00:00,4975.0,143.0,25.07,27.25,1.38,0.0,0.004975
2020-08-12 17:00:00,938.5,38.0,14.48,27.27,0.41,0.0,0.0009385
2020-08-12 18:00:00,60.5,9.0,4.12,27.23,1.66,0.0,6.05e-05
2020-08-12 19:00:00,0.0,0.0,0.0,25.74,1.93,0.0,0.0
2020-08-12 20:00:00,0.0,0.0,0.0,25.33,1.79,0.0,0.0
2020-08-12 21:00:00,0.0,0.0,0.0,24.72,1.31,0.0,0.0
2020-08-12 22:00:00,0.0,0.0,0.0,24.44,0.62,0.0,0.0
2020-08-12 23:00:00,0.0,0.0,0.0,23.45,1.03,0.0,0.0
2020-08-13 00:00:00,0.0,0.0,0.0,22.83,1.24,0.0,0.0
2020-08-13 01:00:00,0.0,0.0,0.0,22.79,1.86,0.0,0.0
2020-08-13 02:00:00,0.0,0.0,0.0,22.03,1.45,0.0,0.0
2020-08-13 03:00:00,0.0,0.0,0.0,21.8,1.52,0.0,0.0
2020-08-13 04:00:00,0.0,0.0,0.0,21.19,1.1,0.0,0.0
2020-08-13 05:00:00,1343.0,55.0,6.52,21.02,0.9,0.0,0.001343
2020-08-13 06:00:00,5387.5,153.0,16.97,21.81,2.21,0.0,0.0053875
2020-08-13 07:00:00,14770.0,387.0,27.56,22.42,0.76,0.0,0.01477
2020-08-13 08:00:00,20104.5,527.0,37.9,24.52,0.41,0.0,0.0201045
2020-08-13 09:00:00,26176.5,696.01,47.4,25.97,0.62,0.0,0.0261765
2020-08-13 10:00:00,29708.0,800.01,55.09,27.37,0.97,0.0,0.029708
2020-08-13 11:00:00,30145.0,819.01,59.37,28.54,1.03,0.0,0.030145
2020-08-13 12:00:00,30481.5,831.01,58.69,29.37,1.1,0.0,0.0304815
2020-08-13 13:00:00,14905.0,401.0,53.36,29.94,1.03,0.0,0.014905
2020-08-13 14:00:00,23213.5,622.0,45.07,29.89,1.1,0.0,0.0232135
2020-08-13 15:00:00,17503.5,468.0,35.27,29.87,1.03,0.0,0.0175035
2020-08-13 16:00:00,3603.0,109.0,24.83,28.51,1.1,0.0,0.003603
2020-08-13 17:00:00,4986.0,154.0,14.24,28.01,0.07,0.0,0.004986
2020-08-13 18:00:00,188.5,14.84,3.88,26.25,1.1,0.0,0.0001885
2020-08-13 19:00:00,0.0,0.0,0.0,26.05,0.76,0.0,0.0
2020-08-13 20:00:00,0.0,0.0,0.0,24.3,1.45,0.0,0.0
2020-08-13 21:00:00,0.0,0.0,0.0,23.2,1.52,0.0,0.0
2020-08-13 22:00:00,0.0,0.0,0.0,22.74,1.17,0.0,0.0
2020-08-13 23:00:00,0.0,0.0,0.0,22.83,1.72,0.0,0.0
2020-08-14 00:00:00,0.0,0.0,0.0,22.8,1.86,0.0,0.0
2020-08-14 01:00:00,0.0,0.0,0.0,22.29,1.86,0.0,0.0
2020-08-14 02:00:00,0.0,0.0,0.0,21.86,1.72,0.0,0.0
2020-08-14 03:00:00,0.0,0.0,0.0,21.3,1.59,0.0,0.0
2020-08-14 04:00:00,0.0,0.0,0.0,20.87,1.45,0.0,0.0
2020-08-14 05:00:00,1324.0,55.0,6.33,20.48,1.31,0.0,0.001324
2020-08-14 06:00:00,7848.0,227.0,16.8,22.54,0.97,0.0,0.007848
2020-08-14 07:00:00,15678.5,415.0,27.39,24.35,0.83,0.0,0.0156785
2020-08-14 08:00:00,22064.5,586.0,37.71,26.2,0.28,0.0,0.0220645
2020-08-14 09:00:00,26983.5,728.01,47.19,27.54,0.41,0.0,0.0269835
2020-08-14 10:00:00,29898.5,824.01,54.84,28.83,0.34,0.0,0.0298985
2020-08-14 11:00:00,31423.5,881.01,59.07,29.48,0.14,0.0,0.0314235
2020-08-14 12:00:00,31055.0,865.01,58.38,30.29,0.48,0.0,0.031055
2020-08-14 13:00:00,29033.0,798.01,53.07,30.98,0.83,0.0,0.029033
2020-08-14 14:00:00,25316.5,684.01,44.8,31.33,1.24,0.0,0.0253165
2020-08-14 15:00:00,19860.5,536.0,35.03,31.04,0.83,0.0,0.0198605
2020-08-14 16:00:00,13069.5,360.0,24.59,30.46,1.31,0.0,0.0130695
2020-08-14 17:00:00,4894.5,152.0,14.0,29.43,1.38,0.0,0.0048945
2020-08-14 18:00:00,365.5,23.81,3.63,28.44,0.69,0.0,0.0003655
2020-08-14 19:00:00,0.0,0.0,0.0,26.48,1.31,0.0,0.0
2020-08-14 20:00:00,0.0,0.0,0.0,26.34,1.03,0.0,0.0
2020-08-14 21:00:00,0.0,0.0,0.0,26.6,0.62,0.0,0.0
2020-08-14 22:00:00,0.0,0.0,0.0,25.84,0.83,0.0,0.0
2020-08-14 23:00:00,0.0,0.0,0.0,23.4,1.31,0.0,0.0
2020-08-15 00:00:00,0.0,0.0,0.0,22.7,1.24,0.0,0.0
2020-08-15 01:00:00,0.0,0.0,0.0,23.02,1.03,0.0,0.0
2020-08-15 02:00:00,0.0,0.0,0.0,23.08,0.9,0.0,0.0
2020-08-15 03:00:00,0.0,0.0,0.0,22.23,0.97,0.0,0.0
2020-08-15 04:00:00,0.0,0.0,0.0,21.34,1.1,0.0,0.0
2020-08-15 05:00:00,1048.5,44.0,6.15,21.25,0.83,0.0,0.0010485
2020-08-15 06:00:00,7003.0,201.0,16.62,21.77,0.48,0.0,0.007003
2020-08-15 07:00:00,14729.5,389.0,27.21,24.35,1.1,0.0,0.0147295
2020-08-15 08:00:00,21567.0,564.0,37.51,25.44,1.03,0.0,0.021567
2020-08-15 09:00:00,26632.0,709.01,46.97,26.73,0.83,0.0,0.026632
2020-08-15 10:00:00,29462.5,803.01,54.58,28.02,0.55,0.0,0.0294625
2020-08-15 11:00:00,30924.0,864.01,58.77,28.91,0.07,0.0,0.030924
2020-08-15 12:00:00,30768.0,852.01,58.07,29.81,0.55,0.0,0.030768
2020-08-15 13:00:00,28706.0,782.01,52.78,30.3,1.03,0.0,0.028706
2020-08-15 14:00:00,24837.5,665.01,44.53,31.03,1.72,0.0,0.0248375
2020-08-15 15:00:00,17117.0,458.0,34.77,30.9,1.59,0.0,0.017117
2020-08-15 16:00:00,12727.0,350.0,24.34,30.23,1.59,0.0,0.012727
2020-08-15 17:00:00,5343.5,169.0,13.75,29.01,1.38,0.0,0.0053435
2020-08-15 18:00:00,279.5,20.92,3.37,27.78,0.83,0.0,0.0002795
2020-08-15 19:00:00,0.0,0.0,0.0,26.71,1.59,0.0,0.0
2020-08-15 20:00:00,0.0,0.0,0.0,25.32,1.72,0.0,0.0
2020-08-15 21:00:00,0.0,0.0,0.0,23.91,1.66,0.0,0.0
2020-08-15 22:00:00,0.0,0.0,0.0,23.49,1.31,0.0,0.0
2020-08-15 23:00:00,0.0,0.0,0.0,23.23,1.17,0.0,0.0
2020-08-16 00:00:00,0.0,0.0,0.0,22.91,1.03,0.0,0.0
2020-08-16 01:00:00,0.0,0.0,0.0,22.16,1.24,0.0,0.0
2020-08-16 02:00:00,0.0,0.0,0.0,21.95,1.31,0.0,0.0
2020-08-16 03:00:00,0.0,0.0,0.0,21.72,1.17,0.0,0.0
2020-08-16 04:00:00,0.0,0.0,0.0,21.93,0.21,0.0,0.0
2020-08-16 05:00:00,1115.5,48.0,5.96,21.82,0.28,0.0,0.0011155
2020-08-16 06:00:00,7029.0,203.0,16.44,21.83,0.76,0.0,0.007029
2020-08-16 07:00:00,11701.0,307.0,27.03,22.69,1.45,0.0,0.011701
2020-08-16 08:00:00,19187.0,496.0,37.32,23.11,0.97,0.0,0.019187
2020-08-16 09:00:00,23204.0,599.0,46.75,23.87,1.72,0.0,0.023204
2020-08-16 10:00:00,21133.5,551.0,54.32,25.26,1.72,0.0,0.0211335
2020-08-16 11:00:00,22737.5,602.0,58.47,26.68,1.24,0.0,0.0227375
2020-08-16 12:00:00,27394.0,734.01,57.76,27.6,1.17,0.0,0.027394
2020-08-16 13:00:00,21185.5,565.0,52.48,28.01,0.9,0.0,0.0211855
2020-08-16 14:00:00,1911.0,65.0,44.26,28.34,0.76,0.0,0.001911
2020-08-16 15:00:00,1252.5,47.0,34.51,27.99,0.62,0.0,0.0012525
2020-08-16 16:00:00,6924.5,192.0,24.09,26.66,1.24,0.0,0.0069245
2020-08-16 17:00:00,1811.5,62.0,13.5,26.31,0.76,0.0,0.0018115
2020-08-16 18:00:00,210.0,15.0,3.11,26.01,0.34,0.0,0.00021
2020-08-16 19:00:00,0.0,0.0,0.0,24.56,1.31,0.0,0.0
2020-08-16 20:00:00,0.0,0.0,0.0,24.21,0.9,0.0,0.0
2020-08-16 21:00:00,0.0,0.0,0.0,23.56,1.1,0.0,0.0
2020-08-16 22:00:00,0.0,0.0,0.0,22.03,0.97,0.0,0.0
2020-08-16 23:00:00,0.0,0.0,0.0,23.0,0.34,0.0,0.0
2020-08-17 00:00:00,0.0,0.0,0.0,22.78,0.55,0.0,0.0
2020-08-17 01:00:00,0.0,0.0,0.0,22.32,0.21,0.0,0.0
2020-08-17 02:00:00,0.0,0.0,0.0,21.89,0.41,0.0,0.0
2020-08-17 03:00:00,0.0,0.0,0.0,21.47,0.28,0.0,0.0
2020-08-17 04:00:00,0.0,0.0,0.0,20.79,0.34,0.0,0.0
2020-08-17 05:00:00,662.0,30.0,5.78,19.66,1.03,0.0,0.000662
2020-08-17 06:00:00,3495.5,103.0,16.26,19.57,0.76,0.0,0.0034955
2020-08-17 07:00:00,12548.0,327.0,26.85,20.71,0.83,0.0,0.012548
2020-08-17 08:00:00,21350.5,546.0,37.13,21.94,1.45,0.0,0.0213505
2020-08-17 09:00:00,26119.5,681.01,46.52,23.18,0.9,0.0,0.0261195
2020-08-17 10:00:00,22411.0,586.0,54.05,23.93,0.97,0.0,0.022411
2020-08-17 11:00:00,30697.0,826.01,58.16,25.0,0.62,0.0,0.030697
2020-08-17 12:00:00,24287.5,650.0,57.44,25.96,0.41,0.0,0.0242875
2020-08-17 13:00:00,16760.5,442.0,52.18,26.75,1.31,0.0,0.0167605
2020-08-17 14:00:00,14535.5,383.0,43.98,26.92,1.66,0.0,0.0145355
2020-08-17 15:00:00,1263.5,47.0,34.25,26.62,1.79,0.0,0.0012635
2020-08-17 16:00:00,10771.0,292.0,23.84,25.94,0.9,0.0,0.010771
2020-08-17 17:00:00,5132.5,163.0,13.25,25.78,0.62,0.0,0.0051325
2020-08-17 18:00:00,158.0,13.0,2.85,24.99,0.9,0.0,0.000158
2020-08-17 19:00:00,0.0,0.0,0.0,23.62,1.52,0.0,0.0
2020-08-17 20:00:00,0.0,0.0,0.0,22.67,1.03,0.0,0.0
2020-08-17 21:00:00,0.0,0.0,0.0,22.74,0.83,0.0,0.0
2020-08-17 22:00:00,0.0,0.0,0.0,22.64,0.76,0.0,0.0
2020-08-17 23:00:00,0.0,0.0,0.0,22.6,0.55,0.0,0.0
2020-08-18 00:00:00,0.0,0.0,0.0,22.34,0.62,0.0,0.0
2020-08-18 01:00:00,0.0,0.0,0.0,21.19,0.97,0.0,0.0
2020-08-18 02:00:00,0.0,0.0,0.0,20.66,1.1,0.0,0.0
2020-08-18 03:00:00,0.0,0.0,0.0,20.13,1.24,0.0,0.0
2020-08-18 04:00:00,0.0,0.0,0.0,19.83,1.24,0.0,0.0
2020-08-18 05:00:00,866.0,38.97,5.59,19.86,1.1,0.0,0.000866
2020-08-18 06:00:00,7613.5,223.0,16.08,21.11,0.69,0.0,0.0076135
2020-08-18 07:00:00,15469.0,400.0,26.66,21.76,2.76,0.0,0.015469
2020-08-18 08:00:00,22181.0,564.0,36.93,22.87,2.62,0.0,0.022181
2020-08-18 09:00:00,27260.5,715.01,46.3,24.57,1.1,0.0,0.0272605
2020-08-18 10:00:00,29691.0,810.01,53.78,26.25,0.14,0.0,0.029691
2020-08-18 11:00:00,31613.0,867.01,57.85,27.58,0.55,0.0,0.031613
2020-08-18 12:00:00,30180.5,822.01,57.11,28.77,0.97,0.0,0.0301805
2020-08-18 13:00:00,29127.0,787.01,51.87,29.12,1.17,0.0,0.029127
2020-08-18 14:00:00,25354.0,679.01,43.7,29.69,1.24,0.0,0.025354
2020-08-18 15:00:00,19617.0,524.0,33.98,29.81,1.24,0.0,0.019617
2020-08-18 16:00:00,12606.5,349.0,23.58,29.49,0.9,0.0,0.0126065
2020-08-18 17:00:00,5090.0,166.0,12.99,29.03,1.17,0.0,0.00509
2020-08-18 18:00:00,106.0,11.0,2.58,27.19,0.97,0.0,0.000106
2020-08-18 19:00:00,0.0,0.0,0.0,26.48,0.76,0.0,0.0
2020-08-18 20:00:00,0.0,0.0,0.0,25.63,0.76,0.0,0.0
2020-08-18 21:00:00,0.0,0.0,0.0,25.08,0.69,0.0,0.0
2020-08-18 22:00:00,0.0,0.0,0.0,24.51,0.76,0.0,0.0
2020-08-18 23:00:00,0.0,0.0,0.0,23.95,0.83,0.0,0.0
2020-08-19 00:00:00,0.0,0.0,0.0,22.38,1.03,0.0,0.0
2020-08-19 01:00:00,0.0,0.0,0.0,21.08,1.17,0.0,0.0
2020-08-19 02:00:00,0.0,0.0,0.0,20.49,1.17,0.0,0.0
2020-08-19 03:00:00,0.0,0.0,0.0,19.98,1.17,0.0,0.0
2020-08-19 04:00:00,0.0,0.0,0.0,19.83,1.03,0.0,0.0
2020-08-19 05:00:00,863.5,43.8,5.4,20.53,0.83,0.0,0.0008635
2020-08-19 06:00:00,4957.5,143.0,15.9,21.24,0.48,0.0,0.0049575
2020-08-19 07:00:00,12452.5,325.0,26.48,20.97,0.97,0.0,0.0124525
2020-08-19 08:00:00,19403.0,501.0,36.73,22.3,0.76,0.0,0.019403
2020-08-19 09:00:00,24892.0,652.01,46.07,23.68,0.69,0.0,0.024892
2020-08-19 10:00:00,28970.5,777.01,53.51,25.08,0.48,0.0,0.0289705
2020-08-19 11:00:00,31023.0,845.01,57.53,26.44,0.48,0.0,0.031023
2020-08-19 12:00:00,30538.0,833.01,56.78,27.32,0.55,0.0,0.030538
2020-08-19 13:00:00,28470.0,771.01,51.56,28.14,0.69,0.0,0.02847
2020-08-19 14:00:00,24967.5,664.01,43.41,28.5,1.24,0.0,0.0249675
2020-08-19 15:00:00,18592.5,494.0,33.71,28.92,1.31,0.0,0.0185925
2020-08-19 16:00:00,11282.5,311.0,23.31,28.77,0.97,0.0,0.0112825
2020-08-19 17:00:00,5008.5,165.0,12.72,28.28,1.1,0.0,0.0050085
2020-08-19 18:00:00,0.0,0.0,0.0,26.8,1.24,0.0,0.0
2020-08-19 19:00:00,0.0,0.0,0.0,25.23,1.1,0.0,0.0
2020-08-19 20:00:00,0.0,0.0,0.0,25.13,0.9,0.0,0.0
2020-08-19 21:00:00,0.0,0.0,0.0,25.07,0.83,0.0,0.0
2020-08-19 22:00:00,0.0,0.0,0.0,24.77,0.69,0.0,0.0
2020-08-19 23:00:00,0.0,0.0,0.0,24.27,0.48,0.0,0.0
2020-08-20 00:00:00,0.0,0.0,0.0,23.91,0.48,0.0,0.0
2020-08-20 01:00:00,0.0,0.0,0.0,23.63,0.55,0.0,0.0
2020-08-20 02:00:00,0.0,0.0,0.0,23.44,0.34,0.0,0.0
2020-08-20 03:00:00,0.0,0.0,0.0,23.25,0.41,0.0,0.0
2020-08-20 04:00:00,0.0,0.0,0.0,22.65,0.55,0.0,0.0
2020-08-20 05:00:00,705.5,34.33,5.21,22.37,0.69,0.0,0.0007055
2020-08-20 06:00:00,6083.0,178.0,15.72,23.17,0.83,0.0,0.006083
2020-08-20 07:00:00,14353.5,381.0,26.29,23.82,0.69,0.0,0.0143535
2020-08-20 08:00:00,21101.0,553.0,36.53,24.84,0.62,0.0,0.021101
2020-08-20 09:00:00,25907.5,692.01,45.84,26.07,0.34,0.0,0.0259075
2020-08-20 10:00:00,28547.5,781.01,53.24,27.27,0.07,0.0,0.0285475
2020-08-20 11:00:00,30219.0,831.01,57.22,28.12,0.34,0.0,0.030219
2020-08-20 12:00:00,29626.0,814.01,56.45,29.25,0.55,0.0,0.029626
2020-08-20 13:00:00,27867.5,761.01,51.24,30.1,0.69,0.0,0.0278675
2020-08-20 14:00:00,24124.0,650.01,43.12,30.36,0.9,0.0,0.024124
2020-08-20 15:00:00,18662.5,502.0,33.44,30.78,1.03,0.0,0.0186625
2020-08-20 16:00:00,11704.5,326.0,23.04,30.52,1.31,0.0,0.0117045
2020-08-20 17:00:00,4556.0,151.0,12.45,29.91,1.72,0.0,0.004556
2020-08-20 18:00:00,0.0,0.0,0.0,28.59,1.79,0.0,0.0
2020-08-20 19:00:00,0.0,0.0,0.0,26.68,1.59,0.0,0.0
2020-08-20 20:00:00,0.0,0.0,0.0,25.86,1.24,0.0,0.0
2020-08-20 21:00:00,0.0,0.0,0.0,25.96,0.9,0.0,0.0
2020-08-20 22:00:00,0.0,0.0,0.0,26.11,0.76,0.0,0.0
2020-08-20 23:00:00,0.0,0.0,0.0,25.57,0.69,0.0,0.0
2020-08-21 00:00:00,0.0,0.0,0.0,23.96,0.97,0.0,0.0
2020-08-21 01:00:00,0.0,0.0,0.0,22.64,1.24,0.0,0.0
2020-08-21 02:00:00,0.0,0.0,0.0,21.86,1.31,0.0,0.0
2020-08-21 03:00:00,0.0,0.0,0.0,21.27,1.38,0.0,0.0
2020-08-21 04:00:00,0.0,0.0,0.0,20.99,1.38,0.0,0.0
2020-08-21 05:00:00,667.0,32.56,5.02,20.94,1.24,0.0,0.000667
2020-08-21 06:00:00,6362.5,187.0,15.54,22.36,0.9,0.0,0.0063625
2020-08-21 07:00:00,14051.0,375.0,26.11,25.34,1.03,0.0,0.014051
2020-08-21 08:00:00,20883.5,546.0,36.33,26.24,1.38,0.0,0.0208835
2020-08-21 09:00:00,25855.0,684.01,45.61,27.24,1.24,0.0,0.025855
2020-08-21 10:00:00,28569.0,772.01,52.96,28.2,0.83,0.0,0.028569
2020-08-21 11:00:00,29760.0,818.01,56.89,29.21,0.55,0.0,0.02976
2020-08-21 12:00:00,28993.0,796.01,56.12,30.0,0.69,0.0,0.028993
2020-08-21 13:00:00,26672.0,731.01,50.92,30.76,0.55,0.0,0.026672
2020-08-21 14:00:00,23447.5,638.01,42.82,31.34,0.55,0.0,0.0234475
2020-08-21 15:00:00,17893.5,486.0,33.15,31.73,0.62,0.0,0.0178935
2020-08-21 16:00:00,11150.0,314.0,22.77,31.68,0.76,0.0,0.01115
2020-08-21 17:00:00,4274.5,143.0,12.18,30.82,0.9,0.0,0.0042745
2020-08-21 18:00:00,0.0,0.0,0.0,29.18,0.9,0.0,0.0
2020-08-21 19:00:00,0.0,0.0,0.0,27.71,1.24,0.0,0.0
2020-08-21 20:00:00,0.0,0.0,0.0,26.07,1.52,0.0,0.0
2020-08-21 21:00:00,0.0,0.0,0.0,25.1,1.72,0.0,0.0
2020-08-21 22:00:00,0.0,0.0,0.0,24.13,1.72,0.0,0.0
2020-08-21 23:00:00,0.0,0.0,0.0,23.34,1.59,0.0,0.0
2020-08-22 00:00:00,0.0,0.0,0.0,22.7,1.59,0.0,0.0
2020-08-22 01:00:00,0.0,0.0,0.0,22.43,1.38,0.0,0.0
2020-08-22 02:00:00,0.0,0.0,0.0,22.35,1.24,0.0,0.0
2020-08-22 03:00:00,0.0,0.0,0.0,22.47,1.1,0.0,0.0
2020-08-22 04:00:00,0.0,0.0,0.0,22.27,1.03,0.0,0.0
2020-08-22 05:00:00,633.0,32.32,4.83,22.01,1.03,0.0,0.000633
2020-08-22 06:00:00,6295.5,186.0,15.35,22.68,0.83,0.0,0.0062955
2020-08-22 07:00:00,13855.5,372.0,25.92,25.56,0.55,0.0,0.0138555
2020-08-22 08:00:00,20479.0,543.0,36.12,27.17,0.62,0.0,0.020479
2020-08-22 09:00:00,25386.0,681.01,45.37,28.51,0.76,0.0,0.025386
2020-08-22 10:00:00,28489.0,777.01,52.68,29.66,0.76,0.0,0.028489
2020-08-22 11:00:00,30192.0,832.01,56.57,30.86,0.9,0.0,0.030192
2020-08-22 12:00:00,29701.0,819.01,55.78,31.79,1.03,0.0,0.029701
2020-08-22 13:00:00,27647.0,756.01,50.6,32.58,1.31,0.0,0.027647
2020-08-22 14:00:00,23826.5,645.01,42.52,33.0,1.52,0.0,0.0238265
2020-08-22 15:00:00,18314.5,495.0,32.87,32.94,1.72,0.0,0.0183145
2020-08-22 16:00:00,11359.0,320.0,22.49,32.23,1.59,0.0,0.011359
2020-08-22 17:00:00,4219.0,143.0,11.9,31.13,1.79,0.0,0.004219
2020-08-22 18:00:00,0.0,0.0,0.0,29.61,2.0,0.0,0.0
2020-08-22 19:00:00,0.0,0.0,0.0,27.67,2.69,0.0,0.0
2020-08-22 20:00:00,0.0,0.0,0.0,26.59,2.41,0.0,0.0
2020-08-22 21:00:00,0.0,0.0,0.0,25.69,2.14,0.0,0.0
2020-08-22 22:00:00,0.0,0.0,0.0,24.9,1.79,0.0,0.0
2020-08-22 23:00:00,0.0,0.0,0.0,24.27,1.59,0.0,0.0
2020-08-23 00:00:00,0.0,0.0,0.0,23.33,1.38,0.0,0.0
2020-08-23 01:00:00,0.0,0.0,0.0,22.54,1.31,0.0,0.0
2020-08-23 02:00:00,0.0,0.0,0.0,22.23,1.24,0.0,0.0
2020-08-23 03:00:00,0.0,0.0,0.0,22.22,0.97,0.0,0.0
2020-08-23 04:00:00,0.0,0.0,0.0,23.0,0.55,0.0,0.0
2020-08-23 05:00:00,436.5,23.59,4.64,22.8,0.07,0.0,0.0004365
2020-08-23 06:00:00,4215.0,125.0,15.17,22.89,0.14,0.0,0.004215
2020-08-23 07:00:00,8615.0,233.0,25.73,24.3,0.34,0.0,0.008615
2020-08-23 08:00:00,14275.5,376.0,35.92,25.72,0.83,0.0,0.0142755
2020-08-23 09:00:00,17960.0,473.0,45.14,26.72,1.1,0.0,0.01796
2020-08-23 10:00:00,12553.5,335.0,52.4,27.96,1.52,0.0,0.0125535
2020-08-23 11:00:00,28024.5,750.01,56.24,28.58,1.59,0.0,0.0280245
2020-08-23 12:00:00,29620.5,798.01,55.44,29.02,1.45,0.0,0.0296205
2020-08-23 13:00:00,26929.0,719.01,50.27,28.97,1.52,0.0,0.026929
2020-08-23 14:00:00,21139.5,559.0,42.21,28.4,1.38,0.0,0.0211395
2020-08-23 15:00:00,18162.0,482.0,32.58,28.48,1.31,0.0,0.018162
2020-08-23 16:00:00,11222.0,312.0,22.21,28.65,1.17,0.0,0.011222
2020-08-23 17:00:00,4035.5,136.0,11.62,28.05,1.31,0.0,0.0040355
2020-08-23 18:00:00,0.0,0.0,0.0,26.99,1.52,0.0,0.0
2020-08-23 19:00:00,0.0,0.0,0.0,25.35,1.45,0.0,0.0
2020-08-23 20:00:00,0.0,0.0,0.0,24.01,1.45,0.0,0.0
2020-08-23 21:00:00,0.0,0.0,0.0,22.93,1.59,0.0,0.0
2020-08-23 22:00:00,0.0,0.0,0.0,22.16,1.79,0.0,0.0
2020-08-23 23:00:00,0.0,0.0,0.0,21.5,1.72,0.0,0.0
2020-08-24 00:00:00,0.0,0.0,0.0,21.44,2.28,0.0,0.0
2020-08-24 01:00:00,0.0,0.0,0.0,21.14,2.41,0.0,0.0
2020-08-24 02:00:00,0.0,0.0,0.0,20.79,1.79,0.0,0.0
2020-08-24 03:00:00,0.0,0.0,0.0,20.58,1.93,0.0,0.0
2020-08-24 04:00:00,0.0,0.0,0.0,20.48,2.07,0.0,0.0
2020-08-24 05:00:00,163.5,13.0,4.45,20.22,1.93,0.0,0.0001635
2020-08-24 06:00:00,2927.0,89.0,14.98,20.2,2.07,0.0,0.002927
2020-08-24 07:00:00,4647.5,131.0,25.54,21.19,2.34,0.0,0.0046475
2020-08-24 08:00:00,7017.0,189.0,35.71,21.81,2.07,0.0,0.007017
2020-08-24 09:00:00,18349.0,470.0,44.9,23.34,2.48,0.0,0.018349
2020-08-24 10:00:00,24459.0,632.0,52.12,24.27,2.21,0.0,0.024459
2020-08-24 11:00:00,25425.0,665.0,55.91,25.22,1.79,0.0,0.025425
2020-08-24 12:00:00,23298.5,614.0,55.09,25.84,1.24,0.0,0.0232985
2020-08-24 13:00:00,25560.5,679.01,49.94,26.17,0.83,0.0,0.0255605
2020-08-24 14:00:00,21273.0,560.0,41.9,26.61,1.03,0.0,0.021273
2020-08-24 15:00:00,18423.5,489.0,32.29,26.67,0.55,0.0,0.0184235
2020-08-24 16:00:00,4464.0,130.0,21.93,26.21,0.34,0.0,0.004464
2020-08-24 17:00:00,2394.5,79.0,11.34,25.71,0.14,0.0,0.0023945
2020-08-24 18:00:00,0.0,0.0,0.0,24.92,0.34,0.0,0.0
2020-08-24 19:00:00,0.0,0.0,0.0,23.58,1.03,0.0,0.0
2020-08-24 20:00:00,0.0,0.0,0.0,23.46,0.9,0.0,0.0
2020-08-24 21:00:00,0.0,0.0,0.0,23.48,0.69,0.0,0.0
2020-08-24 22:00:00,0.0,0.0,0.0,21.48,1.1,0.0,0.0
2020-08-24 23:00:00,0.0,0.0,0.0,20.4,1.38,0.0,0.0
2020-08-25 00:00:00,0.0,0.0,0.0,20.03,1.31,0.0,0.0
2020-08-25 01:00:00,0.0,0.0,0.0,20.32,1.03,0.0,0.0
2020-08-25 02:00:00,0.0,0.0,0.0,20.98,0.76,0.0,0.0
2020-08-25 03:00:00,0.0,0.0,0.0,20.8,0.76,0.0,0.0
2020-08-25 04:00:00,0.0,0.0,0.0,20.76,0.76,0.0,0.0
2020-08-25 05:00:00,22.0,7.0,4.25,20.69,0.76,0.0,2.2e-05
2020-08-25 06:00:00,4718.5,138.0,14.79,20.63,0.69,0.0,0.0047185
2020-08-25 07:00:00,12466.0,326.0,25.34,21.24,1.59,0.0,0.012466
2020-08-25 08:00:00,20740.5,530.0,35.5,21.81,1.52,0.0,0.0207405
2020-08-25 09:00:00,25629.0,660.01,44.66,23.14,1.66,0.0,0.025629
2020-08-25 10:00:00,27699.5,722.01,51.83,24.28,1.66,0.0,0.0276995
2020-08-25 11:00:00,25012.0,656.0,55.58,24.92,1.38,0.0,0.025012
2020-08-25 12:00:00,24167.0,640.0,54.74,25.94,0.97,0.0,0.024167
2020-08-25 13:00:00,26310.5,696.01,49.6,26.36,1.17,0.0,0.0263105
2020-08-25 14:00:00,22125.0,584.0,41.59,27.32,1.1,0.0,0.022125
2020-08-25 15:00:00,17405.0,461.0,31.99,27.61,1.17,0.0,0.017405
2020-08-25 16:00:00,9341.0,259.0,21.64,27.69,1.17,0.0,0.009341
2020-08-25 17:00:00,2692.5,89.0,11.05,27.21,0.83,0.0,0.0026925
2020-08-25 18:00:00,0.0,0.0,0.0,26.09,0.76,0.0,0.0
2020-08-25 19:00:00,0.0,0.0,0.0,25.95,0.55,0.0,0.0
2020-08-25 20:00:00,0.0,0.0,0.0,25.27,0.55,0.0,0.0
2020-08-25 21:00:00,0.0,0.0,0.0,24.52,0.55,0.0,0.0
2020-08-25 22:00:00,0.0,0.0,0.0,23.83,0.62,0.0,0.0
2020-08-25 23:00:00,0.0,0.0,0.0,23.3,0.62,0.0,0.0
2020-08-26 00:00:00,0.0,0.0,0.0,22.79,0.55,0.0,0.0
2020-08-26 01:00:00,0.0,0.0,0.0,22.17,0.48,0.0,0.0
2020-08-26 02:00:00,0.0,0.0,0.0,21.68,0.55,0.0,0.0
2020-08-26 03:00:00,0.0,0.0,0.0,21.18,0.76,0.0,0.0
2020-08-26 04:00:00,0.0,0.0,0.0,20.15,0.9,0.0,0.0
2020-08-26 05:00:00,474.0,28.91,4.06,19.82,0.9,0.0,0.000474
2020-08-26 06:00:00,6289.5,188.0,14.6,20.36,0.76,0.0,0.0062895
2020-08-26 07:00:00,13677.5,364.0,25.15,23.17,0.62,0.0,0.0136775
2020-08-26 08:00:00,16462.5,432.0,35.29,24.57,0.41,0.0,0.0164625
2020-08-26 09:00:00,24602.5,659.01,44.41,25.96,0.07,0.0,0.0246025
2020-08-26 10:00:00,27006.5,733.01,51.54,27.47,0.28,0.0,0.0270065
2020-08-26 11:00:00,27311.5,745.01,55.24,28.92,0.55,0.0,0.0273115
2020-08-26 12:00:00,28635.0,783.01,54.39,30.2,0.9,0.0,0.028635
2020-08-26 13:00:00,24235.0,654.01,49.26,31.15,1.38,0.0,0.024235
2020-08-26 14:00:00,23020.0,615.01,41.27,31.58,2.0,0.0,0.02302
2020-08-26 15:00:00,18034.0,481.0,31.69,31.27,2.62,0.0,0.018034
2020-08-26 16:00:00,10870.0,305.0,21.34,30.54,2.69,0.0,0.01087
2020-08-26 17:00:00,3644.5,127.0,10.76,29.29,2.83,0.0,0.0036445
2020-08-26 18:00:00,0.0,0.0,0.0,27.53,2.62,0.0,0.0
2020-08-26 19:00:00,0.0,0.0,0.0,25.42,2.28,0.0,0.0
2020-08-26 20:00:00,0.0,0.0,0.0,24.44,2.0,0.0,0.0
2020-08-26 21:00:00,0.0,0.0,0.0,23.55,1.72,0.0,0.0
2020-08-26 22:00:00,0.0,0.0,0.0,22.71,1.52,0.0,0.0
2020-08-26 23:00:00,0.0,0.0,0.0,21.99,1.45,0.0,0.0
2020-08-27 00:00:00,0.0,0.0,0.0,21.21,1.24,0.0,0.0
2020-08-27 01:00:00,0.0,0.0,0.0,20.99,1.17,0.0,0.0
2020-08-27 02:00:00,0.0,0.0,0.0,20.35,1.38,0.0,0.0
2020-08-27 03:00:00,0.0,0.0,0.0,20.08,1.38,0.0,0.0
2020-08-27 04:00:00,0.0,0.0,0.0,20.15,1.17,0.0,0.0
2020-08-27 05:00:00,388.0,23.89,3.87,20.92,0.83,0.0,0.000388
2020-08-27 06:00:00,6113.0,185.0,14.41,21.44,0.41,0.0,0.006113
2020-08-27 07:00:00,13786.0,368.0,24.96,22.38,0.07,0.0,0.013786
2020-08-27 08:00:00,20412.5,537.0,35.08,24.28,0.21,0.0,0.0204125
2020-08-27 09:00:00,25127.0,669.01,44.17,26.27,0.48,0.0,0.025127
2020-08-27 10:00:00,27520.5,744.01,51.24,27.73,0.55,0.0,0.0275205
2020-08-27 11:00:00,24802.5,671.01,54.91,29.15,0.76,0.0,0.0248025
2020-08-27 12:00:00,26436.5,719.01,54.03,30.12,0.9,0.0,0.0264365
2020-08-27 13:00:00,24047.5,649.01,48.92,30.75,1.17,0.0,0.0240475
2020-08-27 14:00:00,21743.0,583.01,40.95,31.25,1.45,0.0,0.021743
2020-08-27 15:00:00,17674.5,475.0,31.38,31.41,1.79,0.0,0.0176745
2020-08-27 16:00:00,9560.5,270.0,21.05,31.05,1.93,0.0,0.0095605
2020-08-27 17:00:00,3376.0,119.0,10.46,29.99,2.0,0.0,0.003376
2020-08-27 18:00:00,0.0,0.0,0.0,28.55,2.0,0.0,0.0
2020-08-27 19:00:00,0.0,0.0,0.0,26.81,1.93,0.0,0.0
2020-08-27 20:00:00,0.0,0.0,0.0,25.48,1.45,0.0,0.0
2020-08-27 21:00:00,0.0,0.0,0.0,24.47,1.24,0.0,0.0
2020-08-27 22:00:00,0.0,0.0,0.0,23.98,1.03,0.0,0.0
2020-08-27 23:00:00,0.0,0.0,0.0,23.19,1.03,0.0,0.0
2020-08-28 00:00:00,0.0,0.0,0.0,22.87,0.97,0.0,0.0
2020-08-28 01:00:00,0.0,0.0,0.0,23.05,0.62,0.0,0.0
2020-08-28 02:00:00,0.0,0.0,0.0,22.6,0.34,0.0,0.0
2020-08-28 03:00:00,0.0,0.0,0.0,22.24,0.21,0.0,0.0
2020-08-28 04:00:00,0.0,0.0,0.0,21.81,0.07,0.0,0.0
2020-08-28 05:00:00,353.5,22.89,3.67,21.34,0.28,0.0,0.0003535
2020-08-28 06:00:00,4905.5,146.0,14.22,21.49,0.34,0.0,0.0049055
2020-08-28 07:00:00,10938.5,291.0,24.76,23.2,1.03,0.0,0.0109385
2020-08-28 08:00:00,17283.5,449.0,34.86,24.2,1.17,0.0,0.0172835
2020-08-28 09:00:00,22696.0,591.0,43.92,25.38,1.52,0.0,0.022696
2020-08-28 10:00:00,21430.0,563.0,50.95,26.27,1.38,0.0,0.02143
2020-08-28 11:00:00,23983.5,635.0,54.56,27.41,1.52,0.0,0.0239835
2020-08-28 12:00:00,24247.0,643.0,53.67,28.42,1.79,0.0,0.024247
2020-08-28 13:00:00,21519.5,568.0,48.57,28.95,2.14,0.0,0.0215195
2020-08-28 14:00:00,1575.5,56.0,40.62,28.8,2.0,0.0,0.0015755
2020-08-28 15:00:00,7813.5,214.0,31.08,28.15,2.62,0.0,0.0078135
2020-08-28 16:00:00,7631.5,212.0,20.75,27.25,2.97,0.0,0.0076315
2020-08-28 17:00:00,1014.5,40.0,10.16,26.53,3.31,0.0,0.0010145
2020-08-28 18:00:00,0.0,0.0,0.0,25.94,2.97,0.0,0.0
2020-08-28 19:00:00,0.0,0.0,0.0,24.82,1.31,0.0,0.0
2020-08-28 20:00:00,0.0,0.0,0.0,24.33,0.48,0.0,0.0
2020-08-28 21:00:00,0.0,0.0,0.0,23.6,0.62,0.0,0.0
2020-08-28 22:00:00,0.0,0.0,0.0,22.49,0.97,0.0,0.0
2020-08-28 23:00:00,0.0,0.0,0.0,21.82,1.17,0.0,0.0
2020-08-29 00:00:00,0.0,0.0,0.0,21.44,0.97,0.0,0.0
2020-08-29 01:00:00,0.0,0.0,0.0,21.1,0.83,0.0,0.0
2020-08-29 02:00:00,0.0,0.0,0.0,21.39,0.55,0.0,0.0
2020-08-29 03:00:00,0.0,0.0,0.0,21.35,0.41,0.0,0.0
2020-08-29 04:00:00,0.0,0.0,0.0,21.41,0.28,0.0,0.0
2020-08-29 05:00:00,3.5,6.0,3.48,21.45,0.21,0.0,3.5e-06
2020-08-29 06:00:00,1594.5,55.0,14.03,21.63,0.14,0.0,0.0015945
2020-08-29 07:00:00,4195.0,120.0,24.56,20.96,1.66,0.0,0.004195
2020-08-29 08:00:00,6738.0,182.0,34.65,21.36,1.79,0.0,0.006738
2020-08-29 09:00:00,8310.0,220.0,43.67,21.42,2.14,0.0,0.00831
2020-08-29 10:00:00,11269.0,292.0,50.65,21.33,2.21,0.0,0.011269
2020-08-29 11:00:00,23890.5,607.0,54.22,21.4,2.55,0.0,0.0238905
2020-08-29 12:00:00,12492.0,321.0,53.31,21.16,2.76,0.0,0.012492
2020-08-29 13:00:00,6766.0,182.0,48.22,21.21,3.1,0.0,0.006766
2020-08-29 14:00:00,6978.5,187.0,40.29,21.0,2.97,0.0,0.0069785
2020-08-29 15:00:00,11770.0,303.0,30.76,20.59,2.21,0.0,0.01177
2020-08-29 16:00:00,4529.0,128.0,20.45,20.14,1.66,0.0,0.004529
2020-08-29 17:00:00,336.5,19.0,9.86,19.95,1.31,0.0,0.0003365
2020-08-29 18:00:00,0.0,0.0,0.0,19.75,1.03,0.0,0.0
2020-08-29 19:00:00,0.0,0.0,0.0,18.75,0.97,0.0,0.0
2020-08-29 20:00:00,0.0,0.0,0.0,18.56,1.17,0.0,0.0
2020-08-29 21:00:00,0.0,0.0,0.0,18.23,0.9,0.0,0.0
2020-08-29 22:00:00,0.0,0.0,0.0,18.24,0.21,0.0,0.0
2020-08-29 23:00:00,0.0,0.0,0.0,18.23,0.55,0.0,0.0
2020-08-30 00:00:00,0.0,0.0,0.0,18.31,0.83,0.0,0.0
2020-08-30 01:00:00,0.0,0.0,0.0,18.35,0.83,0.0,0.0
2020-08-30 02:00:00,0.0,0.0,0.0,18.17,0.9,0.0,0.0
2020-08-30 03:00:00,0.0,0.0,0.0,18.26,0.76,0.0,0.0
2020-08-30 04:00:00,0.0,0.0,0.0,18.04,0.97,0.0,0.0
2020-08-30 05:00:00,0.0,3.0,3.28,17.54,0.69,0.0,0.0
2020-08-30 06:00:00,1554.0,53.0,13.84,17.21,0.14,0.0,0.001554
2020-08-30 07:00:00,13621.0,355.0,24.37,18.86,1.1,0.0,0.013621
2020-08-30 08:00:00,22198.0,556.01,34.43,18.98,2.41,0.0,0.022198
2020-08-30 09:00:00,27305.0,687.01,43.41,20.54,2.76,0.0,0.027305
2020-08-30 10:00:00,30545.5,786.01,50.35,22.97,2.41,0.0,0.0305455
2020-08-30 11:00:00,31703.5,832.01,53.87,24.49,1.86,0.0,0.0317035
2020-08-30 12:00:00,30713.5,812.01,52.95,25.47,1.59,0.0,0.0307135
2020-08-30 13:00:00,28320.5,745.01,47.87,25.47,1.45,0.0,0.0283205
2020-08-30 14:00:00,24317.0,632.01,39.96,25.14,1.66,0.0,0.024317
2020-08-30 15:00:00,18176.5,468.0,30.45,23.99,2.97,0.0,0.0181765
2020-08-30 16:00:00,11136.0,306.0,20.14,23.5,3.24,0.0,0.011136
2020-08-30 17:00:00,2822.0,97.0,9.55,22.94,2.76,0.0,0.002822
2020-08-30 18:00:00,0.0,0.0,0.0,21.75,2.28,0.0,0.0
2020-08-30 19:00:00,0.0,0.0,0.0,20.31,2.9,0.0,0.0
2020-08-30 20:00:00,0.0,0.0,0.0,19.26,2.07,0.0,0.0
2020-08-30 21:00:00,0.0,0.0,0.0,18.18,0.76,0.0,0.0
2020-08-30 22:00:00,0.0,0.0,0.0,18.21,0.48,0.0,0.0
2020-08-30 23:00:00,0.0,0.0,0.0,17.06,1.03,0.0,0.0
2020-08-31 00:00:00,0.0,0.0,0.0,16.4,1.45,0.0,0.0
2020-08-31 01:00:00,0.0,0.0,0.0,15.88,1.31,0.0,0.0
2020-08-31 02:00:00,0.0,0.0,0.0,15.69,1.38,0.0,0.0
2020-08-31 03:00:00,0.0,0.0,0.0,15.71,1.45,0.0,0.0
2020-08-31 04:00:00,0.0,0.0,0.0,15.62,1.31,0.0,0.0
2020-08-31 05:00:00,145.5,12.83,3.08,15.77,1.03,0.0,0.0001455
2020-08-31 06:00:00,5273.5,155.0,13.65,16.14,0.9,0.0,0.0052735
2020-08-31 07:00:00,14410.0,376.0,24.17,18.12,0.97,0.0,0.01441
2020-08-31 08:00:00,17761.0,451.0,34.21,19.4,1.17,0.0,0.017761
2020-08-31 09:00:00,15923.0,406.0,43.16,20.34,1.52,0.0,0.015923
2020-08-31 10:00:00,23900.0,612.0,50.04,21.59,1.72,0.0,0.0239
2020-08-31 11:00:00,25058.0,644.0,53.52,22.55,2.07,0.0,0.025058
2020-08-31 12:00:00,30210.5,780.01,52.58,23.27,2.34,0.0,0.0302105
2020-08-31 13:00:00,28084.5,727.01,47.52,23.84,1.93,0.0,0.0280845
2020-08-31 14:00:00,23438.0,605.01,39.63,23.47,1.45,0.0,0.023438
2020-08-31 15:00:00,17588.0,457.0,30.13,23.07,1.24,0.0,0.017588
2020-08-31 16:00:00,9562.5,264.0,19.83,22.98,0.83,0.0,0.0095625
2020-08-31 17:00:00,2956.0,108.0,9.25,22.46,0.69,0.0,0.002956
2020-08-31 18:00:00,0.0,0.0,0.0,22.31,0.28,0.0,0.0
2020-08-31 19:00:00,0.0,0.0,0.0,19.05,1.86,0.0,0.0
2020-08-31 20:00:00,0.0,0.0,0.0,17.86,2.07,0.0,0.0
2020-08-31 21:00:00,0.0,0.0,0.0,16.83,2.07,0.0,0.0
2020-08-31 22:00:00,0.0,0.0,0.0,15.72,1.86,0.0,0.0
2020-08-31 23:00:00,0.0,0.0,0.0,15.09,1.59,0.0,0.0
2020-09-01 00:00:00,0.0,0.0,0.0,15.03,1.31,0.0,0.0
2020-09-01 01:00:00,0.0,0.0,0.0,15.17,1.17,0.0,0.0
2020-09-01 02:00:00,0.0,0.0,0.0,15.28,1.03,0.0,0.0
2020-09-01 03:00:00,0.0,0.0,0.0,16.03,0.76,0.0,0.0
2020-09-01 04:00:00,0.0,0.0,0.0,15.76,0.55,0.0,0.0
2020-09-01 05:00:00,174.5,14.62,2.88,15.49,0.34,0.0,0.0001745
2020-09-01 06:00:00,5873.5,177.0,13.45,15.41,0.14,0.0,0.0058735
2020-09-01 07:00:00,14156.5,369.0,23.96,17.72,0.9,0.0,0.0141565
2020-09-01 08:00:00,21133.5,539.01,33.99,19.84,1.03,0.0,0.0211335
2020-09-01 09:00:00,26140.5,678.01,42.9,21.7,0.76,0.0,0.0261405
2020-09-01 10:00:00,29120.5,776.01,49.74,23.15,0.28,0.0,0.0291205
2020-09-01 11:00:00,30458.0,826.01,53.17,24.24,0.07,0.0,0.030458
2020-09-01 12:00:00,29899.5,801.01,52.21,24.87,0.62,0.0,0.0298995
2020-09-01 13:00:00,27864.0,733.01,47.16,25.44,1.38,0.0,0.027864
2020-09-01 14:00:00,23371.0,606.01,39.29,25.37,1.93,0.0,0.023371
2020-09-01 15:00:00,17814.5,464.0,29.81,24.96,2.21,0.0,0.0178145
2020-09-01 16:00:00,10142.5,282.0,19.52,24.52,2.41,0.0,0.0101425
2020-09-01 17:00:00,2799.5,104.0,8.94,23.6,2.14,0.0,0.0027995
2020-09-01 18:00:00,0.0,0.0,0.0,22.29,1.86,0.0,0.0
2020-09-01 19:00:00,0.0,0.0,0.0,21.02,1.86,0.0,0.0
2020-09-01 20:00:00,0.0,0.0,0.0,20.16,1.79,0.0,0.0
2020-09-01 21:00:00,0.0,0.0,0.0,19.26,1.79,0.0,0.0
2020-09-01 22:00:00,0.0,0.0,0.0,18.43,1.59,0.0,0.0
2020-09-01 23:00:00,0.0,0.0,0.0,17.73,1.38,0.0,0.0
2020-09-02 00:00:00,0.0,0.0,0.0,17.53,1.17,0.0,0.0
2020-09-02 01:00:00,0.0,0.0,0.0,17.33,1.03,0.0,0.0
2020-09-02 02:00:00,0.0,0.0,0.0,17.76,0.69,0.0,0.0
2020-09-02 03:00:00,0.0,0.0,0.0,17.67,0.41,0.0,0.0
2020-09-02 04:00:00,0.0,0.0,0.0,17.32,0.48,0.0,0.0
2020-09-02 05:00:00,69.5,9.86,2.69,16.96,0.48,0.0,6.95e-05
2020-09-02 06:00:00,1906.5,62.0,13.26,16.43,0.83,0.0,0.0019065
2020-09-02 07:00:00,3318.0,97.0,23.76,17.35,1.31,0.0,0.003318
2020-09-02 08:00:00,5644.5,153.0,33.76,17.7,1.86,0.0,0.0056445
2020-09-02 09:00:00,4930.0,136.0,42.64,17.95,2.14,0.0,0.00493
2020-09-02 10:00:00,3221.0,95.0,49.43,18.6,2.28,0.0,0.003221
2020-09-02 11:00:00,27788.5,705.01,52.82,18.75,1.72,0.0,0.0277885
2020-09-02 12:00:00,25674.0,656.01,51.84,19.64,1.31,0.0,0.025674
2020-09-02 13:00:00,12974.0,335.0,46.8,20.31,0.76,0.0,0.012974
2020-09-02 14:00:00,18724.5,481.0,38.95,20.65,0.55,0.0,0.0187245
2020-09-02 15:00:00,14071.5,366.0,29.48,21.16,0.34,0.0,0.0140715
2020-09-02 16:00:00,7988.5,220.0,19.2,21.48,0.48,0.0,0.0079885
2020-09-02 17:00:00,2558.5,94.0,8.62,21.09,1.1,0.0,0.0025585
2020-09-02 18:00:00,0.0,0.0,0.0,19.94,1.24,0.0,0.0
2020-09-02 19:00:00,0.0,0.0,0.0,19.26,1.79,0.0,0.0
2020-09-02 20:00:00,0.0,0.0,0.0,18.64,1.59,0.0,0.0
2020-09-02 21:00:00,0.0,0.0,0.0,18.1,1.38,0.0,0.0
2020-09-02 22:00:00,0.0,0.0,0.0,17.91,1.31,0.0,0.0
2020-09-02 23:00:00,0.0,0.0,0.0,17.34,1.31,0.0,0.0
2020-09-03 00:00:00,0.0,0.0,0.0,17.03,1.17,0.0,0.0
2020-09-03 01:00:00,0.0,0.0,0.0,17.12,0.76,0.0,0.0
2020-09-03 02:00:00,0.0,0.0,0.0,16.91,0.9,0.0,0.0
2020-09-03 03:00:00,0.0,0.0,0.0,16.57,1.1,0.0,0.0
2020-09-03 04:00:00,0.0,0.0,0.0,16.34,1.03,0.0,0.0
2020-09-03 05:00:00,0.0,3.0,2.49,16.17,0.97,0.0,0.0
2020-09-03 06:00:00,4447.5,132.0,13.06,16.68,0.76,0.0,0.0044475
2020-09-03 07:00:00,12809.0,336.0,23.56,18.73,0.83,0.0,0.012809
2020-09-03 08:00:00,19935.0,511.01,33.54,19.61,0.48,0.0,0.019935
2020-09-03 09:00:00,24724.0,638.01,42.38,20.76,0.62,0.0,0.024724
2020-09-03 10:00:00,27656.5,724.01,49.12,21.69,0.55,0.0,0.0276565
2020-09-03 11:00:00,26976.0,711.01,52.46,22.82,0.55,0.0,0.026976
2020-09-03 12:00:00,28091.5,746.01,51.46,23.92,0.55,0.0,0.0280915
2020-09-03 13:00:00,26321.0,696.01,46.43,24.62,0.62,0.0,0.026321
2020-09-03 14:00:00,22818.5,600.01,38.6,25.2,0.69,0.0,0.0228185
2020-09-03 15:00:00,17008.0,450.0,29.16,25.4,0.83,0.0,0.017008
2020-09-03 16:00:00,9453.0,268.0,18.88,25.29,0.9,0.0,0.009453
2020-09-03 17:00:00,2375.0,91.0,8.3,24.39,0.83,0.0,0.002375
2020-09-03 18:00:00,0.0,0.0,0.0,22.63,1.1,0.0,0.0
2020-09-03 19:00:00,0.0,0.0,0.0,22.43,0.97,0.0,0.0
2020-09-03 20:00:00,0.0,0.0,0.0,21.52,1.03,0.0,0.0
2020-09-03 21:00:00,0.0,0.0,0.0,21.54,0.9,0.0,0.0
2020-09-03 22:00:00,0.0,0.0,0.0,20.52,0.97,0.0,0.0
2020-09-03 23:00:00,0.0,0.0,0.0,20.31,0.55,0.0,0.0
2020-09-04 00:00:00,0.0,0.0,0.0,20.01,0.21,0.0,0.0
2020-09-04 01:00:00,0.0,0.0,0.0,19.4,0.21,0.0,0.0
2020-09-04 02:00:00,0.0,0.0,0.0,18.83,0.34,0.0,0.0
2020-09-04 03:00:00,0.0,0.0,0.0,18.28,0.76,0.0,0.0
2020-09-04 04:00:00,0.0,0.0,0.0,17.0,1.1,0.0,0.0
2020-09-04 05:00:00,0.0,0.0,0.0,16.54,1.1,0.0,0.0
2020-09-04 06:00:00,5205.0,160.0,12.87,17.48,0.69,0.0,0.005205
2020-09-04 07:00:00,12973.0,344.0,23.35,19.62,0.34,0.0,0.012973
2020-09-04 08:00:00,19685.0,511.01,33.31,21.76,0.34,0.0,0.019685
2020-09-04 09:00:00,24729.0,649.01,42.11,23.41,0.41,0.0,0.024729
2020-09-04 10:00:00,27953.0,745.01,48.8,24.77,0.48,0.0,0.027953
2020-09-04 11:00:00,29231.0,788.01,52.1,25.92,0.48,0.0,0.029231
2020-09-04 12:00:00,28593.5,771.01,51.08,26.92,0.62,0.0,0.0285935
2020-09-04 13:00:00,26221.5,704.01,46.06,27.6,0.62,0.0,0.0262215
2020-09-04 14:00:00,22188.5,591.01,38.26,28.07,0.76,0.0,0.0221885
2020-09-04 15:00:00,16288.0,437.0,28.83,28.2,0.9,0.0,0.016288
2020-09-04 16:00:00,8922.0,257.0,18.56,27.94,1.1,0.0,0.008922
2020-09-04 17:00:00,2109.5,82.0,7.99,26.91,1.31,0.0,0.0021095
2020-09-04 18:00:00,0.0,0.0,0.0,25.26,1.79,0.0,0.0
2020-09-04 19:00:00,0.0,0.0,0.0,23.03,1.59,0.0,0.0
2020-09-04 20:00:00,0.0,0.0,0.0,21.77,1.59,0.0,0.0
2020-09-04 21:00:00,0.0,0.0,0.0,20.79,1.52,0.0,0.0
2020-09-04 22:00:00,0.0,0.0,0.0,20.19,1.38,0.0,0.0
2020-09-04 23:00:00,0.0,0.0,0.0,19.8,1.24,0.0,0.0
2020-09-05 00:00:00,0.0,0.0,0.0,19.38,1.1,0.0,0.0
2020-09-05 01:00:00,0.0,0.0,0.0,19.3,0.97,0.0,0.0
2020-09-05 02:00:00,0.0,0.0,0.0,18.81,0.9,0.0,0.0
2020-09-05 03:00:00,0.0,0.0,0.0,18.44,0.9,0.0,0.0
2020-09-05 04:00:00,0.0,0.0,0.0,18.18,0.9,0.0,0.0
2020-09-05 05:00:00,0.0,0.0,0.0,17.98,0.9,0.0,0.0
2020-09-05 06:00:00,4931.0,152.0,12.67,18.49,0.62,0.0,0.004931
2020-09-05 07:00:00,12524.5,333.0,23.15,20.27,0.48,0.0,0.0125245
2020-09-05 08:00:00,19397.5,504.01,33.08,22.48,0.55,0.0,0.0193975
2020-09-05 09:00:00,24376.5,641.01,41.85,24.15,0.48,0.0,0.0243765
2020-09-05 10:00:00,27464.0,736.01,48.49,25.5,0.34,0.0,0.027464
2020-09-05 11:00:00,28623.5,774.01,51.74,26.82,0.48,0.0,0.0286235
2020-09-05 12:00:00,28230.0,762.01,50.71,27.82,0.76,0.0,0.02823
2020-09-05 13:00:00,26017.0,698.01,45.69,28.52,0.9,0.0,0.026017
2020-09-05 14:00:00,21809.5,582.01,37.91,28.88,0.9,0.0,0.0218095
2020-09-05 15:00:00,15987.5,431.0,28.49,28.97,0.9,0.0,0.0159875
2020-09-05 16:00:00,8682.5,252.0,18.24,28.52,1.03,0.0,0.0086825
2020-09-05 17:00:00,1952.5,78.0,7.66,27.05,1.24,0.0,0.0019525
2020-09-05 18:00:00,0.0,0.0,0.0,24.91,1.31,0.0,0.0
2020-09-05 19:00:00,0.0,0.0,0.0,23.29,1.72,0.0,0.0
2020-09-05 20:00:00,0.0,0.0,0.0,21.93,1.72,0.0,0.0
2020-09-05 21:00:00,0.0,0.0,0.0,20.8,1.72,0.0,0.0
2020-09-05 22:00:00,0.0,0.0,0.0,19.89,1.66,0.0,0.0
2020-09-05 23:00:00,0.0,0.0,0.0,19.3,1.59,0.0,0.0
2020-09-06 00:00:00,0.0,0.0,0.0,18.65,1.59,0.0,0.0
2020-09-06 01:00:00,0.0,0.0,0.0,18.12,1.66,0.0,0.0
2020-09-06 02:00:00,0.0,0.0,0.0,17.79,1.66,0.0,0.0
2020-09-06 03:00:00,0.0,0.0,0.0,17.82,1.45,0.0,0.0
2020-09-06 04:00:00,0.0,0.0,0.0,18.51,1.1,0.0,0.0
2020-09-06 05:00:00,0.0,0.0,0.0,19.7,0.69,0.0,0.0
2020-09-06 06:00:00,3858.0,118.0,12.47,19.68,0.48,0.0,0.003858
2020-09-06 07:00:00,10788.0,288.0,22.94,21.16,0.41,0.0,0.010788
2020-09-06 08:00:00,19360.0,504.01,32.85,22.49,0.41,0.0,0.01936
2020-09-06 09:00:00,23793.0,622.01,41.58,23.67,0.62,0.0,0.023793
2020-09-06 10:00:00,26034.5,687.01,48.17,24.93,0.83,0.0,0.0260345
2020-09-06 11:00:00,26604.5,702.01,51.38,25.85,1.31,0.0,0.0266045
2020-09-06 12:00:00,23651.0,621.01,50.32,26.48,1.66,0.0,0.023651
2020-09-06 13:00:00,23610.5,617.01,45.32,26.68,1.93,0.0,0.0236105
2020-09-06 14:00:00,15897.0,415.0,37.55,26.42,2.14,0.0,0.015897
2020-09-06 15:00:00,16323.5,427.0,28.16,25.31,2.62,0.0,0.0163235
2020-09-06 16:00:00,8613.0,245.0,17.91,24.08,1.79,0.0,0.008613
2020-09-06 17:00:00,1903.5,77.0,7.34,23.14,1.52,0.0,0.0019035
2020-09-06 18:00:00,0.0,0.0,0.0,22.3,1.24,0.0,0.0
2020-09-06 19:00:00,0.0,0.0,0.0,20.65,1.1,0.0,0.0
2020-09-06 20:00:00,0.0,0.0,0.0,20.35,0.83,0.0,0.0
2020-09-06 21:00:00,0.0,0.0,0.0,19.95,0.69,0.0,0.0
2020-09-06 22:00:00,0.0,0.0,0.0,19.61,1.1,0.0,0.0
2020-09-06 23:00:00,0.0,0.0,0.0,19.41,1.59,0.0,0.0
2020-09-07 00:00:00,0.0,0.0,0.0,18.92,2.07,0.0,0.0
2020-09-07 01:00:00,0.0,0.0,0.0,18.57,2.62,0.0,0.0
2020-09-07 02:00:00,0.0,0.0,0.0,18.36,3.24,0.0,0.0
2020-09-07 03:00:00,0.0,0.0,0.0,17.87,3.03,0.0,0.0
2020-09-07 04:00:00,0.0,0.0,0.0,17.53,2.69,0.0,0.0
2020-09-07 05:00:00,0.0,0.0,0.0,17.13,2.48,0.0,0.0
2020-09-07 06:00:00,849.0,34.0,12.27,16.91,2.0,0.0,0.000849
2020-09-07 07:00:00,1512.5,52.0,22.73,17.62,0.14,0.0,0.0015125
2020-09-07 08:00:00,4820.5,134.0,32.62,17.95,0.21,0.0,0.0048205
2020-09-07 09:00:00,5812.0,158.0,41.31,18.09,0.28,0.0,0.005812
2020-09-07 10:00:00,10126.5,264.0,47.85,18.97,0.14,0.0,0.0101265
2020-09-07 11:00:00,16120.5,414.0,51.01,19.91,0.62,0.0,0.0161205
2020-09-07 12:00:00,20366.5,523.0,49.94,20.51,0.83,0.0,0.0203665
2020-09-07 13:00:00,14414.0,370.0,44.95,20.98,1.45,0.0,0.014414
2020-09-07 14:00:00,18804.0,477.0,37.2,21.34,2.21,0.0,0.018804
2020-09-07 15:00:00,14974.5,386.0,27.82,21.63,2.34,0.0,0.0149745
2020-09-07 16:00:00,8253.0,232.0,17.58,21.38,2.28,0.0,0.008253
2020-09-07 17:00:00,1712.0,69.0,7.02,20.98,2.21,0.0,0.001712
2020-09-07 18:00:00,0.0,0.0,0.0,20.09,1.52,0.0,0.0
2020-09-07 19:00:00,0.0,0.0,0.0,19.48,1.24,0.0,0.0
2020-09-07 20:00:00,0.0,0.0,0.0,18.98,1.17,0.0,0.0
2020-09-07 21:00:00,0.0,0.0,0.0,18.88,1.1,0.0,0.0
2020-09-07 22:00:00,0.0,0.0,0.0,18.77,1.1,0.0,0.0
2020-09-07 23:00:00,0.0,0.0,0.0,18.36,1.1,0.0,0.0
2020-09-08 00:00:00,0.0,0.0,0.0,17.54,1.24,0.0,0.0
2020-09-08 01:00:00,0.0,0.0,0.0,17.24,1.24,0.0,0.0
2020-09-08 02:00:00,0.0,0.0,0.0,16.94,1.31,0.0,0.0
2020-09-08 03:00:00,0.0,0.0,0.0,16.86,1.24,0.0,0.0
2020-09-08 04:00:00,0.0,0.0,0.0,16.57,1.17,0.0,0.0
2020-09-08 05:00:00,0.0,0.0,0.0,16.59,1.17,0.0,0.0
2020-09-08 06:00:00,4571.0,143.0,12.07,17.15,1.1,0.0,0.004571
2020-09-08 07:00:00,11783.5,311.0,22.52,19.09,1.31,0.0,0.0117835
2020-09-08 08:00:00,18287.5,465.0,32.38,20.29,1.66,0.0,0.0182875
2020-09-08 09:00:00,24412.5,622.01,41.04,21.59,1.79,0.0,0.0244125
2020-09-08 10:00:00,26949.0,696.01,47.53,22.62,1.52,0.0,0.026949
2020-09-08 11:00:00,22257.5,576.0,50.65,23.71,1.66,0.0,0.0222575
2020-09-08 12:00:00,23645.5,614.01,49.56,24.34,1.66,0.0,0.0236455
2020-09-08 13:00:00,24926.5,649.01,44.57,24.89,1.52,0.0,0.0249265
2020-09-08 14:00:00,21201.5,552.01,36.84,25.4,1.45,0.0,0.0212015
2020-09-08 15:00:00,15657.0,414.0,27.48,25.45,1.52,0.0,0.015657
2020-09-08 16:00:00,8114.0,235.0,17.25,25.43,1.45,0.0,0.008114
2020-09-08 17:00:00,1524.5,64.0,6.69,24.42,0.76,0.0,0.0015245
2020-09-08 18:00:00,0.0,0.0,0.0,24.09,0.41,0.0,0.0
2020-09-08 19:00:00,0.0,0.0,0.0,21.29,1.24,0.0,0.0
2020-09-08 20:00:00,0.0,0.0,0.0,20.79,1.1,0.0,0.0
2020-09-08 21:00:00,0.0,0.0,0.0,20.84,0.97,0.0,0.0
2020-09-08 22:00:00,0.0,0.0,0.0,20.99,0.69,0.0,0.0
2020-09-08 23:00:00,0.0,0.0,0.0,20.51,0.48,0.0,0.0
2020-09-09 00:00:00,0.0,0.0,0.0,19.95,0.55,0.0,0.0
2020-09-09 01:00:00,0.0,0.0,0.0,19.38,0.62,0.0,0.0
2020-09-09 02:00:00,0.0,0.0,0.0,18.94,0.69,0.0,0.0
2020-09-09 03:00:00,0.0,0.0,0.0,18.32,0.83,0.0,0.0
2020-09-09 04:00:00,0.0,0.0,0.0,16.82,1.1,0.0,0.0
2020-09-09 05:00:00,0.0,0.0,0.0,15.58,1.38,0.0,0.0
2020-09-09 06:00:00,4363.0,136.0,11.87,16.05,1.1,0.0,0.004363
2020-09-09 07:00:00,11649.0,311.0,22.31,20.08,0.62,0.0,0.011649
2020-09-09 08:00:00,17794.5,460.0,32.15,22.02,0.83,0.0,0.0177945
2020-09-09 09:00:00,10350.0,273.0,40.76,22.96,0.9,0.0,0.01035
2020-09-09 10:00:00,21621.0,566.0,47.2,23.9,0.62,0.0,0.021621
2020-09-09 11:00:00,26300.0,700.01,50.28,24.8,0.41,0.0,0.0263
2020-09-09 12:00:00,27215.5,726.01,49.17,25.27,0.48,0.0,0.0272155
2020-09-09 13:00:00,24391.0,648.01,44.2,25.52,0.34,0.0,0.024391
2020-09-09 14:00:00,19741.5,521.01,36.48,25.7,0.41,0.0,0.0197415
2020-09-09 15:00:00,11089.0,298.0,27.14,25.94,0.34,0.0,0.011089
2020-09-09 16:00:00,3733.5,112.0,16.92,25.8,0.41,0.0,0.0037335
2020-09-09 17:00:00,1311.0,55.0,6.36,24.84,0.69,0.0,0.001311
2020-09-09 18:00:00,0.0,0.0,0.0,23.2,0.97,0.0,0.0
2020-09-09 19:00:00,0.0,0.0,0.0,23.97,0.76,0.0,0.0
2020-09-09 20:00:00,0.0,0.0,0.0,22.24,1.03,0.0,0.0
2020-09-09 21:00:00,0.0,0.0,0.0,20.34,1.52,0.0,0.0
2020-09-09 22:00:00,0.0,0.0,0.0,19.36,1.52,0.0,0.0
2020-09-09 23:00:00,0.0,0.0,0.0,18.8,1.38,0.0,0.0
2020-09-10 00:00:00,0.0,0.0,0.0,18.13,1.38,0.0,0.0
2020-09-10 01:00:00,0.0,0.0,0.0,17.87,1.24,0.0,0.0
2020-09-10 02:00:00,0.0,0.0,0.0,17.74,1.17,0.0,0.0
2020-09-10 03:00:00,0.0,0.0,0.0,18.49,0.83,0.0,0.0
2020-09-10 04:00:00,0.0,0.0,0.0,17.59,0.9,0.0,0.0
2020-09-10 05:00:00,0.0,0.0,0.0,17.22,0.9,0.0,0.0
2020-09-10 06:00:00,3948.0,124.0,11.67,18.17,0.62,0.0,0.003948
2020-09-10 07:00:00,10540.0,281.0,22.1,19.8,0.62,0.0,0.01054
2020-09-10 08:00:00,17137.0,444.0,31.91,22.13,0.69,0.0,0.017137
2020-09-10 09:00:00,22876.5,599.01,40.49,24.07,0.55,0.0,0.0228765
2020-09-10 10:00:00,25154.5,671.01,46.88,25.28,0.21,0.0,0.0251545
2020-09-10 11:00:00,26076.5,702.01,49.91,26.29,0.21,0.0,0.0260765
2020-09-10 12:00:00,23067.5,617.01,48.78,26.99,0.41,0.0,0.0230675
2020-09-10 13:00:00,22719.0,606.01,43.82,27.46,0.55,0.0,0.022719
2020-09-10 14:00:00,14157.5,379.0,36.12,27.77,0.21,0.0,0.0141575
2020-09-10 15:00:00,3569.5,108.0,26.79,27.67,0.14,0.0,0.0035695
2020-09-10 16:00:00,6209.0,181.0,16.59,25.91,0.34,0.0,0.006209
2020-09-10 17:00:00,1232.0,55.0,6.03,24.5,0.83,0.0,0.001232
2020-09-10 18:00:00,0.0,0.0,0.0,23.19,1.52,0.0,0.0
2020-09-10 19:00:00,0.0,0.0,0.0,22.21,1.31,0.0,0.0
2020-09-10 20:00:00,0.0,0.0,0.0,21.36,1.17,0.0,0.0
2020-09-10 21:00:00,0.0,0.0,0.0,20.64,1.17,0.0,0.0
2020-09-10 22:00:00,0.0,0.0,0.0,19.61,1.38,0.0,0.0
2020-09-10 23:00:00,0.0,0.0,0.0,19.19,1.45,0.0,0.0
2020-09-11 00:00:00,0.0,0.0,0.0,18.57,1.52,0.0,0.0
2020-09-11 01:00:00,0.0,0.0,0.0,18.13,1.38,0.0,0.0
2020-09-11 02:00:00,0.0,0.0,0.0,17.83,1.17,0.0,0.0
2020-09-11 03:00:00,0.0,0.0,0.0,17.74,0.9,0.0,0.0
2020-09-11 04:00:00,0.0,0.0,0.0,17.88,0.69,0.0,0.0
2020-09-11 05:00:00,0.0,0.0,0.0,17.61,0.76,0.0,0.0
2020-09-11 06:00:00,1541.5,53.0,11.47,17.77,0.76,0.0,0.0015415
2020-09-11 07:00:00,628.0,28.0,21.88,19.8,1.1,0.0,0.000628
2020-09-11 08:00:00,1302.5,47.0,31.67,20.79,1.31,0.0,0.0013025
2020-09-11 09:00:00,2722.5,84.0,40.21,21.96,1.24,0.0,0.0027225
2020-09-11 10:00:00,3270.5,98.0,46.55,22.69,1.38,0.0,0.0032705
2020-09-11 11:00:00,5511.0,154.0,49.53,23.65,1.17,0.0,0.005511
2020-09-11 12:00:00,12573.0,331.0,48.39,24.45,0.97,0.0,0.012573
2020-09-11 13:00:00,15648.5,411.0,43.43,25.3,0.83,0.0,0.0156485
2020-09-11 14:00:00,10842.0,289.0,35.76,25.72,0.76,0.0,0.010842
2020-09-11 15:00:00,13790.0,369.0,26.45,26.08,0.9,0.0,0.01379
2020-09-11 16:00:00,5980.5,175.0,16.25,25.88,0.97,0.0,0.0059805
2020-09-11 17:00:00,953.0,44.6,5.69,24.76,0.69,0.0,0.000953
2020-09-11 18:00:00,0.0,0.0,0.0,24.24,0.48,0.0,0.0
2020-09-11 19:00:00,0.0,0.0,0.0,23.28,0.69,0.0,0.0
2020-09-11 20:00:00,0.0,0.0,0.0,21.97,0.9,0.0,0.0
2020-09-11 21:00:00,0.0,0.0,0.0,21.24,0.97,0.0,0.0
2020-09-11 22:00:00,0.0,0.0,0.0,21.05,0.9,0.0,0.0
2020-09-11 23:00:00,0.0,0.0,0.0,20.92,0.83,0.0,0.0
2020-09-12 00:00:00,0.0,0.0,0.0,19.62,0.97,0.0,0.0
2020-09-12 01:00:00,0.0,0.0,0.0,19.16,0.9,0.0,0.0
2020-09-12 02:00:00,0.0,0.0,0.0,18.69,0.97,0.0,0.0
2020-09-12 03:00:00,0.0,0.0,0.0,18.14,1.03,0.0,0.0
2020-09-12 04:00:00,0.0,0.0,0.0,17.44,1.1,0.0,0.0
2020-09-12 05:00:00,0.0,0.0,0.0,17.13,1.1,0.0,0.0
2020-09-12 06:00:00,3981.5,128.0,11.26,17.92,0.83,0.0,0.0039815
2020-09-12 07:00:00,11546.5,310.0,21.67,19.99,0.69,0.0,0.0115465
2020-09-12 08:00:00,18201.5,473.01,31.43,22.51,0.69,0.0,0.0182015
2020-09-12 09:00:00,23357.5,612.01,39.93,24.27,0.62,0.0,0.0233575
2020-09-12 10:00:00,26529.5,704.01,46.22,25.6,0.69,0.0,0.0265295
2020-09-12 11:00:00,27624.0,737.01,49.16,26.6,0.9,0.0,0.027624
2020-09-12 12:00:00,26981.0,721.01,48.0,27.27,0.9,0.0,0.026981
2020-09-12 13:00:00,24788.0,660.01,43.05,27.9,0.97,0.0,0.024788
2020-09-12 14:00:00,20463.5,542.01,35.4,28.11,1.17,0.0,0.0204635
2020-09-12 15:00:00,14374.5,388.0,26.1,28.09,1.31,0.0,0.0143745
2020-09-12 16:00:00,7023.5,211.0,15.92,27.66,1.03,0.0,0.0070235
2020-09-12 17:00:00,827.0,40.96,5.36,26.49,1.1,0.0,0.000827
2020-09-12 18:00:00,0.0,0.0,0.0,24.56,1.31,0.0,0.0
2020-09-12 19:00:00,0.0,0.0,0.0,25.74,0.48,0.0,0.0
2020-09-12 20:00:00,0.0,0.0,0.0,24.98,0.41,0.0,0.0
2020-09-12 21:00:00,0.0,0.0,0.0,24.36,0.34,0.0,0.0
2020-09-12 22:00:00,0.0,0.0,0.0,23.88,0.55,0.0,0.0
2020-09-12 23:00:00,0.0,0.0,0.0,23.16,0.76,0.0,0.0
2020-09-13 00:00:00,0.0,0.0,0.0,22.62,0.76,0.0,0.0
2020-09-13 01:00:00,0.0,0.0,0.0,22.0,0.97,0.0,0.0
2020-09-13 02:00:00,0.0,0.0,0.0,20.47,1.17,0.0,0.0
2020-09-13 03:00:00,0.0,0.0,0.0,19.36,1.38,0.0,0.0
2020-09-13 04:00:00,0.0,0.0,0.0,18.15,1.52,0.0,0.0
2020-09-13 05:00:00,0.0,0.0,0.0,17.68,1.45,0.0,0.0
2020-09-13 06:00:00,3981.5,130.0,11.06,18.65,0.97,0.0,0.0039815
2020-09-13 07:00:00,11095.5,299.0,21.45,20.99,0.9,0.0,0.0110955
2020-09-13 08:00:00,17879.5,465.01,31.19,23.32,1.03,0.0,0.0178795
2020-09-13 09:00:00,23174.5,605.01,39.64,25.26,1.24,0.0,0.0231745
2020-09-13 10:00:00,26605.0,704.01,45.89,26.77,1.24,0.0,0.026605
2020-09-13 11:00:00,27508.0,736.01,48.78,27.86,1.1,0.0,0.027508
2020-09-13 12:00:00,26989.0,725.01,47.61,28.67,1.03,0.0,0.026989
2020-09-13 13:00:00,24621.5,658.01,42.67,29.23,1.17,0.0,0.0246215
2020-09-13 14:00:00,20284.5,540.01,35.03,29.5,1.38,0.0,0.0202845
2020-09-13 15:00:00,14098.5,383.0,25.75,29.47,1.59,0.0,0.0140985
2020-09-13 16:00:00,6758.0,205.0,15.58,28.91,1.38,0.0,0.006758
2020-09-13 17:00:00,731.5,37.46,5.03,27.74,0.83,0.0,0.0007315
2020-09-13 18:00:00,0.0,0.0,0.0,27.18,0.55,0.0,0.0
2020-09-13 19:00:00,0.0,0.0,0.0,23.89,1.31,0.0,0.0
2020-09-13 20:00:00,0.0,0.0,0.0,22.86,1.38,0.0,0.0
2020-09-13 21:00:00,0.0,0.0,0.0,22.99,1.1,0.0,0.0
2020-09-13 22:00:00,0.0,0.0,0.0,23.16,1.03,0.0,0.0
2020-09-13 23:00:00,0.0,0.0,0.0,22.18,1.03,0.0,0.0
2020-09-14 00:00:00,0.0,0.0,0.0,21.11,1.17,0.0,0.0
2020-09-14 01:00:00,0.0,0.0,0.0,20.66,1.1,0.0,0.0
2020-09-14 02:00:00,0.0,0.0,0.0,19.66,1.24,0.0,0.0
2020-09-14 03:00:00,0.0,0.0,0.0,19.21,1.24,0.0,0.0
2020-09-14 04:00:00,0.0,0.0,0.0,18.4,1.31,0.0,0.0
2020-09-14 05:00:00,0.0,0.0,0.0,17.67,1.31,0.0,0.0
2020-09-14 06:00:00,3518.0,113.0,10.85,17.96,1.1,0.0,0.003518
2020-09-14 07:00:00,10957.5,297.0,21.23,21.54,0.83,0.0,0.0109575
2020-09-14 08:00:00,14241.0,374.0,30.94,24.39,0.76,0.0,0.014241
2020-09-14 09:00:00,22542.5,595.01,39.36,26.26,0.76,0.0,0.0225425
2020-09-14 10:00:00,23868.5,634.01,45.55,27.38,0.97,0.0,0.0238685
2020-09-14 11:00:00,27004.0,721.01,48.41,28.3,1.31,0.0,0.027004
2020-09-14 12:00:00,26842.5,713.01,47.21,28.83,1.79,0.0,0.0268425
2020-09-14 13:00:00,24533.0,647.01,42.28,28.92,2.07,0.0,0.024533
2020-09-14 14:00:00,19837.0,523.01,34.66,29.0,2.14,0.0,0.019837
2020-09-14 15:00:00,13466.0,364.0,25.4,28.84,2.14,0.0,0.013466
2020-09-14 16:00:00,2706.5,86.0,15.24,28.14,1.86,0.0,0.0027065
2020-09-14 17:00:00,265.5,17.0,4.69,26.46,1.31,0.0,0.0002655
2020-09-14 18:00:00,0.0,0.0,0.0,25.58,1.03,0.0,0.0
2020-09-14 19:00:00,0.0,0.0,0.0,24.08,0.9,0.0,0.0
2020-09-14 20:00:00,0.0,0.0,0.0,22.52,1.17,0.0,0.0
2020-09-14 21:00:00,0.0,0.0,0.0,21.71,1.24,0.0,0.0
2020-09-14 22:00:00,0.0,0.0,0.0,21.15,1.17,0.0,0.0
2020-09-14 23:00:00,0.0,0.0,0.0,20.56,1.1,0.0,0.0
2020-09-15 00:00:00,0.0,0.0,0.0,19.85,1.17,0.0,0.0
2020-09-15 01:00:00,0.0,0.0,0.0,19.14,1.17,0.0,0.0
2020-09-15 02:00:00,0.0,0.0,0.0,18.31,1.31,0.0,0.0
2020-09-15 03:00:00,0.0,0.0,0.0,17.69,1.52,0.0,0.0
2020-09-15 04:00:00,0.0,0.0,0.0,17.3,1.66,0.0,0.0
2020-09-15 05:00:00,0.0,0.0,0.0,16.9,1.66,0.0,0.0
2020-09-15 06:00:00,3498.5,113.0,10.65,17.23,1.45,0.0,0.0034985
2020-09-15 07:00:00,10442.5,281.0,21.01,20.63,1.24,0.0,0.0104425
2020-09-15 08:00:00,17613.0,457.01,30.7,22.92,1.17,0.0,0.017613
2020-09-15 09:00:00,22923.0,599.01,39.07,24.93,1.03,0.0,0.022923
2020-09-15 10:00:00,26051.0,695.01,45.22,26.26,0.55,0.0,0.026051
2020-09-15 11:00:00,26765.0,722.01,48.03,27.25,0.41,0.0,0.026765
2020-09-15 12:00:00,26480.0,714.01,46.82,27.93,0.55,0.0,0.02648
2020-09-15 13:00:00,23575.5,632.01,41.89,28.43,0.62,0.0,0.0235755
2020-09-15 14:00:00,19636.0,525.01,34.3,28.67,0.69,0.0,0.019636
2020-09-15 15:00:00,13620.5,373.0,25.05,28.56,0.48,0.0,0.0136205
2020-09-15 16:00:00,6327.5,195.0,14.9,28.21,0.28,0.0,0.0063275
2020-09-15 17:00:00,546.5,31.05,4.35,27.21,0.48,0.0,0.0005465
2020-09-15 18:00:00,0.0,0.0,0.0,25.26,0.9,0.0,0.0
2020-09-15 19:00:00,0.0,0.0,0.0,25.13,0.28,0.0,0.0
2020-09-15 20:00:00,0.0,0.0,0.0,24.35,0.34,0.0,0.0
2020-09-15 21:00:00,0.0,0.0,0.0,23.77,0.28,0.0,0.0
2020-09-15 22:00:00,0.0,0.0,0.0,23.18,0.14,0.0,0.0
2020-09-15 23:00:00,0.0,0.0,0.0,22.6,0.21,0.0,0.0
2020-09-16 00:00:00,0.0,0.0,0.0,21.93,0.28,0.0,0.0
2020-09-16 01:00:00,0.0,0.0,0.0,21.02,0.62,0.0,0.0
2020-09-16 02:00:00,0.0,0.0,0.0,20.62,0.41,0.0,0.0
2020-09-16 03:00:00,0.0,0.0,0.0,19.4,0.9,0.0,0.0
2020-09-16 04:00:00,0.0,0.0,0.0,18.88,0.62,0.0,0.0
2020-09-16 05:00:00,0.0,0.0,0.0,18.16,0.9,0.0,0.0
2020-09-16 06:00:00,3674.5,124.0,10.44,18.11,0.62,0.0,0.0036745
2020-09-16 07:00:00,11511.0,312.0,20.79,19.91,0.9,0.0,0.011511
2020-09-16 08:00:00,17664.5,458.01,30.45,22.27,0.97,0.0,0.0176645
2020-09-16 09:00:00,22576.0,589.01,38.78,24.55,0.97,0.0,0.022576
2020-09-16 10:00:00,25654.5,683.01,44.88,26.13,0.55,0.0,0.0256545
2020-09-16 11:00:00,26575.5,718.01,47.65,27.21,0.28,0.0,0.0265755
2020-09-16 12:00:00,26105.5,701.01,46.42,28.15,0.76,0.0,0.0261055
2020-09-16 13:00:00,23628.5,634.01,41.51,28.49,0.55,0.0,0.0236285
2020-09-16 14:00:00,19005.5,510.01,33.93,28.75,0.41,0.0,0.0190055
2020-09-16 15:00:00,12669.0,349.0,24.7,28.77,0.07,0.0,0.012669
2020-09-16 16:00:00,6160.5,191.0,14.55,27.89,1.03,0.0,0.0061605
2020-09-16 17:00:00,483.0,29.81,4.01,26.55,0.83,0.0,0.000483
2020-09-16 18:00:00,0.0,0.0,0.0,26.77,0.55,0.0,0.0
2020-09-16 19:00:00,0.0,0.0,0.0,22.61,1.79,0.0,0.0
2020-09-16 20:00:00,0.0,0.0,0.0,21.12,1.66,0.0,0.0
2020-09-16 21:00:00,0.0,0.0,0.0,20.63,1.45,0.0,0.0
2020-09-16 22:00:00,0.0,0.0,0.0,20.14,1.31,0.0,0.0
2020-09-16 23:00:00,0.0,0.0,0.0,20.39,1.03,0.0,0.0
2020-09-17 00:00:00,0.0,0.0,0.0,20.71,0.55,0.0,0.0
2020-09-17 01:00:00,0.0,0.0,0.0,20.05,0.14,0.0,0.0
2020-09-17 02:00:00,0.0,0.0,0.0,19.58,0.41,0.0,0.0
2020-09-17 03:00:00,0.0,0.0,0.0,19.38,0.34,0.0,0.0
2020-09-17 04:00:00,0.0,0.0,0.0,19.15,0.48,0.0,0.0
2020-09-17 05:00:00,0.0,0.0,0.0,18.86,0.55,0.0,0.0
2020-09-17 06:00:00,3380.0,113.0,10.23,18.79,0.55,0.0,0.00338
2020-09-17 07:00:00,10726.5,291.0,20.57,20.23,0.76,0.0,0.0107265
2020-09-17 08:00:00,17483.5,454.01,30.2,22.87,1.17,0.0,0.0174835
2020-09-17 09:00:00,22749.5,591.01,38.49,24.84,1.45,0.0,0.0227495
2020-09-17 10:00:00,25992.5,686.01,44.54,26.53,1.24,0.0,0.0259925
2020-09-17 11:00:00,26448.0,709.01,47.27,27.8,0.83,0.0,0.026448
2020-09-17 12:00:00,25934.0,700.01,46.02,28.69,0.62,0.0,0.025934
2020-09-17 13:00:00,23500.0,632.01,41.12,29.36,0.69,0.0,0.0235
2020-09-17 14:00:00,19010.0,513.01,33.56,29.55,0.34,0.0,0.01901
2020-09-17 15:00:00,12829.0,355.0,24.34,29.55,0.28,0.0,0.012829
2020-09-17 16:00:00,5821.5,182.0,14.21,28.51,0.34,0.0,0.0058215
2020-09-17 17:00:00,369.0,23.85,3.67,27.53,0.41,0.0,0.000369
2020-09-17 18:00:00,0.0,0.0,0.0,26.93,0.28,0.0,0.0
2020-09-17 19:00:00,0.0,0.0,0.0,23.04,1.45,0.0,0.0
2020-09-17 20:00:00,0.0,0.0,0.0,22.21,1.38,0.0,0.0
2020-09-17 21:00:00,0.0,0.0,0.0,21.96,1.17,0.0,0.0
2020-09-17 22:00:00,0.0,0.0,0.0,21.17,1.24,0.0,0.0
2020-09-17 23:00:00,0.0,0.0,0.0,20.97,1.17,0.0,0.0
2020-09-18 00:00:00,0.0,0.0,0.0,20.07,1.24,0.0,0.0
2020-09-18 01:00:00,0.0,0.0,0.0,19.33,1.31,0.0,0.0
2020-09-18 02:00:00,0.0,0.0,0.0,18.69,1.31,0.0,0.0
2020-09-18 03:00:00,0.0,0.0,0.0,18.71,1.1,0.0,0.0
2020-09-18 04:00:00,0.0,0.0,0.0,18.41,1.1,0.0,0.0
2020-09-18 05:00:00,0.0,0.0,0.0,17.75,1.17,0.0,0.0
2020-09-18 06:00:00,3196.0,107.0,10.02,18.02,0.97,0.0,0.003196
2020-09-18 07:00:00,10352.5,281.0,20.34,20.14,0.76,0.0,0.0103525
2020-09-18 08:00:00,16972.0,442.01,29.95,22.69,0.83,0.0,0.016972
2020-09-18 09:00:00,22500.0,587.01,38.2,24.68,1.03,0.0,0.0225
2020-09-18 10:00:00,25686.5,677.01,44.2,25.98,1.1,0.0,0.0256865
2020-09-18 11:00:00,26756.0,712.01,46.89,27.02,1.03,0.0,0.026756
2020-09-18 12:00:00,26058.0,694.01,45.62,27.74,1.1,0.0,0.026058
2020-09-18 13:00:00,23753.0,630.01,40.73,28.21,1.24,0.0,0.023753
2020-09-18 14:00:00,19104.5,507.01,33.18,28.32,1.24,0.0,0.0191045
2020-09-18 15:00:00,12087.0,330.0,23.99,28.27,1.31,0.0,0.012087
2020-09-18 16:00:00,5618.0,176.0,13.87,27.68,1.31,0.0,0.005618
2020-09-18 17:00:00,275.5,19.35,3.33,26.21,0.9,0.0,0.0002755
2020-09-18 18:00:00,0.0,0.0,0.0,25.1,0.83,0.0,0.0
2020-09-18 19:00:00,0.0,0.0,0.0,22.55,1.86,0.0,0.0
2020-09-18 20:00:00,0.0,0.0,0.0,21.32,1.93,0.0,0.0
2020-09-18 21:00:00,0.0,0.0,0.0,20.49,1.72,0.0,0.0
2020-09-18 22:00:00,0.0,0.0,0.0,19.75,1.79,0.0,0.0
2020-09-18 23:00:00,0.0,0.0,0.0,19.21,1.79,0.0,0.0
2020-09-19 00:00:00,0.0,0.0,0.0,18.87,1.59,0.0,0.0
2020-09-19 01:00:00,0.0,0.0,0.0,18.71,1.38,0.0,0.0
2020-09-19 02:00:00,0.0,0.0,0.0,18.38,1.38,0.0,0.0
2020-09-19 03:00:00,0.0,0.0,0.0,18.15,1.38,0.0,0.0
2020-09-19 04:00:00,0.0,0.0,0.0,17.79,1.52,0.0,0.0
2020-09-19 05:00:00,0.0,0.0,0.0,17.54,1.52,0.0,0.0
2020-09-19 06:00:00,1566.0,54.0,9.81,17.94,1.38,0.0,0.001566
2020-09-19 07:00:00,6537.5,178.0,20.12,19.61,1.45,0.0,0.0065375
2020-09-19 08:00:00,7795.0,207.0,29.7,20.54,1.66,0.0,0.007795
2020-09-19 09:00:00,15377.0,393.0,37.91,21.15,1.72,0.0,0.015377
2020-09-19 10:00:00,20170.0,515.0,43.86,21.96,1.86,0.0,0.02017
2020-09-19 11:00:00,25454.5,654.01,46.51,22.62,1.79,0.0,0.0254545
2020-09-19 12:00:00,25975.5,670.01,45.23,23.13,1.66,0.0,0.0259755
2020-09-19 13:00:00,19200.0,495.0,40.34,23.71,1.66,0.0,0.0192
2020-09-19 14:00:00,14944.5,389.0,32.81,24.01,1.31,0.0,0.0149445
2020-09-19 15:00:00,12147.5,326.0,23.63,24.1,1.17,0.0,0.0121475
2020-09-19 16:00:00,3434.5,105.0,13.52,23.83,1.31,0.0,0.0034345
2020-09-19 17:00:00,41.5,8.0,2.99,22.84,1.24,0.0,4.15e-05
2020-09-19 18:00:00,0.0,0.0,0.0,21.73,1.66,0.0,0.0
2020-09-19 19:00:00,0.0,0.0,0.0,20.83,1.17,0.0,0.0
2020-09-19 20:00:00,0.0,0.0,0.0,20.32,0.97,0.0,0.0
2020-09-19 21:00:00,0.0,0.0,0.0,19.6,1.03,0.0,0.0
2020-09-19 22:00:00,0.0,0.0,0.0,19.06,1.1,0.0,0.0
2020-09-19 23:00:00,0.0,0.0,0.0,18.96,0.97,0.0,0.0
2020-09-20 00:00:00,0.0,0.0,0.0,19.35,0.83,0.0,0.0
2020-09-20 01:00:00,0.0,0.0,0.0,19.05,0.83,0.0,0.0
2020-09-20 02:00:00,0.0,0.0,0.0,18.12,1.17,0.0,0.0
2020-09-20 03:00:00,0.0,0.0,0.0,17.89,1.1,0.0,0.0
2020-09-20 04:00:00,0.0,0.0,0.0,17.5,1.17,0.0,0.0
2020-09-20 05:00:00,0.0,0.0,0.0,17.16,1.17,0.0,0.0
2020-09-20 06:00:00,991.0,38.0,9.6,17.3,0.9,0.0,0.000991
2020-09-20 07:00:00,8453.0,228.0,19.89,18.44,0.55,0.0,0.008453
2020-09-20 08:00:00,7511.5,200.0,29.44,19.64,0.76,0.0,0.0075115
2020-09-20 09:00:00,8324.5,220.0,37.61,20.13,0.97,0.0,0.0083245
2020-09-20 10:00:00,16149.5,414.0,43.52,21.09,1.24,0.0,0.0161495
2020-09-20 11:00:00,25546.0,660.01,46.12,21.96,1.1,0.0,0.025546
2020-09-20 12:00:00,18309.5,474.0,44.83,22.25,0.69,0.0,0.0183095
2020-09-20 13:00:00,13771.0,359.0,39.95,22.69,0.55,0.0,0.013771
2020-09-20 14:00:00,13136.0,344.0,32.44,23.01,0.41,0.0,0.013136
2020-09-20 15:00:00,10900.0,293.0,23.28,22.73,0.21,0.0,0.0109
2020-09-20 16:00:00,5502.0,172.0,13.18,21.34,0.83,0.0,0.005502
2020-09-20 17:00:00,64.5,9.0,2.65,20.28,1.17,0.0,6.45e-05
2020-09-20 18:00:00,0.0,0.0,0.0,19.8,1.03,0.0,0.0
2020-09-20 19:00:00,0.0,0.0,0.0,21.13,0.34,0.0,0.0
2020-09-20 20:00:00,0.0,0.0,0.0,20.69,0.41,0.0,0.0
2020-09-20 21:00:00,0.0,0.0,0.0,19.2,0.9,0.0,0.0
2020-09-20 22:00:00,0.0,0.0,0.0,18.6,0.97,0.0,0.0
2020-09-20 23:00:00,0.0,0.0,0.0,17.65,1.17,0.0,0.0
2020-09-21 00:00:00,0.0,0.0,0.0,17.92,0.97,0.0,0.0
2020-09-21 01:00:00,0.0,0.0,0.0,17.65,0.97,0.0,0.0
2020-09-21 02:00:00,0.0,0.0,0.0,16.73,1.31,0.0,0.0
2020-09-21 03:00:00,0.0,0.0,0.0,16.65,1.1,0.0,0.0
2020-09-21 04:00:00,0.0,0.0,0.0,17.32,0.83,0.0,0.0
2020-09-21 05:00:00,0.0,0.0,0.0,17.65,0.69,0.0,0.0
2020-09-21 06:00:00,89.5,10.0,9.38,17.71,0.55,0.0,8.95e-05
2020-09-21 07:00:00,773.0,32.0,19.66,17.86,0.55,0.0,0.000773
2020-09-21 08:00:00,1055.5,40.0,29.19,18.88,0.9,0.0,0.0010555
2020-09-21 09:00:00,1499.0,52.0,37.32,19.6,0.97,0.0,0.001499
2020-09-21 10:00:00,1796.5,60.0,43.17,20.59,0.83,0.0,0.0017965
2020-09-21 11:00:00,5807.5,160.0,45.74,21.39,0.62,0.0,0.0058075
2020-09-21 12:00:00,14073.0,367.0,44.43,22.19,0.28,0.0,0.014073
2020-09-21 13:00:00,17532.5,458.0,39.56,22.65,0.0,0.0,0.0175325
2020-09-21 14:00:00,15084.5,394.0,32.07,22.89,0.34,0.0,0.0150845
2020-09-21 15:00:00,9817.0,264.0,22.92,22.85,0.62,0.0,0.009817
2020-09-21 16:00:00,4976.0,156.0,12.84,22.62,0.76,0.0,0.004976
2020-09-21 17:00:00,0.0,0.0,0.0,21.55,0.69,0.0,0.0
2020-09-21 18:00:00,0.0,0.0,0.0,20.67,1.17,0.0,0.0
2020-09-21 19:00:00,0.0,0.0,0.0,19.97,0.76,0.0,0.0
2020-09-21 20:00:00,0.0,0.0,0.0,20.1,0.62,0.0,0.0
2020-09-21 21:00:00,0.0,0.0,0.0,18.59,1.1,0.0,0.0
2020-09-21 22:00:00,0.0,0.0,0.0,18.27,1.03,0.0,0.0
2020-09-21 23:00:00,0.0,0.0,0.0,19.1,0.76,0.0,0.0
2020-09-22 00:00:00,0.0,0.0,0.0,19.13,0.62,0.0,0.0
2020-09-22 01:00:00,0.0,0.0,0.0,18.02,0.9,0.0,0.0
2020-09-22 02:00:00,0.0,0.0,0.0,17.62,0.97,0.0,0.0
2020-09-22 03:00:00,0.0,0.0,0.0,17.13,1.03,0.0,0.0
2020-09-22 04:00:00,0.0,0.0,0.0,17.05,0.97,0.0,0.0
2020-09-22 05:00:00,0.0,0.0,0.0,17.1,0.9,0.0,0.0
2020-09-22 06:00:00,1787.0,61.0,9.17,17.45,0.62,0.0,0.001787
2020-09-22 07:00:00,4871.0,136.0,19.43,18.35,0.55,0.0,0.004871
2020-09-22 08:00:00,12872.5,331.0,28.93,18.82,0.69,0.0,0.0128725
2020-09-22 09:00:00,9204.5,241.0,37.02,19.49,0.69,0.0,0.0092045
2020-09-22 10:00:00,6488.5,176.0,42.83,20.43,0.48,0.0,0.0064885
2020-09-22 11:00:00,8705.5,231.0,45.35,21.27,0.55,0.0,0.0087055
2020-09-22 12:00:00,4614.5,131.0,44.03,21.79,0.62,0.0,0.0046145
2020-09-22 13:00:00,10486.0,275.0,39.16,22.14,1.1,0.0,0.010486
2020-09-22 14:00:00,12756.0,331.0,31.69,21.88,1.1,0.0,0.012756
2020-09-22 15:00:00,7012.5,190.0,22.56,21.17,1.1,0.0,0.0070125
2020-09-22 16:00:00,2648.5,83.0,12.49,20.56,0.76,0.0,0.0026485
2020-09-22 17:00:00,0.0,0.0,0.0,19.91,0.21,0.0,0.0
2020-09-22 18:00:00,0.0,0.0,0.0,18.69,0.9,0.0,0.0
2020-09-22 19:00:00,0.0,0.0,0.0,17.87,0.76,0.0,0.0
2020-09-22 20:00:00,0.0,0.0,0.0,17.25,0.76,0.0,0.0
2020-09-22 21:00:00,0.0,0.0,0.0,16.78,0.83,0.0,0.0
2020-09-22 22:00:00,0.0,0.0,0.0,16.61,0.83,0.0,0.0
2020-09-22 23:00:00,0.0,0.0,0.0,16.24,0.97,0.0,0.0
2020-09-23 00:00:00,0.0,0.0,0.0,16.28,0.76,0.0,0.0
2020-09-23 01:00:00,0.0,0.0,0.0,16.4,0.55,0.0,0.0
2020-09-23 02:00:00,0.0,0.0,0.0,16.32,0.41,0.0,0.0
2020-09-23 03:00:00,0.0,0.0,0.0,16.23,0.14,0.0,0.0
2020-09-23 04:00:00,0.0,0.0,0.0,16.19,0.28,0.0,0.0
2020-09-23 05:00:00,0.0,0.0,0.0,15.35,0.69,0.0,0.0
2020-09-23 06:00:00,1954.5,66.0,8.96,16.01,0.28,0.0,0.0019545
2020-09-23 07:00:00,3805.0,109.0,19.2,16.98,0.48,0.0,0.003805
2020-09-23 08:00:00,9841.5,256.0,28.67,18.02,0.14,0.0,0.0098415
2020-09-23 09:00:00,21364.5,544.01,36.72,19.37,0.83,0.0,0.0213645
2020-09-23 10:00:00,20299.0,520.01,42.48,20.71,0.9,0.0,0.020299
2020-09-23 11:00:00,22523.0,583.01,44.97,21.98,0.76,0.0,0.022523
2020-09-23 12:00:00,23342.5,606.01,43.63,22.74,0.83,0.0,0.0233425
2020-09-23 13:00:00,21761.5,563.01,38.77,23.25,1.1,0.0,0.0217615
2020-09-23 14:00:00,18049.0,467.01,31.32,23.46,1.66,0.0,0.018049
2020-09-23 15:00:00,12201.5,329.0,22.21,23.32,1.79,0.0,0.0122015
2020-09-23 16:00:00,4695.0,151.0,12.15,22.71,1.72,0.0,0.004695
2020-09-23 17:00:00,0.0,0.0,0.0,21.61,1.03,0.0,0.0
2020-09-23 18:00:00,0.0,0.0,0.0,20.16,1.24,0.0,0.0
2020-09-23 19:00:00,0.0,0.0,0.0,20.65,0.62,0.0,0.0
2020-09-23 20:00:00,0.0,0.0,0.0,20.35,0.48,0.0,0.0
2020-09-23 21:00:00,0.0,0.0,0.0,19.83,0.62,0.0,0.0
2020-09-23 22:00:00,0.0,0.0,0.0,19.57,0.41,0.0,0.0
2020-09-23 23:00:00,0.0,0.0,0.0,19.34,0.41,0.0,0.0
2020-09-24 00:00:00,0.0,0.0,0.0,18.18,0.9,0.0,0.0
2020-09-24 01:00:00,0.0,0.0,0.0,17.54,0.97,0.0,0.0
2020-09-24 02:00:00,0.0,0.0,0.0,16.9,1.1,0.0,0.0
2020-09-24 03:00:00,0.0,0.0,0.0,16.65,1.1,0.0,0.0
2020-09-24 04:00:00,0.0,0.0,0.0,16.44,1.1,0.0,0.0
2020-09-24 05:00:00,0.0,0.0,0.0,16.32,1.17,0.0,0.0
2020-09-24 06:00:00,1777.5,61.0,8.74,16.63,0.97,0.0,0.0017775
2020-09-24 07:00:00,1023.0,39.0,18.97,18.23,1.1,0.0,0.001023
2020-09-24 08:00:00,4595.0,129.0,28.41,19.38,1.17,0.0,0.004595
2020-09-24 09:00:00,11661.5,301.0,36.42,19.84,0.97,0.0,0.0116615
2020-09-24 10:00:00,13386.0,345.0,42.13,20.67,0.97,0.0,0.013386
2020-09-24 11:00:00,13927.0,360.0,44.58,21.58,1.03,0.0,0.013927
2020-09-24 12:00:00,21827.5,564.01,43.23,22.27,0.9,0.0,0.0218275
2020-09-24 13:00:00,11746.0,308.0,38.38,22.69,0.55,0.0,0.011746
2020-09-24 14:00:00,1365.0,49.0,30.95,22.33,0.76,0.0,0.001365
2020-09-24 15:00:00,4401.5,126.0,21.85,21.92,0.41,0.0,0.0044015
2020-09-24 16:00:00,162.5,13.0,11.8,21.35,1.24,0.0,0.0001625
2020-09-24 17:00:00,0.0,0.0,0.0,20.14,1.24,0.0,0.0
2020-09-24 18:00:00,0.0,0.0,0.0,19.07,1.17,0.0,0.0
2020-09-24 19:00:00,0.0,0.0,0.0,18.64,1.03,0.0,0.0
2020-09-24 20:00:00,0.0,0.0,0.0,18.46,0.97,0.0,0.0
2020-09-24 21:00:00,0.0,0.0,0.0,18.29,0.97,0.0,0.0
2020-09-24 22:00:00,0.0,0.0,0.0,18.06,1.31,0.0,0.0
2020-09-24 23:00:00,0.0,0.0,0.0,17.5,1.24,0.0,0.0
2020-09-25 00:00:00,0.0,0.0,0.0,16.93,0.9,0.0,0.0
2020-09-25 01:00:00,0.0,0.0,0.0,16.89,0.34,0.0,0.0
2020-09-25 02:00:00,0.0,0.0,0.0,16.42,0.41,0.0,0.0
2020-09-25 03:00:00,0.0,0.0,0.0,15.92,0.69,0.0,0.0
2020-09-25 04:00:00,0.0,0.0,0.0,15.5,0.83,0.0,0.0
2020-09-25 05:00:00,0.0,0.0,0.0,15.33,0.9,0.0,0.0
2020-09-25 06:00:00,2405.5,84.0,8.52,15.42,0.76,0.0,0.0024055
2020-09-25 07:00:00,2320.0,72.0,18.74,15.86,1.1,0.0,0.00232
2020-09-25 08:00:00,1034.5,39.0,28.15,16.08,0.76,0.0,0.0010345
2020-09-25 09:00:00,11968.5,305.0,36.12,16.83,0.62,0.0,0.0119685
2020-09-25 10:00:00,22857.5,580.01,41.78,18.8,1.03,0.0,0.0228575
2020-09-25 11:00:00,18125.0,458.0,44.2,20.02,2.28,0.0,0.018125
2020-09-25 12:00:00,4136.5,118.0,42.83,20.43,3.24,0.0,0.0041365
2020-09-25 13:00:00,20917.0,522.01,37.99,20.3,3.86,0.0,0.020917
2020-09-25 14:00:00,15762.0,397.0,30.57,19.25,3.24,0.0,0.015762
2020-09-25 15:00:00,9045.5,239.0,21.5,18.79,2.07,0.0,0.0090455
2020-09-25 16:00:00,3821.0,119.0,11.46,18.31,0.97,0.0,0.003821
2020-09-25 17:00:00,0.0,0.0,0.0,17.27,1.31,0.0,0.0
2020-09-25 18:00:00,0.0,0.0,0.0,15.64,1.66,0.0,0.0
2020-09-25 19:00:00,0.0,0.0,0.0,14.94,2.76,0.0,0.0
2020-09-25 20:00:00,0.0,0.0,0.0,14.68,3.1,0.0,0.0
2020-09-25 21:00:00,0.0,0.0,0.0,14.26,3.31,0.0,0.0
2020-09-25 22:00:00,0.0,0.0,0.0,14.15,3.59,0.0,0.0
2020-09-25 23:00:00,0.0,0.0,0.0,13.93,3.66,0.0,0.0
2020-09-26 00:00:00,0.0,0.0,0.0,13.62,3.66,0.0,0.0
2020-09-26 01:00:00,0.0,0.0,0.0,13.48,3.66,0.0,0.0
2020-09-26 02:00:00,0.0,0.0,0.0,13.04,3.45,0.0,0.0
2020-09-26 03:00:00,0.0,0.0,0.0,12.65,3.24,0.0,0.0
2020-09-26 04:00:00,0.0,0.0,0.0,12.18,3.17,0.0,0.0
2020-09-26 05:00:00,0.0,0.0,0.0,11.75,3.17,0.0,0.0
2020-09-26 06:00:00,2850.0,105.0,8.31,11.64,3.17,0.0,0.00285
2020-09-26 07:00:00,10779.5,287.0,18.5,12.95,2.9,0.0,0.0107795
2020-09-26 08:00:00,18184.5,451.01,27.88,15.19,3.52,0.0,0.0181845
2020-09-26 09:00:00,24359.5,596.01,35.81,16.65,4.28,0.0,0.0243595
2020-09-26 10:00:00,27872.0,685.01,41.43,17.59,4.14,0.0,0.027872
2020-09-26 11:00:00,28387.0,702.01,43.81,18.36,3.93,0.0,0.028387
2020-09-26 12:00:00,27250.5,677.01,42.43,18.92,3.59,0.0,0.0272505
2020-09-26 13:00:00,24856.0,620.01,37.6,19.14,3.1,0.0,0.024856
2020-09-26 14:00:00,19640.5,496.01,30.2,19.32,2.62,0.0,0.0196405
2020-09-26 15:00:00,12340.5,328.01,21.14,19.17,2.14,0.0,0.0123405
2020-09-26 16:00:00,4538.5,148.0,11.11,18.4,1.38,0.0,0.0045385
2020-09-26 17:00:00,0.0,0.0,0.0,17.15,0.83,0.0,0.0
2020-09-26 18:00:00,0.0,0.0,0.0,15.67,0.9,0.0,0.0
2020-09-26 19:00:00,0.0,0.0,0.0,13.92,1.31,0.0,0.0
2020-09-26 20:00:00,0.0,0.0,0.0,12.52,1.52,0.0,0.0
2020-09-26 21:00:00,0.0,0.0,0.0,11.51,1.52,0.0,0.0
2020-09-26 22:00:00,0.0,0.0,0.0,10.65,1.52,0.0,0.0
2020-09-26 23:00:00,0.0,0.0,0.0,9.34,1.59,0.0,0.0
2020-09-27 00:00:00,0.0,0.0,0.0,8.46,1.66,0.0,0.0
2020-09-27 01:00:00,0.0,0.0,0.0,8.16,1.59,0.0,0.0
2020-09-27 02:00:00,0.0,0.0,0.0,8.24,1.31,0.0,0.0
2020-09-27 03:00:00,0.0,0.0,0.0,9.53,0.83,0.0,0.0
2020-09-27 04:00:00,0.0,0.0,0.0,7.3,1.17,0.0,0.0
2020-09-27 05:00:00,0.0,0.0,0.0,7.66,1.03,0.0,0.0
2020-09-27 06:00:00,2673.0,99.0,8.09,8.22,0.69,0.0,0.002673
2020-09-27 07:00:00,10344.5,274.0,18.27,8.85,0.34,0.0,0.0103445
2020-09-27 08:00:00,14619.5,366.0,27.62,12.32,0.28,0.0,0.0146195
2020-09-27 09:00:00,21145.0,527.01,35.51,14.16,0.62,0.0,0.021145
2020-09-27 10:00:00,26094.5,654.01,41.08,15.56,1.03,0.0,0.0260945
2020-09-27 11:00:00,27079.0,682.01,43.42,16.73,1.24,0.0,0.027079
2020-09-27 12:00:00,26439.0,665.01,42.03,17.63,1.59,0.0,0.026439
2020-09-27 13:00:00,23965.5,600.01,37.21,18.18,2.07,0.0,0.0239655
2020-09-27 14:00:00,18926.5,476.01,29.83,18.32,2.62,0.0,0.0189265
2020-09-27 15:00:00,12645.5,336.01,20.79,18.03,2.83,0.0,0.0126455
2020-09-27 16:00:00,4356.5,145.0,10.77,17.19,2.62,0.0,0.0043565
2020-09-27 17:00:00,0.0,0.0,0.0,15.83,2.34,0.0,0.0
2020-09-27 18:00:00,0.0,0.0,0.0,14.44,1.93,0.0,0.0
2020-09-27 19:00:00,0.0,0.0,0.0,13.17,1.79,0.0,0.0
2020-09-27 20:00:00,0.0,0.0,0.0,11.99,1.66,0.0,0.0
2020-09-27 21:00:00,0.0,0.0,0.0,11.05,1.52,0.0,0.0
2020-09-27 22:00:00,0.0,0.0,0.0,10.32,1.72,0.0,0.0
2020-09-27 23:00:00,0.0,0.0,0.0,9.78,1.93,0.0,0.0
2020-09-28 00:00:00,0.0,0.0,0.0,9.27,1.86,0.0,0.0
2020-09-28 01:00:00,0.0,0.0,0.0,8.48,1.72,0.0,0.0
2020-09-28 02:00:00,0.0,0.0,0.0,7.89,1.86,0.0,0.0
2020-09-28 03:00:00,0.0,0.0,0.0,7.3,1.72,0.0,0.0
2020-09-28 04:00:00,0.0,0.0,0.0,7.52,1.31,0.0,0.0
2020-09-28 05:00:00,0.0,0.0,0.0,7.12,1.31,0.0,0.0
2020-09-28 06:00:00,2569.0,95.0,7.87,6.68,1.59,0.0,0.002569
2020-09-28 07:00:00,10290.5,274.0,18.03,10.2,1.59,0.0,0.0102905
2020-09-28 08:00:00,17425.5,435.01,27.35,13.61,1.59,0.0,0.0174255
2020-09-28 09:00:00,23139.5,578.01,35.2,16.31,1.45,0.0,0.0231395
2020-09-28 10:00:00,26115.0,662.01,40.73,18.25,1.17,0.0,0.026115
2020-09-28 11:00:00,26760.0,687.01,43.04,19.59,0.9,0.0,0.02676
2020-09-28 12:00:00,26062.0,670.01,41.63,20.55,1.03,0.0,0.026062
2020-09-28 13:00:00,23381.0,600.01,36.82,21.18,1.17,0.0,0.023381
2020-09-28 14:00:00,18466.0,476.01,29.46,21.44,1.52,0.0,0.018466
2020-09-28 15:00:00,11416.0,309.0,20.43,21.25,2.07,0.0,0.011416
2020-09-28 16:00:00,3928.5,132.0,10.43,20.3,2.34,0.0,0.0039285
2020-09-28 17:00:00,0.0,0.0,0.0,18.55,2.48,0.0,0.0
2020-09-28 18:00:00,0.0,0.0,0.0,16.84,2.69,0.0,0.0
2020-09-28 19:00:00,0.0,0.0,0.0,15.88,2.41,0.0,0.0
2020-09-28 20:00:00,0.0,0.0,0.0,14.85,2.21,0.0,0.0
2020-09-28 21:00:00,0.0,0.0,0.0,14.06,1.93,0.0,0.0
2020-09-28 22:00:00,0.0,0.0,0.0,13.03,1.59,0.0,0.0
2020-09-28 23:00:00,0.0,0.0,0.0,12.52,1.38,0.0,0.0
2020-09-29 00:00:00,0.0,0.0,0.0,11.98,1.38,0.0,0.0
2020-09-29 01:00:00,0.0,0.0,0.0,11.52,1.24,0.0,0.0
2020-09-29 02:00:00,0.0,0.0,0.0,11.24,1.03,0.0,0.0
2020-09-29 03:00:00,0.0,0.0,0.0,11.2,0.9,0.0,0.0
2020-09-29 04:00:00,0.0,0.0,0.0,11.21,0.69,0.0,0.0
2020-09-29 05:00:00,0.0,0.0,0.0,11.08,0.28,0.0,0.0
2020-09-29 06:00:00,2223.0,83.0,7.65,10.88,0.21,0.0,0.002223
2020-09-29 07:00:00,9341.0,254.0,17.79,12.5,0.14,0.0,0.009341
2020-09-29 08:00:00,16015.0,408.01,27.08,15.14,0.21,0.0,0.016015
2020-09-29 09:00:00,21223.0,541.01,34.89,17.42,0.14,0.0,0.021223
2020-09-29 10:00:00,24231.0,622.01,40.38,18.91,0.34,0.0,0.024231
2020-09-29 11:00:00,25048.0,646.01,42.65,20.15,0.55,0.0,0.025048
2020-09-29 12:00:00,22903.0,590.01,41.23,21.14,0.76,0.0,0.022903
2020-09-29 13:00:00,19434.5,500.01,36.43,21.95,1.03,0.0,0.0194345
2020-09-29 14:00:00,14799.0,383.0,29.08,22.07,1.52,0.0,0.014799
2020-09-29 15:00:00,10406.0,284.0,20.08,21.84,1.66,0.0,0.010406
2020-09-29 16:00:00,3538.0,122.0,10.09,21.03,1.52,0.0,0.003538
2020-09-29 17:00:00,0.0,0.0,0.0,19.65,1.66,0.0,0.0
2020-09-29 18:00:00,0.0,0.0,0.0,17.87,1.52,0.0,0.0
2020-09-29 19:00:00,0.0,0.0,0.0,17.44,0.97,0.0,0.0
2020-09-29 20:00:00,0.0,0.0,0.0,16.05,1.1,0.0,0.0
2020-09-29 21:00:00,0.0,0.0,0.0,14.82,1.38,0.0,0.0
2020-09-29 22:00:00,0.0,0.0,0.0,14.52,1.31,0.0,0.0
2020-09-29 23:00:00,0.0,0.0,0.0,14.68,1.1,0.0,0.0
2020-09-30 00:00:00,0.0,0.0,0.0,15.12,0.97,0.0,0.0
2020-09-30 01:00:00,0.0,0.0,0.0,15.17,0.9,0.0,0.0
2020-09-30 02:00:00,0.0,0.0,0.0,15.35,0.41,0.0,0.0
2020-09-30 03:00:00,0.0,0.0,0.0,14.88,0.21,0.0,0.0
2020-09-30 04:00:00,0.0,0.0,0.0,14.08,0.55,0.0,0.0
2020-09-30 05:00:00,0.0,0.0,0.0,13.3,0.76,0.0,0.0
2020-09-30 06:00:00,1814.5,66.0,7.42,12.9,0.76,0.0,0.0018145
2020-09-30 07:00:00,9139.0,250.0,17.55,13.44,0.28,0.0,0.009139
2020-09-30 08:00:00,15856.5,405.01,26.81,15.77,0.34,0.0,0.0158565
2020-09-30 09:00:00,21074.0,538.01,34.58,17.46,0.07,0.0,0.021074
2020-09-30 10:00:00,24277.0,625.01,40.02,18.74,0.14,0.0,0.024277
2020-09-30 11:00:00,25240.0,652.01,42.26,19.96,0.41,0.0,0.02524
2020-09-30 12:00:00,24379.0,631.01,40.83,20.9,0.48,0.0,0.024379
2020-09-30 13:00:00,21475.5,556.01,36.04,21.38,0.41,0.0,0.0214755
2020-09-30 14:00:00,16019.0,417.01,28.71,21.73,0.69,0.0,0.016019
2020-09-30 15:00:00,8621.5,236.0,19.73,22.0,0.9,0.0,0.0086215
2020-09-30 16:00:00,3138.5,108.0,9.75,21.37,0.69,0.0,0.0031385
2020-09-30 17:00:00,0.0,0.0,0.0,20.56,0.41,0.0,0.0
2020-09-30 18:00:00,0.0,0.0,0.0,19.63,0.07,0.0,0.0
2020-09-30 19:00:00,0.0,0.0,0.0,18.0,0.55,0.0,0.0
2020-09-30 20:00:00,0.0,0.0,0.0,17.18,0.69,0.0,0.0
2020-09-30 21:00:00,0.0,0.0,0.0,16.44,0.83,0.0,0.0
2020-09-30 22:00:00,0.0,0.0,0.0,15.34,0.9,0.0,0.0
2020-09-30 23:00:00,0.0,0.0,0.0,15.5,0.76,0.0,0.0
2020-10-01 00:00:00,0.0,0.0,0.0,15.21,0.69,0.0,0.0
2020-10-01 01:00:00,0.0,0.0,0.0,15.07,0.55,0.0,0.0
2020-10-01 02:00:00,0.0,0.0,0.0,14.9,0.41,0.0,0.0
2020-10-01 03:00:00,0.0,0.0,0.0,14.84,0.07,0.0,0.0
2020-10-01 04:00:00,0.0,0.0,0.0,14.76,0.28,0.0,0.0
2020-10-01 05:00:00,0.0,0.0,0.0,14.56,0.48,0.0,0.0
2020-10-01 06:00:00,845.5,34.0,7.2,14.22,0.62,0.0,0.0008455
2020-10-01 07:00:00,4268.5,120.0,17.31,15.45,0.55,0.0,0.0042685
2020-10-01 08:00:00,11588.5,298.0,26.54,16.83,0.41,0.0,0.0115885
2020-10-01 09:00:00,20019.5,510.01,34.27,17.87,0.28,0.0,0.0200195
2020-10-01 10:00:00,23764.0,612.01,39.67,18.55,0.0,0.0,0.023764
2020-10-01 11:00:00,24441.5,628.01,41.88,19.7,0.55,0.0,0.0244415
2020-10-01 12:00:00,18792.5,481.0,40.44,19.95,0.62,0.0,0.0187925
2020-10-01 13:00:00,8791.5,232.0,35.65,20.78,0.97,0.0,0.0087915
2020-10-01 14:00:00,14019.0,362.0,28.34,20.9,1.38,0.0,0.014019
2020-10-01 15:00:00,4308.0,123.0,19.37,20.81,1.52,0.0,0.004308
2020-10-01 16:00:00,2711.0,92.0,9.41,20.18,1.31,0.0,0.002711
2020-10-01 17:00:00,0.0,0.0,0.0,19.17,0.9,0.0,0.0
2020-10-01 18:00:00,0.0,0.0,0.0,18.01,0.83,0.0,0.0
2020-10-01 19:00:00,0.0,0.0,0.0,17.25,1.17,0.0,0.0
2020-10-01 20:00:00,0.0,0.0,0.0,16.8,1.17,0.0,0.0
2020-10-01 21:00:00,0.0,0.0,0.0,16.42,1.17,0.0,0.0
2020-10-01 22:00:00,0.0,0.0,0.0,15.72,1.24,0.0,0.0
2020-10-01 23:00:00,0.0,0.0,0.0,15.61,1.24,0.0,0.0
2020-10-02 00:00:00,0.0,0.0,0.0,15.99,1.17,0.0,0.0
2020-10-02 01:00:00,0.0,0.0,0.0,15.95,1.1,0.0,0.0
2020-10-02 02:00:00,0.0,0.0,0.0,15.94,1.24,0.0,0.0
2020-10-02 03:00:00,0.0,0.0,0.0,16.02,1.31,0.0,0.0
2020-10-02 04:00:00,0.0,0.0,0.0,16.01,1.31,0.0,0.0
2020-10-02 05:00:00,0.0,0.0,0.0,15.96,1.31,0.0,0.0
2020-10-02 06:00:00,283.5,17.0,6.98,15.89,1.17,0.0,0.0002835
2020-10-02 07:00:00,1341.0,47.0,17.07,15.14,0.76,0.0,0.001341
2020-10-02 08:00:00,1806.0,59.0,26.27,15.57,1.79,0.0,0.001806
2020-10-02 09:00:00,2519.5,77.0,33.96,16.3,2.0,0.0,0.0025195
2020-10-02 10:00:00,2552.5,78.0,39.32,16.98,2.41,0.0,0.0025525
2020-10-02 11:00:00,2912.5,87.0,41.49,17.74,3.79,0.0,0.0029125
2020-10-02 12:00:00,1983.0,64.0,40.04,18.25,5.93,0.0,0.001983
2020-10-02 13:00:00,1784.5,59.0,35.26,18.46,6.14,0.0,0.0017845
2020-10-02 14:00:00,1821.0,60.0,27.98,18.72,5.72,0.0,0.001821
2020-10-02 15:00:00,1022.5,39.0,19.02,18.71,5.52,0.0,0.0010225
2020-10-02 16:00:00,1097.5,41.0,9.07,18.52,5.59,0.0,0.0010975
2020-10-02 17:00:00,0.0,0.0,0.0,18.32,5.86,0.0,0.0
2020-10-02 18:00:00,0.0,0.0,0.0,18.42,6.55,0.0,0.0
2020-10-02 19:00:00,0.0,0.0,0.0,17.35,3.86,0.0,0.0
2020-10-02 20:00:00,0.0,0.0,0.0,17.92,4.62,0.0,0.0
2020-10-02 21:00:00,0.0,0.0,0.0,18.47,6.0,0.0,0.0
2020-10-02 22:00:00,0.0,0.0,0.0,18.84,6.69,0.0,0.0
2020-10-02 23:00:00,0.0,0.0,0.0,18.94,7.17,0.0,0.0
2020-10-03 00:00:00,0.0,0.0,0.0,18.92,7.24,0.0,0.0
2020-10-03 01:00:00,0.0,0.0,0.0,19.09,7.1,0.0,0.0
2020-10-03 02:00:00,0.0,0.0,0.0,18.92,6.07,0.0,0.0
2020-10-03 03:00:00,0.0,0.0,0.0,18.32,5.1,0.0,0.0
2020-10-03 04:00:00,0.0,0.0,0.0,17.73,4.76,0.0,0.0
2020-10-03 05:00:00,0.0,0.0,0.0,16.7,5.24,0.0,0.0
2020-10-03 06:00:00,1064.0,41.0,6.75,15.69,5.72,0.0,0.001064
2020-10-03 07:00:00,6284.5,170.0,16.83,14.59,4.83,0.0,0.0062845
2020-10-03 08:00:00,16186.5,405.01,26.0,15.84,4.28,0.0,0.0161865
2020-10-03 09:00:00,22263.5,549.01,33.65,17.55,3.93,0.0,0.0222635
2020-10-03 10:00:00,25224.5,631.01,38.96,18.77,2.41,0.0,0.0252245
2020-10-03 11:00:00,26111.5,665.01,41.11,19.07,1.1,0.0,0.0261115
2020-10-03 12:00:00,24684.5,628.01,39.64,19.39,1.17,0.0,0.0246845
2020-10-03 13:00:00,21889.5,558.01,34.88,19.47,0.97,0.0,0.0218895
2020-10-03 14:00:00,16890.0,437.01,27.61,19.42,0.62,0.0,0.01689
2020-10-03 15:00:00,10097.5,278.01,18.67,19.14,1.31,0.0,0.0100975
2020-10-03 16:00:00,2867.0,105.0,8.74,18.33,1.59,0.0,0.002867
2020-10-03 17:00:00,0.0,0.0,0.0,16.88,1.59,0.0,0.0
2020-10-03 18:00:00,0.0,0.0,0.0,15.25,1.45,0.0,0.0
2020-10-03 19:00:00,0.0,0.0,0.0,15.73,0.83,0.0,0.0
2020-10-03 20:00:00,0.0,0.0,0.0,15.18,0.48,0.0,0.0
2020-10-03 21:00:00,0.0,0.0,0.0,14.71,0.21,0.0,0.0
2020-10-03 22:00:00,0.0,0.0,0.0,14.21,0.34,0.0,0.0
2020-10-03 23:00:00,0.0,0.0,0.0,13.75,0.14,0.0,0.0
2020-10-04 00:00:00,0.0,0.0,0.0,13.13,0.55,0.0,0.0
2020-10-04 01:00:00,0.0,0.0,0.0,12.62,0.69,0.0,0.0
2020-10-04 02:00:00,0.0,0.0,0.0,12.14,0.69,0.0,0.0
2020-10-04 03:00:00,0.0,0.0,0.0,11.7,0.41,0.0,0.0
2020-10-04 04:00:00,0.0,0.0,0.0,11.35,0.21,0.0,0.0
2020-10-04 05:00:00,0.0,0.0,0.0,10.82,0.14,0.0,0.0
2020-10-04 06:00:00,1682.5,69.0,6.53,10.49,0.14,0.0,0.0016825
2020-10-04 07:00:00,7919.5,216.0,16.58,11.72,0.48,0.0,0.0079195
2020-10-04 08:00:00,16064.5,407.01,25.72,13.7,0.76,0.0,0.0160645
2020-10-04 09:00:00,21350.5,533.01,33.34,15.07,0.97,0.0,0.0213505
2020-10-04 10:00:00,23102.0,583.01,38.61,16.63,0.62,0.0,0.023102
2020-10-04 11:00:00,24788.0,629.01,40.72,17.92,0.83,0.0,0.024788
2020-10-04 12:00:00,21611.5,549.01,39.25,19.07,0.97,0.0,0.0216115
2020-10-04 13:00:00,2639.0,81.0,34.49,19.55,2.14,0.0,0.002639
2020-10-04 14:00:00,3509.0,102.0,27.24,18.77,3.17,0.0,0.003509
2020-10-04 15:00:00,1363.5,48.0,18.33,17.56,1.93,0.0,0.0013635
2020-10-04 16:00:00,923.0,36.0,8.4,16.49,1.79,0.0,0.000923
2020-10-04 17:00:00,0.0,0.0,0.0,15.26,1.38,0.0,0.0
2020-10-04 18:00:00,0.0,0.0,0.0,14.5,0.83,0.0,0.0
2020-10-04 19:00:00,0.0,0.0,0.0,13.26,0.69,0.0,0.0
2020-10-04 20:00:00,0.0,0.0,0.0,12.62,0.83,0.0,0.0
2020-10-04 21:00:00,0.0,0.0,0.0,11.74,1.03,0.0,0.0
2020-10-04 22:00:00,0.0,0.0,0.0,11.49,0.83,0.0,0.0
2020-10-04 23:00:00,0.0,0.0,0.0,11.59,0.41,0.0,0.0
2020-10-05 00:00:00,0.0,0.0,0.0,11.37,0.41,0.0,0.0
2020-10-05 01:00:00,0.0,0.0,0.0,10.36,0.83,0.0,0.0
2020-10-05 02:00:00,0.0,0.0,0.0,10.18,0.76,0.0,0.0
2020-10-05 03:00:00,0.0,0.0,0.0,10.33,0.48,0.0,0.0
2020-10-05 04:00:00,0.0,0.0,0.0,9.64,0.69,0.0,0.0
2020-10-05 05:00:00,0.0,0.0,0.0,9.08,0.76,0.0,0.0
2020-10-05 06:00:00,980.0,38.0,6.3,9.36,0.41,0.0,0.00098
2020-10-05 07:00:00,4311.0,119.0,16.34,10.89,0.97,0.0,0.004311
2020-10-05 08:00:00,9063.0,231.0,25.45,12.15,0.41,0.0,0.009063
2020-10-05 09:00:00,13794.0,345.0,33.02,13.55,0.41,0.0,0.013794
2020-10-05 10:00:00,14250.5,359.0,38.26,14.68,0.07,0.0,0.0142505
2020-10-05 11:00:00,20289.5,511.01,40.34,15.58,0.28,0.0,0.0202895
2020-10-05 12:00:00,18123.5,459.0,38.86,16.72,0.21,0.0,0.0181235
2020-10-05 13:00:00,15355.0,390.0,34.11,17.28,0.34,0.0,0.015355
2020-10-05 14:00:00,16869.0,434.01,26.88,17.59,0.62,0.0,0.016869
2020-10-05 15:00:00,4427.5,125.0,17.98,17.96,0.69,0.0,0.0044275
2020-10-05 16:00:00,2019.5,71.0,8.07,17.47,0.48,0.0,0.0020195
2020-10-05 17:00:00,0.0,0.0,0.0,15.98,0.76,0.0,0.0
2020-10-05 18:00:00,0.0,0.0,0.0,14.96,0.76,0.0,0.0
2020-10-05 19:00:00,0.0,0.0,0.0,14.24,1.03,0.0,0.0
2020-10-05 20:00:00,0.0,0.0,0.0,14.17,0.83,0.0,0.0
2020-10-05 21:00:00,0.0,0.0,0.0,13.14,0.83,0.0,0.0
2020-10-05 22:00:00,0.0,0.0,0.0,12.74,0.62,0.0,0.0
2020-10-05 23:00:00,0.0,0.0,0.0,12.19,0.55,0.0,0.0
2020-10-06 00:00:00,0.0,0.0,0.0,11.77,0.41,0.0,0.0
2020-10-06 01:00:00,0.0,0.0,0.0,11.25,0.28,0.0,0.0
2020-10-06 02:00:00,0.0,0.0,0.0,10.89,0.14,0.0,0.0
2020-10-06 03:00:00,0.0,0.0,0.0,10.66,0.21,0.0,0.0
2020-10-06 04:00:00,0.0,0.0,0.0,10.51,0.55,0.0,0.0
2020-10-06 05:00:00,0.0,0.0,0.0,9.89,0.9,0.0,0.0
2020-10-06 06:00:00,866.0,35.0,6.07,9.57,0.97,0.0,0.000866
2020-10-06 07:00:00,6657.5,181.0,16.09,10.44,0.21,0.0,0.0066575
2020-10-06 08:00:00,11382.0,288.0,25.17,12.61,0.48,0.0,0.011382
2020-10-06 09:00:00,10819.5,274.0,32.71,14.12,0.48,0.0,0.0108195
2020-10-06 10:00:00,15811.5,397.0,37.9,15.49,0.55,0.0,0.0158115
2020-10-06 11:00:00,13696.5,347.0,39.95,16.65,0.62,0.0,0.0136965
2020-10-06 12:00:00,11387.0,292.0,38.47,17.3,0.41,0.0,0.011387
2020-10-06 13:00:00,11101.0,286.0,33.73,18.1,0.41,0.0,0.011101
2020-10-06 14:00:00,7470.0,198.0,26.52,18.55,1.03,0.0,0.00747
2020-10-06 15:00:00,531.5,25.0,17.64,18.47,1.17,0.0,0.0005315
2020-10-06 16:00:00,1011.0,39.0,7.74,17.69,0.62,0.0,0.001011
2020-10-06 17:00:00,0.0,0.0,0.0,16.13,0.83,0.0,0.0
2020-10-06 18:00:00,0.0,0.0,0.0,15.26,1.24,0.0,0.0
2020-10-06 19:00:00,0.0,0.0,0.0,14.43,0.69,0.0,0.0
2020-10-06 20:00:00,0.0,0.0,0.0,13.79,0.83,0.0,0.0
2020-10-06 21:00:00,0.0,0.0,0.0,12.69,1.24,0.0,0.0
2020-10-06 22:00:00,0.0,0.0,0.0,12.0,1.24,0.0,0.0
2020-10-06 23:00:00,0.0,0.0,0.0,11.57,1.1,0.0,0.0
2020-10-07 00:00:00,0.0,0.0,0.0,11.57,0.83,0.0,0.0
2020-10-07 01:00:00,0.0,0.0,0.0,11.1,0.97,0.0,0.0
2020-10-07 02:00:00,0.0,0.0,0.0,10.68,0.9,0.0,0.0
2020-10-07 03:00:00,0.0,0.0,0.0,11.07,0.34,0.0,0.0
2020-10-07 04:00:00,0.0,0.0,0.0,10.45,0.41,0.0,0.0
2020-10-07 05:00:00,0.0,0.0,0.0,9.87,0.55,0.0,0.0
2020-10-07 06:00:00,1090.5,43.0,5.85,9.5,0.41,0.0,0.0010905
2020-10-07 07:00:00,4489.0,124.0,15.84,11.14,0.21,0.0,0.004489
2020-10-07 08:00:00,10853.5,277.0,24.9,13.8,0.28,0.0,0.0108535
2020-10-07 09:00:00,15282.0,385.0,32.39,16.16,0.76,0.0,0.015282
2020-10-07 10:00:00,16811.0,425.0,37.55,18.14,1.1,0.0,0.016811
2020-10-07 11:00:00,24339.5,619.01,39.57,19.67,1.31,0.0,0.0243395
2020-10-07 12:00:00,23547.0,602.01,38.08,20.5,1.17,0.0,0.023547
2020-10-07 13:00:00,20688.0,532.01,33.35,20.9,0.9,0.0,0.020688
2020-10-07 14:00:00,15434.5,404.01,26.16,21.09,0.76,0.0,0.0154345
2020-10-07 15:00:00,8257.5,232.0,17.3,20.89,0.97,0.0,0.0082575
2020-10-07 16:00:00,1807.5,67.0,7.41,19.55,0.83,0.0,0.0018075
2020-10-07 17:00:00,0.0,0.0,0.0,18.66,0.76,0.0,0.0
2020-10-07 18:00:00,0.0,0.0,0.0,17.83,0.28,0.0,0.0
2020-10-07 19:00:00,0.0,0.0,0.0,18.32,0.14,0.0,0.0
2020-10-07 20:00:00,0.0,0.0,0.0,15.78,1.1,0.0,0.0
2020-10-07 21:00:00,0.0,0.0,0.0,13.51,1.52,0.0,0.0
2020-10-07 22:00:00,0.0,0.0,0.0,12.3,1.52,0.0,0.0
2020-10-07 23:00:00,0.0,0.0,0.0,11.75,1.38,0.0,0.0
2020-10-08 00:00:00,0.0,0.0,0.0,10.64,1.52,0.0,0.0
2020-10-08 01:00:00,0.0,0.0,0.0,10.49,1.31,0.0,0.0
2020-10-08 02:00:00,0.0,0.0,0.0,10.17,1.31,0.0,0.0
2020-10-08 03:00:00,0.0,0.0,0.0,9.51,1.38,0.0,0.0
2020-10-08 04:00:00,0.0,0.0,0.0,9.4,1.17,0.0,0.0
2020-10-08 05:00:00,0.0,0.0,0.0,9.02,1.1,0.0,0.0
2020-10-08 06:00:00,1047.5,51.04,5.62,8.77,1.1,0.0,0.0010475
2020-10-08 07:00:00,8005.5,225.0,15.59,11.28,0.55,0.0,0.0080055
2020-10-08 08:00:00,15303.0,391.01,24.62,14.22,0.76,0.0,0.015303
2020-10-08 09:00:00,20490.5,516.01,32.08,16.4,0.9,0.0,0.0204905
2020-10-08 10:00:00,23580.5,599.01,37.19,18.13,0.76,0.0,0.0235805
2020-10-08 11:00:00,24533.5,628.01,39.19,19.47,0.76,0.0,0.0245335
2020-10-08 12:00:00,23177.5,594.01,37.69,20.37,0.9,0.0,0.0231775
2020-10-08 13:00:00,20450.0,526.01,32.97,20.94,0.9,0.0,0.02045
2020-10-08 14:00:00,15450.0,405.01,25.8,21.18,0.9,0.0,0.01545
2020-10-08 15:00:00,8423.5,240.0,16.96,21.13,0.9,0.0,0.0084235
2020-10-08 16:00:00,1893.0,76.0,7.08,20.07,0.97,0.0,0.001893
2020-10-08 17:00:00,0.0,0.0,0.0,17.75,1.38,0.0,0.0
2020-10-08 18:00:00,0.0,0.0,0.0,16.18,1.17,0.0,0.0
2020-10-08 19:00:00,0.0,0.0,0.0,15.25,1.03,0.0,0.0
2020-10-08 20:00:00,0.0,0.0,0.0,14.9,0.76,0.0,0.0
2020-10-08 21:00:00,0.0,0.0,0.0,13.96,0.55,0.0,0.0
2020-10-08 22:00:00,0.0,0.0,0.0,13.49,0.21,0.0,0.0
2020-10-08 23:00:00,0.0,0.0,0.0,13.4,0.21,0.0,0.0
2020-10-09 00:00:00,0.0,0.0,0.0,13.22,0.62,0.0,0.0
2020-10-09 01:00:00,0.0,0.0,0.0,12.53,0.76,0.0,0.0
2020-10-09 02:00:00,0.0,0.0,0.0,12.35,0.76,0.0,0.0
2020-10-09 03:00:00,0.0,0.0,0.0,12.38,0.69,0.0,0.0
2020-10-09 04:00:00,0.0,0.0,0.0,12.32,0.62,0.0,0.0
2020-10-09 05:00:00,0.0,0.0,0.0,12.15,0.76,0.0,0.0
2020-10-09 06:00:00,494.5,23.82,5.39,11.67,0.76,0.0,0.0004945
2020-10-09 07:00:00,6243.5,172.0,15.34,10.95,0.34,0.0,0.0062435
2020-10-09 08:00:00,11326.5,288.0,24.34,12.71,0.28,0.0,0.0113265
2020-10-09 09:00:00,10909.0,277.0,31.76,14.56,0.34,0.0,0.010909
2020-10-09 10:00:00,14807.0,374.0,36.84,16.18,0.41,0.0,0.014807
2020-10-09 11:00:00,20309.5,515.01,38.81,17.24,0.34,0.0,0.0203095
2020-10-09 12:00:00,17852.5,453.0,37.3,17.84,0.48,0.0,0.0178525
2020-10-09 13:00:00,13196.5,338.0,32.6,18.32,0.41,0.0,0.0131965
2020-10-09 14:00:00,6005.5,163.0,25.44,18.61,0.48,0.0,0.0060055
2020-10-09 15:00:00,4116.5,118.0,16.62,18.5,0.76,0.0,0.0041165
2020-10-09 16:00:00,863.5,35.0,6.76,17.94,1.1,0.0,0.0008635
2020-10-09 17:00:00,0.0,0.0,0.0,16.62,1.31,0.0,0.0
2020-10-09 18:00:00,0.0,0.0,0.0,15.29,1.17,0.0,0.0
2020-10-09 19:00:00,0.0,0.0,0.0,14.68,0.9,0.0,0.0
2020-10-09 20:00:00,0.0,0.0,0.0,14.09,0.83,0.0,0.0
2020-10-09 21:00:00,0.0,0.0,0.0,13.75,0.83,0.0,0.0
2020-10-09 22:00:00,0.0,0.0,0.0,13.26,0.62,0.0,0.0
2020-10-09 23:00:00,0.0,0.0,0.0,12.86,0.48,0.0,0.0
2020-10-10 00:00:00,0.0,0.0,0.0,12.56,0.41,0.0,0.0
2020-10-10 01:00:00,0.0,0.0,0.0,12.36,0.34,0.0,0.0
2020-10-10 02:00:00,0.0,0.0,0.0,12.18,0.41,0.0,0.0
2020-10-10 03:00:00,0.0,0.0,0.0,12.1,0.41,0.0,0.0
2020-10-10 04:00:00,0.0,0.0,0.0,12.22,0.34,0.0,0.0
2020-10-10 05:00:00,0.0,0.0,0.0,12.17,0.34,0.0,0.0
2020-10-10 06:00:00,773.5,34.54,5.15,11.87,0.48,0.0,0.0007735
2020-10-10 07:00:00,4664.5,130.0,15.09,12.27,0.48,0.0,0.0046645
2020-10-10 08:00:00,7868.5,205.0,24.06,14.65,0.55,0.0,0.0078685
2020-10-10 09:00:00,7999.0,209.0,31.45,16.31,0.41,0.0,0.007999
2020-10-10 10:00:00,16660.0,424.0,36.49,17.52,0.14,0.0,0.01666
2020-10-10 11:00:00,21337.5,547.01,38.43,18.61,0.14,0.0,0.0213375
2020-10-10 12:00:00,20983.0,538.01,36.91,19.32,0.34,0.0,0.020983
2020-10-10 13:00:00,12814.0,331.0,32.22,19.99,0.48,0.0,0.012814
2020-10-10 14:00:00,8603.0,228.0,25.09,20.09,0.55,0.0,0.008603
2020-10-10 15:00:00,6200.0,175.0,16.28,20.0,0.76,0.0,0.0062
2020-10-10 16:00:00,967.0,39.0,6.44,19.27,1.1,0.0,0.000967
2020-10-10 17:00:00,0.0,0.0,0.0,17.78,1.24,0.0,0.0
2020-10-10 18:00:00,0.0,0.0,0.0,16.48,1.31,0.0,0.0
2020-10-10 19:00:00,0.0,0.0,0.0,14.86,1.38,0.0,0.0
2020-10-10 20:00:00,0.0,0.0,0.0,13.52,1.45,0.0,0.0
2020-10-10 21:00:00,0.0,0.0,0.0,12.73,1.31,0.0,0.0
2020-10-10 22:00:00,0.0,0.0,0.0,12.17,1.24,0.0,0.0
2020-10-10 23:00:00,0.0,0.0,0.0,12.0,1.17,0.0,0.0
2020-10-11 00:00:00,0.0,0.0,0.0,11.34,1.31,0.0,0.0
2020-10-11 01:00:00,0.0,0.0,0.0,11.04,1.31,0.0,0.0
2020-10-11 02:00:00,0.0,0.0,0.0,11.11,1.17,0.0,0.0
2020-10-11 03:00:00,0.0,0.0,0.0,11.87,0.83,0.0,0.0
2020-10-11 04:00:00,0.0,0.0,0.0,12.08,0.76,0.0,0.0
2020-10-11 05:00:00,0.0,0.0,0.0,11.46,0.9,0.0,0.0
2020-10-11 06:00:00,786.0,43.19,4.92,10.89,1.1,0.0,0.000786
2020-10-11 07:00:00,7466.5,213.0,14.84,11.25,0.76,0.0,0.0074665
2020-10-11 08:00:00,14625.5,372.01,23.78,12.82,1.03,0.0,0.0146255
2020-10-11 09:00:00,19031.5,472.01,31.13,13.95,1.31,0.0,0.0190315
2020-10-11 10:00:00,18179.5,451.01,36.14,15.04,1.45,0.0,0.0181795
2020-10-11 11:00:00,20907.0,519.01,38.05,15.8,1.66,0.0,0.020907
2020-10-11 12:00:00,0.0,0.0,0.0,15.95,2.07,0.0,0.0
2020-10-11 13:00:00,19393.0,482.01,31.85,15.95,2.07,0.0,0.019393
2020-10-11 14:00:00,14100.5,358.01,24.74,15.7,2.28,0.0,0.0141005
2020-10-11 15:00:00,7406.5,206.0,15.95,15.13,1.86,0.0,0.0074065
2020-10-11 16:00:00,770.5,32.0,6.12,14.49,1.31,0.0,0.0007705
2020-10-11 17:00:00,0.0,0.0,0.0,13.39,0.97,0.0,0.0
2020-10-11 18:00:00,0.0,0.0,0.0,12.71,0.9,0.0,0.0
2020-10-11 19:00:00,0.0,0.0,0.0,13.3,0.83,0.0,0.0
2020-10-11 20:00:00,0.0,0.0,0.0,12.78,0.62,0.0,0.0
2020-10-11 21:00:00,0.0,0.0,0.0,9.8,1.52,0.0,0.0
2020-10-11 22:00:00,0.0,0.0,0.0,8.8,1.59,0.0,0.0
2020-10-11 23:00:00,0.0,0.0,0.0,8.86,1.24,0.0,0.0
2020-10-12 00:00:00,0.0,0.0,0.0,8.57,1.17,0.0,0.0
2020-10-12 01:00:00,0.0,0.0,0.0,8.44,1.03,0.0,0.0
2020-10-12 02:00:00,0.0,0.0,0.0,8.86,0.41,0.0,0.0
2020-10-12 03:00:00,0.0,0.0,0.0,8.17,0.28,0.0,0.0
2020-10-12 04:00:00,0.0,0.0,0.0,7.41,0.83,0.0,0.0
2020-10-12 05:00:00,0.0,0.0,0.0,5.88,1.03,0.0,0.0
2020-10-12 06:00:00,737.5,34.76,4.69,5.69,0.9,0.0,0.0007375
2020-10-12 07:00:00,5889.0,161.0,14.59,8.2,0.34,0.0,0.005889
2020-10-12 08:00:00,9993.0,252.0,23.5,9.92,0.34,0.0,0.009993
2020-10-12 09:00:00,20002.0,496.01,30.81,12.43,0.76,0.0,0.020002
2020-10-12 10:00:00,23822.0,591.01,35.78,14.41,1.31,0.0,0.023822
2020-10-12 11:00:00,24821.5,619.01,37.68,15.77,1.45,0.0,0.0248215
2020-10-12 12:00:00,23129.5,581.01,36.15,16.58,1.1,0.0,0.0231295
2020-10-12 13:00:00,20177.0,511.01,31.48,17.1,0.83,0.0,0.020177
2020-10-12 14:00:00,14988.5,389.01,24.39,17.24,0.62,0.0,0.0149885
2020-10-12 15:00:00,8012.5,230.01,15.62,17.08,0.41,0.0,0.0080125
2020-10-12 16:00:00,1351.0,59.0,5.8,16.46,0.41,0.0,0.001351
2020-10-12 17:00:00,0.0,0.0,0.0,13.88,1.31,0.0,0.0
2020-10-12 18:00:00,0.0,0.0,0.0,11.49,2.0,0.0,0.0
2020-10-12 19:00:00,0.0,0.0,0.0,10.06,1.86,0.0,0.0
2020-10-12 20:00:00,0.0,0.0,0.0,8.98,1.79,0.0,0.0
2020-10-12 21:00:00,0.0,0.0,0.0,9.42,1.31,0.0,0.0
2020-10-12 22:00:00,0.0,0.0,0.0,11.0,0.69,0.0,0.0
2020-10-12 23:00:00,0.0,0.0,0.0,10.79,0.21,0.0,0.0
2020-10-13 00:00:00,0.0,0.0,0.0,10.54,0.41,0.0,0.0
2020-10-13 01:00:00,0.0,0.0,0.0,10.02,0.55,0.0,0.0
2020-10-13 02:00:00,0.0,0.0,0.0,9.38,0.55,0.0,0.0
2020-10-13 03:00:00,0.0,0.0,0.0,8.89,0.48,0.0,0.0
2020-10-13 04:00:00,0.0,0.0,0.0,8.49,0.34,0.0,0.0
2020-10-13 05:00:00,0.0,0.0,0.0,8.18,0.28,0.0,0.0
2020-10-13 06:00:00,658.0,36.49,4.46,8.03,0.28,0.0,0.000658
2020-10-13 07:00:00,7001.0,197.0,14.34,7.64,0.0,0.0,0.007001
2020-10-13 08:00:00,13785.0,348.01,23.22,10.13,0.48,0.0,0.013785
2020-10-13 09:00:00,20041.0,499.01,30.5,12.44,0.48,0.0,0.020041
2020-10-13 10:00:00,23042.0,577.01,35.43,14.04,0.41,0.0,0.023042
2020-10-13 11:00:00,24279.0,612.01,37.3,15.17,0.41,0.0,0.024279
2020-10-13 12:00:00,22714.5,574.01,35.77,15.98,0.41,0.0,0.0227145
2020-10-13 13:00:00,19871.5,502.01,31.12,16.52,0.83,0.0,0.0198715
2020-10-13 14:00:00,14727.0,380.01,24.04,16.77,1.31,0.0,0.014727
2020-10-13 15:00:00,7730.5,222.01,15.29,16.58,1.45,0.0,0.0077305
2020-10-13 16:00:00,1025.0,47.47,5.49,15.57,1.38,0.0,0.001025
2020-10-13 17:00:00,0.0,0.0,0.0,13.33,1.59,0.0,0.0
2020-10-13 18:00:00,0.0,0.0,0.0,11.2,1.52,0.0,0.0
2020-10-13 19:00:00,0.0,0.0,0.0,9.96,1.59,0.0,0.0
2020-10-13 20:00:00,0.0,0.0,0.0,9.9,1.24,0.0,0.0
2020-10-13 21:00:00,0.0,0.0,0.0,10.38,0.97,0.0,0.0
2020-10-13 22:00:00,0.0,0.0,0.0,10.14,0.83,0.0,0.0
2020-10-13 23:00:00,0.0,0.0,0.0,9.53,0.83,0.0,0.0
2020-10-14 00:00:00,0.0,0.0,0.0,9.32,0.55,0.0,0.0
2020-10-14 01:00:00,0.0,0.0,0.0,8.94,0.48,0.0,0.0
2020-10-14 02:00:00,0.0,0.0,0.0,8.73,0.48,0.0,0.0
2020-10-14 03:00:00,0.0,0.0,0.0,8.59,0.48,0.0,0.0
2020-10-14 04:00:00,0.0,0.0,0.0,8.55,0.21,0.0,0.0
2020-10-14 05:00:00,0.0,0.0,0.0,8.53,0.21,0.0,0.0
2020-10-14 06:00:00,328.0,18.0,4.22,8.52,0.34,0.0,0.000328
2020-10-14 07:00:00,2570.0,76.0,14.08,8.16,0.83,0.0,0.00257
2020-10-14 08:00:00,9537.0,242.0,22.94,10.69,0.62,0.0,0.009537
2020-10-14 09:00:00,2357.0,72.0,30.18,12.54,0.62,0.0,0.002357
2020-10-14 10:00:00,3459.0,99.0,35.08,13.62,0.69,0.0,0.003459
2020-10-14 11:00:00,10772.5,273.0,36.93,14.45,0.69,0.0,0.0107725
2020-10-14 12:00:00,21892.5,546.01,35.39,15.24,1.03,0.0,0.0218925
2020-10-14 13:00:00,17447.0,436.01,30.75,15.51,1.38,0.0,0.017447
2020-10-14 14:00:00,13604.0,349.01,23.69,15.73,1.59,0.0,0.013604
2020-10-14 15:00:00,6011.0,169.0,14.97,15.33,1.59,0.0,0.006011
2020-10-14 16:00:00,256.0,16.0,5.18,14.68,1.31,0.0,0.000256
2020-10-14 17:00:00,0.0,0.0,0.0,13.27,1.17,0.0,0.0
2020-10-14 18:00:00,0.0,0.0,0.0,11.88,1.03,0.0,0.0
2020-10-14 19:00:00,0.0,0.0,0.0,11.26,1.59,0.0,0.0
2020-10-14 20:00:00,0.0,0.0,0.0,10.48,1.38,0.0,0.0
2020-10-14 21:00:00,0.0,0.0,0.0,10.07,1.17,0.0,0.0
2020-10-14 22:00:00,0.0,0.0,0.0,9.8,1.38,0.0,0.0
2020-10-14 23:00:00,0.0,0.0,0.0,9.04,1.45,0.0,0.0
2020-10-15 00:00:00,0.0,0.0,0.0,8.73,1.45,0.0,0.0
2020-10-15 01:00:00,0.0,0.0,0.0,8.44,1.52,0.0,0.0
2020-10-15 02:00:00,0.0,0.0,0.0,8.44,1.31,0.0,0.0
2020-10-15 03:00:00,0.0,0.0,0.0,8.31,1.31,0.0,0.0
2020-10-15 04:00:00,0.0,0.0,0.0,8.39,1.45,0.0,0.0
2020-10-15 05:00:00,0.0,0.0,0.0,8.33,1.79,0.0,0.0
2020-10-15 06:00:00,303.5,17.82,3.99,8.2,2.0,0.0,0.0003035
2020-10-15 07:00:00,2350.0,71.0,13.83,9.27,1.59,0.0,0.00235
2020-10-15 08:00:00,2554.0,76.0,22.65,10.18,1.52,0.0,0.002554
2020-10-15 09:00:00,3599.5,101.0,29.86,10.71,1.52,0.0,0.0035995
2020-10-15 10:00:00,3210.0,92.0,34.73,11.21,1.52,0.0,0.00321
2020-10-15 11:00:00,11553.5,287.0,36.56,11.53,1.17,0.0,0.0115535
2020-10-15 12:00:00,5147.0,138.0,35.02,11.78,0.69,0.0,0.005147
2020-10-15 13:00:00,3991.0,111.0,30.39,11.87,0.28,0.0,0.003991
2020-10-15 14:00:00,8665.5,222.0,23.35,11.82,0.41,0.0,0.0086655
2020-10-15 15:00:00,4359.0,122.0,14.64,11.62,0.62,0.0,0.004359
2020-10-15 16:00:00,693.5,31.8,4.87,11.37,0.62,0.0,0.0006935
2020-10-15 17:00:00,0.0,0.0,0.0,10.79,0.76,0.0,0.0
2020-10-15 18:00:00,0.0,0.0,0.0,10.33,1.03,0.0,0.0
2020-10-15 19:00:00,0.0,0.0,0.0,10.13,1.1,0.0,0.0
2020-10-15 20:00:00,0.0,0.0,0.0,10.02,1.17,0.0,0.0
2020-10-15 21:00:00,0.0,0.0,0.0,9.89,1.03,0.0,0.0
2020-10-15 22:00:00,0.0,0.0,0.0,10.02,0.76,0.0,0.0
2020-10-15 23:00:00,0.0,0.0,0.0,10.02,0.69,0.0,0.0
2020-10-16 00:00:00,0.0,0.0,0.0,10.15,0.83,0.0,0.0
2020-10-16 01:00:00,0.0,0.0,0.0,10.09,0.97,0.0,0.0
2020-10-16 02:00:00,0.0,0.0,0.0,9.86,0.97,0.0,0.0
2020-10-16 03:00:00,0.0,0.0,0.0,9.67,0.83,0.0,0.0
2020-10-16 04:00:00,0.0,0.0,0.0,9.48,0.69,0.0,0.0
2020-10-16 05:00:00,0.0,0.0,0.0,9.42,0.62,0.0,0.0
2020-10-16 06:00:00,148.5,12.0,3.75,9.18,0.76,0.0,0.0001485
2020-10-16 07:00:00,3578.0,102.0,13.58,9.77,1.17,0.0,0.003578
2020-10-16 08:00:00,8567.5,219.0,22.37,11.33,1.17,0.0,0.0085675
2020-10-16 09:00:00,4499.5,123.0,29.55,12.32,1.03,0.0,0.0044995
2020-10-16 10:00:00,8679.5,222.0,34.38,13.42,0.83,0.0,0.0086795
2020-10-16 11:00:00,17589.5,438.01,36.19,14.3,0.69,0.0,0.0175895
2020-10-16 12:00:00,17706.5,443.01,34.65,15.22,0.69,0.0,0.0177065
2020-10-16 13:00:00,17359.0,438.01,30.03,15.78,0.62,0.0,0.017359
2020-10-16 14:00:00,12498.5,325.01,23.01,15.91,0.34,0.0,0.0124985
2020-10-16 15:00:00,6322.0,184.0,14.33,15.9,0.21,0.0,0.006322
2020-10-16 16:00:00,675.0,35.29,4.57,15.33,0.41,0.0,0.000675
2020-10-16 17:00:00,0.0,0.0,0.0,13.16,1.03,0.0,0.0
2020-10-16 18:00:00,0.0,0.0,0.0,11.46,1.52,0.0,0.0
2020-10-16 19:00:00,0.0,0.0,0.0,10.1,1.52,0.0,0.0
2020-10-16 20:00:00,0.0,0.0,0.0,9.61,1.38,0.0,0.0
2020-10-16 21:00:00,0.0,0.0,0.0,9.0,1.31,0.0,0.0
2020-10-16 22:00:00,0.0,0.0,0.0,8.31,1.31,0.0,0.0
2020-10-16 23:00:00,0.0,0.0,0.0,7.88,1.24,0.0,0.0
2020-10-17 00:00:00,0.0,0.0,0.0,7.6,1.24,0.0,0.0
2020-10-17 01:00:00,0.0,0.0,0.0,7.38,1.17,0.0,0.0
2020-10-17 02:00:00,0.0,0.0,0.0,7.67,0.97,0.0,0.0
2020-10-17 03:00:00,0.0,0.0,0.0,8.34,0.62,0.0,0.0
2020-10-17 04:00:00,0.0,0.0,0.0,7.83,0.55,0.0,0.0
2020-10-17 05:00:00,0.0,0.0,0.0,7.42,0.48,0.0,0.0
2020-10-17 06:00:00,386.0,23.65,3.52,7.13,0.41,0.0,0.000386
2020-10-17 07:00:00,6332.5,183.0,13.32,6.43,0.55,0.0,0.0063325
2020-10-17 08:00:00,13422.5,341.01,22.09,8.99,0.41,0.0,0.0134225
2020-10-17 09:00:00,18936.5,474.01,29.23,11.85,0.0,0.0,0.0189365
2020-10-17 10:00:00,22075.5,552.01,34.04,14.07,0.48,0.0,0.0220755
2020-10-17 11:00:00,23329.5,585.01,35.82,15.61,0.83,0.0,0.0233295
2020-10-17 12:00:00,21659.0,544.01,34.28,16.52,1.03,0.0,0.021659
2020-10-17 13:00:00,18656.5,472.01,29.68,16.97,1.1,0.0,0.0186565
2020-10-17 14:00:00,13294.0,347.01,22.68,17.17,1.31,0.0,0.013294
2020-10-17 15:00:00,6515.0,193.0,14.01,16.97,1.45,0.0,0.006515
2020-10-17 16:00:00,586.0,31.81,4.27,16.08,1.03,0.0,0.000586
2020-10-17 17:00:00,0.0,0.0,0.0,14.2,0.97,0.0,0.0
2020-10-17 18:00:00,0.0,0.0,0.0,12.72,1.03,0.0,0.0
2020-10-17 19:00:00,0.0,0.0,0.0,13.26,0.48,0.0,0.0
2020-10-17 20:00:00,0.0,0.0,0.0,12.89,0.34,0.0,0.0
2020-10-17 21:00:00,0.0,0.0,0.0,12.27,0.48,0.0,0.0
2020-10-17 22:00:00,0.0,0.0,0.0,11.44,0.48,0.0,0.0
2020-10-17 23:00:00,0.0,0.0,0.0,10.61,0.62,0.0,0.0
2020-10-18 00:00:00,0.0,0.0,0.0,10.1,0.62,0.0,0.0
2020-10-18 01:00:00,0.0,0.0,0.0,9.67,0.62,0.0,0.0
2020-10-18 02:00:00,0.0,0.0,0.0,9.42,0.48,0.0,0.0
2020-10-18 03:00:00,0.0,0.0,0.0,9.13,0.41,0.0,0.0
2020-10-18 04:00:00,0.0,0.0,0.0,9.24,0.48,0.0,0.0
2020-10-18 05:00:00,0.0,0.0,0.0,9.55,0.48,0.0,0.0
2020-10-18 06:00:00,48.0,8.0,3.28,9.46,0.76,0.0,4.8e-05
2020-10-18 07:00:00,2376.0,72.0,13.06,10.15,0.41,0.0,0.002376
2020-10-18 08:00:00,6042.0,159.0,21.8,11.07,0.55,0.0,0.006042
2020-10-18 09:00:00,8093.5,207.0,28.92,12.11,0.9,0.0,0.0080935
2020-10-18 10:00:00,15086.0,373.0,33.69,13.04,1.24,0.0,0.015086
2020-10-18 11:00:00,19975.5,493.01,35.46,13.66,1.24,0.0,0.0199755
2020-10-18 12:00:00,17057.5,423.01,33.91,14.26,1.24,0.0,0.0170575
2020-10-18 13:00:00,17221.5,431.01,29.32,14.46,0.97,0.0,0.0172215
2020-10-18 14:00:00,12874.5,334.01,22.35,14.92,0.9,0.0,0.0128745
2020-10-18 15:00:00,6286.0,186.0,13.7,14.81,0.62,0.0,0.006286
2020-10-18 16:00:00,504.0,27.55,3.97,14.32,0.55,0.0,0.000504
2020-10-18 17:00:00,0.0,0.0,0.0,13.34,0.69,0.0,0.0
2020-10-18 18:00:00,0.0,0.0,0.0,12.59,0.97,0.0,0.0
2020-10-18 19:00:00,0.0,0.0,0.0,12.16,1.03,0.0,0.0
2020-10-18 20:00:00,0.0,0.0,0.0,11.4,1.03,0.0,0.0
2020-10-18 21:00:00,0.0,0.0,0.0,11.07,1.03,0.0,0.0
2020-10-18 22:00:00,0.0,0.0,0.0,10.72,0.97,0.0,0.0
2020-10-18 23:00:00,0.0,0.0,0.0,11.03,0.76,0.0,0.0
2020-10-19 00:00:00,0.0,0.0,0.0,11.13,0.55,0.0,0.0
2020-10-19 01:00:00,0.0,0.0,0.0,11.02,0.48,0.0,0.0
2020-10-19 02:00:00,0.0,0.0,0.0,11.11,0.41,0.0,0.0
2020-10-19 03:00:00,0.0,0.0,0.0,11.03,0.55,0.0,0.0
2020-10-19 04:00:00,0.0,0.0,0.0,10.57,0.76,0.0,0.0
2020-10-19 05:00:00,0.0,0.0,0.0,10.23,1.03,0.0,0.0
2020-10-19 06:00:00,70.5,9.0,3.05,10.21,1.03,0.0,7.05e-05
2020-10-19 07:00:00,1810.0,58.0,12.81,10.59,1.1,0.0,0.00181
2020-10-19 08:00:00,4946.0,133.0,21.52,11.27,1.17,0.0,0.004946
2020-10-19 09:00:00,15481.5,382.01,28.6,11.97,1.52,0.0,0.0154815
2020-10-19 10:00:00,12325.5,306.0,33.35,12.55,1.52,0.0,0.0123255
2020-10-19 11:00:00,15687.0,387.0,35.09,13.17,1.45,0.0,0.015687
2020-10-19 12:00:00,18307.5,452.01,33.55,13.81,1.45,0.0,0.0183075
2020-10-19 13:00:00,16608.5,414.01,28.97,14.19,1.38,0.0,0.0166085
2020-10-19 14:00:00,12878.0,333.01,22.02,14.28,1.38,0.0,0.012878
2020-10-19 15:00:00,5941.0,175.0,13.39,14.08,1.31,0.0,0.005941
2020-10-19 16:00:00,362.5,21.36,3.68,13.84,1.31,0.0,0.0003625
2020-10-19 17:00:00,0.0,0.0,0.0,13.17,1.38,0.0,0.0
2020-10-19 18:00:00,0.0,0.0,0.0,12.77,1.31,0.0,0.0
2020-10-19 19:00:00,0.0,0.0,0.0,12.1,1.66,0.0,0.0
2020-10-19 20:00:00,0.0,0.0,0.0,11.74,1.66,0.0,0.0
2020-10-19 21:00:00,0.0,0.0,0.0,11.44,1.66,0.0,0.0
2020-10-19 22:00:00,0.0,0.0,0.0,11.46,1.59,0.0,0.0
2020-10-19 23:00:00,0.0,0.0,0.0,11.02,1.31,0.0,0.0
2020-10-20 00:00:00,0.0,0.0,0.0,10.94,1.17,0.0,0.0
2020-10-20 01:00:00,0.0,0.0,0.0,11.03,1.17,0.0,0.0
2020-10-20 02:00:00,0.0,0.0,0.0,11.02,1.1,0.0,0.0
2020-10-20 03:00:00,0.0,0.0,0.0,11.08,1.1,0.0,0.0
2020-10-20 04:00:00,0.0,0.0,0.0,11.31,1.1,0.0,0.0
2020-10-20 05:00:00,0.0,0.0,0.0,11.2,1.1,0.0,0.0
2020-10-20 06:00:00,0.0,2.0,2.81,11.23,0.97,0.0,0.0
2020-10-20 07:00:00,1296.0,45.0,12.55,10.48,1.17,0.0,0.001296
2020-10-20 08:00:00,4986.5,134.0,21.24,11.25,1.17,0.0,0.0049865
2020-10-20 09:00:00,4039.0,112.0,28.29,12.16,1.38,0.0,0.004039
2020-10-20 10:00:00,7278.5,188.0,33.0,12.72,1.52,0.0,0.0072785
2020-10-20 11:00:00,8960.0,228.0,34.73,13.47,1.52,0.0,0.00896
2020-10-20 12:00:00,12919.5,321.0,33.19,13.38,1.66,0.0,0.0129195
2020-10-20 13:00:00,10775.5,271.0,28.63,13.61,1.72,0.0,0.0107755
2020-10-20 14:00:00,2878.5,85.0,21.69,13.89,1.72,0.0,0.0028785
2020-10-20 15:00:00,2093.5,66.0,13.08,13.88,1.66,0.0,0.0020935
2020-10-20 16:00:00,5.5,6.0,3.39,13.5,1.66,0.0,5.5e-06
2020-10-20 17:00:00,0.0,0.0,0.0,12.95,1.93,0.0,0.0
2020-10-20 18:00:00,0.0,0.0,0.0,12.82,1.66,0.0,0.0
2020-10-20 19:00:00,0.0,0.0,0.0,11.91,1.79,0.0,0.0
2020-10-20 20:00:00,0.0,0.0,0.0,11.96,1.66,0.0,0.0
2020-10-20 21:00:00,0.0,0.0,0.0,11.86,1.52,0.0,0.0
2020-10-20 22:00:00,0.0,0.0,0.0,11.82,1.45,0.0,0.0
2020-10-20 23:00:00,0.0,0.0,0.0,11.7,1.38,0.0,0.0
2020-10-21 00:00:00,0.0,0.0,0.0,11.62,1.24,0.0,0.0
2020-10-21 01:00:00,0.0,0.0,0.0,11.6,1.17,0.0,0.0
2020-10-21 02:00:00,0.0,0.0,0.0,11.43,1.24,0.0,0.0
2020-10-21 03:00:00,0.0,0.0,0.0,11.33,1.17,0.0,0.0
2020-10-21 04:00:00,0.0,0.0,0.0,11.37,0.97,0.0,0.0
2020-10-21 05:00:00,0.0,0.0,0.0,11.43,0.9,0.0,0.0
2020-10-21 06:00:00,0.0,3.0,2.57,11.44,0.83,0.0,0.0
2020-10-21 07:00:00,231.5,15.0,12.3,11.11,1.1,0.0,0.0002315
2020-10-21 08:00:00,1764.0,57.0,20.96,11.22,1.03,0.0,0.001764
2020-10-21 09:00:00,1762.0,57.0,27.97,11.44,0.9,0.0,0.001762
2020-10-21 10:00:00,3033.5,88.0,32.66,11.53,0.83,0.0,0.0030335
2020-10-21 11:00:00,3410.5,97.0,34.37,11.56,0.76,0.0,0.0034105
2020-10-21 12:00:00,2613.5,78.0,32.83,11.77,0.69,0.0,0.0026135
2020-10-21 13:00:00,2079.0,65.0,28.29,11.99,0.83,0.0,0.002079
2020-10-21 14:00:00,1324.0,46.0,21.37,12.05,0.9,0.0,0.001324
2020-10-21 15:00:00,690.5,29.0,12.78,12.07,1.03,0.0,0.0006905
2020-10-21 16:00:00,119.0,11.0,3.1,11.96,0.9,0.0,0.000119
2020-10-21 17:00:00,0.0,0.0,0.0,11.88,0.9,0.0,0.0
2020-10-21 18:00:00,0.0,0.0,0.0,11.82,0.9,0.0,0.0
2020-10-21 19:00:00,0.0,0.0,0.0,11.79,0.69,0.0,0.0
2020-10-21 20:00:00,0.0,0.0,0.0,11.88,0.55,0.0,0.0
2020-10-21 21:00:00,0.0,0.0,0.0,11.88,0.69,0.0,0.0
2020-10-21 22:00:00,0.0,0.0,0.0,11.83,0.69,0.0,0.0
2020-10-21 23:00:00,0.0,0.0,0.0,11.76,0.83,0.0,0.0
2020-10-22 00:00:00,0.0,0.0,0.0,11.68,1.1,0.0,0.0
2020-10-22 01:00:00,0.0,0.0,0.0,11.48,1.03,0.0,0.0
2020-10-22 02:00:00,0.0,0.0,0.0,11.45,1.03,0.0,0.0
2020-10-22 03:00:00,0.0,0.0,0.0,11.4,0.97,0.0,0.0
2020-10-22 04:00:00,0.0,0.0,0.0,11.35,0.83,0.0,0.0
2020-10-22 05:00:00,0.0,0.0,0.0,11.3,0.83,0.0,0.0
2020-10-22 06:00:00,0.0,0.0,0.0,11.25,0.97,0.0,0.0
2020-10-22 07:00:00,322.5,18.0,12.04,11.51,0.55,0.0,0.0003225
2020-10-22 08:00:00,655.5,28.0,20.67,11.96,0.76,0.0,0.0006555
2020-10-22 09:00:00,1398.5,48.0,27.66,12.44,0.9,0.0,0.0013985
2020-10-22 10:00:00,2347.5,72.0,32.32,13.4,0.83,0.0,0.0023475
2020-10-22 11:00:00,3664.5,104.0,34.02,13.88,0.83,0.0,0.0036645
2020-10-22 12:00:00,2177.0,68.0,32.48,14.16,0.83,0.0,0.002177
2020-10-22 13:00:00,1384.0,48.0,27.95,14.44,0.83,0.0,0.001384
2020-10-22 14:00:00,1155.5,42.0,21.05,14.4,0.55,0.0,0.0011555
2020-10-22 15:00:00,1118.5,41.0,12.48,14.31,0.48,0.0,0.0011185
2020-10-22 16:00:00,0.0,2.0,2.82,14.09,0.62,0.0,0.0
2020-10-22 17:00:00,0.0,0.0,0.0,13.8,0.76,0.0,0.0
2020-10-22 18:00:00,0.0,0.0,0.0,13.57,0.69,0.0,0.0
2020-10-22 19:00:00,0.0,0.0,0.0,12.04,0.07,0.0,0.0
2020-10-22 20:00:00,0.0,0.0,0.0,11.99,0.41,0.0,0.0
2020-10-22 21:00:00,0.0,0.0,0.0,11.88,0.76,0.0,0.0
2020-10-22 22:00:00,0.0,0.0,0.0,11.77,0.76,0.0,0.0
2020-10-22 23:00:00,0.0,0.0,0.0,11.67,0.69,0.0,0.0
2020-10-23 00:00:00,0.0,0.0,0.0,11.63,0.9,0.0,0.0
2020-10-23 01:00:00,0.0,0.0,0.0,11.61,0.76,0.0,0.0
2020-10-23 02:00:00,0.0,0.0,0.0,11.58,0.28,0.0,0.0
2020-10-23 03:00:00,0.0,0.0,0.0,11.57,0.62,0.0,0.0
2020-10-23 04:00:00,0.0,0.0,0.0,11.49,0.62,0.0,0.0
2020-10-23 05:00:00,0.0,0.0,0.0,11.49,0.62,0.0,0.0
2020-10-23 06:00:00,0.0,0.0,0.0,11.47,0.62,0.0,0.0
2020-10-23 07:00:00,2029.0,64.0,11.78,11.05,0.83,0.0,0.002029
2020-10-23 08:00:00,2248.0,69.0,20.39,11.34,0.62,0.0,0.002248
2020-10-23 09:00:00,3490.0,99.0,27.35,11.82,0.76,0.0,0.00349
2020-10-23 10:00:00,2442.5,74.0,31.98,12.26,0.69,0.0,0.0024425
2020-10-23 11:00:00,2851.5,84.0,33.66,12.56,0.76,0.0,0.0028515
2020-10-23 12:00:00,1750.0,57.0,32.12,12.8,0.9,0.0,0.00175
2020-10-23 13:00:00,1905.5,61.0,27.61,13.33,1.31,0.0,0.0019055
2020-10-23 14:00:00,2266.0,70.0,20.74,13.6,1.45,0.0,0.002266
2020-10-23 15:00:00,318.5,18.0,12.19,13.52,1.45,0.0,0.0003185
2020-10-23 16:00:00,0.0,2.0,2.54,13.33,1.31,0.0,0.0
2020-10-23 17:00:00,0.0,0.0,0.0,12.98,0.83,0.0,0.0
2020-10-23 18:00:00,0.0,0.0,0.0,12.86,0.9,0.0,0.0
2020-10-23 19:00:00,0.0,0.0,0.0,12.08,1.31,0.0,0.0
2020-10-23 20:00:00,0.0,0.0,0.0,12.13,1.45,0.0,0.0
2020-10-23 21:00:00,0.0,0.0,0.0,12.04,1.24,0.0,0.0
2020-10-23 22:00:00,0.0,0.0,0.0,11.92,0.97,0.0,0.0
2020-10-23 23:00:00,0.0,0.0,0.0,11.86,0.69,0.0,0.0
2020-10-24 00:00:00,0.0,0.0,0.0,11.79,0.62,0.0,0.0
2020-10-24 01:00:00,0.0,0.0,0.0,11.92,0.55,0.0,0.0
2020-10-24 02:00:00,0.0,0.0,0.0,11.93,0.48,0.0,0.0
2020-10-24 03:00:00,0.0,0.0,0.0,11.9,0.69,0.0,0.0
2020-10-24 04:00:00,0.0,0.0,0.0,11.88,0.83,0.0,0.0
2020-10-24 05:00:00,0.0,0.0,0.0,11.73,0.83,0.0,0.0
2020-10-24 06:00:00,0.0,0.0,0.0,11.87,1.03,0.0,0.0
2020-10-24 07:00:00,2673.0,81.0,11.53,11.46,1.03,0.0,0.002673
2020-10-24 08:00:00,5458.0,146.0,20.11,12.56,1.66,0.0,0.005458
2020-10-24 09:00:00,5740.5,153.0,27.04,14.06,1.59,0.0,0.0057405
2020-10-24 10:00:00,15919.0,399.01,31.65,15.49,0.97,0.0,0.015919
2020-10-24 11:00:00,17258.0,436.01,33.31,16.77,0.55,0.0,0.017258
2020-10-24 12:00:00,18471.0,472.01,31.78,17.88,0.21,0.0,0.018471
2020-10-24 13:00:00,16127.0,418.01,27.28,18.48,0.07,0.0,0.016127
2020-10-24 14:00:00,11342.5,307.01,20.43,18.78,0.21,0.0,0.0113425
2020-10-24 15:00:00,4878.5,156.0,11.9,18.61,0.34,0.0,0.0048785
2020-10-24 16:00:00,0.0,0.0,0.0,18.1,0.34,0.0,0.0
2020-10-24 17:00:00,0.0,0.0,0.0,17.21,0.07,0.0,0.0
2020-10-24 18:00:00,0.0,0.0,0.0,16.17,0.07,0.0,0.0
2020-10-24 19:00:00,0.0,0.0,0.0,13.48,0.9,0.0,0.0
2020-10-24 20:00:00,0.0,0.0,0.0,12.97,0.9,0.0,0.0
2020-10-24 21:00:00,0.0,0.0,0.0,12.38,0.83,0.0,0.0
2020-10-24 22:00:00,0.0,0.0,0.0,11.98,0.69,0.0,0.0
2020-10-24 23:00:00,0.0,0.0,0.0,11.83,0.55,0.0,0.0
2020-10-25 00:00:00,0.0,0.0,0.0,11.59,0.55,0.0,0.0
2020-10-25 01:00:00,0.0,0.0,0.0,10.94,0.62,0.0,0.0
2020-10-25 02:00:00,0.0,0.0,0.0,10.51,0.69,0.0,0.0
2020-10-25 03:00:00,0.0,0.0,0.0,10.61,0.48,0.0,0.0
2020-10-25 04:00:00,0.0,0.0,0.0,10.61,0.34,0.0,0.0
2020-10-25 05:00:00,0.0,0.0,0.0,10.59,0.34,0.0,0.0
2020-10-25 06:00:00,0.0,0.0,0.0,9.98,0.83,0.0,0.0
2020-10-25 07:00:00,3134.5,94.0,11.27,11.38,1.66,0.0,0.0031345
2020-10-25 08:00:00,2531.5,76.0,19.83,12.09,1.86,0.0,0.0025315
2020-10-25 09:00:00,2900.5,85.0,26.73,12.49,2.21,0.0,0.0029005
2020-10-25 10:00:00,10697.0,268.0,31.31,13.27,2.07,0.0,0.010697
2020-10-25 11:00:00,9384.0,238.0,32.97,13.78,1.79,0.0,0.009384
2020-10-25 12:00:00,6596.5,173.0,31.43,14.09,1.79,0.0,0.0065965
2020-10-25 13:00:00,6590.0,173.0,26.95,14.27,1.86,0.0,0.00659
2020-10-25 14:00:00,2789.5,83.0,20.12,14.34,1.66,0.0,0.0027895
2020-10-25 15:00:00,2078.5,66.0,11.62,14.17,1.38,0.0,0.0020785
2020-10-25 16:00:00,0.0,0.0,0.0,13.85,1.45,0.0,0.0
2020-10-25 17:00:00,0.0,0.0,0.0,13.28,1.59,0.0,0.0
2020-10-25 18:00:00,0.0,0.0,0.0,12.75,1.38,0.0,0.0
2020-10-25 19:00:00,0.0,0.0,0.0,12.85,1.52,0.0,0.0
2020-10-25 20:00:00,0.0,0.0,0.0,12.66,1.45,0.0,0.0
2020-10-25 21:00:00,0.0,0.0,0.0,12.42,1.24,0.0,0.0
2020-10-25 22:00:00,0.0,0.0,0.0,12.26,1.03,0.0,0.0
2020-10-25 23:00:00,0.0,0.0,0.0,12.16,0.83,0.0,0.0
2020-10-26 00:00:00,0.0,0.0,0.0,12.24,0.69,0.0,0.0
2020-10-26 01:00:00,0.0,0.0,0.0,12.18,0.62,0.0,0.0
2020-10-26 02:00:00,0.0,0.0,0.0,12.38,0.55,0.0,0.0
2020-10-26 03:00:00,0.0,0.0,0.0,12.36,0.55,0.0,0.0
2020-10-26 04:00:00,0.0,0.0,0.0,12.48,0.48,0.0,0.0
2020-10-26 05:00:00,0.0,0.0,0.0,12.08,0.76,0.0,0.0
2020-10-26 06:00:00,0.0,0.0,0.0,12.15,0.69,0.0,0.0
2020-10-26 07:00:00,174.0,13.0,11.01,11.39,1.45,0.0,0.000174
2020-10-26 08:00:00,1288.0,45.0,19.55,11.87,2.0,0.0,0.001288
2020-10-26 09:00:00,2778.0,82.0,26.42,12.3,2.07,0.0,0.002778
2020-10-26 10:00:00,4378.5,120.0,30.98,12.38,1.79,0.0,0.0043785
2020-10-26 11:00:00,5266.0,141.0,32.62,12.64,1.52,0.0,0.005266
2020-10-26 12:00:00,2931.0,86.0,31.09,12.85,0.9,0.0,0.002931
2020-10-26 13:00:00,2025.0,64.0,26.63,13.04,0.14,0.0,0.002025
2020-10-26 14:00:00,1013.5,38.0,19.82,12.96,0.28,0.0,0.0010135
2020-10-26 15:00:00,977.0,37.0,11.33,12.87,0.14,0.0,0.000977
2020-10-26 16:00:00,0.0,0.0,0.0,12.74,0.41,0.0,0.0
2020-10-26 17:00:00,0.0,0.0,0.0,12.28,0.76,0.0,0.0
2020-10-26 18:00:00,0.0,0.0,0.0,11.86,0.62,0.0,0.0
2020-10-26 19:00:00,0.0,0.0,0.0,12.24,1.31,0.0,0.0
2020-10-26 20:00:00,0.0,0.0,0.0,11.49,1.52,0.0,0.0
2020-10-26 21:00:00,0.0,0.0,0.0,11.13,0.97,0.0,0.0
2020-10-26 22:00:00,0.0,0.0,0.0,10.75,1.1,0.0,0.0
2020-10-26 23:00:00,0.0,0.0,0.0,10.44,1.59,0.0,0.0
2020-10-27 00:00:00,0.0,0.0,0.0,10.38,1.72,0.0,0.0
2020-10-27 01:00:00,0.0,0.0,0.0,10.32,2.0,0.0,0.0
2020-10-27 02:00:00,0.0,0.0,0.0,9.85,2.41,0.0,0.0
2020-10-27 03:00:00,0.0,0.0,0.0,9.32,2.41,0.0,0.0
2020-10-27 04:00:00,0.0,0.0,0.0,8.85,2.28,0.0,0.0
2020-10-27 05:00:00,0.0,0.0,0.0,8.16,1.93,0.0,0.0
2020-10-27 06:00:00,0.0,0.0,0.0,7.43,1.59,0.0,0.0
2020-10-27 07:00:00,4314.0,134.0,10.76,7.96,1.86,0.0,0.004314
2020-10-27 08:00:00,11238.0,291.01,19.27,9.05,1.66,0.0,0.011238
2020-10-27 09:00:00,16998.0,422.01,26.12,11.14,1.45,0.0,0.016998
2020-10-27 10:00:00,20300.0,504.01,30.65,13.32,1.1,0.0,0.0203
2020-10-27 11:00:00,21372.5,535.01,32.28,15.14,0.97,0.0,0.0213725
2020-10-27 12:00:00,20251.5,511.01,30.75,16.21,0.9,0.0,0.0202515
2020-10-27 13:00:00,16801.0,431.01,26.31,16.69,0.69,0.0,0.016801
2020-10-27 14:00:00,11239.0,303.01,19.52,16.77,0.83,0.0,0.011239
2020-10-27 15:00:00,4601.0,150.0,11.06,16.38,0.83,0.0,0.004601
2020-10-27 16:00:00,0.0,0.0,0.0,14.87,0.83,0.0,0.0
2020-10-27 17:00:00,0.0,0.0,0.0,14.41,0.76,0.0,0.0
2020-10-27 18:00:00,0.0,0.0,0.0,13.56,0.48,0.0,0.0
2020-10-27 19:00:00,0.0,0.0,0.0,11.6,0.97,0.0,0.0
2020-10-27 20:00:00,0.0,0.0,0.0,11.03,0.62,0.0,0.0
2020-10-27 21:00:00,0.0,0.0,0.0,10.28,0.48,0.0,0.0
2020-10-27 22:00:00,0.0,0.0,0.0,9.81,0.34,0.0,0.0
2020-10-27 23:00:00,0.0,0.0,0.0,9.52,0.41,0.0,0.0
2020-10-28 00:00:00,0.0,0.0,0.0,9.05,0.62,0.0,0.0
2020-10-28 01:00:00,0.0,0.0,0.0,8.15,0.69,0.0,0.0
2020-10-28 02:00:00,0.0,0.0,0.0,7.57,0.69,0.0,0.0
2020-10-28 03:00:00,0.0,0.0,0.0,7.09,0.69,0.0,0.0
2020-10-28 04:00:00,0.0,0.0,0.0,6.68,0.62,0.0,0.0
2020-10-28 05:00:00,0.0,0.0,0.0,6.35,0.48,0.0,0.0
2020-10-28 06:00:00,0.0,0.0,0.0,6.3,0.41,0.0,0.0
2020-10-28 07:00:00,4123.0,130.0,10.5,7.85,0.07,0.0,0.004123
2020-10-28 08:00:00,10911.0,288.01,18.99,9.76,0.0,0.0,0.010911
2020-10-28 09:00:00,16366.0,413.01,25.81,12.2,0.34,0.0,0.016366
2020-10-28 10:00:00,19686.0,494.01,30.32,14.05,0.48,0.0,0.019686
2020-10-28 11:00:00,20630.5,520.01,31.94,15.21,0.41,0.0,0.0206305
2020-10-28 12:00:00,19699.0,499.01,30.42,16.16,0.55,0.0,0.019699
2020-10-28 13:00:00,16246.0,417.01,25.99,16.74,0.76,0.0,0.016246
2020-10-28 14:00:00,11179.0,304.01,19.23,17.05,0.9,0.0,0.011179
2020-10-28 15:00:00,4235.5,139.0,10.79,16.76,0.97,0.0,0.0042355
2020-10-28 16:00:00,0.0,0.0,0.0,15.22,1.1,0.0,0.0
2020-10-28 17:00:00,0.0,0.0,0.0,12.86,1.24,0.0,0.0
2020-10-28 18:00:00,0.0,0.0,0.0,11.94,0.9,0.0,0.0
2020-10-28 19:00:00,0.0,0.0,0.0,11.56,0.62,0.0,0.0
2020-10-28 20:00:00,0.0,0.0,0.0,10.86,0.69,0.0,0.0
2020-10-28 21:00:00,0.0,0.0,0.0,10.22,0.62,0.0,0.0
2020-10-28 22:00:00,0.0,0.0,0.0,9.78,0.62,0.0,0.0
2020-10-28 23:00:00,0.0,0.0,0.0,9.43,0.41,0.0,0.0
2020-10-29 00:00:00,0.0,0.0,0.0,9.14,0.28,0.0,0.0
2020-10-29 01:00:00,0.0,0.0,0.0,8.69,0.07,0.0,0.0
2020-10-29 02:00:00,0.0,0.0,0.0,8.37,0.21,0.0,0.0
2020-10-29 03:00:00,0.0,0.0,0.0,8.08,0.07,0.0,0.0
2020-10-29 04:00:00,0.0,0.0,0.0,7.89,0.21,0.0,0.0
2020-10-29 05:00:00,0.0,0.0,0.0,7.69,0.28,0.0,0.0
2020-10-29 06:00:00,0.0,0.0,0.0,7.45,0.55,0.0,0.0
2020-10-29 07:00:00,2478.5,76.0,10.25,8.2,0.34,0.0,0.0024785
2020-10-29 08:00:00,9656.5,253.01,18.71,9.7,0.34,0.0,0.0096565
2020-10-29 09:00:00,12523.5,315.0,25.51,12.18,0.55,0.0,0.0125235
2020-10-29 10:00:00,16745.5,419.01,30.0,13.92,0.55,0.0,0.0167455
2020-10-29 11:00:00,15915.5,402.01,31.61,15.25,0.07,0.0,0.0159155
2020-10-29 12:00:00,17000.0,431.01,30.09,16.2,0.34,0.0,0.017
2020-10-29 13:00:00,13841.5,357.01,25.68,16.97,0.21,0.0,0.0138415
2020-10-29 14:00:00,8580.0,232.0,18.94,17.22,0.07,0.0,0.00858
2020-10-29 15:00:00,3422.0,109.0,10.52,16.98,0.14,0.0,0.003422
2020-10-29 16:00:00,0.0,0.0,0.0,15.69,0.83,0.0,0.0
2020-10-29 17:00:00,0.0,0.0,0.0,14.11,0.97,0.0,0.0
2020-10-29 18:00:00,0.0,0.0,0.0,13.78,0.55,0.0,0.0
2020-10-29 19:00:00,0.0,0.0,0.0,12.96,0.69,0.0,0.0
2020-10-29 20:00:00,0.0,0.0,0.0,12.33,0.83,0.0,0.0
2020-10-29 21:00:00,0.0,0.0,0.0,11.23,0.83,0.0,0.0
2020-10-29 22:00:00,0.0,0.0,0.0,11.09,0.76,0.0,0.0
2020-10-29 23:00:00,0.0,0.0,0.0,10.86,0.21,0.0,0.0
2020-10-30 00:00:00,0.0,0.0,0.0,10.59,0.21,0.0,0.0
2020-10-30 01:00:00,0.0,0.0,0.0,10.07,0.28,0.0,0.0
2020-10-30 02:00:00,0.0,0.0,0.0,9.63,0.69,0.0,0.0
2020-10-30 03:00:00,0.0,0.0,0.0,8.77,0.83,0.0,0.0
2020-10-30 04:00:00,0.0,0.0,0.0,8.42,0.9,0.0,0.0
2020-10-30 05:00:00,0.0,0.0,0.0,8.67,0.69,0.0,0.0
2020-10-30 06:00:00,0.0,0.0,0.0,8.82,0.55,0.0,0.0
2020-10-30 07:00:00,3310.0,104.0,9.99,9.65,0.34,0.0,0.00331
2020-10-30 08:00:00,9223.5,244.01,18.43,11.43,0.41,0.0,0.0092235
2020-10-30 09:00:00,13001.0,329.01,25.21,13.17,0.48,0.0,0.013001
2020-10-30 10:00:00,18170.5,458.01,29.68,14.96,0.48,0.0,0.0181705
2020-10-30 11:00:00,15693.0,397.01,31.28,16.38,0.48,0.0,0.015693
2020-10-30 12:00:00,18894.0,483.01,29.77,17.68,0.48,0.0,0.018894
2020-10-30 13:00:00,14337.0,372.01,25.37,18.46,0.55,0.0,0.014337
2020-10-30 14:00:00,8678.0,236.0,18.66,18.73,0.9,0.0,0.008678
2020-10-30 15:00:00,3891.0,132.0,10.25,18.38,1.03,0.0,0.003891
2020-10-30 16:00:00,0.0,0.0,0.0,16.86,1.38,0.0,0.0
2020-10-30 17:00:00,0.0,0.0,0.0,14.58,1.1,0.0,0.0
2020-10-30 18:00:00,0.0,0.0,0.0,14.03,0.69,0.0,0.0
2020-10-30 19:00:00,0.0,0.0,0.0,11.98,1.17,0.0,0.0
2020-10-30 20:00:00,0.0,0.0,0.0,11.84,0.9,0.0,0.0
2020-10-30 21:00:00,0.0,0.0,0.0,12.1,0.69,0.0,0.0
2020-10-30 22:00:00,0.0,0.0,0.0,11.63,0.69,0.0,0.0
2020-10-30 23:00:00,0.0,0.0,0.0,11.07,0.62,0.0,0.0
2020-10-31 00:00:00,0.0,0.0,0.0,10.8,0.62,0.0,0.0
2020-10-31 01:00:00,0.0,0.0,0.0,10.38,0.62,0.0,0.0
2020-10-31 02:00:00,0.0,0.0,0.0,10.17,0.55,0.0,0.0
2020-10-31 03:00:00,0.0,0.0,0.0,9.71,0.62,0.0,0.0
2020-10-31 04:00:00,0.0,0.0,0.0,9.44,0.69,0.0,0.0
2020-10-31 05:00:00,0.0,0.0,0.0,9.34,0.69,0.0,0.0
2020-10-31 06:00:00,0.0,0.0,0.0,9.19,0.76,0.0,0.0
2020-10-31 07:00:00,3389.5,109.0,9.74,9.17,0.76,0.0,0.0033895
2020-10-31 08:00:00,8855.5,234.01,18.16,10.99,0.55,0.0,0.0088555
2020-10-31 09:00:00,13980.5,353.01,24.91,12.12,0.34,0.0,0.0139805
2020-10-31 10:00:00,18539.0,465.01,29.36,13.37,0.34,0.0,0.018539
2020-10-31 11:00:00,19567.0,493.01,30.95,14.82,0.34,0.0,0.019567
2020-10-31 12:00:00,18605.5,472.01,29.45,16.2,0.55,0.0,0.0186055
2020-10-31 13:00:00,15195.0,393.01,25.07,17.31,0.62,0.0,0.015195
2020-10-31 14:00:00,8134.0,221.0,18.38,17.69,0.48,0.0,0.008134
2020-10-31 15:00:00,3693.5,125.0,10.0,17.59,0.48,0.0,0.0036935
2020-10-31 16:00:00,0.0,0.0,0.0,16.46,0.97,0.0,0.0
2020-10-31 17:00:00,0.0,0.0,0.0,14.22,1.17,0.0,0.0
2020-10-31 18:00:00,0.0,0.0,0.0,12.74,1.1,0.0,0.0
2020-10-31 19:00:00,0.0,0.0,0.0,11.65,1.38,0.0,0.0
2020-10-31 20:00:00,0.0,0.0,0.0,11.42,0.97,0.0,0.0
2020-10-31 21:00:00,0.0,0.0,0.0,11.96,0.34,0.0,0.0
2020-10-31 22:00:00,0.0,0.0,0.0,11.69,0.48,0.0,0.0
2020-10-31 23:00:00,0.0,0.0,0.0,10.52,1.17,0.0,0.0
2020-11-01 00:00:00,0.0,0.0,0.0,10.13,1.03,0.0,0.0
2020-11-01 01:00:00,0.0,0.0,0.0,9.78,1.17,0.0,0.0
2020-11-01 02:00:00,0.0,0.0,0.0,10.07,1.03,0.0,0.0
2020-11-01 03:00:00,0.0,0.0,0.0,10.77,0.69,0.0,0.0
2020-11-01 04:00:00,0.0,0.0,0.0,10.57,0.76,0.0,0.0
2020-11-01 05:00:00,0.0,0.0,0.0,10.51,0.76,0.0,0.0
2020-11-01 06:00:00,0.0,0.0,0.0,10.44,0.83,0.0,0.0
2020-11-01 07:00:00,520.5,24.0,9.48,10.78,0.28,0.0,0.0005205
2020-11-01 08:00:00,6192.5,165.0,17.88,11.4,0.55,0.0,0.0061925
2020-11-01 09:00:00,5524.0,147.0,24.61,12.08,0.83,0.0,0.005524
2020-11-01 10:00:00,7203.5,187.0,29.04,12.95,0.69,0.0,0.0072035
2020-11-01 11:00:00,5222.0,141.0,30.63,13.87,0.69,0.0,0.005222
2020-11-01 12:00:00,10612.5,270.0,29.13,14.71,0.55,0.0,0.0106125
2020-11-01 13:00:00,9928.0,256.0,24.77,15.38,0.34,0.0,0.009928
2020-11-01 14:00:00,5191.5,143.0,18.1,15.87,0.07,0.0,0.0051915
2020-11-01 15:00:00,2728.0,88.0,9.74,15.94,0.28,0.0,0.002728
2020-11-01 16:00:00,0.0,0.0,0.0,15.02,0.97,0.0,0.0
2020-11-01 17:00:00,0.0,0.0,0.0,13.62,1.1,0.0,0.0
2020-11-01 18:00:00,0.0,0.0,0.0,12.28,0.9,0.0,0.0
2020-11-01 19:00:00,0.0,0.0,0.0,12.35,0.9,0.0,0.0
2020-11-01 20:00:00,0.0,0.0,0.0,12.7,0.55,0.0,0.0
2020-11-01 21:00:00,0.0,0.0,0.0,12.47,0.28,0.0,0.0
2020-11-01 22:00:00,0.0,0.0,0.0,12.19,0.34,0.0,0.0
2020-11-01 23:00:00,0.0,0.0,0.0,12.13,0.41,0.0,0.0
2020-11-02 00:00:00,0.0,0.0,0.0,11.73,0.55,0.0,0.0
2020-11-02 01:00:00,0.0,0.0,0.0,11.26,0.41,0.0,0.0
2020-11-02 02:00:00,0.0,0.0,0.0,10.9,0.41,0.0,0.0
2020-11-02 03:00:00,0.0,0.0,0.0,10.61,0.55,0.0,0.0
2020-11-02 04:00:00,0.0,0.0,0.0,10.2,0.76,0.0,0.0
2020-11-02 05:00:00,0.0,0.0,0.0,10.18,0.97,0.0,0.0
2020-11-02 06:00:00,0.0,0.0,0.0,10.36,0.97,0.0,0.0
2020-11-02 07:00:00,1968.5,64.0,9.23,11.05,0.69,0.0,0.0019685
2020-11-02 08:00:00,4628.0,127.0,17.61,12.34,0.55,0.0,0.004628
2020-11-02 09:00:00,5601.5,150.0,24.31,13.65,0.48,0.0,0.0056015
2020-11-02 10:00:00,6664.5,176.0,28.73,14.89,0.41,0.0,0.0066645
2020-11-02 11:00:00,7048.5,186.0,30.31,16.12,0.55,0.0,0.0070485
2020-11-02 12:00:00,10222.5,263.0,28.82,17.02,0.83,0.0,0.0102225
2020-11-02 13:00:00,11670.0,302.01,24.48,17.65,0.97,0.0,0.01167
2020-11-02 14:00:00,8207.5,225.0,17.83,17.86,1.1,0.0,0.0082075
2020-11-02 15:00:00,2663.0,88.0,9.49,17.62,0.97,0.0,0.002663
2020-11-02 16:00:00,0.0,0.0,0.0,16.58,0.83,0.0,0.0
2020-11-02 17:00:00,0.0,0.0,0.0,14.87,0.83,0.0,0.0
2020-11-02 18:00:00,0.0,0.0,0.0,13.92,0.76,0.0,0.0
2020-11-02 19:00:00,0.0,0.0,0.0,12.75,1.03,0.0,0.0
2020-11-02 20:00:00,0.0,0.0,0.0,12.5,1.03,0.0,0.0
2020-11-02 21:00:00,0.0,0.0,0.0,12.02,1.1,0.0,0.0
2020-11-02 22:00:00,0.0,0.0,0.0,11.73,1.1,0.0,0.0
2020-11-02 23:00:00,0.0,0.0,0.0,11.53,1.1,0.0,0.0
2020-11-03 00:00:00,0.0,0.0,0.0,11.28,1.24,0.0,0.0
2020-11-03 01:00:00,0.0,0.0,0.0,11.23,1.17,0.0,0.0
2020-11-03 02:00:00,0.0,0.0,0.0,11.25,1.03,0.0,0.0
2020-11-03 03:00:00,0.0,0.0,0.0,11.18,0.97,0.0,0.0
2020-11-03 04:00:00,0.0,0.0,0.0,11.13,0.9,0.0,0.0
2020-11-03 05:00:00,0.0,0.0,0.0,10.87,1.03,0.0,0.0
2020-11-03 06:00:00,0.0,0.0,0.0,10.98,1.03,0.0,0.0
2020-11-03 07:00:00,1880.5,62.0,8.98,11.54,0.76,0.0,0.0018805
2020-11-03 08:00:00,4284.5,119.0,17.33,13.05,0.83,0.0,0.0042845
2020-11-03 09:00:00,5508.0,148.0,24.02,14.31,0.97,0.0,0.005508
2020-11-03 10:00:00,6293.0,167.0,28.42,15.03,0.9,0.0,0.006293
2020-11-03 11:00:00,4462.0,124.0,29.99,15.72,0.62,0.0,0.004462
2020-11-03 12:00:00,4149.0,117.0,28.51,16.48,0.21,0.0,0.004149
2020-11-03 13:00:00,2826.0,85.0,24.19,16.99,0.14,0.0,0.002826
2020-11-03 14:00:00,1554.5,53.0,17.56,17.13,0.0,0.0,0.0015545
2020-11-03 15:00:00,1493.0,52.0,9.25,17.06,0.69,0.0,0.001493
2020-11-03 16:00:00,0.0,0.0,0.0,16.19,1.31,0.0,0.0
2020-11-03 17:00:00,0.0,0.0,0.0,15.35,1.38,0.0,0.0
2020-11-03 18:00:00,0.0,0.0,0.0,14.76,1.31,0.0,0.0
2020-11-03 19:00:00,0.0,0.0,0.0,14.36,1.24,0.0,0.0
2020-11-03 20:00:00,0.0,0.0,0.0,14.05,1.38,0.0,0.0
2020-11-03 21:00:00,0.0,0.0,0.0,13.67,1.38,0.0,0.0
2020-11-03 22:00:00,0.0,0.0,0.0,13.38,1.24,0.0,0.0
2020-11-03 23:00:00,0.0,0.0,0.0,13.19,1.1,0.0,0.0
2020-11-04 00:00:00,0.0,0.0,0.0,13.0,1.1,0.0,0.0
2020-11-04 01:00:00,0.0,0.0,0.0,13.0,0.97,0.0,0.0
2020-11-04 02:00:00,0.0,0.0,0.0,12.91,1.03,0.0,0.0
2020-11-04 03:00:00,0.0,0.0,0.0,12.94,1.17,0.0,0.0
2020-11-04 04:00:00,0.0,0.0,0.0,12.9,1.24,0.0,0.0
2020-11-04 05:00:00,0.0,0.0,0.0,12.64,1.38,0.0,0.0
2020-11-04 06:00:00,0.0,0.0,0.0,12.53,1.38,0.0,0.0
2020-11-04 07:00:00,1345.5,47.0,8.73,12.57,0.97,0.0,0.0013455
2020-11-04 08:00:00,2068.0,65.0,17.06,13.03,0.83,0.0,0.002068
2020-11-04 09:00:00,1390.0,48.0,23.73,13.68,0.97,0.0,0.00139
2020-11-04 10:00:00,2301.5,71.0,28.11,13.92,0.97,0.0,0.0023015
2020-11-04 11:00:00,3280.0,95.0,29.68,14.48,0.97,0.0,0.00328
2020-11-04 12:00:00,5037.0,137.0,28.21,14.6,0.83,0.0,0.005037
2020-11-04 13:00:00,2289.5,71.0,23.91,14.9,0.83,0.0,0.0022895
2020-11-04 14:00:00,3597.0,103.0,17.3,14.88,0.97,0.0,0.003597
2020-11-04 15:00:00,2277.5,75.0,9.01,14.83,1.17,0.0,0.0022775
2020-11-04 16:00:00,0.0,0.0,0.0,14.44,1.31,0.0,0.0
2020-11-04 17:00:00,0.0,0.0,0.0,13.95,1.52,0.0,0.0
2020-11-04 18:00:00,0.0,0.0,0.0,13.63,1.52,0.0,0.0
2020-11-04 19:00:00,0.0,0.0,0.0,13.49,0.97,0.0,0.0
2020-11-04 20:00:00,0.0,0.0,0.0,13.38,0.97,0.0,0.0
2020-11-04 21:00:00,0.0,0.0,0.0,13.26,0.9,0.0,0.0
2020-11-04 22:00:00,0.0,0.0,0.0,13.19,0.83,0.0,0.0
2020-11-04 23:00:00,0.0,0.0,0.0,13.38,0.9,0.0,0.0
2020-11-05 00:00:00,0.0,0.0,0.0,13.36,0.9,0.0,0.0
2020-11-05 01:00:00,0.0,0.0,0.0,13.46,0.9,0.0,0.0
2020-11-05 02:00:00,0.0,0.0,0.0,13.39,0.97,0.0,0.0
2020-11-05 03:00:00,0.0,0.0,0.0,13.21,0.97,0.0,0.0
2020-11-05 04:00:00,0.0,0.0,0.0,13.03,0.97,0.0,0.0
2020-11-05 05:00:00,0.0,0.0,0.0,13.01,0.97,0.0,0.0
2020-11-05 06:00:00,0.0,0.0,0.0,12.85,1.03,0.0,0.0
2020-11-05 07:00:00,2740.5,98.0,8.48,12.24,1.1,0.0,0.0027405
2020-11-05 08:00:00,6548.0,178.0,16.8,13.9,0.69,0.0,0.006548
2020-11-05 09:00:00,10202.0,263.0,23.44,15.07,0.69,0.0,0.010202
2020-11-05 10:00:00,14944.5,379.01,27.81,15.91,0.69,0.0,0.0149445
2020-11-05 11:00:00,19136.5,485.01,29.37,16.77,0.97,0.0,0.0191365
2020-11-05 12:00:00,17950.5,457.01,27.91,16.99,1.03,0.0,0.0179505
2020-11-05 13:00:00,14467.5,377.01,23.63,17.4,1.03,0.0,0.0144675
2020-11-05 14:00:00,9029.0,254.01,17.05,17.52,0.9,0.0,0.009029
2020-11-05 15:00:00,2960.0,109.0,8.78,17.28,0.69,0.0,0.00296
2020-11-05 16:00:00,0.0,0.0,0.0,16.13,0.83,0.0,0.0
2020-11-05 17:00:00,0.0,0.0,0.0,15.02,0.9,0.0,0.0
2020-11-05 18:00:00,0.0,0.0,0.0,15.2,0.76,0.0,0.0
2020-11-05 19:00:00,0.0,0.0,0.0,12.76,1.31,0.0,0.0
2020-11-05 20:00:00,0.0,0.0,0.0,12.18,1.24,0.0,0.0
2020-11-05 21:00:00,0.0,0.0,0.0,11.93,1.17,0.0,0.0
2020-11-05 22:00:00,0.0,0.0,0.0,11.81,1.1,0.0,0.0
2020-11-05 23:00:00,0.0,0.0,0.0,11.9,0.97,0.0,0.0
2020-11-06 00:00:00,0.0,0.0,0.0,11.74,0.97,0.0,0.0
2020-11-06 01:00:00,0.0,0.0,0.0,11.7,0.97,0.0,0.0
2020-11-06 02:00:00,0.0,0.0,0.0,11.46,1.03,0.0,0.0
2020-11-06 03:00:00,0.0,0.0,0.0,11.64,0.9,0.0,0.0
2020-11-06 04:00:00,0.0,0.0,0.0,11.77,0.9,0.0,0.0
2020-11-06 05:00:00,0.0,0.0,0.0,11.83,0.97,0.0,0.0
2020-11-06 06:00:00,0.0,0.0,0.0,11.8,0.9,0.0,0.0
2020-11-06 07:00:00,1603.5,55.0,8.23,12.02,0.69,0.0,0.0016035
2020-11-06 08:00:00,4632.0,128.0,16.53,13.3,0.9,0.0,0.004632
2020-11-06 09:00:00,2829.0,84.0,23.15,14.24,0.97,0.0,0.002829
2020-11-06 10:00:00,6545.0,173.0,27.51,15.16,1.03,0.0,0.006545
2020-11-06 11:00:00,9984.5,255.0,29.07,15.66,1.31,0.0,0.0099845
2020-11-06 12:00:00,16557.0,418.01,27.62,16.28,1.59,0.0,0.016557
2020-11-06 13:00:00,13188.0,340.01,23.35,16.44,1.72,0.0,0.013188
2020-11-06 14:00:00,8468.0,235.01,16.8,16.3,1.59,0.0,0.008468
2020-11-06 15:00:00,2864.0,106.0,8.55,15.97,1.17,0.0,0.002864
2020-11-06 16:00:00,0.0,0.0,0.0,15.21,0.9,0.0,0.0
2020-11-06 17:00:00,0.0,0.0,0.0,14.11,0.97,0.0,0.0
2020-11-06 18:00:00,0.0,0.0,0.0,13.18,1.03,0.0,0.0
2020-11-06 19:00:00,0.0,0.0,0.0,13.88,0.62,0.0,0.0
2020-11-06 20:00:00,0.0,0.0,0.0,10.87,1.59,0.0,0.0
2020-11-06 21:00:00,0.0,0.0,0.0,9.93,1.66,0.0,0.0
2020-11-06 22:00:00,0.0,0.0,0.0,9.73,1.79,0.0,0.0
2020-11-06 23:00:00,0.0,0.0,0.0,9.4,1.79,0.0,0.0
2020-11-07 00:00:00,0.0,0.0,0.0,9.13,1.66,0.0,0.0
2020-11-07 01:00:00,0.0,0.0,0.0,8.77,1.38,0.0,0.0
2020-11-07 02:00:00,0.0,0.0,0.0,8.5,1.1,0.0,0.0
2020-11-07 03:00:00,0.0,0.0,0.0,8.63,1.03,0.0,0.0
2020-11-07 04:00:00,0.0,0.0,0.0,8.85,0.97,0.0,0.0
2020-11-07 05:00:00,0.0,0.0,0.0,8.73,1.03,0.0,0.0
2020-11-07 06:00:00,0.0,0.0,0.0,8.6,1.03,0.0,0.0
2020-11-07 07:00:00,2067.0,70.0,7.98,8.87,0.97,0.0,0.002067
2020-11-07 08:00:00,6602.5,177.0,16.26,9.95,1.03,0.0,0.0066025
2020-11-07 09:00:00,10340.0,262.0,22.87,11.63,1.24,0.0,0.01034
2020-11-07 10:00:00,17103.0,428.01,27.21,13.35,1.17,0.0,0.017103
2020-11-07 11:00:00,18608.5,470.01,28.77,15.18,0.69,0.0,0.0186085
2020-11-07 12:00:00,17660.5,452.01,27.33,16.28,0.41,0.0,0.0176605
2020-11-07 13:00:00,13653.5,357.01,23.08,16.92,0.55,0.0,0.0136535
2020-11-07 14:00:00,6760.5,187.0,16.55,17.05,0.69,0.0,0.0067605
2020-11-07 15:00:00,1754.5,58.0,8.33,16.62,0.62,0.0,0.0017545
2020-11-07 16:00:00,0.0,0.0,0.0,15.47,0.76,0.0,0.0
2020-11-07 17:00:00,0.0,0.0,0.0,14.8,0.83,0.0,0.0
2020-11-07 18:00:00,0.0,0.0,0.0,14.47,0.48,0.0,0.0
2020-11-07 19:00:00,0.0,0.0,0.0,12.3,1.1,0.0,0.0
2020-11-07 20:00:00,0.0,0.0,0.0,11.21,1.24,0.0,0.0
2020-11-07 21:00:00,0.0,0.0,0.0,10.54,1.24,0.0,0.0
2020-11-07 22:00:00,0.0,0.0,0.0,10.22,1.17,0.0,0.0
2020-11-07 23:00:00,0.0,0.0,0.0,9.52,1.31,0.0,0.0
2020-11-08 00:00:00,0.0,0.0,0.0,9.34,1.31,0.0,0.0
2020-11-08 01:00:00,0.0,0.0,0.0,10.02,1.03,0.0,0.0
2020-11-08 02:00:00,0.0,0.0,0.0,10.35,0.97,0.0,0.0
2020-11-08 03:00:00,0.0,0.0,0.0,10.3,0.9,0.0,0.0
2020-11-08 04:00:00,0.0,0.0,0.0,9.98,0.83,0.0,0.0
2020-11-08 05:00:00,0.0,0.0,0.0,9.87,0.69,0.0,0.0
2020-11-08 06:00:00,0.0,0.0,0.0,10.38,0.48,0.0,0.0
2020-11-08 07:00:00,2313.0,84.0,7.74,10.17,0.62,0.0,0.002313
2020-11-08 08:00:00,8315.0,232.01,16.0,11.5,0.34,0.0,0.008315
2020-11-08 09:00:00,13652.0,354.01,22.59,14.0,0.48,0.0,0.013652
2020-11-08 10:00:00,16660.5,424.01,26.92,15.54,0.62,0.0,0.0166605
2020-11-08 11:00:00,13739.0,350.01,28.48,16.65,0.48,0.0,0.013739
2020-11-08 12:00:00,17149.0,441.01,27.05,17.28,0.48,0.0,0.017149
2020-11-08 13:00:00,11848.0,310.01,22.82,17.44,0.55,0.0,0.011848
2020-11-08 14:00:00,8450.0,241.01,16.31,17.53,0.83,0.0,0.00845
2020-11-08 15:00:00,1288.5,46.0,8.11,17.2,0.76,0.0,0.0012885
2020-11-08 16:00:00,0.0,0.0,0.0,16.03,1.17,0.0,0.0
2020-11-08 17:00:00,0.0,0.0,0.0,14.28,1.17,0.0,0.0
2020-11-08 18:00:00,0.0,0.0,0.0,14.59,0.83,0.0,0.0
2020-11-08 19:00:00,0.0,0.0,0.0,13.73,0.62,0.0,0.0
2020-11-08 20:00:00,0.0,0.0,0.0,13.41,0.55,0.0,0.0
2020-11-08 21:00:00,0.0,0.0,0.0,13.06,0.69,0.0,0.0
2020-11-08 22:00:00,0.0,0.0,0.0,12.75,0.76,0.0,0.0
2020-11-08 23:00:00,0.0,0.0,0.0,12.37,0.83,0.0,0.0
2020-11-09 00:00:00,0.0,0.0,0.0,12.32,0.9,0.0,0.0
2020-11-09 01:00:00,0.0,0.0,0.0,11.85,0.97,0.0,0.0
2020-11-09 02:00:00,0.0,0.0,0.0,11.69,0.9,0.0,0.0
2020-11-09 03:00:00,0.0,0.0,0.0,10.98,1.03,0.0,0.0
2020-11-09 04:00:00,0.0,0.0,0.0,10.57,1.03,0.0,0.0
2020-11-09 05:00:00,0.0,0.0,0.0,10.26,0.97,0.0,0.0
2020-11-09 06:00:00,0.0,0.0,0.0,9.8,0.97,0.0,0.0
2020-11-09 07:00:00,2269.0,85.0,7.5,10.32,0.76,0.0,0.002269
2020-11-09 08:00:00,8366.0,235.01,15.74,11.53,0.55,0.0,0.008366
2020-11-09 09:00:00,13766.0,356.01,22.31,13.61,0.9,0.0,0.013766
2020-11-09 10:00:00,17211.0,436.01,26.63,14.71,0.9,0.0,0.017211
2020-11-09 11:00:00,18390.0,467.01,28.19,15.88,0.69,0.0,0.01839
2020-11-09 12:00:00,17490.0,449.01,26.77,16.54,0.48,0.0,0.01749
2020-11-09 13:00:00,13846.0,365.01,22.56,16.79,0.28,0.0,0.013846
2020-11-09 14:00:00,8664.5,250.01,16.08,16.92,0.28,0.0,0.0086645
2020-11-09 15:00:00,1444.0,50.0,7.9,16.67,0.48,0.0,0.001444
2020-11-09 16:00:00,0.0,0.0,0.0,15.59,0.62,0.0,0.0
2020-11-09 17:00:00,0.0,0.0,0.0,14.45,0.83,0.0,0.0
2020-11-09 18:00:00,0.0,0.0,0.0,13.17,1.03,0.0,0.0
2020-11-09 19:00:00,0.0,0.0,0.0,13.19,0.9,0.0,0.0
2020-11-09 20:00:00,0.0,0.0,0.0,12.75,0.69,0.0,0.0
2020-11-09 21:00:00,0.0,0.0,0.0,12.18,0.55,0.0,0.0
2020-11-09 22:00:00,0.0,0.0,0.0,11.65,0.41,0.0,0.0
2020-11-09 23:00:00,0.0,0.0,0.0,11.3,0.34,0.0,0.0
2020-11-10 00:00:00,0.0,0.0,0.0,10.66,0.28,0.0,0.0
2020-11-10 01:00:00,0.0,0.0,0.0,10.14,0.07,0.0,0.0
2020-11-10 02:00:00,0.0,0.0,0.0,10.04,0.07,0.0,0.0
2020-11-10 03:00:00,0.0,0.0,0.0,9.52,0.07,0.0,0.0
2020-11-10 04:00:00,0.0,0.0,0.0,9.03,0.21,0.0,0.0
2020-11-10 05:00:00,0.0,0.0,0.0,9.07,0.21,0.0,0.0
2020-11-10 06:00:00,0.0,0.0,0.0,8.75,0.28,0.0,0.0
2020-11-10 07:00:00,2124.0,79.0,7.25,8.36,0.07,0.0,0.002124
2020-11-10 08:00:00,7048.0,193.0,15.48,9.54,0.0,0.0,0.007048
2020-11-10 09:00:00,13113.5,338.01,22.04,11.5,0.07,0.0,0.0131135
2020-11-10 10:00:00,16564.5,420.01,26.35,13.38,0.21,0.0,0.0165645
2020-11-10 11:00:00,17865.0,453.01,27.9,14.73,0.34,0.0,0.017865
2020-11-10 12:00:00,15300.0,390.01,26.49,15.6,0.48,0.0,0.0153
2020-11-10 13:00:00,14207.0,374.01,22.31,16.0,0.55,0.0,0.014207
2020-11-10 14:00:00,5388.0,150.0,15.85,16.02,0.69,0.0,0.005388
2020-11-10 15:00:00,1530.0,52.0,7.69,15.61,0.83,0.0,0.00153
2020-11-10 16:00:00,0.0,0.0,0.0,14.47,1.1,0.0,0.0
2020-11-10 17:00:00,0.0,0.0,0.0,13.17,0.97,0.0,0.0
2020-11-10 18:00:00,0.0,0.0,0.0,13.19,0.55,0.0,0.0
2020-11-10 19:00:00,0.0,0.0,0.0,12.36,0.48,0.0,0.0
2020-11-10 20:00:00,0.0,0.0,0.0,11.82,0.48,0.0,0.0
2020-11-10 21:00:00,0.0,0.0,0.0,11.05,0.69,0.0,0.0
2020-11-10 22:00:00,0.0,0.0,0.0,10.45,0.62,0.0,0.0
2020-11-10 23:00:00,0.0,0.0,0.0,9.88,0.48,0.0,0.0
2020-11-11 00:00:00,0.0,0.0,0.0,9.57,0.28,0.0,0.0
2020-11-11 01:00:00,0.0,0.0,0.0,8.91,0.21,0.0,0.0
2020-11-11 02:00:00,0.0,0.0,0.0,8.66,0.34,0.0,0.0
2020-11-11 03:00:00,0.0,0.0,0.0,8.43,0.41,0.0,0.0
2020-11-11 04:00:00,0.0,0.0,0.0,8.28,0.34,0.0,0.0
2020-11-11 05:00:00,0.0,0.0,0.0,8.17,0.34,0.0,0.0
2020-11-11 06:00:00,0.0,0.0,0.0,8.03,0.41,0.0,0.0
2020-11-11 07:00:00,1935.5,72.0,7.01,9.2,0.28,0.0,0.0019355
2020-11-11 08:00:00,7218.0,200.01,15.23,10.12,0.07,0.0,0.007218
2020-11-11 09:00:00,11805.5,303.01,21.77,11.4,0.21,0.0,0.0118055
2020-11-11 10:00:00,16775.5,422.01,26.07,12.44,0.69,0.0,0.0167755
2020-11-11 11:00:00,18067.0,452.01,27.62,13.06,0.97,0.0,0.018067
2020-11-11 12:00:00,14073.0,353.01,26.23,13.43,1.24,0.0,0.014073
2020-11-11 13:00:00,13314.5,344.01,22.06,14.02,1.38,0.0,0.0133145
2020-11-11 14:00:00,8001.5,225.01,15.63,13.69,1.45,0.0,0.0080015
2020-11-11 15:00:00,1313.5,46.0,7.49,13.65,1.38,0.0,0.0013135
2020-11-11 16:00:00,0.0,0.0,0.0,13.11,1.03,0.0,0.0
2020-11-11 17:00:00,0.0,0.0,0.0,12.57,0.97,0.0,0.0
2020-11-11 18:00:00,0.0,0.0,0.0,11.67,1.03,0.0,0.0
2020-11-11 19:00:00,0.0,0.0,0.0,10.84,1.1,0.0,0.0
2020-11-11 20:00:00,0.0,0.0,0.0,10.81,1.03,0.0,0.0
2020-11-11 21:00:00,0.0,0.0,0.0,10.86,1.03,0.0,0.0
2020-11-11 22:00:00,0.0,0.0,0.0,10.8,1.1,0.0,0.0
2020-11-11 23:00:00,0.0,0.0,0.0,10.61,1.17,0.0,0.0
2020-11-12 00:00:00,0.0,0.0,0.0,10.49,1.03,0.0,0.0
2020-11-12 01:00:00,0.0,0.0,0.0,10.36,1.03,0.0,0.0
2020-11-12 02:00:00,0.0,0.0,0.0,10.23,1.17,0.0,0.0
2020-11-12 03:00:00,0.0,0.0,0.0,10.2,1.1,0.0,0.0
2020-11-12 04:00:00,0.0,0.0,0.0,10.12,1.03,0.0,0.0
2020-11-12 05:00:00,0.0,0.0,0.0,10.13,1.03,0.0,0.0
2020-11-12 06:00:00,0.0,0.0,0.0,10.11,1.03,0.0,0.0
2020-11-12 07:00:00,1564.0,57.0,6.78,9.88,1.24,0.0,0.001564
2020-11-12 08:00:00,1692.5,55.0,14.97,10.25,1.1,0.0,0.0016925
2020-11-12 09:00:00,8234.5,211.0,21.5,10.59,0.83,0.0,0.0082345
2020-11-12 10:00:00,4177.5,115.0,25.79,11.34,0.83,0.0,0.0041775
2020-11-12 11:00:00,3648.5,103.0,27.35,12.26,0.48,0.0,0.0036485
2020-11-12 12:00:00,4648.5,127.0,25.96,12.89,0.41,0.0,0.0046485
2020-11-12 13:00:00,3628.5,103.0,21.82,13.35,0.41,0.0,0.0036285
2020-11-12 14:00:00,4159.0,117.0,15.41,13.55,0.48,0.0,0.004159
2020-11-12 15:00:00,1390.5,48.0,7.3,13.58,0.97,0.0,0.0013905
2020-11-12 16:00:00,0.0,0.0,0.0,13.07,0.97,0.0,0.0
2020-11-12 17:00:00,0.0,0.0,0.0,12.03,1.03,0.0,0.0
2020-11-12 18:00:00,0.0,0.0,0.0,11.13,1.31,0.0,0.0
2020-11-12 19:00:00,0.0,0.0,0.0,10.36,0.97,0.0,0.0
2020-11-12 20:00:00,0.0,0.0,0.0,9.82,1.03,0.0,0.0
2020-11-12 21:00:00,0.0,0.0,0.0,9.46,1.03,0.0,0.0
2020-11-12 22:00:00,0.0,0.0,0.0,9.16,0.97,0.0,0.0
2020-11-12 23:00:00,0.0,0.0,0.0,9.4,0.83,0.0,0.0
2020-11-13 00:00:00,0.0,0.0,0.0,9.18,0.83,0.0,0.0
2020-11-13 01:00:00,0.0,0.0,0.0,8.98,0.9,0.0,0.0
2020-11-13 02:00:00,0.0,0.0,0.0,8.83,0.9,0.0,0.0
2020-11-13 03:00:00,0.0,0.0,0.0,8.95,0.97,0.0,0.0
2020-11-13 04:00:00,0.0,0.0,0.0,9.34,1.03,0.0,0.0
2020-11-13 05:00:00,0.0,0.0,0.0,9.55,1.1,0.0,0.0
2020-11-13 06:00:00,0.0,0.0,0.0,9.73,1.17,0.0,0.0
2020-11-13 07:00:00,868.0,34.0,6.54,9.01,0.9,0.0,0.000868
2020-11-13 08:00:00,3092.5,89.0,14.72,9.5,0.76,0.0,0.0030925
2020-11-13 09:00:00,2674.5,79.0,21.24,10.27,0.69,0.0,0.0026745
2020-11-13 10:00:00,4697.0,127.0,25.52,10.92,0.69,0.0,0.004697
2020-11-13 11:00:00,4648.5,126.0,27.08,11.13,0.62,0.0,0.0046485
2020-11-13 12:00:00,4722.0,128.0,25.71,11.71,0.69,0.0,0.004722
2020-11-13 13:00:00,4926.0,133.0,21.59,12.0,0.83,0.0,0.004926
2020-11-13 14:00:00,3177.0,92.0,15.2,12.32,0.97,0.0,0.003177
2020-11-13 15:00:00,1207.5,43.0,7.11,12.23,0.9,0.0,0.0012075
2020-11-13 16:00:00,0.0,0.0,0.0,11.89,0.83,0.0,0.0
2020-11-13 17:00:00,0.0,0.0,0.0,11.25,0.9,0.0,0.0
2020-11-13 18:00:00,0.0,0.0,0.0,10.68,0.97,0.0,0.0
2020-11-13 19:00:00,0.0,0.0,0.0,9.96,1.1,0.0,0.0
2020-11-13 20:00:00,0.0,0.0,0.0,9.84,1.03,0.0,0.0
2020-11-13 21:00:00,0.0,0.0,0.0,9.73,0.9,0.0,0.0
2020-11-13 22:00:00,0.0,0.0,0.0,9.63,0.9,0.0,0.0
2020-11-13 23:00:00,0.0,0.0,0.0,9.55,0.83,0.0,0.0
2020-11-14 00:00:00,0.0,0.0,0.0,9.35,0.76,0.0,0.0
2020-11-14 01:00:00,0.0,0.0,0.0,9.25,0.62,0.0,0.0
2020-11-14 02:00:00,0.0,0.0,0.0,8.93,0.76,0.0,0.0
2020-11-14 03:00:00,0.0,0.0,0.0,8.54,0.97,0.0,0.0
2020-11-14 04:00:00,0.0,0.0,0.0,8.44,0.9,0.0,0.0
2020-11-14 05:00:00,0.0,0.0,0.0,8.21,0.9,0.0,0.0
2020-11-14 06:00:00,0.0,0.0,0.0,8.27,0.9,0.0,0.0
2020-11-14 07:00:00,894.0,35.0,6.31,7.55,0.62,0.0,0.000894
2020-11-14 08:00:00,3378.0,96.0,14.48,9.21,0.55,0.0,0.003378
2020-11-14 09:00:00,5125.5,137.0,20.98,10.47,0.62,0.0,0.0051255
2020-11-14 10:00:00,5751.5,152.0,25.25,11.6,0.83,0.0,0.0057515
2020-11-14 11:00:00,7865.5,202.0,26.81,12.3,0.83,0.0,0.0078655
2020-11-14 12:00:00,9509.0,242.0,25.46,12.9,0.76,0.0,0.009509
2020-11-14 13:00:00,10490.5,271.01,21.36,13.24,0.76,0.0,0.0104905
2020-11-14 14:00:00,6443.0,180.0,14.99,13.31,0.9,0.0,0.006443
2020-11-14 15:00:00,1278.0,45.0,6.93,13.17,1.1,0.0,0.001278
2020-11-14 16:00:00,0.0,0.0,0.0,12.53,1.17,0.0,0.0
2020-11-14 17:00:00,0.0,0.0,0.0,11.7,0.9,0.0,0.0
2020-11-14 18:00:00,0.0,0.0,0.0,11.19,0.69,0.0,0.0
2020-11-14 19:00:00,0.0,0.0,0.0,10.4,1.24,0.0,0.0
2020-11-14 20:00:00,0.0,0.0,0.0,10.15,1.03,0.0,0.0
2020-11-14 21:00:00,0.0,0.0,0.0,10.09,0.97,0.0,0.0
2020-11-14 22:00:00,0.0,0.0,0.0,9.81,0.9,0.0,0.0
2020-11-14 23:00:00,0.0,0.0,0.0,9.39,1.03,0.0,0.0
2020-11-15 00:00:00,0.0,0.0,0.0,9.17,0.97,0.0,0.0
2020-11-15 01:00:00,0.0,0.0,0.0,8.93,0.97,0.0,0.0
2020-11-15 02:00:00,0.0,0.0,0.0,8.8,0.9,0.0,0.0
2020-11-15 03:00:00,0.0,0.0,0.0,8.8,0.9,0.0,0.0
2020-11-15 04:00:00,0.0,0.0,0.0,8.56,0.9,0.0,0.0
2020-11-15 05:00:00,0.0,0.0,0.0,8.16,0.97,0.0,0.0
2020-11-15 06:00:00,0.0,0.0,0.0,8.19,0.97,0.0,0.0
2020-11-15 07:00:00,853.5,34.0,6.08,8.17,1.03,0.0,0.0008535
2020-11-15 08:00:00,4134.5,115.0,14.23,9.22,0.9,0.0,0.0041345
2020-11-15 09:00:00,4635.5,125.0,20.72,9.7,0.83,0.0,0.0046355
2020-11-15 10:00:00,3346.5,95.0,24.99,10.28,0.69,0.0,0.0033465
2020-11-15 11:00:00,8628.0,219.0,26.56,11.03,0.62,0.0,0.008628
2020-11-15 12:00:00,7549.5,194.0,25.21,11.31,0.69,0.0,0.0075495
2020-11-15 13:00:00,3199.5,92.0,21.13,11.53,0.62,0.0,0.0031995
2020-11-15 14:00:00,910.0,35.0,14.8,11.56,0.55,0.0,0.00091
2020-11-15 15:00:00,1250.0,44.0,6.75,11.53,0.62,0.0,0.00125
2020-11-15 16:00:00,0.0,0.0,0.0,11.36,0.41,0.0,0.0
2020-11-15 17:00:00,0.0,0.0,0.0,11.03,0.62,0.0,0.0
2020-11-15 18:00:00,0.0,0.0,0.0,10.8,1.1,0.0,0.0
2020-11-15 19:00:00,0.0,0.0,0.0,9.59,1.45,0.0,0.0
2020-11-15 20:00:00,0.0,0.0,0.0,9.57,1.1,0.0,0.0
2020-11-15 21:00:00,0.0,0.0,0.0,9.51,0.97,0.0,0.0
2020-11-15 22:00:00,0.0,0.0,0.0,9.48,1.1,0.0,0.0
2020-11-15 23:00:00,0.0,0.0,0.0,9.46,1.24,0.0,0.0
2020-11-16 00:00:00,0.0,0.0,0.0,9.37,1.31,0.0,0.0
2020-11-16 01:00:00,0.0,0.0,0.0,9.2,1.24,0.0,0.0
2020-11-16 02:00:00,0.0,0.0,0.0,8.87,1.1,0.0,0.0
2020-11-16 03:00:00,0.0,0.0,0.0,8.6,0.76,0.0,0.0
2020-11-16 04:00:00,0.0,0.0,0.0,8.36,1.17,0.0,0.0
2020-11-16 05:00:00,0.0,0.0,0.0,7.9,1.03,0.0,0.0
2020-11-16 06:00:00,0.0,0.0,0.0,7.61,0.97,0.0,0.0
2020-11-16 07:00:00,1505.5,66.0,5.85,6.75,0.97,0.0,0.0015055
2020-11-16 08:00:00,4878.5,134.0,13.99,7.58,1.03,0.0,0.0048785
2020-11-16 09:00:00,10194.0,259.01,20.47,8.89,1.24,0.0,0.010194
2020-11-16 10:00:00,10493.0,262.0,24.73,10.08,1.31,0.0,0.010493
2020-11-16 11:00:00,15499.0,384.01,26.3,11.11,1.38,0.0,0.015499
2020-11-16 12:00:00,16409.5,412.01,24.97,12.1,1.45,0.0,0.0164095
2020-11-16 13:00:00,12940.0,337.01,20.92,12.69,1.17,0.0,0.01294
2020-11-16 14:00:00,7492.5,217.01,14.6,13.08,0.97,0.0,0.0074925
2020-11-16 15:00:00,794.5,32.0,6.58,12.87,0.69,0.0,0.0007945
2020-11-16 16:00:00,0.0,0.0,0.0,11.82,0.69,0.0,0.0
2020-11-16 17:00:00,0.0,0.0,0.0,11.12,0.76,0.0,0.0
2020-11-16 18:00:00,0.0,0.0,0.0,10.26,0.62,0.0,0.0
2020-11-16 19:00:00,0.0,0.0,0.0,8.71,1.17,0.0,0.0
2020-11-16 20:00:00,0.0,0.0,0.0,7.83,1.38,0.0,0.0
2020-11-16 21:00:00,0.0,0.0,0.0,7.68,1.31,0.0,0.0
2020-11-16 22:00:00,0.0,0.0,0.0,9.23,0.48,0.0,0.0
2020-11-16 23:00:00,0.0,0.0,0.0,8.93,0.07,0.0,0.0
2020-11-17 00:00:00,0.0,0.0,0.0,8.48,0.21,0.0,0.0
2020-11-17 01:00:00,0.0,0.0,0.0,7.91,0.69,0.0,0.0
2020-11-17 02:00:00,0.0,0.0,0.0,7.41,0.76,0.0,0.0
2020-11-17 03:00:00,0.0,0.0,0.0,6.97,0.83,0.0,0.0
2020-11-17 04:00:00,0.0,0.0,0.0,6.72,0.69,0.0,0.0
2020-11-17 05:00:00,0.0,0.0,0.0,6.43,0.48,0.0,0.0
2020-11-17 06:00:00,0.0,0.0,0.0,6.11,0.34,0.0,0.0
2020-11-17 07:00:00,1123.5,50.64,5.62,6.44,0.48,0.0,0.0011235
2020-11-17 08:00:00,6575.0,188.01,13.75,7.64,0.28,0.0,0.006575
2020-11-17 09:00:00,12156.0,316.01,20.22,9.82,0.34,0.0,0.012156
2020-11-17 10:00:00,15424.0,391.01,24.48,12.04,0.48,0.0,0.015424
2020-11-17 11:00:00,15418.5,389.01,26.05,13.46,0.69,0.0,0.0154185
2020-11-17 12:00:00,14208.0,361.01,24.74,14.33,1.03,0.0,0.014208
2020-11-17 13:00:00,10502.5,274.01,20.71,14.76,1.31,0.0,0.0105025
2020-11-17 14:00:00,7129.5,208.01,14.41,14.67,1.38,0.0,0.0071295
2020-11-17 15:00:00,1083.5,40.0,6.41,14.05,1.24,0.0,0.0010835
2020-11-17 16:00:00,0.0,0.0,0.0,12.74,1.66,0.0,0.0
2020-11-17 17:00:00,0.0,0.0,0.0,10.89,1.79,0.0,0.0
2020-11-17 18:00:00,0.0,0.0,0.0,9.25,1.72,0.0,0.0
2020-11-17 19:00:00,0.0,0.0,0.0,8.99,1.24,0.0,0.0
2020-11-17 20:00:00,0.0,0.0,0.0,8.07,1.31,0.0,0.0
2020-11-17 21:00:00,0.0,0.0,0.0,7.05,1.45,0.0,0.0
2020-11-17 22:00:00,0.0,0.0,0.0,6.76,1.24,0.0,0.0
2020-11-17 23:00:00,0.0,0.0,0.0,7.56,0.9,0.0,0.0
2020-11-18 00:00:00,0.0,0.0,0.0,7.2,0.69,0.0,0.0
2020-11-18 01:00:00,0.0,0.0,0.0,6.51,0.48,0.0,0.0
2020-11-18 02:00:00,0.0,0.0,0.0,6.18,0.28,0.0,0.0
2020-11-18 03:00:00,0.0,0.0,0.0,5.36,0.21,0.0,0.0
2020-11-18 04:00:00,0.0,0.0,0.0,4.7,0.21,0.0,0.0
2020-11-18 05:00:00,0.0,0.0,0.0,3.68,0.14,0.0,0.0
2020-11-18 06:00:00,0.0,0.0,0.0,3.19,0.14,0.0,0.0
2020-11-18 07:00:00,1040.5,47.99,5.4,4.56,0.55,0.0,0.0010405
2020-11-18 08:00:00,6701.5,191.01,13.52,5.61,0.55,0.0,0.0067015
2020-11-18 09:00:00,12251.5,317.01,19.98,8.38,0.41,0.0,0.0122515
2020-11-18 10:00:00,16168.0,409.01,24.23,10.58,0.34,0.0,0.016168
2020-11-18 11:00:00,17255.0,436.01,25.81,12.27,0.41,0.0,0.017255
2020-11-18 12:00:00,16157.5,412.01,24.51,13.34,0.69,0.0,0.0161575
2020-11-18 13:00:00,12691.0,335.01,20.5,13.93,0.76,0.0,0.012691
2020-11-18 14:00:00,7206.5,211.01,14.23,13.98,0.83,0.0,0.0072065
2020-11-18 15:00:00,974.5,37.0,6.25,13.42,0.83,0.0,0.0009745
2020-11-18 16:00:00,0.0,0.0,0.0,12.31,0.62,0.0,0.0
2020-11-18 17:00:00,0.0,0.0,0.0,11.67,0.07,0.0,0.0
2020-11-18 18:00:00,0.0,0.0,0.0,10.82,0.69,0.0,0.0
2020-11-18 19:00:00,0.0,0.0,0.0,6.54,1.1,0.0,0.0
2020-11-18 20:00:00,0.0,0.0,0.0,6.56,0.97,0.0,0.0
2020-11-18 21:00:00,0.0,0.0,0.0,6.15,0.97,0.0,0.0
2020-11-18 22:00:00,0.0,0.0,0.0,5.5,1.03,0.0,0.0
2020-11-18 23:00:00,0.0,0.0,0.0,5.3,1.03,0.0,0.0
2020-11-19 00:00:00,0.0,0.0,0.0,5.21,0.97,0.0,0.0
2020-11-19 01:00:00,0.0,0.0,0.0,5.61,0.83,0.0,0.0
2020-11-19 02:00:00,0.0,0.0,0.0,5.22,0.55,0.0,0.0
2020-11-19 03:00:00,0.0,0.0,0.0,4.42,0.41,0.0,0.0
2020-11-19 04:00:00,0.0,0.0,0.0,3.94,0.48,0.0,0.0
2020-11-19 05:00:00,0.0,0.0,0.0,3.66,0.48,0.0,0.0
2020-11-19 06:00:00,0.0,0.0,0.0,3.43,0.41,0.0,0.0
2020-11-19 07:00:00,956.0,47.54,5.18,3.24,0.21,0.0,0.000956
2020-11-19 08:00:00,6632.0,192.01,13.28,4.54,0.0,0.0,0.006632
2020-11-19 09:00:00,12180.0,316.01,19.74,7.58,0.21,0.0,0.01218
2020-11-19 10:00:00,15762.5,399.01,23.99,9.98,0.14,0.0,0.0157625
2020-11-19 11:00:00,16870.0,427.01,25.57,12.13,0.28,0.0,0.01687
2020-11-19 12:00:00,15650.5,401.01,24.29,13.48,0.34,0.0,0.0156505
2020-11-19 13:00:00,12234.5,325.01,20.3,14.34,0.41,0.0,0.0122345
2020-11-19 14:00:00,6967.0,206.01,14.06,14.48,0.55,0.0,0.006967
2020-11-19 15:00:00,827.0,33.0,6.1,13.77,1.17,0.0,0.000827
2020-11-19 16:00:00,0.0,0.0,0.0,11.9,1.86,0.0,0.0
2020-11-19 17:00:00,0.0,0.0,0.0,10.04,1.59,0.0,0.0
2020-11-19 18:00:00,0.0,0.0,0.0,8.63,1.1,0.0,0.0
2020-11-19 19:00:00,0.0,0.0,0.0,8.1,0.83,0.0,0.0
2020-11-19 20:00:00,0.0,0.0,0.0,7.69,0.41,0.0,0.0
2020-11-19 21:00:00,0.0,0.0,0.0,7.15,0.21,0.0,0.0
2020-11-19 22:00:00,0.0,0.0,0.0,6.44,0.21,0.0,0.0
2020-11-19 23:00:00,0.0,0.0,0.0,5.53,0.41,0.0,0.0
2020-11-20 00:00:00,0.0,0.0,0.0,5.08,0.69,0.0,0.0
2020-11-20 01:00:00,0.0,0.0,0.0,4.85,0.97,0.0,0.0
2020-11-20 02:00:00,0.0,0.0,0.0,3.93,1.45,0.0,0.0
2020-11-20 03:00:00,0.0,0.0,0.0,3.2,1.79,0.0,0.0
2020-11-20 04:00:00,0.0,0.0,0.0,3.79,1.31,0.0,0.0
2020-11-20 05:00:00,0.0,0.0,0.0,4.65,1.03,0.0,0.0
2020-11-20 06:00:00,0.0,0.0,0.0,4.07,0.97,0.0,0.0
2020-11-20 07:00:00,843.0,53.91,4.96,4.71,0.55,0.0,0.000843
2020-11-20 08:00:00,6849.5,202.01,13.06,5.27,0.55,0.0,0.0068495
2020-11-20 09:00:00,12378.5,321.01,19.5,7.82,0.69,0.0,0.0123785
2020-11-20 10:00:00,4368.0,119.0,23.75,10.19,0.48,0.0,0.004368
2020-11-20 11:00:00,14403.0,363.01,25.34,12.28,0.34,0.0,0.014403
2020-11-20 12:00:00,15924.0,408.01,24.07,13.49,0.48,0.0,0.015924
2020-11-20 13:00:00,12560.5,333.01,20.11,13.96,0.69,0.0,0.0125605
2020-11-20 14:00:00,7159.0,212.01,13.89,13.83,0.76,0.0,0.007159
2020-11-20 15:00:00,904.0,35.0,5.95,12.8,0.83,0.0,0.000904
2020-11-20 16:00:00,0.0,0.0,0.0,10.54,1.1,0.0,0.0
2020-11-20 17:00:00,0.0,0.0,0.0,9.59,1.1,0.0,0.0
2020-11-20 18:00:00,0.0,0.0,0.0,9.99,0.69,0.0,0.0
2020-11-20 19:00:00,0.0,0.0,0.0,9.11,1.03,0.0,0.0
2020-11-20 20:00:00,0.0,0.0,0.0,5.34,1.86,0.0,0.0
2020-11-20 21:00:00,0.0,0.0,0.0,4.24,1.93,0.0,0.0
2020-11-20 22:00:00,0.0,0.0,0.0,3.45,2.0,0.0,0.0
2020-11-20 23:00:00,0.0,0.0,0.0,2.97,1.93,0.0,0.0
2020-11-21 00:00:00,0.0,0.0,0.0,2.65,2.07,0.0,0.0
2020-11-21 01:00:00,0.0,0.0,0.0,2.61,2.07,0.0,0.0
2020-11-21 02:00:00,0.0,0.0,0.0,2.6,2.0,0.0,0.0
2020-11-21 03:00:00,0.0,0.0,0.0,2.98,1.79,0.0,0.0
2020-11-21 04:00:00,0.0,0.0,0.0,3.24,1.59,0.0,0.0
2020-11-21 05:00:00,0.0,0.0,0.0,3.44,1.38,0.0,0.0
2020-11-21 06:00:00,0.0,0.0,0.0,3.36,1.24,0.0,0.0
2020-11-21 07:00:00,832.5,38.15,4.74,3.37,1.24,0.0,0.0008325
2020-11-21 08:00:00,5587.0,157.0,12.83,5.15,0.76,0.0,0.005587
2020-11-21 09:00:00,8202.5,209.0,19.27,7.1,0.83,0.0,0.0082025
2020-11-21 10:00:00,15031.0,374.01,23.52,8.94,1.52,0.0,0.015031
2020-11-21 11:00:00,16330.0,403.01,25.11,9.66,1.86,0.0,0.01633
2020-11-21 12:00:00,16149.0,403.01,23.86,9.94,1.79,0.0,0.016149
2020-11-21 13:00:00,12677.5,328.01,19.92,9.9,1.79,0.0,0.0126775
2020-11-21 14:00:00,7121.5,206.01,13.73,9.63,1.66,0.0,0.0071215
2020-11-21 15:00:00,922.5,35.0,5.81,9.1,1.52,0.0,0.0009225
2020-11-21 16:00:00,0.0,0.0,0.0,7.67,1.72,0.0,0.0
2020-11-21 17:00:00,0.0,0.0,0.0,6.06,1.79,0.0,0.0
2020-11-21 18:00:00,0.0,0.0,0.0,4.67,1.79,0.0,0.0
2020-11-21 19:00:00,0.0,0.0,0.0,3.55,1.79,0.0,0.0
2020-11-21 20:00:00,0.0,0.0,0.0,2.96,1.52,0.0,0.0
2020-11-21 21:00:00,0.0,0.0,0.0,2.35,1.59,0.0,0.0
2020-11-21 22:00:00,0.0,0.0,0.0,1.45,1.72,0.0,0.0
2020-11-21 23:00:00,0.0,0.0,0.0,0.9,1.79,0.0,0.0
2020-11-22 00:00:00,0.0,0.0,0.0,0.6,1.72,0.0,0.0
2020-11-22 01:00:00,0.0,0.0,0.0,0.2,1.52,0.0,0.0
2020-11-22 02:00:00,0.0,0.0,0.0,0.19,1.24,0.0,0.0
2020-11-22 03:00:00,0.0,0.0,0.0,-0.05,1.17,0.0,0.0
2020-11-22 04:00:00,0.0,0.0,0.0,-0.4,1.1,0.0,0.0
2020-11-22 05:00:00,0.0,0.0,0.0,-0.71,1.03,0.0,0.0
2020-11-22 06:00:00,0.0,0.0,0.0,-0.96,0.97,0.0,0.0
2020-11-22 07:00:00,778.0,39.86,4.53,-1.23,1.03,0.0,0.000778
2020-11-22 08:00:00,6450.0,186.01,12.61,0.36,0.83,0.0,0.00645
2020-11-22 09:00:00,12139.5,310.01,19.04,3.48,0.9,0.0,0.0121395
2020-11-22 10:00:00,15928.5,393.01,23.29,5.18,0.9,0.0,0.0159285
2020-11-22 11:00:00,17204.5,423.01,24.89,6.43,0.83,0.0,0.0172045
2020-11-22 12:00:00,16022.5,398.01,23.66,7.34,0.97,0.0,0.0160225
2020-11-22 13:00:00,12422.5,320.01,19.74,7.84,1.17,0.0,0.0124225
2020-11-22 14:00:00,7051.0,204.01,13.57,7.88,1.17,0.0,0.007051
2020-11-22 15:00:00,893.0,34.0,5.68,7.37,1.03,0.0,0.000893
2020-11-22 16:00:00,0.0,0.0,0.0,5.9,0.83,0.0,0.0
2020-11-22 17:00:00,0.0,0.0,0.0,5.98,0.48,0.0,0.0
2020-11-22 18:00:00,0.0,0.0,0.0,5.19,0.48,0.0,0.0
2020-11-22 19:00:00,0.0,0.0,0.0,1.99,0.76,0.0,0.0
2020-11-22 20:00:00,0.0,0.0,0.0,1.37,0.28,0.0,0.0
2020-11-22 21:00:00,0.0,0.0,0.0,0.56,0.21,0.0,0.0
2020-11-22 22:00:00,0.0,0.0,0.0,-0.08,0.34,0.0,0.0
2020-11-22 23:00:00,0.0,0.0,0.0,-0.51,0.48,0.0,0.0
2020-11-23 00:00:00,0.0,0.0,0.0,-0.84,0.28,0.0,0.0
2020-11-23 01:00:00,0.0,0.0,0.0,-1.19,0.14,0.0,0.0
2020-11-23 02:00:00,0.0,0.0,0.0,-1.36,0.21,0.0,0.0
2020-11-23 03:00:00,0.0,0.0,0.0,-1.44,0.21,0.0,0.0
2020-11-23 04:00:00,0.0,0.0,0.0,-1.48,0.21,0.0,0.0
2020-11-23 05:00:00,0.0,0.0,0.0,-1.55,0.28,0.0,0.0
2020-11-23 06:00:00,0.0,0.0,0.0,-1.62,0.34,0.0,0.0
2020-11-23 07:00:00,717.0,37.31,4.32,-1.3,0.14,0.0,0.000717
2020-11-23 08:00:00,6248.0,182.01,12.39,-0.02,0.07,0.0,0.006248
2020-11-23 09:00:00,11796.5,303.01,18.82,3.11,0.14,0.0,0.0117965
2020-11-23 10:00:00,15526.5,387.01,23.07,5.4,0.07,0.0,0.0155265
2020-11-23 11:00:00,16854.0,418.01,24.68,6.9,0.28,0.0,0.016854
2020-11-23 12:00:00,15783.0,395.01,23.46,7.96,0.62,0.0,0.015783
2020-11-23 13:00:00,12327.5,320.01,19.57,8.55,0.97,0.0,0.0123275
2020-11-23 14:00:00,6857.0,200.01,13.42,8.58,1.24,0.0,0.006857
2020-11-23 15:00:00,892.0,34.0,5.55,7.68,1.45,0.0,0.000892
2020-11-23 16:00:00,0.0,0.0,0.0,5.98,1.79,0.0,0.0
2020-11-23 17:00:00,0.0,0.0,0.0,4.3,1.66,0.0,0.0
2020-11-23 18:00:00,0.0,0.0,0.0,2.76,1.38,0.0,0.0
2020-11-23 19:00:00,0.0,0.0,0.0,1.87,1.79,0.0,0.0
2020-11-23 20:00:00,0.0,0.0,0.0,1.51,1.38,0.0,0.0
2020-11-23 21:00:00,0.0,0.0,0.0,1.78,0.9,0.0,0.0
2020-11-23 22:00:00,0.0,0.0,0.0,1.3,0.9,0.0,0.0
2020-11-23 23:00:00,0.0,0.0,0.0,0.63,0.9,0.0,0.0
2020-11-24 00:00:00,0.0,0.0,0.0,0.35,0.83,0.0,0.0
2020-11-24 01:00:00,0.0,0.0,0.0,0.23,0.62,0.0,0.0
2020-11-24 02:00:00,0.0,0.0,0.0,0.07,0.41,0.0,0.0
2020-11-24 03:00:00,0.0,0.0,0.0,-0.25,0.34,0.0,0.0
2020-11-24 04:00:00,0.0,0.0,0.0,-0.57,0.62,0.0,0.0
2020-11-24 05:00:00,0.0,0.0,0.0,-0.86,0.9,0.0,0.0
2020-11-24 06:00:00,0.0,0.0,0.0,-1.09,1.03,0.0,0.0
2020-11-24 07:00:00,598.5,36.85,4.12,-0.46,1.03,0.0,0.0005985
2020-11-24 08:00:00,5774.5,167.01,12.18,1.05,0.76,0.0,0.0057745
2020-11-24 09:00:00,11358.5,293.01,18.6,4.48,0.69,0.0,0.0113585
2020-11-24 10:00:00,10085.5,251.0,22.85,7.19,0.76,0.0,0.0100855
2020-11-24 11:00:00,16427.5,410.01,24.47,9.25,0.9,0.0,0.0164275
2020-11-24 12:00:00,15163.0,384.01,23.27,10.71,0.83,0.0,0.015163
2020-11-24 13:00:00,11845.5,312.01,19.4,11.3,0.97,0.0,0.0118455
2020-11-24 14:00:00,6585.0,196.01,13.28,11.26,0.9,0.0,0.006585
2020-11-24 15:00:00,916.5,35.0,5.43,10.24,0.69,0.0,0.0009165
2020-11-24 16:00:00,0.0,0.0,0.0,10.06,0.14,0.0,0.0
2020-11-24 17:00:00,0.0,0.0,0.0,8.96,0.28,0.0,0.0
2020-11-24 18:00:00,0.0,0.0,0.0,8.08,0.62,0.0,0.0
2020-11-24 19:00:00,0.0,0.0,0.0,4.8,1.1,0.0,0.0
2020-11-24 20:00:00,0.0,0.0,0.0,4.55,0.9,0.0,0.0
2020-11-24 21:00:00,0.0,0.0,0.0,4.15,0.69,0.0,0.0
2020-11-24 22:00:00,0.0,0.0,0.0,3.21,0.76,0.0,0.0
2020-11-24 23:00:00,0.0,0.0,0.0,2.43,0.76,0.0,0.0
2020-11-25 00:00:00,0.0,0.0,0.0,1.78,0.62,0.0,0.0
2020-11-25 01:00:00,0.0,0.0,0.0,0.86,0.48,0.0,0.0
2020-11-25 02:00:00,0.0,0.0,0.0,0.21,0.34,0.0,0.0
2020-11-25 03:00:00,0.0,0.0,0.0,-0.63,0.34,0.0,0.0
2020-11-25 04:00:00,0.0,0.0,0.0,-1.16,0.34,0.0,0.0
2020-11-25 05:00:00,0.0,0.0,0.0,-0.97,0.34,0.0,0.0
2020-11-25 06:00:00,0.0,0.0,0.0,-0.92,0.34,0.0,0.0
2020-11-25 07:00:00,570.5,31.36,3.92,-0.4,0.28,0.0,0.0005705
2020-11-25 08:00:00,5596.5,163.01,11.97,1.24,0.34,0.0,0.0055965
2020-11-25 09:00:00,10479.0,269.01,18.39,4.09,0.41,0.0,0.010479
2020-11-25 10:00:00,15030.0,377.01,22.64,6.93,0.48,0.0,0.01503
2020-11-25 11:00:00,16258.5,407.01,24.27,8.84,0.48,0.0,0.0162585
2020-11-25 12:00:00,14471.5,367.01,23.09,10.02,0.21,0.0,0.0144715
2020-11-25 13:00:00,11813.0,313.01,19.24,10.63,0.14,0.0,0.011813
2020-11-25 14:00:00,6445.5,192.01,13.14,10.67,0.28,0.0,0.0064455
2020-11-25 15:00:00,770.0,31.0,5.32,10.08,0.62,0.0,0.00077
2020-11-25 16:00:00,0.0,0.0,0.0,8.92,0.83,0.0,0.0
2020-11-25 17:00:00,0.0,0.0,0.0,8.27,0.76,0.0,0.0
2020-11-25 18:00:00,0.0,0.0,0.0,7.58,0.69,0.0,0.0
2020-11-25 19:00:00,0.0,0.0,0.0,5.83,0.9,0.0,0.0
2020-11-25 20:00:00,0.0,0.0,0.0,4.17,1.03,0.0,0.0
2020-11-25 21:00:00,0.0,0.0,0.0,3.34,0.83,0.0,0.0
2020-11-25 22:00:00,0.0,0.0,0.0,2.87,0.62,0.0,0.0
2020-11-25 23:00:00,0.0,0.0,0.0,2.33,0.48,0.0,0.0
2020-11-26 00:00:00,0.0,0.0,0.0,1.86,0.34,0.0,0.0
2020-11-26 01:00:00,0.0,0.0,0.0,1.25,0.28,0.0,0.0
2020-11-26 02:00:00,0.0,0.0,0.0,0.8,0.28,0.0,0.0
2020-11-26 03:00:00,0.0,0.0,0.0,0.55,0.28,0.0,0.0
2020-11-26 04:00:00,0.0,0.0,0.0,0.33,0.14,0.0,0.0
2020-11-26 05:00:00,0.0,0.0,0.0,0.15,0.21,0.0,0.0
2020-11-26 06:00:00,0.0,0.0,0.0,0.06,0.21,0.0,0.0
2020-11-26 07:00:00,515.0,28.07,3.72,-0.08,0.41,0.0,0.000515
2020-11-26 08:00:00,5580.5,165.01,11.77,1.09,0.34,0.0,0.0055805
2020-11-26 09:00:00,11155.0,289.01,18.18,3.78,0.48,0.0,0.011155
2020-11-26 10:00:00,14862.0,372.01,22.43,6.2,0.48,0.0,0.014862
2020-11-26 11:00:00,16188.5,405.01,24.08,8.02,0.28,0.0,0.0161885
2020-11-26 12:00:00,15389.5,392.01,22.91,9.44,0.07,0.0,0.0153895
2020-11-26 13:00:00,11575.5,306.01,19.09,10.12,0.14,0.0,0.0115755
2020-11-26 14:00:00,6455.0,193.01,13.01,10.18,0.41,0.0,0.006455
2020-11-26 15:00:00,808.0,32.0,5.21,9.68,0.76,0.0,0.000808
2020-11-26 16:00:00,0.0,0.0,0.0,7.77,1.03,0.0,0.0
2020-11-26 17:00:00,0.0,0.0,0.0,7.18,0.9,0.0,0.0
2020-11-26 18:00:00,0.0,0.0,0.0,6.63,0.69,0.0,0.0
2020-11-26 19:00:00,0.0,0.0,0.0,5.42,0.69,0.0,0.0
2020-11-26 20:00:00,0.0,0.0,0.0,4.85,0.48,0.0,0.0
2020-11-26 21:00:00,0.0,0.0,0.0,4.54,0.28,0.0,0.0
2020-11-26 22:00:00,0.0,0.0,0.0,4.31,0.14,0.0,0.0
2020-11-26 23:00:00,0.0,0.0,0.0,3.89,0.41,0.0,0.0
2020-11-27 00:00:00,0.0,0.0,0.0,3.36,0.41,0.0,0.0
2020-11-27 01:00:00,0.0,0.0,0.0,2.65,0.14,0.0,0.0
2020-11-27 02:00:00,0.0,0.0,0.0,1.82,0.21,0.0,0.0
2020-11-27 03:00:00,0.0,0.0,0.0,1.44,0.14,0.0,0.0
2020-11-27 04:00:00,0.0,0.0,0.0,1.39,0.14,0.0,0.0
2020-11-27 05:00:00,0.0,0.0,0.0,1.46,0.07,0.0,0.0
2020-11-27 06:00:00,0.0,0.0,0.0,1.7,0.0,0.0,0.0
2020-11-27 07:00:00,437.5,26.15,3.52,2.17,0.41,0.0,0.0004375
2020-11-27 08:00:00,3663.5,104.0,11.57,3.28,0.34,0.0,0.0036635
2020-11-27 09:00:00,8722.0,224.01,17.98,5.05,0.48,0.0,0.008722
2020-11-27 10:00:00,13446.5,336.01,22.23,6.59,0.55,0.0,0.0134465
2020-11-27 11:00:00,13266.0,330.01,23.89,8.09,0.34,0.0,0.013266
2020-11-27 12:00:00,7388.5,189.0,22.74,8.73,0.14,0.0,0.0073885
2020-11-27 13:00:00,4036.5,111.0,18.94,9.18,0.0,0.0,0.0040365
2020-11-27 14:00:00,5488.5,158.0,12.89,9.16,0.07,0.0,0.0054885
2020-11-27 15:00:00,848.0,33.0,5.1,8.91,0.21,0.0,0.000848
2020-11-27 16:00:00,0.0,0.0,0.0,8.73,0.21,0.0,0.0
2020-11-27 17:00:00,0.0,0.0,0.0,8.54,0.14,0.0,0.0
2020-11-27 18:00:00,0.0,0.0,0.0,7.9,0.69,0.0,0.0
2020-11-27 19:00:00,0.0,0.0,0.0,5.62,0.62,0.0,0.0
2020-11-27 20:00:00,0.0,0.0,0.0,5.98,0.48,0.0,0.0
2020-11-27 21:00:00,0.0,0.0,0.0,5.4,0.62,0.0,0.0
2020-11-27 22:00:00,0.0,0.0,0.0,4.81,0.9,0.0,0.0
2020-11-27 23:00:00,0.0,0.0,0.0,4.81,1.1,0.0,0.0
2020-11-28 00:00:00,0.0,0.0,0.0,4.9,1.1,0.0,0.0
2020-11-28 01:00:00,0.0,0.0,0.0,4.9,0.97,0.0,0.0
2020-11-28 02:00:00,0.0,0.0,0.0,5.0,0.97,0.0,0.0
2020-11-28 03:00:00,0.0,0.0,0.0,4.8,1.24,0.0,0.0
2020-11-28 04:00:00,0.0,0.0,0.0,5.04,1.1,0.0,0.0
2020-11-28 05:00:00,0.0,0.0,0.0,5.13,1.24,0.0,0.0
2020-11-28 06:00:00,0.0,0.0,0.0,5.28,1.17,0.0,0.0
2020-11-28 07:00:00,245.0,15.82,3.33,5.04,0.48,0.0,0.000245
2020-11-28 08:00:00,901.5,34.0,11.37,5.46,0.55,0.0,0.0009015
2020-11-28 09:00:00,569.5,25.0,17.78,6.13,0.69,0.0,0.0005695
2020-11-28 10:00:00,5962.0,154.0,22.04,6.62,0.55,0.0,0.005962
2020-11-28 11:00:00,7923.5,200.0,23.71,7.51,0.41,0.0,0.0079235
2020-11-28 12:00:00,7088.5,181.0,22.58,7.91,0.62,0.0,0.0070885
2020-11-28 13:00:00,2870.5,83.0,18.8,8.22,0.69,0.0,0.0028705
2020-11-28 14:00:00,2439.0,73.0,12.77,8.44,0.69,0.0,0.002439
2020-11-28 15:00:00,704.5,29.0,5.01,8.31,0.34,0.0,0.0007045
2020-11-28 16:00:00,0.0,0.0,0.0,8.16,0.07,0.0,0.0
2020-11-28 17:00:00,0.0,0.0,0.0,7.96,0.14,0.0,0.0
2020-11-28 18:00:00,0.0,0.0,0.0,7.67,0.28,0.0,0.0
2020-11-28 19:00:00,0.0,0.0,0.0,6.26,0.41,0.0,0.0
2020-11-28 20:00:00,0.0,0.0,0.0,6.15,0.41,0.0,0.0
2020-11-28 21:00:00,0.0,0.0,0.0,5.25,0.9,0.0,0.0
2020-11-28 22:00:00,0.0,0.0,0.0,4.98,0.83,0.0,0.0
2020-11-28 23:00:00,0.0,0.0,0.0,4.43,1.03,0.0,0.0
2020-11-29 00:00:00,0.0,0.0,0.0,4.3,1.45,0.0,0.0
2020-11-29 01:00:00,0.0,0.0,0.0,4.34,1.17,0.0,0.0
2020-11-29 02:00:00,0.0,0.0,0.0,4.65,0.97,0.0,0.0
2020-11-29 03:00:00,0.0,0.0,0.0,4.84,0.9,0.0,0.0
2020-11-29 04:00:00,0.0,0.0,0.0,4.64,1.03,0.0,0.0
2020-11-29 05:00:00,0.0,0.0,0.0,4.35,1.1,0.0,0.0
2020-11-29 06:00:00,0.0,0.0,0.0,4.13,1.03,0.0,0.0
2020-11-29 07:00:00,8.5,6.0,3.15,3.44,1.31,0.0,8.5e-06
2020-11-29 08:00:00,1977.5,61.0,11.18,4.73,0.83,0.0,0.0019775
2020-11-29 09:00:00,4636.0,124.0,17.59,6.8,0.9,0.0,0.004636
2020-11-29 10:00:00,7631.5,194.0,21.85,8.38,1.1,0.0,0.0076315
2020-11-29 11:00:00,12138.0,303.01,23.53,9.75,1.17,0.0,0.012138
2020-11-29 12:00:00,13684.5,347.01,22.42,10.69,1.1,0.0,0.0136845
2020-11-29 13:00:00,11028.5,292.01,18.66,11.16,1.31,0.0,0.0110285
2020-11-29 14:00:00,4087.5,117.0,12.66,11.1,1.52,0.0,0.0040875
2020-11-29 15:00:00,591.0,26.0,4.92,10.5,1.31,0.0,0.000591
2020-11-29 16:00:00,0.0,0.0,0.0,9.3,1.38,0.0,0.0
2020-11-29 17:00:00,0.0,0.0,0.0,7.47,1.24,0.0,0.0
2020-11-29 18:00:00,0.0,0.0,0.0,6.88,1.1,0.0,0.0
2020-11-29 19:00:00,0.0,0.0,0.0,4.46,1.52,0.0,0.0
2020-11-29 20:00:00,0.0,0.0,0.0,4.14,1.31,0.0,0.0
2020-11-29 21:00:00,0.0,0.0,0.0,3.72,1.17,0.0,0.0
2020-11-29 22:00:00,0.0,0.0,0.0,4.29,0.76,0.0,0.0
2020-11-29 23:00:00,0.0,0.0,0.0,3.64,0.34,0.0,0.0
2020-11-30 00:00:00,0.0,0.0,0.0,3.09,0.14,0.0,0.0
2020-11-30 01:00:00,0.0,0.0,0.0,2.52,0.28,0.0,0.0
2020-11-30 02:00:00,0.0,0.0,0.0,2.49,0.34,0.0,0.0
2020-11-30 03:00:00,0.0,0.0,0.0,2.45,0.41,0.0,0.0
2020-11-30 04:00:00,0.0,0.0,0.0,2.4,0.48,0.0,0.0
2020-11-30 05:00:00,0.0,0.0,0.0,2.35,0.48,0.0,0.0
2020-11-30 06:00:00,0.0,0.0,0.0,2.18,0.62,0.0,0.0
2020-11-30 07:00:00,52.0,8.0,2.96,2.07,0.48,0.0,5.2e-05
2020-11-30 08:00:00,2513.0,74.0,11.0,2.86,0.48,0.0,0.002513
2020-11-30 09:00:00,2501.0,73.0,17.4,4.03,0.62,0.0,0.002501
2020-11-30 10:00:00,2911.0,83.0,21.67,5.4,0.83,0.0,0.002911
2020-11-30 11:00:00,3282.5,92.0,23.36,6.51,1.1,0.0,0.0032825
2020-11-30 12:00:00,3181.5,90.0,22.27,7.5,1.17,0.0,0.0031815
2020-11-30 13:00:00,2454.5,73.0,18.54,8.04,1.24,0.0,0.0024545
2020-11-30 14:00:00,1392.0,47.0,12.56,8.0,1.24,0.0,0.001392
2020-11-30 15:00:00,496.0,23.0,4.84,7.62,1.17,0.0,0.000496
2020-11-30 16:00:00,0.0,0.0,0.0,6.83,1.38,0.0,0.0
2020-11-30 17:00:00,0.0,0.0,0.0,5.9,1.38,0.0,0.0
2020-11-30 18:00:00,0.0,0.0,0.0,4.91,1.24,0.0,0.0
2020-11-30 19:00:00,0.0,0.0,0.0,4.17,0.97,0.0,0.0
2020-11-30 20:00:00,0.0,0.0,0.0,3.64,1.03,0.0,0.0
2020-11-30 21:00:00,0.0,0.0,0.0,3.55,0.9,0.0,0.0
2020-11-30 22:00:00,0.0,0.0,0.0,3.25,0.83,0.0,0.0
2020-11-30 23:00:00,0.0,0.0,0.0,2.84,0.69,0.0,0.0
2020-12-01 00:00:00,0.0,0.0,0.0,3.0,0.62,0.0,0.0
2020-12-01 01:00:00,0.0,0.0,0.0,2.73,0.48,0.0,0.0
2020-12-01 02:00:00,0.0,0.0,0.0,2.49,0.48,0.0,0.0
2020-12-01 03:00:00,0.0,0.0,0.0,1.96,0.76,0.0,0.0
2020-12-01 04:00:00,0.0,0.0,0.0,2.03,0.69,0.0,0.0
2020-12-01 05:00:00,0.0,0.0,0.0,1.86,0.76,0.0,0.0
2020-12-01 06:00:00,0.0,0.0,0.0,2.07,0.55,0.0,0.0
2020-12-01 07:00:00,250.5,17.34,2.78,2.28,0.48,0.0,0.0002505
2020-12-01 08:00:00,2516.5,74.0,10.82,2.47,0.48,0.0,0.0025165
2020-12-01 09:00:00,8566.0,220.01,17.22,3.45,1.03,0.0,0.008566
2020-12-01 10:00:00,2672.0,77.0,21.5,4.31,1.59,0.0,0.002672
2020-12-01 11:00:00,1781.5,56.0,23.2,4.92,2.0,0.0,0.0017815
2020-12-01 12:00:00,1736.0,55.0,22.13,5.52,2.55,0.0,0.001736
2020-12-01 13:00:00,715.0,29.0,18.42,5.84,2.97,0.0,0.000715
2020-12-01 14:00:00,3670.5,103.0,12.46,5.77,2.97,0.0,0.0036705
2020-12-01 15:00:00,0.0,5.0,4.76,5.3,2.69,0.0,0.0
2020-12-01 16:00:00,0.0,0.0,0.0,4.77,2.48,0.0,0.0
2020-12-01 17:00:00,0.0,0.0,0.0,4.51,2.14,0.0,0.0
2020-12-01 18:00:00,0.0,0.0,0.0,4.13,1.93,0.0,0.0
2020-12-01 19:00:00,0.0,0.0,0.0,3.47,2.48,0.0,0.0
2020-12-01 20:00:00,0.0,0.0,0.0,3.17,2.14,0.0,0.0
2020-12-01 21:00:00,0.0,0.0,0.0,2.85,2.34,0.0,0.0
2020-12-01 22:00:00,0.0,0.0,0.0,2.71,2.69,0.0,0.0
2020-12-01 23:00:00,0.0,0.0,0.0,2.42,2.83,0.0,0.0
2020-12-02 00:00:00,0.0,0.0,0.0,2.48,2.48,0.0,0.0
2020-12-02 01:00:00,0.0,0.0,0.0,2.5,1.59,0.0,0.0
2020-12-02 02:00:00,0.0,0.0,0.0,2.35,1.24,0.0,0.0
2020-12-02 03:00:00,0.0,0.0,0.0,2.07,1.17,0.0,0.0
2020-12-02 04:00:00,0.0,0.0,0.0,1.71,1.17,0.0,0.0
2020-12-02 05:00:00,0.0,0.0,0.0,1.52,0.9,0.0,0.0
2020-12-02 06:00:00,0.0,0.0,0.0,1.44,0.69,0.0,0.0
2020-12-02 07:00:00,0.0,5.0,2.61,1.29,0.62,0.0,0.0
2020-12-02 08:00:00,216.0,14.0,10.64,1.26,0.07,0.0,0.000216
2020-12-02 09:00:00,3394.0,93.0,17.05,1.55,0.14,0.0,0.003394
2020-12-02 10:00:00,1558.0,50.0,21.33,1.79,0.41,0.0,0.001558
2020-12-02 11:00:00,3175.0,88.0,23.04,2.15,0.76,0.0,0.003175
2020-12-02 12:00:00,5873.0,149.0,22.0,2.2,0.76,0.0,0.005873
2020-12-02 13:00:00,1472.5,48.0,18.31,2.26,0.62,0.0,0.0014725
2020-12-02 14:00:00,2511.5,73.0,12.37,2.44,0.69,0.0,0.0025115
2020-12-02 15:00:00,0.0,5.0,4.69,2.33,0.69,0.0,0.0
2020-12-02 16:00:00,0.0,0.0,0.0,2.23,0.62,0.0,0.0
2020-12-02 17:00:00,0.0,0.0,0.0,2.11,0.55,0.0,0.0
2020-12-02 18:00:00,0.0,0.0,0.0,2.2,0.55,0.0,0.0
2020-12-02 19:00:00,0.0,0.0,0.0,2.49,1.66,0.0,0.0
2020-12-02 20:00:00,0.0,0.0,0.0,2.56,1.03,0.0,0.0
2020-12-02 21:00:00,0.0,0.0,0.0,2.48,1.03,0.0,0.0
2020-12-02 22:00:00,0.0,0.0,0.0,2.4,1.24,0.0,0.0
2020-12-02 23:00:00,0.0,0.0,0.0,2.18,1.52,0.0,0.0
2020-12-03 00:00:00,0.0,0.0,0.0,1.65,1.52,0.0,0.0
2020-12-03 01:00:00,0.0,0.0,0.0,0.89,1.72,0.0,0.0
2020-12-03 02:00:00,0.0,0.0,0.0,-0.01,1.79,0.0,0.0
2020-12-03 03:00:00,0.0,0.0,0.0,-0.71,1.66,0.0,0.0
2020-12-03 04:00:00,0.0,0.0,0.0,-1.24,1.24,0.0,0.0
2020-12-03 05:00:00,0.0,0.0,0.0,-1.84,1.03,0.0,0.0
2020-12-03 06:00:00,0.0,0.0,0.0,-2.37,0.97,0.0,0.0
2020-12-03 07:00:00,104.5,10.0,2.44,-1.95,0.48,0.0,0.0001045
2020-12-03 08:00:00,3615.0,104.0,10.47,-0.57,0.34,0.0,0.003615
2020-12-03 09:00:00,5547.5,143.0,16.88,1.48,0.34,0.0,0.0055475
2020-12-03 10:00:00,7505.0,188.0,21.16,3.87,0.48,0.0,0.007505
2020-12-03 11:00:00,7366.0,185.0,22.9,5.26,0.83,0.0,0.007366
2020-12-03 12:00:00,6256.5,160.0,21.87,6.05,1.38,0.0,0.0062565
2020-12-03 13:00:00,5473.5,143.0,18.2,6.49,1.72,0.0,0.0054735
2020-12-03 14:00:00,2627.5,77.0,12.29,6.39,1.93,0.0,0.0026275
2020-12-03 15:00:00,607.0,26.0,4.63,5.65,1.79,0.0,0.000607
2020-12-03 16:00:00,0.0,0.0,0.0,4.35,2.14,0.0,0.0
2020-12-03 17:00:00,0.0,0.0,0.0,3.77,1.93,0.0,0.0
2020-12-03 18:00:00,0.0,0.0,0.0,3.53,1.59,0.0,0.0
2020-12-03 19:00:00,0.0,0.0,0.0,3.39,1.66,0.0,0.0
2020-12-03 20:00:00,0.0,0.0,0.0,3.25,1.52,0.0,0.0
2020-12-03 21:00:00,0.0,0.0,0.0,3.14,1.52,0.0,0.0
2020-12-03 22:00:00,0.0,0.0,0.0,3.04,1.31,0.0,0.0
2020-12-03 23:00:00,0.0,0.0,0.0,2.85,1.24,0.0,0.0
2020-12-04 00:00:00,0.0,0.0,0.0,2.54,1.31,0.0,0.0
2020-12-04 01:00:00,0.0,0.0,0.0,1.9,1.24,0.0,0.0
2020-12-04 02:00:00,0.0,0.0,0.0,1.65,1.1,0.0,0.0
2020-12-04 03:00:00,0.0,0.0,0.0,1.51,1.03,0.0,0.0
2020-12-04 04:00:00,0.0,0.0,0.0,1.28,0.97,0.0,0.0
2020-12-04 05:00:00,0.0,0.0,0.0,1.14,0.97,0.0,0.0
2020-12-04 06:00:00,0.0,0.0,0.0,1.06,1.03,0.0,0.0
2020-12-04 07:00:00,0.0,0.0,0.0,0.66,1.24,0.0,0.0
2020-12-04 08:00:00,1042.0,37.0,10.3,0.73,1.1,0.0,0.001042
2020-12-04 09:00:00,2200.0,65.0,16.71,0.65,1.17,0.0,0.0022
2020-12-04 10:00:00,2155.5,64.0,21.01,0.86,1.24,0.0,0.0021555
2020-12-04 11:00:00,1362.0,45.0,22.75,0.82,1.52,0.0,0.001362
2020-12-04 12:00:00,4176.5,110.0,21.75,0.9,1.66,0.0,0.0041765
2020-12-04 13:00:00,1858.5,57.0,18.1,0.92,1.45,0.0,0.0018585
2020-12-04 14:00:00,3261.0,91.0,12.21,0.99,1.52,0.0,0.003261
2020-12-04 15:00:00,696.5,28.0,4.57,0.87,1.45,0.0,0.0006965
2020-12-04 16:00:00,0.0,0.0,0.0,0.69,1.24,0.0,0.0
2020-12-04 17:00:00,0.0,0.0,0.0,0.56,1.17,0.0,0.0
2020-12-04 18:00:00,0.0,0.0,0.0,0.48,1.31,0.0,0.0
2020-12-04 19:00:00,0.0,0.0,0.0,0.08,1.24,0.0,0.0
2020-12-04 20:00:00,0.0,0.0,0.0,0.03,1.38,0.0,0.0
2020-12-04 21:00:00,0.0,0.0,0.0,-0.01,1.38,0.0,0.0
2020-12-04 22:00:00,0.0,0.0,0.0,-0.2,1.03,0.0,0.0
2020-12-04 23:00:00,0.0,0.0,0.0,-0.13,0.48,0.0,0.0
2020-12-05 00:00:00,0.0,0.0,0.0,-0.61,0.62,0.0,0.0
2020-12-05 01:00:00,0.0,0.0,0.0,-1.41,1.03,0.0,0.0
2020-12-05 02:00:00,0.0,0.0,0.0,-1.08,0.69,0.0,0.0
2020-12-05 03:00:00,0.0,0.0,0.0,-0.78,0.07,0.0,0.0
2020-12-05 04:00:00,0.0,0.0,0.0,-1.67,0.97,0.0,0.0
2020-12-05 05:00:00,0.0,0.0,0.0,-1.3,0.97,0.0,0.0
2020-12-05 06:00:00,0.0,0.0,0.0,-0.67,0.69,0.0,0.0
2020-12-05 07:00:00,0.0,0.0,0.0,-1.92,1.03,0.0,0.0
2020-12-05 08:00:00,450.0,21.0,10.14,-1.11,0.76,0.0,0.00045
2020-12-05 09:00:00,588.5,25.0,16.56,0.21,0.55,0.0,0.0005885
2020-12-05 10:00:00,2116.0,63.0,20.86,0.59,1.45,0.0,0.002116
2020-12-05 11:00:00,2496.5,72.0,22.62,1.25,1.93,0.0,0.0024965
2020-12-05 12:00:00,1769.0,55.0,21.63,1.61,1.86,0.0,0.001769
2020-12-05 13:00:00,1935.0,59.0,18.01,1.76,1.66,0.0,0.001935
2020-12-05 14:00:00,1560.0,50.0,12.14,1.69,1.38,0.0,0.00156
2020-12-05 15:00:00,548.0,24.0,4.52,1.65,1.31,0.0,0.000548
2020-12-05 16:00:00,0.0,0.0,0.0,1.49,1.38,0.0,0.0
2020-12-05 17:00:00,0.0,0.0,0.0,1.12,1.17,0.0,0.0
2020-12-05 18:00:00,0.0,0.0,0.0,0.97,1.17,0.0,0.0
2020-12-05 19:00:00,0.0,0.0,0.0,0.73,0.83,0.0,0.0
2020-12-05 20:00:00,0.0,0.0,0.0,0.69,0.9,0.0,0.0
2020-12-05 21:00:00,0.0,0.0,0.0,0.68,0.83,0.0,0.0
2020-12-05 22:00:00,0.0,0.0,0.0,0.48,0.97,0.0,0.0
2020-12-05 23:00:00,0.0,0.0,0.0,0.33,0.97,0.0,0.0
2020-12-06 00:00:00,0.0,0.0,0.0,0.47,0.9,0.0,0.0
2020-12-06 01:00:00,0.0,0.0,0.0,0.54,1.1,0.0,0.0
2020-12-06 02:00:00,0.0,0.0,0.0,0.61,1.1,0.0,0.0
2020-12-06 03:00:00,0.0,0.0,0.0,0.5,1.03,0.0,0.0
2020-12-06 04:00:00,0.0,0.0,0.0,1.2,0.55,0.0,0.0
2020-12-06 05:00:00,0.0,0.0,0.0,1.42,0.28,0.0,0.0
2020-12-06 06:00:00,0.0,0.0,0.0,1.36,0.41,0.0,0.0
2020-12-06 07:00:00,0.0,0.0,0.0,0.9,1.17,0.0,0.0
2020-12-06 08:00:00,3867.0,117.0,9.99,1.45,1.03,0.0,0.003867
2020-12-06 09:00:00,8185.0,211.01,16.4,2.03,1.1,0.0,0.008185
2020-12-06 10:00:00,6905.0,173.0,20.72,2.84,1.17,0.0,0.006905
2020-12-06 11:00:00,7058.0,176.0,22.49,2.96,1.31,0.0,0.007058
2020-12-06 12:00:00,5578.0,143.0,21.52,3.75,1.59,0.0,0.005578
2020-12-06 13:00:00,7203.5,183.0,17.93,3.92,1.52,0.0,0.0072035
2020-12-06 14:00:00,5361.0,154.01,12.08,4.05,1.24,0.0,0.005361
2020-12-06 15:00:00,439.0,21.0,4.48,3.23,1.31,0.0,0.000439
2020-12-06 16:00:00,0.0,0.0,0.0,2.44,1.31,0.0,0.0
2020-12-06 17:00:00,0.0,0.0,0.0,3.99,0.83,0.0,0.0
2020-12-06 18:00:00,0.0,0.0,0.0,3.41,0.55,0.0,0.0
2020-12-06 19:00:00,0.0,0.0,0.0,0.36,1.59,0.0,0.0
2020-12-06 20:00:00,0.0,0.0,0.0,-0.72,1.66,0.0,0.0
2020-12-06 21:00:00,0.0,0.0,0.0,-0.04,1.24,0.0,0.0
2020-12-06 22:00:00,0.0,0.0,0.0,0.7,0.76,0.0,0.0
2020-12-06 23:00:00,0.0,0.0,0.0,0.39,0.48,0.0,0.0
2020-12-07 00:00:00,0.0,0.0,0.0,0.32,0.55,0.0,0.0
2020-12-07 01:00:00,0.0,0.0,0.0,0.63,0.48,0.0,0.0
2020-12-07 02:00:00,0.0,0.0,0.0,0.86,0.41,0.0,0.0
2020-12-07 03:00:00,0.0,0.0,0.0,1.24,0.21,0.0,0.0
2020-12-07 04:00:00,0.0,0.0,0.0,1.24,0.34,0.0,0.0
2020-12-07 05:00:00,0.0,0.0,0.0,1.19,0.55,0.0,0.0
2020-12-07 06:00:00,0.0,0.0,0.0,-0.32,1.31,0.0,0.0
2020-12-07 07:00:00,0.0,0.0,0.0,0.34,0.9,0.0,0.0
2020-12-07 08:00:00,2456.5,73.0,9.84,1.1,0.14,0.0,0.0024565
2020-12-07 09:00:00,2486.5,72.0,16.26,1.6,0.41,0.0,0.0024865
2020-12-07 10:00:00,6588.5,165.0,20.58,1.52,0.9,0.0,0.0065885
2020-12-07 11:00:00,7917.0,195.0,22.37,2.14,1.17,0.0,0.007917
2020-12-07 12:00:00,1351.5,45.0,21.42,2.36,1.31,0.0,0.0013515
2020-12-07 13:00:00,1593.5,51.0,17.85,2.57,0.97,0.0,0.0015935
2020-12-07 14:00:00,1761.0,55.0,12.03,2.36,1.03,0.0,0.001761
2020-12-07 15:00:00,652.0,27.0,4.44,2.89,0.83,0.0,0.000652
2020-12-07 16:00:00,0.0,0.0,0.0,3.42,0.69,0.0,0.0
2020-12-07 17:00:00,0.0,0.0,0.0,3.23,0.62,0.0,0.0
2020-12-07 18:00:00,0.0,0.0,0.0,2.95,0.48,0.0,0.0
2020-12-07 19:00:00,0.0,0.0,0.0,2.12,0.9,0.0,0.0
2020-12-07 20:00:00,0.0,0.0,0.0,1.57,1.03,0.0,0.0
2020-12-07 21:00:00,0.0,0.0,0.0,1.27,1.24,0.0,0.0
2020-12-07 22:00:00,0.0,0.0,0.0,1.42,1.24,0.0,0.0
2020-12-07 23:00:00,0.0,0.0,0.0,1.43,1.03,0.0,0.0
2020-12-08 00:00:00,0.0,0.0,0.0,1.18,1.24,0.0,0.0
2020-12-08 01:00:00,0.0,0.0,0.0,1.4,1.59,0.0,0.0
2020-12-08 02:00:00,0.0,0.0,0.0,2.0,1.79,0.0,0.0
2020-12-08 03:00:00,0.0,0.0,0.0,1.98,1.93,0.0,0.0
2020-12-08 04:00:00,0.0,0.0,0.0,1.68,1.86,0.0,0.0
2020-12-08 05:00:00,0.0,0.0,0.0,1.57,1.79,0.0,0.0
2020-12-08 06:00:00,0.0,0.0,0.0,1.61,1.79,0.0,0.0
2020-12-08 07:00:00,0.0,0.0,0.0,1.69,1.52,0.0,0.0
2020-12-08 08:00:00,959.5,35.0,9.69,1.6,1.24,0.0,0.0009595
2020-12-08 09:00:00,5023.5,131.0,16.12,1.94,1.45,0.0,0.0050235
2020-12-08 10:00:00,1390.5,46.0,20.45,2.65,1.79,0.0,0.0013905
2020-12-08 11:00:00,6887.0,172.0,22.26,3.1,1.86,0.0,0.006887
2020-12-08 12:00:00,3250.5,90.0,21.33,3.26,1.72,0.0,0.0032505
2020-12-08 13:00:00,4853.5,127.0,17.78,3.36,1.45,0.0,0.0048535
2020-12-08 14:00:00,1711.5,54.0,11.98,3.36,1.38,0.0,0.0017115
2020-12-08 15:00:00,51.0,8.0,4.41,3.15,1.31,0.0,5.1e-05
2020-12-08 16:00:00,0.0,0.0,0.0,2.96,1.45,0.0,0.0
2020-12-08 17:00:00,0.0,0.0,0.0,3.1,1.45,0.0,0.0
2020-12-08 18:00:00,0.0,0.0,0.0,2.87,1.52,0.0,0.0
2020-12-08 19:00:00,0.0,0.0,0.0,4.04,0.9,0.0,0.0
2020-12-08 20:00:00,0.0,0.0,0.0,4.25,0.55,0.0,0.0
2020-12-08 21:00:00,0.0,0.0,0.0,3.42,1.03,0.0,0.0
2020-12-08 22:00:00,0.0,0.0,0.0,2.73,1.17,0.0,0.0
2020-12-08 23:00:00,0.0,0.0,0.0,2.4,1.24,0.0,0.0
2020-12-09 00:00:00,0.0,0.0,0.0,2.01,1.38,0.0,0.0
2020-12-09 01:00:00,0.0,0.0,0.0,2.06,1.66,0.0,0.0
2020-12-09 02:00:00,0.0,0.0,0.0,2.03,1.52,0.0,0.0
2020-12-09 03:00:00,0.0,0.0,0.0,1.95,1.52,0.0,0.0
2020-12-09 04:00:00,0.0,0.0,0.0,2.11,1.79,0.0,0.0
2020-12-09 05:00:00,0.0,0.0,0.0,2.07,2.0,0.0,0.0
2020-12-09 06:00:00,0.0,0.0,0.0,2.29,2.14,0.0,0.0
2020-12-09 07:00:00,0.0,0.0,0.0,3.07,2.48,0.0,0.0
2020-12-09 08:00:00,1427.0,47.0,9.55,3.3,2.34,0.0,0.001427
2020-12-09 09:00:00,2682.0,77.0,15.99,3.63,1.93,0.0,0.002682
2020-12-09 10:00:00,6199.5,158.0,20.33,4.55,1.45,0.0,0.0061995
2020-12-09 11:00:00,5334.0,139.0,22.15,6.21,1.17,0.0,0.005334
2020-12-09 12:00:00,4597.5,123.0,21.25,7.76,1.03,0.0,0.0045975
2020-12-09 13:00:00,2331.0,70.0,17.72,7.78,0.97,0.0,0.002331
2020-12-09 14:00:00,2199.5,67.0,11.94,7.55,1.03,0.0,0.0021995
2020-12-09 15:00:00,498.0,23.0,4.39,6.88,1.24,0.0,0.000498
2020-12-09 16:00:00,0.0,0.0,0.0,5.99,1.24,0.0,0.0
2020-12-09 17:00:00,0.0,0.0,0.0,5.17,0.97,0.0,0.0
2020-12-09 18:00:00,0.0,0.0,0.0,5.62,0.62,0.0,0.0
2020-12-09 19:00:00,0.0,0.0,0.0,4.54,0.9,0.0,0.0
2020-12-09 20:00:00,0.0,0.0,0.0,4.46,0.76,0.0,0.0
2020-12-09 21:00:00,0.0,0.0,0.0,4.02,0.9,0.0,0.0
2020-12-09 22:00:00,0.0,0.0,0.0,4.15,0.69,0.0,0.0
2020-12-09 23:00:00,0.0,0.0,0.0,3.93,0.69,0.0,0.0
2020-12-10 00:00:00,0.0,0.0,0.0,3.51,0.76,0.0,0.0
2020-12-10 01:00:00,0.0,0.0,0.0,2.84,0.69,0.0,0.0
2020-12-10 02:00:00,0.0,0.0,0.0,2.33,0.55,0.0,0.0
2020-12-10 03:00:00,0.0,0.0,0.0,1.9,0.41,0.0,0.0
2020-12-10 04:00:00,0.0,0.0,0.0,1.26,0.55,0.0,0.0
2020-12-10 05:00:00,0.0,0.0,0.0,1.15,0.48,0.0,0.0
2020-12-10 06:00:00,0.0,0.0,0.0,1.06,0.55,0.0,0.0
2020-12-10 07:00:00,0.0,0.0,0.0,1.92,1.17,0.0,0.0
2020-12-10 08:00:00,2852.5,86.0,9.42,2.25,1.03,0.0,0.0028525
2020-12-10 09:00:00,4740.0,126.0,15.86,4.26,0.62,0.0,0.00474
2020-12-10 10:00:00,8475.5,213.0,20.22,5.16,0.41,0.0,0.0084755
2020-12-10 11:00:00,9479.5,237.0,22.06,6.28,0.07,0.0,0.0094795
2020-12-10 12:00:00,11236.5,283.01,21.17,7.05,0.21,0.0,0.0112365
2020-12-10 13:00:00,5577.5,147.0,17.66,7.57,0.41,0.0,0.0055775
2020-12-10 14:00:00,2238.5,68.0,11.9,7.64,0.55,0.0,0.0022385
2020-12-10 15:00:00,531.0,24.0,4.37,7.35,0.83,0.0,0.000531
2020-12-10 16:00:00,0.0,0.0,0.0,6.3,1.03,0.0,0.0
2020-12-10 17:00:00,0.0,0.0,0.0,6.52,0.69,0.0,0.0
2020-12-10 18:00:00,0.0,0.0,0.0,6.4,0.48,0.0,0.0
2020-12-10 19:00:00,0.0,0.0,0.0,5.16,0.48,0.0,0.0
2020-12-10 20:00:00,0.0,0.0,0.0,4.8,0.55,0.0,0.0
2020-12-10 21:00:00,0.0,0.0,0.0,4.47,0.48,0.0,0.0
2020-12-10 22:00:00,0.0,0.0,0.0,4.27,0.55,0.0,0.0
2020-12-10 23:00:00,0.0,0.0,0.0,4.03,0.69,0.0,0.0
2020-12-11 00:00:00,0.0,0.0,0.0,3.21,0.83,0.0,0.0
2020-12-11 01:00:00,0.0,0.0,0.0,2.46,0.83,0.0,0.0
2020-12-11 02:00:00,0.0,0.0,0.0,2.28,0.62,0.0,0.0
2020-12-11 03:00:00,0.0,0.0,0.0,1.65,0.55,0.0,0.0
2020-12-11 04:00:00,0.0,0.0,0.0,1.34,0.34,0.0,0.0
2020-12-11 05:00:00,0.0,0.0,0.0,0.72,0.48,0.0,0.0
2020-12-11 06:00:00,0.0,0.0,0.0,0.41,0.28,0.0,0.0
2020-12-11 07:00:00,0.0,0.0,0.0,1.89,0.48,0.0,0.0
2020-12-11 08:00:00,2043.0,63.0,9.29,2.02,0.21,0.0,0.002043
2020-12-11 09:00:00,3802.0,103.0,15.74,2.62,0.21,0.0,0.003802
2020-12-11 10:00:00,5348.0,138.0,20.11,3.17,0.48,0.0,0.005348
2020-12-11 11:00:00,5123.0,133.0,21.96,3.67,0.55,0.0,0.005123
2020-12-11 12:00:00,3623.0,99.0,21.1,4.17,0.83,0.0,0.003623
2020-12-11 13:00:00,3879.0,105.0,17.61,4.32,0.97,0.0,0.003879
2020-12-11 14:00:00,3722.0,105.0,11.87,4.35,1.03,0.0,0.003722
2020-12-11 15:00:00,74.5,9.0,4.36,4.23,1.1,0.0,7.45e-05
2020-12-11 16:00:00,0.0,0.0,0.0,3.87,0.97,0.0,0.0
2020-12-11 17:00:00,0.0,0.0,0.0,3.66,0.9,0.0,0.0
2020-12-11 18:00:00,0.0,0.0,0.0,3.34,1.03,0.0,0.0
2020-12-11 19:00:00,0.0,0.0,0.0,2.39,1.52,0.0,0.0
2020-12-11 20:00:00,0.0,0.0,0.0,2.42,1.24,0.0,0.0
2020-12-11 21:00:00,0.0,0.0,0.0,2.47,1.17,0.0,0.0
2020-12-11 22:00:00,0.0,0.0,0.0,2.44,1.24,0.0,0.0
2020-12-11 23:00:00,0.0,0.0,0.0,2.25,1.31,0.0,0.0
2020-12-12 00:00:00,0.0,0.0,0.0,2.11,1.45,0.0,0.0
2020-12-12 01:00:00,0.0,0.0,0.0,1.97,1.45,0.0,0.0
2020-12-12 02:00:00,0.0,0.0,0.0,1.7,1.31,0.0,0.0
2020-12-12 03:00:00,0.0,0.0,0.0,1.55,1.1,0.0,0.0
2020-12-12 04:00:00,0.0,0.0,0.0,1.3,1.17,0.0,0.0
2020-12-12 05:00:00,0.0,0.0,0.0,1.36,1.24,0.0,0.0
2020-12-12 06:00:00,0.0,0.0,0.0,1.12,1.24,0.0,0.0
2020-12-12 07:00:00,0.0,0.0,0.0,1.1,1.17,0.0,0.0
2020-12-12 08:00:00,1632.5,52.0,9.17,1.3,1.45,0.0,0.0016325
2020-12-12 09:00:00,3820.5,103.0,15.63,2.13,1.31,0.0,0.0038205
2020-12-12 10:00:00,6705.5,169.0,20.01,3.16,1.1,0.0,0.0067055
2020-12-12 11:00:00,9739.0,240.0,21.88,4.12,0.9,0.0,0.009739
2020-12-12 12:00:00,11250.0,280.01,21.04,5.16,0.83,0.0,0.01125
2020-12-12 13:00:00,6732.0,174.0,17.57,5.79,0.69,0.0,0.006732
2020-12-12 14:00:00,4717.0,136.0,11.85,6.09,0.9,0.0,0.004717
2020-12-12 15:00:00,432.5,21.0,4.36,5.9,0.69,0.0,0.0004325
2020-12-12 16:00:00,0.0,0.0,0.0,4.88,0.97,0.0,0.0
2020-12-12 17:00:00,0.0,0.0,0.0,3.67,0.9,0.0,0.0
2020-12-12 18:00:00,0.0,0.0,0.0,3.9,0.55,0.0,0.0
2020-12-12 19:00:00,0.0,0.0,0.0,3.16,1.1,0.0,0.0
2020-12-12 20:00:00,0.0,0.0,0.0,2.11,1.17,0.0,0.0
2020-12-12 21:00:00,0.0,0.0,0.0,2.38,0.97,0.0,0.0
2020-12-12 22:00:00,0.0,0.0,0.0,2.61,0.76,0.0,0.0
2020-12-12 23:00:00,0.0,0.0,0.0,2.31,0.69,0.0,0.0
2020-12-13 00:00:00,0.0,0.0,0.0,1.04,0.9,0.0,0.0
2020-12-13 01:00:00,0.0,0.0,0.0,0.7,0.62,0.0,0.0
2020-12-13 02:00:00,0.0,0.0,0.0,0.19,0.55,0.0,0.0
2020-12-13 03:00:00,0.0,0.0,0.0,-0.35,0.62,0.0,0.0
2020-12-13 04:00:00,0.0,0.0,0.0,-0.61,0.55,0.0,0.0
2020-12-13 05:00:00,0.0,0.0,0.0,-0.71,0.41,0.0,0.0
2020-12-13 06:00:00,0.0,0.0,0.0,-0.88,0.48,0.0,0.0
2020-12-13 07:00:00,0.0,0.0,0.0,-0.14,0.14,0.0,0.0
2020-12-13 08:00:00,3700.5,127.01,9.05,0.32,0.14,0.0,0.0037005
2020-12-13 09:00:00,9272.0,252.01,15.52,1.94,0.28,0.0,0.009272
2020-12-13 10:00:00,13351.5,341.01,19.91,4.03,0.28,0.0,0.0133515
2020-12-13 11:00:00,14893.5,376.02,21.81,5.82,0.21,0.0,0.0148935
2020-12-13 12:00:00,14162.0,363.02,20.98,7.4,0.28,0.0,0.014162
2020-12-13 13:00:00,10824.5,291.01,17.54,8.2,0.34,0.0,0.0108245
2020-12-13 14:00:00,5813.5,182.01,11.84,8.42,0.34,0.0,0.0058135
2020-12-13 15:00:00,529.5,24.0,4.36,7.87,0.83,0.0,0.0005295
2020-12-13 16:00:00,0.0,0.0,0.0,5.91,1.24,0.0,0.0
2020-12-13 17:00:00,0.0,0.0,0.0,4.18,1.17,0.0,0.0
2020-12-13 18:00:00,0.0,0.0,0.0,4.23,0.76,0.0,0.0
2020-12-13 19:00:00,0.0,0.0,0.0,4.24,0.21,0.0,0.0
2020-12-13 20:00:00,0.0,0.0,0.0,3.34,0.14,0.0,0.0
2020-12-13 21:00:00,0.0,0.0,0.0,2.51,0.21,0.0,0.0
2020-12-13 22:00:00,0.0,0.0,0.0,1.95,0.34,0.0,0.0
2020-12-13 23:00:00,0.0,0.0,0.0,1.81,0.55,0.0,0.0
2020-12-14 00:00:00,0.0,0.0,0.0,1.99,0.62,0.0,0.0
2020-12-14 01:00:00,0.0,0.0,0.0,1.8,0.69,0.0,0.0
2020-12-14 02:00:00,0.0,0.0,0.0,1.51,0.55,0.0,0.0
2020-12-14 03:00:00,0.0,0.0,0.0,1.28,0.41,0.0,0.0
2020-12-14 04:00:00,0.0,0.0,0.0,1.36,0.55,0.0,0.0
2020-12-14 05:00:00,0.0,0.0,0.0,1.62,0.62,0.0,0.0
2020-12-14 06:00:00,0.0,0.0,0.0,1.27,0.83,0.0,0.0
2020-12-14 07:00:00,0.0,0.0,0.0,0.89,0.76,0.0,0.0
2020-12-14 08:00:00,3328.5,109.01,8.94,1.07,0.83,0.0,0.0033285
2020-12-14 09:00:00,8808.5,240.01,15.42,3.11,0.76,0.0,0.0088085
2020-12-14 10:00:00,12687.5,324.01,19.82,5.11,0.69,0.0,0.0126875
2020-12-14 11:00:00,11441.5,286.01,21.74,6.87,0.55,0.0,0.0114415
2020-12-14 12:00:00,12951.0,330.01,20.94,7.94,0.62,0.0,0.012951
2020-12-14 13:00:00,10377.0,278.01,17.51,8.62,0.76,0.0,0.010377
2020-12-14 14:00:00,5243.5,158.01,11.83,8.65,0.55,0.0,0.0052435
2020-12-14 15:00:00,494.5,23.0,4.37,8.0,0.62,0.0,0.0004945
2020-12-14 16:00:00,0.0,0.0,0.0,5.96,1.17,0.0,0.0
2020-12-14 17:00:00,0.0,0.0,0.0,4.13,1.52,0.0,0.0
2020-12-14 18:00:00,0.0,0.0,0.0,3.15,1.45,0.0,0.0
2020-12-14 19:00:00,0.0,0.0,0.0,2.94,1.24,0.0,0.0
2020-12-14 20:00:00,0.0,0.0,0.0,2.85,1.24,0.0,0.0
2020-12-14 21:00:00,0.0,0.0,0.0,2.94,1.17,0.0,0.0
2020-12-14 22:00:00,0.0,0.0,0.0,2.84,1.24,0.0,0.0
2020-12-14 23:00:00,0.0,0.0,0.0,2.81,1.31,0.0,0.0
2020-12-15 00:00:00,0.0,0.0,0.0,2.78,1.59,0.0,0.0
2020-12-15 01:00:00,0.0,0.0,0.0,2.48,1.38,0.0,0.0
2020-12-15 02:00:00,0.0,0.0,0.0,1.9,1.52,0.0,0.0
2020-12-15 03:00:00,0.0,0.0,0.0,1.61,1.59,0.0,0.0
2020-12-15 04:00:00,0.0,0.0,0.0,1.33,1.52,0.0,0.0
2020-12-15 05:00:00,0.0,0.0,0.0,1.2,1.52,0.0,0.0
2020-12-15 06:00:00,0.0,0.0,0.0,1.39,1.45,0.0,0.0
2020-12-15 07:00:00,0.0,0.0,0.0,1.18,1.31,0.0,0.0
2020-12-15 08:00:00,2810.0,88.0,8.84,1.77,1.24,0.0,0.00281
2020-12-15 09:00:00,6507.5,171.0,15.32,3.38,1.03,0.0,0.0065075
2020-12-15 10:00:00,9275.5,233.0,19.74,4.93,0.83,0.0,0.0092755
2020-12-15 11:00:00,8919.0,223.0,21.68,6.11,0.69,0.0,0.008919
2020-12-15 12:00:00,7636.0,194.0,20.9,7.26,0.69,0.0,0.007636
2020-12-15 13:00:00,8372.5,219.01,17.5,7.9,0.69,0.0,0.0083725
2020-12-15 14:00:00,2780.0,82.0,11.84,8.13,0.62,0.0,0.00278
2020-12-15 15:00:00,564.0,25.0,4.39,7.88,0.55,0.0,0.000564
2020-12-15 16:00:00,0.0,0.0,0.0,7.21,0.62,0.0,0.0
2020-12-15 17:00:00,0.0,0.0,0.0,6.63,0.76,0.0,0.0
2020-12-15 18:00:00,0.0,0.0,0.0,5.9,0.83,0.0,0.0
2020-12-15 19:00:00,0.0,0.0,0.0,4.25,1.17,0.0,0.0
2020-12-15 20:00:00,0.0,0.0,0.0,3.65,1.24,0.0,0.0
2020-12-15 21:00:00,0.0,0.0,0.0,3.76,1.1,0.0,0.0
2020-12-15 22:00:00,0.0,0.0,0.0,3.11,1.38,0.0,0.0
2020-12-15 23:00:00,0.0,0.0,0.0,2.95,1.59,0.0,0.0
2020-12-16 00:00:00,0.0,0.0,0.0,2.77,1.52,0.0,0.0
2020-12-16 01:00:00,0.0,0.0,0.0,2.53,1.72,0.0,0.0
2020-12-16 02:00:00,0.0,0.0,0.0,2.25,1.66,0.0,0.0
2020-12-16 03:00:00,0.0,0.0,0.0,2.28,1.59,0.0,0.0
2020-12-16 04:00:00,0.0,0.0,0.0,2.22,1.59,0.0,0.0
2020-12-16 05:00:00,0.0,0.0,0.0,2.58,1.24,0.0,0.0
2020-12-16 06:00:00,0.0,0.0,0.0,2.8,1.17,0.0,0.0
2020-12-16 07:00:00,0.0,0.0,0.0,2.93,0.76,0.0,0.0
2020-12-16 08:00:00,1893.0,60.0,8.74,4.19,0.48,0.0,0.001893
2020-12-16 09:00:00,3001.5,85.0,15.24,4.52,0.55,0.0,0.0030015
2020-12-16 10:00:00,7101.0,181.0,19.67,5.92,0.55,0.0,0.007101
2020-12-16 11:00:00,8087.5,204.0,21.62,6.92,0.55,0.0,0.0080875
2020-12-16 12:00:00,6708.5,172.0,20.86,7.25,0.62,0.0,0.0067085
2020-12-16 13:00:00,8421.0,220.01,17.49,7.55,0.48,0.0,0.008421
2020-12-16 14:00:00,3412.5,98.0,11.84,7.39,0.62,0.0,0.0034125
2020-12-16 15:00:00,637.0,27.0,4.41,7.15,0.76,0.0,0.000637
2020-12-16 16:00:00,0.0,0.0,0.0,6.62,1.1,0.0,0.0
2020-12-16 17:00:00,0.0,0.0,0.0,6.03,1.17,0.0,0.0
2020-12-16 18:00:00,0.0,0.0,0.0,5.78,1.17,0.0,0.0
2020-12-16 19:00:00,0.0,0.0,0.0,5.31,0.9,0.0,0.0
2020-12-16 20:00:00,0.0,0.0,0.0,5.16,1.17,0.0,0.0
2020-12-16 21:00:00,0.0,0.0,0.0,5.09,1.31,0.0,0.0
2020-12-16 22:00:00,0.0,0.0,0.0,5.12,1.38,0.0,0.0
2020-12-16 23:00:00,0.0,0.0,0.0,4.92,1.45,0.0,0.0
2020-12-17 00:00:00,0.0,0.0,0.0,4.99,1.38,0.0,0.0
2020-12-17 01:00:00,0.0,0.0,0.0,4.88,1.38,0.0,0.0
2020-12-17 02:00:00,0.0,0.0,0.0,4.73,1.38,0.0,0.0
2020-12-17 03:00:00,0.0,0.0,0.0,4.58,1.38,0.0,0.0
2020-12-17 04:00:00,0.0,0.0,0.0,4.57,1.38,0.0,0.0
2020-12-17 05:00:00,0.0,0.0,0.0,4.65,1.38,0.0,0.0
2020-12-17 06:00:00,0.0,0.0,0.0,4.57,1.38,0.0,0.0
2020-12-17 07:00:00,0.0,0.0,0.0,4.43,1.31,0.0,0.0
2020-12-17 08:00:00,3078.5,103.0,8.65,4.52,1.31,0.0,0.0030785
2020-12-17 09:00:00,8658.5,240.01,15.16,5.47,1.31,0.0,0.0086585
2020-12-17 10:00:00,12545.0,322.01,19.61,6.62,1.45,0.0,0.012545
2020-12-17 11:00:00,13965.5,353.01,21.58,8.05,1.24,0.0,0.0139655
2020-12-17 12:00:00,13573.0,349.01,20.84,9.08,0.9,0.0,0.013573
2020-12-17 13:00:00,10434.5,282.01,17.48,9.66,0.55,0.0,0.0104345
2020-12-17 14:00:00,5819.0,188.01,11.86,9.79,0.41,0.0,0.005819
2020-12-17 15:00:00,423.5,21.0,4.44,9.42,0.62,0.0,0.0004235
2020-12-17 16:00:00,0.0,0.0,0.0,7.87,0.9,0.0,0.0
2020-12-17 17:00:00,0.0,0.0,0.0,6.36,1.1,0.0,0.0
2020-12-17 18:00:00,0.0,0.0,0.0,5.03,1.24,0.0,0.0
2020-12-17 19:00:00,0.0,0.0,0.0,4.65,1.17,0.0,0.0
2020-12-17 20:00:00,0.0,0.0,0.0,4.84,1.1,0.0,0.0
2020-12-17 21:00:00,0.0,0.0,0.0,4.28,1.17,0.0,0.0
2020-12-17 22:00:00,0.0,0.0,0.0,4.68,0.9,0.0,0.0
2020-12-17 23:00:00,0.0,0.0,0.0,4.18,0.76,0.0,0.0
2020-12-18 00:00:00,0.0,0.0,0.0,3.32,0.62,0.0,0.0
2020-12-18 01:00:00,0.0,0.0,0.0,2.28,0.48,0.0,0.0
2020-12-18 02:00:00,0.0,0.0,0.0,1.69,0.21,0.0,0.0
2020-12-18 03:00:00,0.0,0.0,0.0,1.58,0.07,0.0,0.0
2020-12-18 04:00:00,0.0,0.0,0.0,1.38,0.07,0.0,0.0
2020-12-18 05:00:00,0.0,0.0,0.0,1.27,0.07,0.0,0.0
2020-12-18 06:00:00,0.0,0.0,0.0,1.04,0.07,0.0,0.0
2020-12-18 07:00:00,0.0,0.0,0.0,2.79,0.28,0.0,0.0
2020-12-18 08:00:00,2650.5,84.0,8.56,3.0,0.48,0.0,0.0026505
2020-12-18 09:00:00,6246.0,165.0,15.08,3.78,0.55,0.0,0.006246
2020-12-18 10:00:00,8487.5,214.0,19.55,5.11,0.62,0.0,0.0084875
2020-12-18 11:00:00,9510.5,238.0,21.54,6.75,0.69,0.0,0.0095105
2020-12-18 12:00:00,11598.0,294.01,20.82,8.05,0.62,0.0,0.011598
2020-12-18 13:00:00,10320.0,277.01,17.49,8.84,0.55,0.0,0.01032
2020-12-18 14:00:00,5691.0,178.01,11.88,9.11,0.48,0.0,0.005691
2020-12-18 15:00:00,596.0,26.0,4.48,8.84,0.55,0.0,0.000596
2020-12-18 16:00:00,0.0,0.0,0.0,8.2,0.48,0.0,0.0
2020-12-18 17:00:00,0.0,0.0,0.0,7.94,0.48,0.0,0.0
2020-12-18 18:00:00,0.0,0.0,0.0,6.98,0.76,0.0,0.0
2020-12-18 19:00:00,0.0,0.0,0.0,4.59,1.1,0.0,0.0
2020-12-18 20:00:00,0.0,0.0,0.0,4.07,1.38,0.0,0.0
2020-12-18 21:00:00,0.0,0.0,0.0,4.07,1.31,0.0,0.0
2020-12-18 22:00:00,0.0,0.0,0.0,4.2,1.03,0.0,0.0
2020-12-18 23:00:00,0.0,0.0,0.0,4.89,0.76,0.0,0.0
2020-12-19 00:00:00,0.0,0.0,0.0,4.42,0.9,0.0,0.0
2020-12-19 01:00:00,0.0,0.0,0.0,3.95,1.03,0.0,0.0
2020-12-19 02:00:00,0.0,0.0,0.0,4.03,0.97,0.0,0.0
2020-12-19 03:00:00,0.0,0.0,0.0,4.01,1.03,0.0,0.0
2020-12-19 04:00:00,0.0,0.0,0.0,4.07,1.1,0.0,0.0
2020-12-19 05:00:00,0.0,0.0,0.0,4.27,1.03,0.0,0.0
2020-12-19 06:00:00,0.0,0.0,0.0,4.43,0.97,0.0,0.0
2020-12-19 07:00:00,0.0,0.0,0.0,4.6,0.97,0.0,0.0
2020-12-19 08:00:00,2622.0,85.0,8.49,4.88,0.9,0.0,0.002622
2020-12-19 09:00:00,5308.5,142.0,15.02,5.72,0.62,0.0,0.0053085
2020-12-19 10:00:00,2637.5,77.0,19.5,6.62,0.48,0.0,0.0026375
2020-12-19 11:00:00,4940.5,131.0,21.51,7.49,0.41,0.0,0.0049405
2020-12-19 12:00:00,2413.0,72.0,20.81,7.72,0.41,0.0,0.002413
2020-12-19 13:00:00,3342.0,94.0,17.5,7.86,0.48,0.0,0.003342
2020-12-19 14:00:00,2030.0,63.0,11.91,7.78,0.55,0.0,0.00203
2020-12-19 15:00:00,672.0,28.0,4.52,7.43,0.83,0.0,0.000672
2020-12-19 16:00:00,0.0,0.0,0.0,6.93,1.03,0.0,0.0
2020-12-19 17:00:00,0.0,0.0,0.0,6.51,1.03,0.0,0.0
2020-12-19 18:00:00,0.0,0.0,0.0,6.19,0.97,0.0,0.0
2020-12-19 19:00:00,0.0,0.0,0.0,6.16,0.69,0.0,0.0
2020-12-19 20:00:00,0.0,0.0,0.0,5.99,0.9,0.0,0.0
2020-12-19 21:00:00,0.0,0.0,0.0,5.98,0.97,0.0,0.0
2020-12-19 22:00:00,0.0,0.0,0.0,5.92,0.97,0.0,0.0
2020-12-19 23:00:00,0.0,0.0,0.0,5.9,1.1,0.0,0.0
2020-12-20 00:00:00,0.0,0.0,0.0,5.98,1.03,0.0,0.0
2020-12-20 01:00:00,0.0,0.0,0.0,5.9,1.03,0.0,0.0
2020-12-20 02:00:00,0.0,0.0,0.0,5.99,0.9,0.0,0.0
2020-12-20 03:00:00,0.0,0.0,0.0,6.09,0.76,0.0,0.0
2020-12-20 04:00:00,0.0,0.0,0.0,6.11,0.76,0.0,0.0
2020-12-20 05:00:00,0.0,0.0,0.0,6.09,0.76,0.0,0.0
2020-12-20 06:00:00,0.0,0.0,0.0,6.0,0.9,0.0,0.0
2020-12-20 07:00:00,0.0,0.0,0.0,6.28,0.21,0.0,0.0
2020-12-20 08:00:00,898.5,34.0,8.41,6.16,0.48,0.0,0.0008985
2020-12-20 09:00:00,1930.0,60.0,14.96,6.37,0.62,0.0,0.00193
2020-12-20 10:00:00,2759.0,80.0,19.46,7.08,0.69,0.0,0.002759
2020-12-20 11:00:00,2211.5,67.0,21.48,7.21,0.62,0.0,0.0022115
2020-12-20 12:00:00,3181.0,90.0,20.81,7.32,0.69,0.0,0.003181
2020-12-20 13:00:00,1316.5,45.0,17.51,7.4,0.83,0.0,0.0013165
2020-12-20 14:00:00,2401.0,72.0,11.94,7.3,0.9,0.0,0.002401
2020-12-20 15:00:00,429.0,21.0,4.57,7.27,0.9,0.0,0.000429
2020-12-20 16:00:00,0.0,0.0,0.0,7.07,0.97,0.0,0.0
2020-12-20 17:00:00,0.0,0.0,0.0,6.87,1.1,0.0,0.0
2020-12-20 18:00:00,0.0,0.0,0.0,6.72,1.03,0.0,0.0
2020-12-20 19:00:00,0.0,0.0,0.0,6.37,0.55,0.0,0.0
2020-12-20 20:00:00,0.0,0.0,0.0,6.14,0.62,0.0,0.0
2020-12-20 21:00:00,0.0,0.0,0.0,5.72,0.97,0.0,0.0
2020-12-20 22:00:00,0.0,0.0,0.0,5.49,1.03,0.0,0.0
2020-12-20 23:00:00,0.0,0.0,0.0,5.25,1.24,0.0,0.0
2020-12-21 00:00:00,0.0,0.0,0.0,4.89,0.97,0.0,0.0
2020-12-21 01:00:00,0.0,0.0,0.0,4.44,1.03,0.0,0.0
2020-12-21 02:00:00,0.0,0.0,0.0,4.1,1.17,0.0,0.0
2020-12-21 03:00:00,0.0,0.0,0.0,4.29,0.83,0.0,0.0
2020-12-21 04:00:00,0.0,0.0,0.0,4.75,0.41,0.0,0.0
2020-12-21 05:00:00,0.0,0.0,0.0,4.36,0.69,0.0,0.0
2020-12-21 06:00:00,0.0,0.0,0.0,4.22,0.76,0.0,0.0
2020-12-21 07:00:00,0.0,0.0,0.0,4.99,0.62,0.0,0.0
2020-12-21 08:00:00,1356.5,46.0,8.35,5.14,0.34,0.0,0.0013565
2020-12-21 09:00:00,5345.0,143.0,14.9,5.42,0.69,0.0,0.005345
2020-12-21 10:00:00,2556.5,75.0,19.42,6.34,0.55,0.0,0.0025565
2020-12-21 11:00:00,5984.5,155.0,21.47,7.18,0.48,0.0,0.0059845
2020-12-21 12:00:00,5796.0,151.0,20.82,7.71,0.62,0.0,0.005796
2020-12-21 13:00:00,7367.0,192.0,17.54,7.85,0.62,0.0,0.007367
2020-12-21 14:00:00,4041.0,116.0,11.99,7.94,0.55,0.0,0.004041
2020-12-21 15:00:00,635.0,27.0,4.63,7.73,0.69,0.0,0.000635
2020-12-21 16:00:00,0.0,0.0,0.0,7.27,0.9,0.0,0.0
2020-12-21 17:00:00,0.0,0.0,0.0,6.8,0.97,0.0,0.0
2020-12-21 18:00:00,0.0,0.0,0.0,6.48,0.83,0.0,0.0
2020-12-21 19:00:00,0.0,0.0,0.0,6.18,0.76,0.0,0.0
2020-12-21 20:00:00,0.0,0.0,0.0,6.13,1.1,0.0,0.0
2020-12-21 21:00:00,0.0,0.0,0.0,6.0,0.97,0.0,0.0
2020-12-21 22:00:00,0.0,0.0,0.0,5.73,0.76,0.0,0.0
2020-12-21 23:00:00,0.0,0.0,0.0,5.56,0.62,0.0,0.0
2020-12-22 00:00:00,0.0,0.0,0.0,5.42,0.62,0.0,0.0
2020-12-22 01:00:00,0.0,0.0,0.0,4.99,0.69,0.0,0.0
2020-12-22 02:00:00,0.0,0.0,0.0,5.05,0.83,0.0,0.0
2020-12-22 03:00:00,0.0,0.0,0.0,5.02,0.83,0.0,0.0
2020-12-22 04:00:00,0.0,0.0,0.0,4.93,0.76,0.0,0.0
2020-12-22 05:00:00,0.0,0.0,0.0,4.81,0.55,0.0,0.0
2020-12-22 06:00:00,0.0,0.0,0.0,4.7,0.62,0.0,0.0
2020-12-22 07:00:00,0.0,0.0,0.0,4.94,0.69,0.0,0.0
2020-12-22 08:00:00,1962.0,63.0,8.29,4.99,0.76,0.0,0.001962
2020-12-22 09:00:00,3938.5,108.0,14.86,5.98,0.48,0.0,0.0039385
2020-12-22 10:00:00,2628.0,77.0,19.39,7.32,0.48,0.0,0.002628
2020-12-22 11:00:00,7521.5,192.0,21.46,8.42,0.55,0.0,0.0075215
2020-12-22 12:00:00,4254.0,116.0,20.83,9.41,0.55,0.0,0.004254
2020-12-22 13:00:00,4064.0,112.0,17.57,10.15,0.76,0.0,0.004064
2020-12-22 14:00:00,4298.5,125.0,12.04,10.66,0.76,0.0,0.0042985
2020-12-22 15:00:00,661.0,28.0,4.69,10.43,0.83,0.0,0.000661
2020-12-22 16:00:00,0.0,0.0,0.0,9.13,1.45,0.0,0.0
2020-12-22 17:00:00,0.0,0.0,0.0,8.0,1.38,0.0,0.0
2020-12-22 18:00:00,0.0,0.0,0.0,7.07,0.97,0.0,0.0
2020-12-22 19:00:00,0.0,0.0,0.0,7.32,0.83,0.0,0.0
2020-12-22 20:00:00,0.0,0.0,0.0,7.09,0.83,0.0,0.0
2020-12-22 21:00:00,0.0,0.0,0.0,7.06,0.62,0.0,0.0
2020-12-22 22:00:00,0.0,0.0,0.0,6.61,0.48,0.0,0.0
2020-12-22 23:00:00,0.0,0.0,0.0,5.98,0.48,0.0,0.0
2020-12-23 00:00:00,0.0,0.0,0.0,5.8,0.69,0.0,0.0
2020-12-23 01:00:00,0.0,0.0,0.0,5.61,0.9,0.0,0.0
2020-12-23 02:00:00,0.0,0.0,0.0,5.6,1.1,0.0,0.0
2020-12-23 03:00:00,0.0,0.0,0.0,5.52,1.1,0.0,0.0
2020-12-23 04:00:00,0.0,0.0,0.0,5.73,1.03,0.0,0.0
2020-12-23 05:00:00,0.0,0.0,0.0,5.77,0.97,0.0,0.0
2020-12-23 06:00:00,0.0,0.0,0.0,5.99,0.83,0.0,0.0
2020-12-23 07:00:00,0.0,0.0,0.0,5.58,0.83,0.0,0.0
2020-12-23 08:00:00,826.5,32.0,8.23,5.52,0.69,0.0,0.0008265
2020-12-23 09:00:00,2597.5,76.0,14.82,6.57,0.9,0.0,0.0025975
2020-12-23 10:00:00,4298.0,116.0,19.37,7.51,1.03,0.0,0.004298
2020-12-23 11:00:00,9295.5,234.0,21.46,8.24,1.17,0.0,0.0092955
2020-12-23 12:00:00,2361.0,71.0,20.85,8.86,1.24,0.0,0.002361
2020-12-23 13:00:00,958.5,36.0,17.61,9.37,1.45,0.0,0.0009585
2020-12-23 14:00:00,1111.0,40.0,12.09,9.31,1.66,0.0,0.001111
2020-12-23 15:00:00,359.5,19.0,4.76,8.99,1.66,0.0,0.0003595
2020-12-23 16:00:00,0.0,0.0,0.0,8.44,1.59,0.0,0.0
2020-12-23 17:00:00,0.0,0.0,0.0,7.99,1.52,0.0,0.0
2020-12-23 18:00:00,0.0,0.0,0.0,7.87,1.38,0.0,0.0
2020-12-23 19:00:00,0.0,0.0,0.0,7.41,1.45,0.0,0.0
2020-12-23 20:00:00,0.0,0.0,0.0,7.26,1.17,0.0,0.0
2020-12-23 21:00:00,0.0,0.0,0.0,7.23,1.1,0.0,0.0
2020-12-23 22:00:00,0.0,0.0,0.0,7.13,1.1,0.0,0.0
2020-12-23 23:00:00,0.0,0.0,0.0,7.09,0.9,0.0,0.0
2020-12-24 00:00:00,0.0,0.0,0.0,7.02,0.83,0.0,0.0
2020-12-24 01:00:00,0.0,0.0,0.0,7.03,0.69,0.0,0.0
2020-12-24 02:00:00,0.0,0.0,0.0,6.97,0.69,0.0,0.0
2020-12-24 03:00:00,0.0,0.0,0.0,6.83,0.62,0.0,0.0
2020-12-24 04:00:00,0.0,0.0,0.0,6.83,0.62,0.0,0.0
2020-12-24 05:00:00,0.0,0.0,0.0,6.84,0.62,0.0,0.0
2020-12-24 06:00:00,0.0,0.0,0.0,6.68,0.55,0.0,0.0
2020-12-24 07:00:00,0.0,0.0,0.0,5.52,1.03,0.0,0.0
2020-12-24 08:00:00,1498.0,50.0,8.19,5.77,0.9,0.0,0.001498
2020-12-24 09:00:00,2262.0,68.0,14.79,6.41,0.62,0.0,0.002262
2020-12-24 10:00:00,8311.5,212.0,19.36,7.27,0.62,0.0,0.0083115
2020-12-24 11:00:00,3212.5,91.0,21.47,8.12,0.83,0.0,0.0032125
2020-12-24 12:00:00,9965.5,252.01,20.88,8.76,1.1,0.0,0.0099655
2020-12-24 13:00:00,2150.0,66.0,17.66,9.17,1.03,0.0,0.00215
2020-12-24 14:00:00,1619.5,53.0,12.15,9.42,1.17,0.0,0.0016195
2020-12-24 15:00:00,701.5,29.0,4.83,9.22,1.31,0.0,0.0007015
2020-12-24 16:00:00,0.0,0.0,0.0,8.51,1.24,0.0,0.0
2020-12-24 17:00:00,0.0,0.0,0.0,7.69,1.24,0.0,0.0
2020-12-24 18:00:00,0.0,0.0,0.0,6.71,0.9,0.0,0.0
2020-12-24 19:00:00,0.0,0.0,0.0,6.98,0.41,0.0,0.0
2020-12-24 20:00:00,0.0,0.0,0.0,6.41,0.14,0.0,0.0
2020-12-24 21:00:00,0.0,0.0,0.0,5.78,0.21,0.0,0.0
2020-12-24 22:00:00,0.0,0.0,0.0,5.37,0.34,0.0,0.0
2020-12-24 23:00:00,0.0,0.0,0.0,4.99,0.41,0.0,0.0
2020-12-25 00:00:00,0.0,0.0,0.0,4.8,0.41,0.0,0.0
2020-12-25 01:00:00,0.0,0.0,0.0,4.48,0.62,0.0,0.0
2020-12-25 02:00:00,0.0,0.0,0.0,3.53,0.83,0.0,0.0
2020-12-25 03:00:00,0.0,0.0,0.0,3.13,0.9,0.0,0.0
2020-12-25 04:00:00,0.0,0.0,0.0,3.29,0.69,0.0,0.0
2020-12-25 05:00:00,0.0,0.0,0.0,3.36,0.69,0.0,0.0
2020-12-25 06:00:00,0.0,0.0,0.0,3.44,0.62,0.0,0.0
2020-12-25 07:00:00,0.0,0.0,0.0,3.51,0.69,0.0,0.0
2020-12-25 08:00:00,100.5,10.0,8.15,3.58,1.03,0.0,0.0001005
2020-12-25 09:00:00,5185.5,138.0,14.76,4.58,1.31,0.0,0.0051855
2020-12-25 10:00:00,900.5,34.0,19.35,5.85,1.38,0.0,0.0009005
2020-12-25 11:00:00,1438.0,48.0,21.48,7.09,1.31,0.0,0.001438
2020-12-25 12:00:00,4545.0,122.0,20.92,8.06,0.83,0.0,0.004545
2020-12-25 13:00:00,2822.5,82.0,17.72,8.82,1.24,0.0,0.0028225
2020-12-25 14:00:00,2479.5,74.0,12.22,8.21,2.41,0.0,0.0024795
2020-12-25 15:00:00,747.5,30.0,4.91,6.95,2.9,0.0,0.0007475
2020-12-25 16:00:00,0.0,0.0,0.0,5.27,2.48,0.0,0.0
2020-12-25 17:00:00,0.0,0.0,0.0,4.54,1.86,0.0,0.0
2020-12-25 18:00:00,0.0,0.0,0.0,4.18,0.97,0.0,0.0
2020-12-25 19:00:00,0.0,0.0,0.0,3.84,0.76,0.0,0.0
2020-12-25 20:00:00,0.0,0.0,0.0,3.79,0.76,0.0,0.0
2020-12-25 21:00:00,0.0,0.0,0.0,3.71,0.69,0.0,0.0
2020-12-25 22:00:00,0.0,0.0,0.0,3.66,0.55,0.0,0.0
2020-12-25 23:00:00,0.0,0.0,0.0,3.45,0.55,0.0,0.0
2020-12-26 00:00:00,0.0,0.0,0.0,2.88,0.9,0.0,0.0
2020-12-26 01:00:00,0.0,0.0,0.0,2.73,1.17,0.0,0.0
2020-12-26 02:00:00,0.0,0.0,0.0,2.64,1.31,0.0,0.0
2020-12-26 03:00:00,0.0,0.0,0.0,2.48,1.38,0.0,0.0
2020-12-26 04:00:00,0.0,0.0,0.0,1.59,1.45,0.0,0.0
2020-12-26 05:00:00,0.0,0.0,0.0,0.86,1.1,0.0,0.0
2020-12-26 06:00:00,0.0,0.0,0.0,1.26,0.76,0.0,0.0
2020-12-26 07:00:00,0.0,0.0,0.0,1.26,0.76,0.0,0.0
2020-12-26 08:00:00,3232.0,121.01,8.11,1.65,0.62,0.0,0.003232
2020-12-26 09:00:00,8917.5,249.01,14.74,3.56,0.41,0.0,0.0089175
2020-12-26 10:00:00,13257.0,343.02,19.35,5.74,0.55,0.0,0.013257
2020-12-26 11:00:00,15198.0,385.02,21.51,7.08,0.83,0.0,0.015198
2020-12-26 12:00:00,14435.5,368.02,20.96,7.72,0.9,0.0,0.0144355
2020-12-26 13:00:00,11593.5,309.01,17.78,8.05,1.03,0.0,0.0115935
2020-12-26 14:00:00,6499.0,199.01,12.3,7.97,1.03,0.0,0.006499
2020-12-26 15:00:00,363.0,19.0,5.0,7.28,1.03,0.0,0.000363
2020-12-26 16:00:00,0.0,0.0,0.0,5.15,1.17,0.0,0.0
2020-12-26 17:00:00,0.0,0.0,0.0,4.57,0.97,0.0,0.0
2020-12-26 18:00:00,0.0,0.0,0.0,4.35,0.83,0.0,0.0
2020-12-26 19:00:00,0.0,0.0,0.0,4.93,1.1,0.0,0.0
2020-12-26 20:00:00,0.0,0.0,0.0,3.87,0.97,0.0,0.0
2020-12-26 21:00:00,0.0,0.0,0.0,2.83,0.69,0.0,0.0
2020-12-26 22:00:00,0.0,0.0,0.0,2.0,0.55,0.0,0.0
2020-12-26 23:00:00,0.0,0.0,0.0,1.41,0.28,0.0,0.0
2020-12-27 00:00:00,0.0,0.0,0.0,0.67,0.0,0.0,0.0
2020-12-27 01:00:00,0.0,0.0,0.0,-0.21,0.07,0.0,0.0
2020-12-27 02:00:00,0.0,0.0,0.0,-0.57,0.28,0.0,0.0
2020-12-27 03:00:00,0.0,0.0,0.0,-0.65,0.48,0.0,0.0
2020-12-27 04:00:00,0.0,0.0,0.0,-0.82,0.62,0.0,0.0
2020-12-27 05:00:00,0.0,0.0,0.0,-1.17,0.9,0.0,0.0
2020-12-27 06:00:00,0.0,0.0,0.0,-1.71,0.97,0.0,0.0
2020-12-27 07:00:00,0.0,0.0,0.0,-3.4,1.31,0.0,0.0
2020-12-27 08:00:00,2705.0,85.0,8.09,-3.0,1.24,0.0,0.002705
2020-12-27 09:00:00,6105.5,158.0,14.73,-0.7,1.03,0.0,0.0061055
2020-12-27 10:00:00,8230.5,203.0,19.36,0.76,1.31,0.0,0.0082305
2020-12-27 11:00:00,6784.0,169.0,21.54,1.61,1.24,0.0,0.006784
2020-12-27 12:00:00,9731.0,238.0,21.01,2.12,1.31,0.0,0.009731
2020-12-27 13:00:00,7574.5,191.0,17.85,2.3,0.97,0.0,0.0075745
2020-12-27 14:00:00,5000.5,138.0,12.38,2.12,1.1,0.0,0.0050005
2020-12-27 15:00:00,959.0,35.0,5.09,1.61,0.83,0.0,0.000959
2020-12-27 16:00:00,0.0,0.0,0.0,0.73,0.9,0.0,0.0
2020-12-27 17:00:00,0.0,0.0,0.0,-0.24,0.83,0.0,0.0
2020-12-27 18:00:00,0.0,0.0,0.0,-0.62,1.03,0.0,0.0
2020-12-27 19:00:00,0.0,0.0,0.0,-0.83,1.72,0.0,0.0
2020-12-27 20:00:00,0.0,0.0,0.0,-0.61,1.31,0.0,0.0
2020-12-27 21:00:00,0.0,0.0,0.0,-0.66,1.17,0.0,0.0
2020-12-27 22:00:00,0.0,0.0,0.0,-0.77,1.24,0.0,0.0
2020-12-27 23:00:00,0.0,0.0,0.0,-0.77,1.1,0.0,0.0
2020-12-28 00:00:00,0.0,0.0,0.0,-0.78,1.1,0.0,0.0
2020-12-28 01:00:00,0.0,0.0,0.0,-0.92,1.17,0.0,0.0
2020-12-28 02:00:00,0.0,0.0,0.0,-0.87,1.72,0.0,0.0
2020-12-28 03:00:00,0.0,0.0,0.0,-0.85,2.07,0.0,0.0
2020-12-28 04:00:00,0.0,0.0,0.0,-0.76,2.41,0.0,0.0
2020-12-28 05:00:00,0.0,0.0,0.0,-0.98,2.21,0.0,0.0
2020-12-28 06:00:00,0.0,0.0,0.0,-1.03,1.93,0.0,0.0
2020-12-28 07:00:00,0.0,0.0,0.0,-1.42,1.93,0.0,0.0
2020-12-28 08:00:00,1214.5,41.0,8.07,-1.38,2.21,0.0,0.0012145
2020-12-28 09:00:00,4174.5,110.0,14.73,-0.87,2.41,0.0,0.0041745
2020-12-28 10:00:00,5984.0,150.0,19.38,-0.11,2.28,0.0,0.005984
2020-12-28 11:00:00,8465.5,206.0,21.58,0.57,1.86,0.0,0.0084655
2020-12-28 12:00:00,8806.5,215.0,21.07,1.03,1.31,0.0,0.0088065
2020-12-28 13:00:00,7946.0,199.0,17.93,1.12,1.03,0.0,0.007946
2020-12-28 14:00:00,5908.0,166.01,12.47,1.12,1.31,0.0,0.005908
2020-12-28 15:00:00,738.5,29.0,5.19,-0.35,1.24,0.0,0.0007385
2020-12-28 16:00:00,0.0,0.0,0.0,-2.49,1.24,0.0,0.0
2020-12-28 17:00:00,0.0,0.0,0.0,-3.32,1.24,0.0,0.0
2020-12-28 18:00:00,0.0,0.0,0.0,-3.24,1.03,0.0,0.0
2020-12-28 19:00:00,0.0,0.0,0.0,-3.44,0.34,0.0,0.0
2020-12-28 20:00:00,0.0,0.0,0.0,-4.16,0.21,0.0,0.0
2020-12-28 21:00:00,0.0,0.0,0.0,-4.43,0.83,0.0,0.0
2020-12-28 22:00:00,0.0,0.0,0.0,-4.03,0.41,0.0,0.0
2020-12-28 23:00:00,0.0,0.0,0.0,-4.02,0.14,0.0,0.0
2020-12-29 00:00:00,0.0,0.0,0.0,-5.14,0.14,0.0,0.0
2020-12-29 01:00:00,0.0,0.0,0.0,-5.74,0.41,0.0,0.0
2020-12-29 02:00:00,0.0,0.0,0.0,-6.21,0.21,0.0,0.0
2020-12-29 03:00:00,0.0,0.0,0.0,-6.82,0.07,0.0,0.0
2020-12-29 04:00:00,0.0,0.0,0.0,-7.76,0.14,0.0,0.0
2020-12-29 05:00:00,0.0,0.0,0.0,-7.39,0.28,0.0,0.0
2020-12-29 06:00:00,0.0,0.0,0.0,-7.0,0.28,0.0,0.0
2020-12-29 07:00:00,0.0,0.0,0.0,-5.41,0.34,0.0,0.0
2020-12-29 08:00:00,2303.5,71.0,8.05,-4.86,0.07,0.0,0.0023035
2020-12-29 09:00:00,8462.0,223.01,14.73,-4.56,0.83,0.0,0.008462
2020-12-29 10:00:00,4362.0,113.0,19.4,-2.04,1.03,0.0,0.004362
2020-12-29 11:00:00,3125.0,86.0,21.62,-0.2,1.17,0.0,0.003125
2020-12-29 12:00:00,8025.0,197.0,21.14,0.9,1.1,0.0,0.008025
2020-12-29 13:00:00,9904.5,250.01,18.01,1.36,0.69,0.0,0.0099045
2020-12-29 14:00:00,5197.5,143.0,12.57,1.78,0.62,0.0,0.0051975
2020-12-29 15:00:00,959.5,35.0,5.29,1.51,0.62,0.0,0.0009595
2020-12-29 16:00:00,0.0,0.0,0.0,-0.68,1.03,0.0,0.0
2020-12-29 17:00:00,0.0,0.0,0.0,-1.68,1.59,0.0,0.0
2020-12-29 18:00:00,0.0,0.0,0.0,-2.23,1.45,0.0,0.0
2020-12-29 19:00:00,0.0,0.0,0.0,-1.99,0.83,0.0,0.0
2020-12-29 20:00:00,0.0,0.0,0.0,-1.85,1.1,0.0,0.0
2020-12-29 21:00:00,0.0,0.0,0.0,-1.37,0.69,0.0,0.0
2020-12-29 22:00:00,0.0,0.0,0.0,-1.64,0.83,0.0,0.0
2020-12-29 23:00:00,0.0,0.0,0.0,-2.25,1.17,0.0,0.0
2020-12-30 00:00:00,0.0,0.0,0.0,-3.14,1.31,0.0,0.0
2020-12-30 01:00:00,0.0,0.0,0.0,-2.59,1.31,0.0,0.0
2020-12-30 02:00:00,0.0,0.0,0.0,-1.79,1.17,0.0,0.0
2020-12-30 03:00:00,0.0,0.0,0.0,-1.79,1.1,0.0,0.0
2020-12-30 04:00:00,0.0,0.0,0.0,-2.43,1.31,0.0,0.0
2020-12-30 05:00:00,0.0,0.0,0.0,-1.4,1.1,0.0,0.0
2020-12-30 06:00:00,0.0,0.0,0.0,-1.57,1.17,0.0,0.0
2020-12-30 07:00:00,0.0,0.0,0.0,-0.9,1.1,0.0,0.0
2020-12-30 08:00:00,485.0,22.0,8.05,-1.17,1.24,0.0,0.000485
2020-12-30 09:00:00,1741.5,54.0,14.74,-0.18,1.1,0.0,0.0017415
2020-12-30 10:00:00,3538.0,96.0,19.44,1.56,1.1,0.0,0.003538
2020-12-30 11:00:00,10128.5,247.0,21.68,2.19,1.03,0.0,0.0101285
2020-12-30 12:00:00,6240.0,158.0,21.21,3.12,0.76,0.0,0.00624
2020-12-30 13:00:00,7526.5,192.0,18.1,4.79,0.34,0.0,0.0075265
2020-12-30 14:00:00,6578.5,195.01,12.67,5.02,0.41,0.0,0.0065785
2020-12-30 15:00:00,504.5,23.0,5.4,4.39,0.69,0.0,0.0005045
2020-12-30 16:00:00,0.0,0.0,0.0,3.63,0.83,0.0,0.0
2020-12-30 17:00:00,0.0,0.0,0.0,2.81,0.9,0.0,0.0
2020-12-30 18:00:00,0.0,0.0,0.0,2.24,0.83,0.0,0.0
2020-12-30 19:00:00,0.0,0.0,0.0,0.48,1.24,0.0,0.0
2020-12-30 20:00:00,0.0,0.0,0.0,0.13,1.03,0.0,0.0
2020-12-30 21:00:00,0.0,0.0,0.0,-0.89,0.83,0.0,0.0
2020-12-30 22:00:00,0.0,0.0,0.0,-1.19,0.69,0.0,0.0
2020-12-30 23:00:00,0.0,0.0,0.0,-1.4,0.69,0.0,0.0
2020-12-31 00:00:00,0.0,0.0,0.0,-1.29,0.55,0.0,0.0
2020-12-31 01:00:00,0.0,0.0,0.0,-1.46,0.28,0.0,0.0
2020-12-31 02:00:00,0.0,0.0,0.0,-2.07,0.14,0.0,0.0
2020-12-31 03:00:00,0.0,0.0,0.0,-2.42,0.21,0.0,0.0
2020-12-31 04:00:00,0.0,0.0,0.0,-2.49,0.14,0.0,0.0
2020-12-31 05:00:00,0.0,0.0,0.0,-2.54,0.14,0.0,0.0
2020-12-31 06:00:00,0.0,0.0,0.0,-2.8,0.28,0.0,0.0
2020-12-31 07:00:00,0.0,0.0,0.0,-2.5,0.69,0.0,0.0
2020-12-31 08:00:00,3000.0,104.01,8.05,-2.39,1.1,0.0,0.003
2020-12-31 09:00:00,8359.5,223.01,14.76,-1.99,1.03,0.0,0.0083595
2020-12-31 10:00:00,13788.0,345.02,19.48,-1.88,0.62,0.0,0.013788
2020-12-31 11:00:00,12704.0,306.01,21.74,-0.74,0.83,0.0,0.012704
2020-12-31 12:00:00,13284.0,323.01,21.29,-0.01,0.9,0.0,0.013284
2020-12-31 13:00:00,7192.0,180.0,18.2,0.76,0.9,0.0,0.007192
2020-12-31 14:00:00,5538.5,152.0,12.78,1.17,0.76,0.0,0.0055385
2020-12-31 15:00:00,1039.5,37.0,5.52,1.06,0.55,0.0,0.0010395
2020-12-31 16:00:00,0.0,0.0,0.0,0.59,0.55,0.0,0.0
2020-12-31 17:00:00,0.0,0.0,0.0,-0.39,0.9,0.0,0.0
2020-12-31 18:00:00,0.0,0.0,0.0,-0.63,1.1,0.0,0.0
2020-12-31 19:00:00,0.0,0.0,0.0,1.93,0.21,0.0,0.0
2020-12-31 20:00:00,0.0,0.0,0.0,1.88,0.55,0.0,0.0
2020-12-31 21:00:00,0.0,0.0,0.0,0.94,0.97,0.0,0.0
2020-12-31 22:00:00,0.0,0.0,0.0,0.92,0.83,0.0,0.0
2020-12-31 23:00:00,0.0,0.0,0.0,0.61,0.97,0.0,0.0
