Latitude (decimal degrees):	45.000
Longitude (decimal degrees):	8.000
Elevation (m):	250
Radiation database:	PVGIS-SARAH2


Slope: 0 deg. 
Azimuth: 0 deg. 
Nominal power of the PV system (c-Si) (kWp):	50.0
System losses (%):	14.0
time,P,G(i),H_sun,T2m,WS10m,Int
20190101:0010,0.0,0.0,0.0,2.67,0.97,0.0
20190101:0110,0.0,0.0,0.0,1.12,1.1,0.0
20190101:0210,0.0,0.0,0.0,0.16,1.31,0.0
20190101:0310,0.0,0.0,0.0,-0.51,1.45,0.0
20190101:0410,0.0,0.0,0.0,-0.64,1.31,0.0
20190101:0510,0.0,0.0,0.0,0.23,0.9,0.0
20190101:0610,0.0,0.0,0.0,-0.05,0.55,0.0
20190101:0710,0.0,0.0,0.0,-0.9,0.69,0.0
20190101:0810,1808.0,57.0,8.06,-0.73,0.69,0.0
20190101:0910,3047.0,85.0,14.8,1.47,0.76,0.0
20190101:1010,3682.5,100.0,19.54,3.27,0.83,0.0
20190101:1110,6941.0,175.0,21.82,4.53,0.69,0.0
20190101:1210,6727.0,171.0,21.41,5.4,0.34,0.0
20190101:1310,11113.5,291.01,18.33,6.04,0.0,0.0
20190101:1410,6657.5,198.01,12.93,6.28,0.34,0.0
20190101:1510,678.0,28.0,5.68,5.8,0.55,0.0
20190101:1610,0.0,0.0,0.0,4.24,0.83,0.0
20190101:1710,0.0,0.0,0.0,3.07,0.55,0.0
20190101:1810,0.0,0.0,0.0,2.0,0.48,0.0
20190101:1910,0.0,0.0,0.0,1.12,0.55,0.0
20190101:2010,0.0,0.0,0.0,0.63,0.28,0.0
20190101:2110,0.0,0.0,0.0,0.0,0.21,0.0
20190101:2210,0.0,0.0,0.0,-0.43,0.28,0.0
20190101:2310,0.0,0.0,0.0,-0.74,0.28,0.0
20190102:0010,0.0,0.0,0.0,-0.85,0.28,0.0
20190102:0110,0.0,0.0,0.0,-0.61,0.48,0.0
20190102:0210,0.0,0.0,0.0,-0.32,0.34,0.0
20190102:0310,0.0,0.0,0.0,0.03,0.14,0.0
20190102:0410,0.0,0.0,0.0,0.06,0.28,0.0
20190102:0510,0.0,0.0,0.0,-0.49,0.76,0.0
20190102:0610,0.0,0.0,0.0,-0.89,1.31,0.0
20190102:0710,0.0,0.0,0.0,-0.15,0.76,0.0
20190102:0810,2805.5,91.0,8.07,-0.77,1.1,0.0
20190102:0910,8423.0,229.01,14.83,2.59,0.76,0.0
20190102:1010,13388.5,344.01,19.59,5.08,0.62,0.0
20190102:1110,15553.0,394.02,21.9,7.24,0.62,0.0
20190102:1210,14832.5,379.02,21.51,8.47,0.55,0.0
20190102:1310,11924.0,318.01,18.44,9.02,0.21,0.0
20190102:1410,7082.0,215.01,13.05,8.94,0.62,0.0
20190102:1510,461.0,22.0,5.8,7.84,0.83,0.0
20190102:1610,0.0,0.0,0.0,5.21,1.03,0.0
20190102:1710,0.0,0.0,0.0,3.71,1.1,0.0
20190102:1810,0.0,0.0,0.0,3.68,0.9,0.0
20190102:1910,0.0,0.0,0.0,6.01,0.21,0.0
20190102:2010,0.0,0.0,0.0,4.94,0.9,0.0
20190102:2110,0.0,0.0,0.0,2.46,1.31,0.0
20190102:2210,0.0,0.0,0.0,0.45,1.52,0.0
20190102:2310,0.0,0.0,0.0,1.09,1.24,0.0
20190103:0010,0.0,0.0,0.0,2.26,0.69,0.0
20190103:0110,0.0,0.0,0.0,2.11,0.34,0.0
20190103:0210,0.0,0.0,0.0,1.82,0.07,0.0
20190103:0310,0.0,0.0,0.0,1.6,0.41,0.0
20190103:0410,0.0,0.0,0.0,0.8,0.9,0.0
20190103:0510,0.0,0.0,0.0,0.19,0.9,0.0
20190103:0610,0.0,0.0,0.0,0.01,0.69,0.0
20190103:0710,0.0,0.0,0.0,0.72,0.48,0.0
20190103:0810,3144.5,117.01,8.09,0.89,0.28,0.0
20190103:0910,8917.5,247.01,14.87,2.18,0.14,0.0
20190103:1010,13370.5,343.01,19.65,4.25,0.21,0.0
20190103:1110,15612.0,391.02,21.99,5.44,0.83,0.0
20190103:1210,15077.0,379.02,21.61,5.94,0.97,0.0
20190103:1310,12252.0,320.01,18.56,6.15,1.17,0.0
20190103:1410,7207.5,214.01,13.18,6.01,1.31,0.0
20190103:1510,434.5,21.0,5.94,4.98,1.03,0.0
20190103:1610,0.0,0.0,0.0,3.07,1.03,0.0
20190103:1710,0.0,0.0,0.0,1.59,1.17,0.0
20190103:1810,0.0,0.0,0.0,-0.41,1.52,0.0
20190103:1910,0.0,0.0,0.0,3.36,0.69,0.0
20190103:2010,0.0,0.0,0.0,2.86,0.48,0.0
20190103:2110,0.0,0.0,0.0,2.98,0.55,0.0
20190103:2210,0.0,0.0,0.0,2.52,0.97,0.0
20190103:2310,0.0,0.0,0.0,2.1,1.03,0.0
20190104:0010,0.0,0.0,0.0,1.65,1.03,0.0
20190104:0110,0.0,0.0,0.0,0.28,1.17,0.0
20190104:0210,0.0,0.0,0.0,0.19,1.1,0.0
20190104:0310,0.0,0.0,0.0,0.19,1.03,0.0
20190104:0410,0.0,0.0,0.0,-0.52,1.03,0.0
20190104:0510,0.0,0.0,0.0,-0.96,0.9,0.0
20190104:0610,0.0,0.0,0.0,-0.93,0.69,0.0
20190104:0710,0.0,0.0,0.0,-0.74,0.14,0.0
20190104:0810,2768.5,89.0,8.12,-0.95,0.21,0.0
20190104:0910,6260.0,163.0,14.92,0.09,0.07,0.0
20190104:1010,10768.0,269.01,19.73,2.78,0.14,0.0
20190104:1110,13558.0,336.01,22.08,4.71,0.41,0.0
20190104:1210,15299.0,385.02,21.72,5.62,0.76,0.0
20190104:1310,7612.0,194.0,18.69,5.85,0.83,0.0
20190104:1410,5784.5,160.0,13.32,5.38,0.83,0.0
20190104:1510,1023.0,37.0,6.08,4.27,1.17,0.0
20190104:1610,0.0,0.0,0.0,1.9,1.1,0.0
20190104:1710,0.0,0.0,0.0,1.61,0.34,0.0
20190104:1810,0.0,0.0,0.0,0.93,0.21,0.0
20190104:1910,0.0,0.0,0.0,0.7,0.34,0.0
20190104:2010,0.0,0.0,0.0,-0.14,0.62,0.0
20190104:2110,0.0,0.0,0.0,-0.62,0.62,0.0
20190104:2210,0.0,0.0,0.0,-0.65,0.41,0.0
20190104:2310,0.0,0.0,0.0,-0.58,0.21,0.0
20190105:0010,0.0,0.0,0.0,-0.49,0.28,0.0
20190105:0110,0.0,0.0,0.0,-1.01,0.76,0.0
20190105:0210,0.0,0.0,0.0,-1.29,0.76,0.0
20190105:0310,0.0,0.0,0.0,-1.35,0.76,0.0
20190105:0410,0.0,0.0,0.0,-1.6,0.83,0.0
20190105:0510,0.0,0.0,0.0,-2.05,0.9,0.0
20190105:0610,0.0,0.0,0.0,-1.8,0.9,0.0
20190105:0710,0.0,0.0,0.0,-1.89,0.55,0.0
20190105:0810,2143.5,67.0,8.16,-1.3,0.21,0.0
20190105:0910,9144.5,254.01,14.98,0.57,0.21,0.0
20190105:1010,13232.0,337.01,19.8,3.45,0.34,0.0
20190105:1110,15380.5,385.02,22.18,5.32,0.55,0.0
20190105:1210,14900.0,376.01,21.84,6.63,0.62,0.0
20190105:1310,12063.5,317.01,18.83,7.17,0.28,0.0
20190105:1410,7266.5,216.01,13.46,7.05,0.28,0.0
20190105:1510,398.5,20.0,6.23,5.92,0.55,0.0
20190105:1610,0.0,0.0,0.0,4.01,0.21,0.0
20190105:1710,0.0,0.0,0.0,2.53,0.07,0.0
20190105:1810,0.0,0.0,0.0,1.79,0.41,0.0
20190105:1910,0.0,0.0,0.0,1.66,0.62,0.0
20190105:2010,0.0,0.0,0.0,1.15,0.62,0.0
20190105:2110,0.0,0.0,0.0,0.57,0.62,0.0
20190105:2210,0.0,0.0,0.0,-0.02,0.69,0.0
20190105:2310,0.0,0.0,0.0,-0.18,0.76,0.0
20190106:0010,0.0,0.0,0.0,-0.15,0.9,0.0
20190106:0110,0.0,0.0,0.0,-0.42,0.97,0.0
20190106:0210,0.0,0.0,0.0,-1.0,1.1,0.0
20190106:0310,0.0,0.0,0.0,-0.5,0.9,0.0
20190106:0410,0.0,0.0,0.0,-0.53,0.76,0.0
20190106:0510,0.0,0.0,0.0,-0.65,0.83,0.0
20190106:0610,0.0,0.0,0.0,-0.58,0.83,0.0
20190106:0710,0.0,0.0,0.0,0.19,0.69,0.0
20190106:0810,3132.5,117.01,8.2,0.85,0.62,0.0
20190106:0910,8914.0,245.01,15.04,1.82,0.69,0.0
20190106:1010,13380.0,342.01,19.89,5.29,0.97,0.0
20190106:1110,15489.0,390.02,22.29,7.61,1.1,0.0
20190106:1210,14794.0,375.01,21.97,8.69,1.03,0.0
20190106:1310,12232.5,323.01,18.97,9.26,0.76,0.0
20190106:1410,7378.5,220.01,13.61,9.21,0.55,0.0
20190106:1510,393.0,20.0,6.38,8.34,0.62,0.0
20190106:1610,0.0,0.0,0.0,6.75,0.83,0.0
20190106:1710,0.0,0.0,0.0,5.15,1.03,0.0
20190106:1810,0.0,0.0,0.0,3.85,1.24,0.0
20190106:1910,0.0,0.0,0.0,7.29,0.34,0.0
20190106:2010,0.0,0.0,0.0,6.6,0.41,0.0
20190106:2110,0.0,0.0,0.0,5.76,0.62,0.0
20190106:2210,0.0,0.0,0.0,4.91,0.62,0.0
20190106:2310,0.0,0.0,0.0,4.41,0.62,0.0
20190107:0010,0.0,0.0,0.0,3.57,0.83,0.0
20190107:0110,0.0,0.0,0.0,2.56,1.1,0.0
20190107:0210,0.0,0.0,0.0,1.61,1.17,0.0
20190107:0310,0.0,0.0,0.0,0.79,1.24,0.0
20190107:0410,0.0,0.0,0.0,0.07,1.31,0.0
20190107:0510,0.0,0.0,0.0,-0.74,1.45,0.0
20190107:0610,0.0,0.0,0.0,-1.06,1.45,0.0
20190107:0710,0.0,0.0,0.0,0.88,0.76,0.0
20190107:0810,3172.5,117.01,8.25,0.84,0.48,0.0
20190107:0910,8991.0,249.01,15.11,3.27,0.28,0.0
20190107:1010,13345.5,343.01,19.98,6.03,0.41,0.0
20190107:1110,15421.0,391.02,22.41,8.17,0.41,0.0
20190107:1210,14943.5,381.01,22.11,9.4,0.62,0.0
20190107:1310,12325.0,325.01,19.11,9.75,0.9,0.0
20190107:1410,7498.0,222.01,13.76,9.52,1.03,0.0
20190107:1510,460.5,22.0,6.53,8.15,1.38,0.0
20190107:1610,0.0,0.0,0.0,5.15,1.79,0.0
20190107:1710,0.0,0.0,0.0,3.39,1.52,0.0
20190107:1810,0.0,0.0,0.0,3.43,1.17,0.0
20190107:1910,0.0,0.0,0.0,1.96,1.45,0.0
20190107:2010,0.0,0.0,0.0,1.57,1.38,0.0
20190107:2110,0.0,0.0,0.0,1.79,1.17,0.0
20190107:2210,0.0,0.0,0.0,1.92,0.9,0.0
20190107:2310,0.0,0.0,0.0,1.52,0.62,0.0
20190108:0010,0.0,0.0,0.0,1.05,0.62,0.0
20190108:0110,0.0,0.0,0.0,0.46,0.48,0.0
20190108:0210,0.0,0.0,0.0,0.39,0.34,0.0
20190108:0310,0.0,0.0,0.0,0.03,0.76,0.0
20190108:0410,0.0,0.0,0.0,-0.28,0.76,0.0
20190108:0510,0.0,0.0,0.0,-0.35,0.21,0.0
20190108:0610,0.0,0.0,0.0,-0.34,0.48,0.0
20190108:0710,0.0,0.0,0.0,-0.55,0.28,0.0
20190108:0810,2456.5,77.0,8.3,-0.34,0.21,0.0
20190108:0910,7043.5,184.0,15.19,0.76,0.34,0.0
20190108:1010,11178.0,278.01,20.08,2.67,0.48,0.0
20190108:1110,13316.5,327.01,22.53,4.44,0.9,0.0
20190108:1210,14849.0,369.01,22.25,5.36,1.03,0.0
20190108:1310,12770.5,331.01,19.27,6.05,1.03,0.0
20190108:1410,5209.5,142.0,13.92,6.17,0.69,0.0
20190108:1510,433.5,21.0,6.7,5.47,0.48,0.0
20190108:1610,0.0,0.0,0.0,4.5,0.69,0.0
20190108:1710,0.0,0.0,0.0,3.62,0.41,0.0
20190108:1810,0.0,0.0,0.0,2.75,0.21,0.0
20190108:1910,0.0,0.0,0.0,3.74,0.34,0.0
20190108:2010,0.0,0.0,0.0,3.23,0.76,0.0
20190108:2110,0.0,0.0,0.0,1.46,0.97,0.0
20190108:2210,0.0,0.0,0.0,0.36,1.1,0.0
20190108:2310,0.0,0.0,0.0,0.95,0.83,0.0
20190109:0010,0.0,0.0,0.0,0.24,1.03,0.0
20190109:0110,0.0,0.0,0.0,-0.58,1.38,0.0
20190109:0210,0.0,0.0,0.0,-0.97,1.31,0.0
20190109:0310,0.0,0.0,0.0,-1.1,1.31,0.0
20190109:0410,0.0,0.0,0.0,-1.74,1.52,0.0
20190109:0510,0.0,0.0,0.0,-1.37,1.31,0.0
20190109:0610,0.0,0.0,0.0,-1.35,1.24,0.0
20190109:0710,0.0,0.0,0.0,-1.85,1.72,0.0
20190109:0810,3328.0,121.01,8.37,-1.3,1.59,0.0
20190109:0910,9291.5,253.01,15.27,1.97,1.45,0.0
20190109:1010,14379.0,366.02,20.19,5.35,1.93,0.0
20190109:1110,10821.0,267.0,22.66,7.4,2.34,0.0
20190109:1210,16329.0,410.02,22.39,8.76,2.76,0.0
20190109:1310,12958.5,336.01,19.43,9.4,3.17,0.0
20190109:1410,7983.0,233.01,14.09,9.1,3.1,0.0
20190109:1510,495.5,23.0,6.86,7.85,2.34,0.0
20190109:1610,0.0,0.0,0.0,5.67,2.28,0.0
20190109:1710,0.0,0.0,0.0,2.9,2.0,0.0
20190109:1810,0.0,0.0,0.0,1.5,1.66,0.0
20190109:1910,0.0,0.0,0.0,3.29,1.1,0.0
20190109:2010,0.0,0.0,0.0,2.49,1.1,0.0
20190109:2110,0.0,0.0,0.0,0.21,1.38,0.0
20190109:2210,0.0,0.0,0.0,-1.55,1.66,0.0
20190109:2310,0.0,0.0,0.0,-2.29,1.79,0.0
20190110:0010,0.0,0.0,0.0,-2.46,1.86,0.0
20190110:0110,0.0,0.0,0.0,-2.66,1.93,0.0
20190110:0210,0.0,0.0,0.0,-3.01,2.0,0.0
20190110:0310,0.0,0.0,0.0,-3.21,2.0,0.0
20190110:0410,0.0,0.0,0.0,-3.05,1.72,0.0
20190110:0510,0.0,0.0,0.0,-2.58,1.45,0.0
20190110:0610,0.0,0.0,0.0,-2.39,1.38,0.0
20190110:0710,0.0,0.0,0.0,-0.64,1.1,0.0
20190110:0810,3482.0,129.01,8.44,-1.03,1.24,0.0
20190110:0910,9678.5,264.01,15.36,1.45,0.9,0.0
20190110:1010,14201.5,360.01,20.31,4.38,0.83,0.0
20190110:1110,16530.0,412.02,22.8,6.11,0.97,0.0
20190110:1210,15882.5,398.02,22.55,7.22,0.97,0.0
20190110:1310,13221.5,343.01,19.59,7.79,0.97,0.0
20190110:1410,8314.5,242.01,14.26,7.64,0.76,0.0
20190110:1510,567.0,25.0,7.04,6.99,0.55,0.0
20190110:1610,0.0,0.0,0.0,6.67,0.55,0.0
20190110:1710,0.0,0.0,0.0,5.59,0.21,0.0
20190110:1810,0.0,0.0,0.0,4.69,0.07,0.0
20190110:1910,0.0,0.0,0.0,0.11,1.59,0.0
20190110:2010,0.0,0.0,0.0,2.3,1.1,0.0
20190110:2110,0.0,0.0,0.0,2.04,0.48,0.0
20190110:2210,0.0,0.0,0.0,1.48,0.14,0.0
20190110:2310,0.0,0.0,0.0,1.12,0.41,0.0
20190111:0010,0.0,0.0,0.0,0.72,0.55,0.0
20190111:0110,0.0,0.0,0.0,0.15,0.62,0.0
20190111:0210,0.0,0.0,0.0,-0.34,0.69,0.0
20190111:0310,0.0,0.0,0.0,-0.55,0.62,0.0
20190111:0410,0.0,0.0,0.0,-0.72,0.48,0.0
20190111:0510,0.0,0.0,0.0,-0.97,0.41,0.0
20190111:0610,0.0,0.0,0.0,-1.16,0.41,0.0
20190111:0710,0.0,0.0,0.0,-1.41,0.76,0.0
20190111:0810,3559.5,132.01,8.51,-0.9,0.48,0.0
20190111:0910,9768.5,266.01,15.46,1.05,0.21,0.0
20190111:1010,14270.5,361.01,20.43,3.74,0.34,0.0
20190111:1110,16543.0,412.02,22.94,5.44,0.48,0.0
20190111:1210,16019.0,400.02,22.71,6.44,0.76,0.0
20190111:1310,13512.0,348.01,19.77,6.92,1.1,0.0
20190111:1410,8553.5,245.01,14.44,6.7,1.31,0.0
20190111:1510,678.0,28.0,7.21,5.88,1.24,0.0
20190111:1610,0.0,0.0,0.0,3.61,1.38,0.0
20190111:1710,0.0,0.0,0.0,3.7,0.9,0.0
20190111:1810,0.0,0.0,0.0,3.41,0.14,0.0
20190111:1910,0.0,0.0,0.0,-0.87,1.31,0.0
20190111:2010,0.0,0.0,0.0,0.17,1.03,0.0
20190111:2110,0.0,0.0,0.0,-0.25,0.83,0.0
20190111:2210,0.0,0.0,0.0,-0.5,0.55,0.0
20190111:2310,0.0,0.0,0.0,-0.53,0.34,0.0
20190112:0010,0.0,0.0,0.0,-0.52,0.34,0.0
20190112:0110,0.0,0.0,0.0,-0.91,0.41,0.0
20190112:0210,0.0,0.0,0.0,-1.06,0.48,0.0
20190112:0310,0.0,0.0,0.0,-1.25,0.69,0.0
20190112:0410,0.0,0.0,0.0,-1.28,0.76,0.0
20190112:0510,0.0,0.0,0.0,-1.29,0.76,0.0
20190112:0610,0.0,0.0,0.0,-1.31,0.76,0.0
20190112:0710,0.0,0.0,0.0,-2.13,1.03,0.0
20190112:0810,3038.5,97.0,8.6,-0.63,0.76,0.0
20190112:0910,9275.5,250.01,15.57,1.17,0.55,0.0
20190112:1010,13874.5,352.01,20.56,4.78,0.48,0.0
20190112:1110,16027.5,402.02,23.09,7.03,0.41,0.0
20190112:1210,15301.5,387.01,22.88,8.48,0.21,0.0
20190112:1310,12881.5,337.01,19.94,9.3,0.14,0.0
20190112:1410,8208.0,238.01,14.62,9.34,0.41,0.0
20190112:1510,634.0,27.0,7.39,8.06,0.83,0.0
20190112:1610,0.0,0.0,0.0,6.74,0.97,0.0
20190112:1710,0.0,0.0,0.0,6.08,0.55,0.0
20190112:1810,0.0,0.0,0.0,4.48,0.83,0.0
20190112:1910,0.0,0.0,0.0,2.07,1.1,0.0
20190112:2010,0.0,0.0,0.0,1.19,1.1,0.0
20190112:2110,0.0,0.0,0.0,1.79,0.55,0.0
20190112:2210,0.0,0.0,0.0,1.44,0.34,0.0
20190112:2310,0.0,0.0,0.0,1.07,0.28,0.0
20190113:0010,0.0,0.0,0.0,0.24,0.62,0.0
20190113:0110,0.0,0.0,0.0,-0.73,0.97,0.0
20190113:0210,0.0,0.0,0.0,-0.98,1.17,0.0
20190113:0310,0.0,0.0,0.0,-0.62,1.1,0.0
20190113:0410,0.0,0.0,0.0,-0.53,1.03,0.0
20190113:0510,0.0,0.0,0.0,-0.26,0.97,0.0
20190113:0610,0.0,0.0,0.0,-0.96,1.24,0.0
20190113:0710,0.0,0.0,0.0,-0.31,0.76,0.0
20190113:0810,3422.0,120.01,8.69,-0.94,1.1,0.0
20190113:0910,9367.5,254.01,15.68,2.06,0.83,0.0
20190113:1010,13732.0,348.01,20.69,5.68,0.97,0.0
20190113:1110,15743.5,394.01,23.25,7.97,0.9,0.0
20190113:1210,14713.5,371.01,23.06,9.27,0.55,0.0
20190113:1310,12080.0,314.01,20.13,10.21,0.41,0.0
20190113:1410,6842.5,190.01,14.81,10.23,0.14,0.0
20190113:1510,1545.5,51.0,7.58,8.6,0.76,0.0
20190113:1610,0.0,0.0,0.0,8.3,0.69,0.0
20190113:1710,0.0,0.0,0.0,6.98,0.34,0.0
20190113:1810,0.0,0.0,0.0,4.99,1.03,0.0
20190113:1910,0.0,0.0,0.0,5.8,0.97,0.0
20190113:2010,0.0,0.0,0.0,1.13,2.0,0.0
20190113:2110,0.0,0.0,0.0,0.77,2.48,0.0
20190113:2210,0.0,0.0,0.0,0.67,2.14,0.0
20190113:2310,0.0,0.0,0.0,3.57,0.55,0.0
20190114:0010,0.0,0.0,0.0,2.01,0.97,0.0
20190114:0110,0.0,0.0,0.0,0.29,2.14,0.0
20190114:0210,0.0,0.0,0.0,0.61,2.07,0.0
20190114:0310,0.0,0.0,0.0,2.21,1.52,0.0
20190114:0410,0.0,0.0,0.0,1.41,2.48,0.0
20190114:0510,0.0,0.0,0.0,2.28,2.9,0.0
20190114:0610,0.0,0.0,0.0,3.05,2.97,0.0
20190114:0710,0.0,0.0,0.0,4.36,2.9,0.0
20190114:0810,3514.0,131.01,8.78,3.88,2.21,0.0
20190114:0910,9572.5,263.01,15.8,5.79,1.66,0.0
20190114:1010,13871.5,357.01,20.84,9.98,1.52,0.0
20190114:1110,16012.5,406.02,23.42,12.03,1.66,0.0
20190114:1210,15560.0,396.01,23.24,13.21,2.0,0.0
20190114:1310,13100.5,344.01,20.32,13.6,2.0,0.0
20190114:1410,8431.5,245.01,15.0,13.41,2.0,0.0
20190114:1510,656.0,28.0,7.77,11.94,1.38,0.0
20190114:1610,0.0,0.0,0.0,11.77,0.76,0.0
20190114:1710,0.0,0.0,0.0,10.52,0.55,0.0
20190114:1810,0.0,0.0,0.0,9.0,0.97,0.0
20190114:1910,0.0,0.0,0.0,7.31,1.38,0.0
20190114:2010,0.0,0.0,0.0,7.26,1.24,0.0
20190114:2110,0.0,0.0,0.0,3.87,1.66,0.0
20190114:2210,0.0,0.0,0.0,1.59,1.86,0.0
20190114:2310,0.0,0.0,0.0,0.75,1.86,0.0
20190115:0010,0.0,0.0,0.0,0.0,1.72,0.0
20190115:0110,0.0,0.0,0.0,-0.98,1.72,0.0
20190115:0210,0.0,0.0,0.0,-1.11,1.72,0.0
20190115:0310,0.0,0.0,0.0,-0.63,1.59,0.0
20190115:0410,0.0,0.0,0.0,0.75,1.17,0.0
20190115:0510,0.0,0.0,0.0,1.14,0.83,0.0
20190115:0610,0.0,0.0,0.0,1.01,0.55,0.0
20190115:0710,0.0,0.0,0.0,0.86,0.97,0.0
20190115:0810,3697.5,135.01,8.88,0.77,1.1,0.0
20190115:0910,9770.5,264.01,15.92,2.57,0.9,0.0
20190115:1010,14083.0,357.01,20.99,6.51,0.83,0.0
20190115:1110,16266.0,408.01,23.59,8.56,0.69,0.0
20190115:1210,15850.0,400.01,23.43,9.51,0.55,0.0
20190115:1310,13549.0,352.01,20.52,10.09,0.76,0.0
20190115:1410,8771.0,250.01,15.2,10.11,1.17,0.0
20190115:1510,666.5,28.0,7.97,9.05,1.45,0.0
20190115:1610,0.0,0.0,0.0,6.71,1.93,0.0
20190115:1710,0.0,0.0,0.0,3.96,1.72,0.0
20190115:1810,0.0,0.0,0.0,5.35,1.03,0.0
20190115:1910,0.0,0.0,0.0,5.53,0.55,0.0
20190115:2010,0.0,0.0,0.0,4.56,0.21,0.0
20190115:2110,0.0,0.0,0.0,3.7,0.28,0.0
20190115:2210,0.0,0.0,0.0,2.84,0.41,0.0
20190115:2310,0.0,0.0,0.0,2.22,0.69,0.0
20190116:0010,0.0,0.0,0.0,1.77,0.83,0.0
20190116:0110,0.0,0.0,0.0,1.37,0.69,0.0
20190116:0210,0.0,0.0,0.0,1.17,0.48,0.0
20190116:0310,0.0,0.0,0.0,0.82,0.48,0.0
20190116:0410,0.0,0.0,0.0,0.53,0.48,0.0
20190116:0510,0.0,0.0,0.0,-0.12,0.48,0.0
20190116:0610,0.0,0.0,0.0,-0.51,0.48,0.0
20190116:0710,0.0,0.0,0.0,-0.11,0.34,0.0
20190116:0810,3703.5,131.01,8.99,0.54,0.41,0.0
20190116:0910,9701.5,260.01,16.05,1.75,0.48,0.0
20190116:1010,14319.5,359.01,21.14,3.88,0.55,0.0
20190116:1110,16543.5,409.01,23.77,5.9,0.76,0.0
20190116:1210,16041.5,399.01,23.62,7.45,0.9,0.0
20190116:1310,13585.5,348.01,20.72,8.49,1.1,0.0
20190116:1410,8872.5,249.01,15.4,8.73,1.38,0.0
20190116:1510,888.5,34.0,8.17,8.35,1.45,0.0
20190116:1610,0.0,0.0,0.0,7.03,1.79,0.0
20190116:1710,0.0,0.0,0.0,4.97,1.66,0.0
20190116:1810,0.0,0.0,0.0,4.3,1.45,0.0
20190116:1910,0.0,0.0,0.0,5.23,1.1,0.0
20190116:2010,0.0,0.0,0.0,4.7,1.17,0.0
20190116:2110,0.0,0.0,0.0,4.46,1.17,0.0
20190116:2210,0.0,0.0,0.0,4.54,1.1,0.0
20190116:2310,0.0,0.0,0.0,4.0,1.17,0.0
20190117:0010,0.0,0.0,0.0,4.25,1.03,0.0
20190117:0110,0.0,0.0,0.0,3.96,1.03,0.0
20190117:0210,0.0,0.0,0.0,4.34,0.76,0.0
20190117:0310,0.0,0.0,0.0,4.24,0.76,0.0
20190117:0410,0.0,0.0,0.0,4.1,0.69,0.0
20190117:0510,0.0,0.0,0.0,3.99,0.69,0.0
20190117:0610,0.0,0.0,0.0,3.53,0.76,0.0
20190117:0710,0.0,0.0,0.0,2.16,0.83,0.0
20190117:0810,2617.0,80.0,9.11,2.88,0.69,0.0
20190117:0910,7377.0,192.0,16.19,3.71,0.69,0.0
20190117:1010,13140.5,330.01,21.31,6.17,0.83,0.0
20190117:1110,15981.0,395.01,23.95,6.98,1.1,0.0
20190117:1210,15838.0,393.01,23.82,7.96,1.31,0.0
20190117:1310,12015.0,304.01,20.93,8.36,1.31,0.0
20190117:1410,8799.5,245.01,15.61,8.49,1.24,0.0
20190117:1510,778.5,31.0,8.37,8.17,1.24,0.0
20190117:1610,0.0,0.0,0.0,7.19,1.45,0.0
20190117:1710,0.0,0.0,0.0,6.01,1.45,0.0
20190117:1810,0.0,0.0,0.0,5.03,1.03,0.0
20190117:1910,0.0,0.0,0.0,4.22,0.97,0.0
20190117:2010,0.0,0.0,0.0,4.8,0.55,0.0
20190117:2110,0.0,0.0,0.0,4.25,0.69,0.0
20190117:2210,0.0,0.0,0.0,3.78,0.69,0.0
20190117:2310,0.0,0.0,0.0,3.05,0.83,0.0
20190118:0010,0.0,0.0,0.0,1.38,1.1,0.0
20190118:0110,0.0,0.0,0.0,0.85,1.17,0.0
20190118:0210,0.0,0.0,0.0,0.67,1.17,0.0
20190118:0310,0.0,0.0,0.0,0.9,1.1,0.0
20190118:0410,0.0,0.0,0.0,0.63,1.17,0.0
20190118:0510,0.0,0.0,0.0,0.01,1.24,0.0
20190118:0610,0.0,0.0,0.0,-0.8,1.38,0.0
20190118:0710,0.0,0.0,0.0,-1.37,1.45,0.0
20190118:0810,3995.0,138.01,9.23,-0.43,1.17,0.0
20190118:0910,10381.5,277.01,16.34,1.87,1.31,0.0
20190118:1010,14572.5,362.01,21.48,4.34,1.38,0.0
20190118:1110,17126.0,421.02,24.15,6.27,1.38,0.0
20190118:1210,16024.0,396.01,24.03,7.82,1.38,0.0
20190118:1310,13301.0,337.01,21.14,8.69,1.45,0.0
20190118:1410,8993.5,247.01,15.82,8.97,1.59,0.0
20190118:1510,3245.5,124.01,8.58,8.45,1.31,0.0
20190118:1610,0.0,0.0,0.0,6.59,1.45,0.0
20190118:1710,0.0,0.0,0.0,4.17,1.72,0.0
20190118:1810,0.0,0.0,0.0,2.61,2.0,0.0
20190118:1910,0.0,0.0,0.0,2.15,2.0,0.0
20190118:2010,0.0,0.0,0.0,0.88,2.34,0.0
20190118:2110,0.0,0.0,0.0,0.92,2.62,0.0
20190118:2210,0.0,0.0,0.0,1.54,2.69,0.0
20190118:2310,0.0,0.0,0.0,1.71,2.41,0.0
20190119:0010,0.0,0.0,0.0,2.49,2.34,0.0
20190119:0110,0.0,0.0,0.0,2.3,2.41,0.0
20190119:0210,0.0,0.0,0.0,2.38,2.55,0.0
20190119:0310,0.0,0.0,0.0,2.45,2.48,0.0
20190119:0410,0.0,0.0,0.0,2.51,2.48,0.0
20190119:0510,0.0,0.0,0.0,2.5,2.41,0.0
20190119:0610,0.0,0.0,0.0,2.52,2.34,0.0
20190119:0710,0.0,0.0,0.0,2.35,2.14,0.0
20190119:0810,3238.0,100.0,9.36,2.6,2.07,0.0
20190119:0910,4248.5,113.0,16.49,3.11,2.21,0.0
20190119:1010,9554.0,234.0,21.66,3.43,2.0,0.0
20190119:1110,15012.0,361.01,24.35,4.06,2.34,0.0
20190119:1210,8533.0,210.0,24.24,4.6,2.07,0.0
20190119:1310,4889.5,128.0,21.36,4.89,1.72,0.0
20190119:1410,8120.0,214.01,16.04,4.94,1.59,0.0
20190119:1510,3115.5,104.0,8.79,4.82,1.45,0.0
20190119:1610,0.0,0.0,0.0,4.36,1.03,0.0
20190119:1710,0.0,0.0,0.0,3.19,0.9,0.0
20190119:1810,0.0,0.0,0.0,3.32,0.55,0.0
20190119:1910,0.0,0.0,0.0,1.9,1.03,0.0
20190119:2010,0.0,0.0,0.0,1.72,0.97,0.0
20190119:2110,0.0,0.0,0.0,1.79,0.9,0.0
20190119:2210,0.0,0.0,0.0,1.57,0.83,0.0
20190119:2310,0.0,0.0,0.0,1.19,0.9,0.0
20190120:0010,0.0,0.0,0.0,0.88,0.97,0.0
20190120:0110,0.0,0.0,0.0,0.76,0.9,0.0
20190120:0210,0.0,0.0,0.0,1.34,0.62,0.0
20190120:0310,0.0,0.0,0.0,1.28,0.55,0.0
20190120:0410,0.0,0.0,0.0,1.14,0.62,0.0
20190120:0510,0.0,0.0,0.0,0.92,0.62,0.0
20190120:0610,0.0,0.0,0.0,0.8,0.62,0.0
20190120:0710,0.0,0.0,0.0,0.32,0.83,0.0
20190120:0810,3769.5,119.0,9.5,0.82,0.41,0.0
20190120:0910,9987.5,263.01,16.65,1.92,0.41,0.0
20190120:1010,14867.5,370.01,21.84,3.44,0.34,0.0
20190120:1110,17494.0,428.02,24.55,4.3,0.62,0.0
20190120:1210,17198.0,421.01,24.46,4.98,0.9,0.0
20190120:1310,14671.0,368.01,21.59,5.47,0.97,0.0
20190120:1410,9840.5,268.01,16.26,5.61,1.03,0.0
20190120:1510,3538.0,128.01,9.01,5.42,0.97,0.0
20190120:1610,0.0,0.0,0.0,4.66,0.69,0.0
20190120:1710,0.0,0.0,0.0,4.13,0.69,0.0
20190120:1810,0.0,0.0,0.0,3.47,0.62,0.0
20190120:1910,0.0,0.0,0.0,2.91,0.76,0.0
20190120:2010,0.0,0.0,0.0,2.21,0.9,0.0
20190120:2110,0.0,0.0,0.0,1.62,0.83,0.0
20190120:2210,0.0,0.0,0.0,1.15,0.69,0.0
20190120:2310,0.0,0.0,0.0,0.92,0.83,0.0
20190121:0010,0.0,0.0,0.0,0.62,0.97,0.0
20190121:0110,0.0,0.0,0.0,0.44,0.97,0.0
20190121:0210,0.0,0.0,0.0,0.5,0.9,0.0
20190121:0310,0.0,0.0,0.0,0.44,0.83,0.0
20190121:0410,0.0,0.0,0.0,0.23,0.9,0.0
20190121:0510,0.0,0.0,0.0,0.19,0.83,0.0
20190121:0610,0.0,0.0,0.0,0.08,0.83,0.0
20190121:0710,0.0,0.0,0.0,-0.81,0.83,0.0
20190121:0810,4176.5,140.01,9.64,-0.29,0.48,0.0
20190121:0910,10349.5,272.01,16.82,1.27,0.34,0.0
20190121:1010,14864.0,369.01,22.03,3.44,0.34,0.0
20190121:1110,17336.0,425.01,24.76,4.9,0.48,0.0
20190121:1210,16945.0,416.01,24.69,5.86,0.76,0.0
20190121:1310,14687.5,369.01,21.82,6.48,0.97,0.0
20190121:1410,9873.5,268.01,16.49,6.66,1.03,0.0
20190121:1510,3719.0,134.01,9.23,6.35,0.9,0.0
20190121:1610,0.0,0.0,0.0,4.75,0.97,0.0
20190121:1710,0.0,0.0,0.0,4.75,0.76,0.0
20190121:1810,0.0,0.0,0.0,3.98,0.28,0.0
20190121:1910,0.0,0.0,0.0,-0.39,1.52,0.0
20190121:2010,0.0,0.0,0.0,0.09,1.59,0.0
20190121:2110,0.0,0.0,0.0,-0.03,1.38,0.0
20190121:2210,0.0,0.0,0.0,0.11,1.24,0.0
20190121:2310,0.0,0.0,0.0,-0.03,1.17,0.0
20190122:0010,0.0,0.0,0.0,-0.07,1.1,0.0
20190122:0110,0.0,0.0,0.0,0.06,1.03,0.0
20190122:0210,0.0,0.0,0.0,0.35,0.76,0.0
20190122:0310,0.0,0.0,0.0,0.26,0.41,0.0
20190122:0410,0.0,0.0,0.0,0.07,0.14,0.0
20190122:0510,0.0,0.0,0.0,-0.02,0.07,0.0
20190122:0610,0.0,0.0,0.0,-0.31,0.21,0.0
20190122:0710,0.0,0.0,0.0,-0.98,0.41,0.0
20190122:0810,4400.5,147.01,9.79,-0.85,0.14,0.0
20190122:0910,10634.5,279.01,16.99,1.11,0.21,0.0
20190122:1010,15269.5,378.01,22.23,3.23,0.41,0.0
20190122:1110,17785.5,435.01,24.98,4.71,0.55,0.0
20190122:1210,17391.0,426.01,24.92,5.57,0.76,0.0
20190122:1310,15036.0,376.01,22.05,5.94,0.97,0.0
20190122:1410,10222.0,275.01,16.72,5.89,1.03,0.0
20190122:1510,3969.0,141.01,9.45,5.42,0.9,0.0
20190122:1610,0.0,0.0,0.0,3.79,1.1,0.0
20190122:1710,0.0,0.0,0.0,3.04,0.97,0.0
20190122:1810,0.0,0.0,0.0,2.63,0.48,0.0
20190122:1910,0.0,0.0,0.0,1.5,0.76,0.0
20190122:2010,0.0,0.0,0.0,0.99,0.28,0.0
20190122:2110,0.0,0.0,0.0,0.3,0.21,0.0
20190122:2210,0.0,0.0,0.0,-0.13,0.0,0.0
20190122:2310,0.0,0.0,0.0,-0.27,0.28,0.0
20190123:0010,0.0,0.0,0.0,-0.48,0.41,0.0
20190123:0110,0.0,0.0,0.0,-0.73,0.41,0.0
20190123:0210,0.0,0.0,0.0,-0.89,0.48,0.0
20190123:0310,0.0,0.0,0.0,-1.27,0.69,0.0
20190123:0410,0.0,0.0,0.0,-1.52,0.69,0.0
20190123:0510,0.0,0.0,0.0,-1.5,0.55,0.0
20190123:0610,0.0,0.0,0.0,-1.28,0.41,0.0
20190123:0710,0.0,0.0,0.0,-1.74,0.69,0.0
20190123:0810,2565.5,75.0,9.94,-1.49,0.62,0.0
20190123:0910,5785.0,147.0,17.17,-0.04,1.1,0.0
20190123:1010,4135.5,109.0,22.43,0.53,1.24,0.0
20190123:1110,5780.0,146.0,25.21,1.42,1.52,0.0
20190123:1210,6136.5,154.0,25.16,1.7,1.79,0.0
20190123:1310,2020.5,61.0,22.29,1.76,2.0,0.0
20190123:1410,1811.0,56.0,16.96,1.65,2.07,0.0
20190123:1510,1522.0,49.0,9.68,1.27,1.31,0.0
20190123:1610,0.0,0.0,0.0,0.76,1.38,0.0
20190123:1710,0.0,0.0,0.0,0.24,1.59,0.0
20190123:1810,0.0,0.0,0.0,0.08,1.86,0.0
20190123:1910,0.0,0.0,0.0,0.0,2.0,0.0
20190123:2010,0.0,0.0,0.0,0.07,2.0,0.0
20190123:2110,0.0,0.0,0.0,0.04,2.07,0.0
20190123:2210,0.0,0.0,0.0,0.0,2.14,0.0
20190123:2310,0.0,0.0,0.0,-0.03,2.07,0.0
20190124:0010,0.0,0.0,0.0,-0.07,2.0,0.0
20190124:0110,0.0,0.0,0.0,-0.04,1.79,0.0
20190124:0210,0.0,0.0,0.0,-0.13,1.66,0.0
20190124:0310,0.0,0.0,0.0,-0.32,1.59,0.0
20190124:0410,0.0,0.0,0.0,-0.58,1.59,0.0
20190124:0510,0.0,0.0,0.0,-1.16,1.45,0.0
20190124:0610,0.0,0.0,0.0,-1.52,1.31,0.0
20190124:0710,0.0,0.0,0.0,-2.68,1.72,0.0
20190124:0810,3368.0,98.0,10.1,-0.1,0.76,0.0
20190124:0910,7149.5,181.0,17.35,1.13,0.28,0.0
20190124:1010,10119.0,247.0,22.64,2.87,0.69,0.0
20190124:1110,12305.0,297.0,25.44,4.19,1.17,0.0
20190124:1210,13273.0,321.01,25.4,5.24,1.38,0.0
20190124:1310,12957.5,319.01,22.54,5.76,1.31,0.0
20190124:1410,9333.5,244.01,17.2,5.9,1.03,0.0
20190124:1510,4123.0,137.01,9.91,5.43,0.69,0.0
20190124:1610,0.0,0.0,0.0,3.63,0.76,0.0
20190124:1710,0.0,0.0,0.0,2.14,1.03,0.0
20190124:1810,0.0,0.0,0.0,-0.65,1.52,0.0
20190124:1910,0.0,0.0,0.0,1.52,0.48,0.0
20190124:2010,0.0,0.0,0.0,0.13,0.62,0.0
20190124:2110,0.0,0.0,0.0,-0.82,0.62,0.0
20190124:2210,0.0,0.0,0.0,-1.47,0.62,0.0
20190124:2310,0.0,0.0,0.0,-2.13,0.62,0.0
20190125:0010,0.0,0.0,0.0,-2.68,0.69,0.0
20190125:0110,0.0,0.0,0.0,-3.27,0.83,0.0
20190125:0210,0.0,0.0,0.0,-3.7,0.9,0.0
20190125:0310,0.0,0.0,0.0,-4.23,0.9,0.0
20190125:0410,0.0,0.0,0.0,-4.57,0.9,0.0
20190125:0510,0.0,0.0,0.0,-4.71,0.83,0.0
20190125:0610,0.0,0.0,0.0,-5.0,0.9,0.0
20190125:0710,0.0,0.0,0.0,-5.01,0.69,0.0
20190125:0810,4748.0,145.01,10.27,-4.14,0.76,0.0
20190125:0910,10076.5,253.01,17.54,-1.28,0.9,0.0
20190125:1010,13597.5,328.01,22.86,1.39,0.9,0.0
20190125:1110,15576.0,374.01,25.67,3.37,0.9,0.0
20190125:1210,15498.0,374.01,25.65,4.65,1.03,0.0
20190125:1310,14052.0,346.01,22.79,5.36,0.9,0.0
20190125:1410,10221.5,268.01,17.44,5.56,0.48,0.0
20190125:1510,4513.0,150.01,10.14,5.0,0.21,0.0
20190125:1610,0.0,0.0,0.0,3.67,0.41,0.0
20190125:1710,0.0,0.0,0.0,1.71,0.69,0.0
20190125:1810,0.0,0.0,0.0,-0.14,0.97,0.0
20190125:1910,0.0,0.0,0.0,1.1,1.03,0.0
20190125:2010,0.0,0.0,0.0,0.13,0.9,0.0
20190125:2110,0.0,0.0,0.0,-1.2,0.76,0.0
20190125:2210,0.0,0.0,0.0,-1.95,0.69,0.0
20190125:2310,0.0,0.0,0.0,-2.32,0.69,0.0
20190126:0010,0.0,0.0,0.0,-2.56,0.62,0.0
20190126:0110,0.0,0.0,0.0,-3.33,0.9,0.0
20190126:0210,0.0,0.0,0.0,-4.34,1.1,0.0
20190126:0310,0.0,0.0,0.0,-4.4,1.1,0.0
20190126:0410,0.0,0.0,0.0,-4.71,1.17,0.0
20190126:0510,0.0,0.0,0.0,-4.89,1.24,0.0
20190126:0610,0.0,0.0,0.0,-4.95,1.24,0.0
20190126:0710,0.0,0.0,0.0,-4.51,0.83,0.0
20190126:0810,4513.0,134.01,10.44,-3.08,0.62,0.0
20190126:0910,10001.5,253.01,17.74,0.25,0.55,0.0
20190126:1010,11926.5,291.01,23.08,3.6,0.48,0.0
20190126:1110,13340.0,325.01,25.92,5.88,0.48,0.0
20190126:1210,14514.5,354.01,25.91,7.21,1.1,0.0
20190126:1310,12393.0,307.01,23.05,7.8,1.24,0.0
20190126:1410,8438.0,219.0,17.69,7.79,1.17,0.0
20190126:1510,3652.5,110.0,10.38,6.88,1.1,0.0
20190126:1610,0.0,0.0,0.0,4.98,1.17,0.0
20190126:1710,0.0,0.0,0.0,3.2,0.9,0.0
20190126:1810,0.0,0.0,0.0,2.76,0.41,0.0
20190126:1910,0.0,0.0,0.0,1.24,0.55,0.0
20190126:2010,0.0,0.0,0.0,0.24,0.34,0.0
20190126:2110,0.0,0.0,0.0,-0.5,0.21,0.0
20190126:2210,0.0,0.0,0.0,-1.06,0.21,0.0
20190126:2310,0.0,0.0,0.0,-1.24,0.28,0.0
20190127:0010,0.0,0.0,0.0,-1.21,0.07,0.0
20190127:0110,0.0,0.0,0.0,-1.38,0.07,0.0
20190127:0210,0.0,0.0,0.0,-1.34,0.55,0.0
20190127:0310,0.0,0.0,0.0,-1.93,1.03,0.0
20190127:0410,0.0,0.0,0.0,-1.64,0.97,0.0
20190127:0510,0.0,0.0,0.0,-1.03,0.69,0.0
20190127:0610,0.0,0.0,0.0,-0.81,0.62,0.0
20190127:0710,0.0,0.0,0.0,-0.51,0.83,0.0
20190127:0810,3076.5,88.0,10.62,-0.08,0.69,0.0
20190127:0910,2675.5,76.0,17.94,0.48,0.83,0.0
20190127:1010,2194.5,65.0,23.31,1.09,0.97,0.0
20190127:1110,4857.5,126.0,26.16,2.12,0.9,0.0
20190127:1210,2052.0,62.0,26.16,2.56,0.97,0.0
20190127:1310,2260.5,67.0,23.31,2.92,1.17,0.0
20190127:1410,1921.5,59.0,17.94,3.11,1.31,0.0
20190127:1510,1631.0,52.0,10.62,3.24,1.79,0.0
20190127:1610,0.0,0.0,0.0,2.67,1.24,0.0
20190127:1710,0.0,0.0,0.0,1.86,1.1,0.0
20190127:1810,0.0,0.0,0.0,1.02,1.03,0.0
20190127:1910,0.0,0.0,0.0,-0.32,0.9,0.0
20190127:2010,0.0,0.0,0.0,0.25,0.14,0.0
20190127:2110,0.0,0.0,0.0,-0.72,0.69,0.0
20190127:2210,0.0,0.0,0.0,-1.22,0.83,0.0
20190127:2310,0.0,0.0,0.0,-1.46,0.76,0.0
20190128:0010,0.0,0.0,0.0,-1.46,0.69,0.0
20190128:0110,0.0,0.0,0.0,-1.19,0.69,0.0
20190128:0210,0.0,0.0,0.0,-1.59,0.76,0.0
20190128:0310,0.0,0.0,0.0,-2.04,1.17,0.0
20190128:0410,0.0,0.0,0.0,-1.81,1.93,0.0
20190128:0510,0.0,0.0,0.0,-1.12,2.21,0.0
20190128:0610,0.0,0.0,0.0,-0.89,2.28,0.0
20190128:0710,0.0,0.0,0.0,-0.96,2.41,0.0
20190128:0810,4517.5,131.0,10.81,-0.34,2.28,0.0
20190128:0910,11435.5,290.01,18.15,1.68,2.07,0.0
20190128:1010,16273.5,395.01,23.54,4.39,2.28,0.0
20190128:1110,18600.5,448.01,26.42,6.39,2.41,0.0
20190128:1210,18694.5,453.01,26.43,7.53,2.34,0.0
20190128:1310,16576.5,411.01,23.57,8.22,2.0,0.0
20190128:1410,11723.0,310.01,18.2,8.5,1.72,0.0
20190128:1510,5145.0,172.01,10.86,8.0,1.31,0.0
20190128:1610,0.0,0.0,0.0,5.84,1.66,0.0
20190128:1710,0.0,0.0,0.0,2.85,1.93,0.0
20190128:1810,0.0,0.0,0.0,0.37,2.21,0.0
20190128:1910,0.0,0.0,0.0,-0.34,2.14,0.0
20190128:2010,0.0,0.0,0.0,-0.63,1.93,0.0
20190128:2110,0.0,0.0,0.0,-0.72,1.72,0.0
20190128:2210,0.0,0.0,0.0,0.05,1.38,0.0
20190128:2310,0.0,0.0,0.0,0.3,1.1,0.0
20190129:0010,0.0,0.0,0.0,-0.77,1.17,0.0
20190129:0110,0.0,0.0,0.0,-2.5,1.24,0.0
20190129:0210,0.0,0.0,0.0,-2.89,1.24,0.0
20190129:0310,0.0,0.0,0.0,-3.01,1.17,0.0
20190129:0410,0.0,0.0,0.0,-3.29,1.24,0.0
20190129:0510,0.0,0.0,0.0,-3.52,1.24,0.0
20190129:0610,0.0,0.0,0.0,-3.72,1.31,0.0
20190129:0710,0.0,0.0,0.0,-2.13,0.97,0.0
20190129:0810,5518.5,175.01,11.0,-1.13,0.83,0.0
20190129:0910,12122.5,310.01,18.37,1.39,0.97,0.0
20190129:1010,16532.0,403.01,23.78,4.0,1.17,0.0
20190129:1110,18860.0,457.01,26.68,5.87,1.17,0.0
20190129:1210,18690.0,457.01,26.7,7.13,0.83,0.0
20190129:1310,16378.0,410.01,23.84,7.85,0.28,0.0
20190129:1410,11642.5,307.01,18.46,7.99,0.55,0.0
20190129:1510,4823.5,148.01,11.11,7.53,0.9,0.0
20190129:1610,0.0,0.0,0.0,5.71,1.52,0.0
20190129:1710,0.0,0.0,0.0,2.78,1.45,0.0
20190129:1810,0.0,0.0,0.0,3.23,1.1,0.0
20190129:1910,0.0,0.0,0.0,0.56,1.72,0.0
20190129:2010,0.0,0.0,0.0,0.75,1.52,0.0
20190129:2110,0.0,0.0,0.0,1.19,1.31,0.0
20190129:2210,0.0,0.0,0.0,0.4,1.38,0.0
20190129:2310,0.0,0.0,0.0,0.2,1.38,0.0
20190130:0010,0.0,0.0,0.0,0.2,1.24,0.0
20190130:0110,0.0,0.0,0.0,0.54,0.97,0.0
20190130:0210,0.0,0.0,0.0,0.18,1.03,0.0
20190130:0310,0.0,0.0,0.0,-0.29,1.31,0.0
20190130:0410,0.0,0.0,0.0,-0.23,1.38,0.0
20190130:0510,0.0,0.0,0.0,-0.38,1.24,0.0
20190130:0610,0.0,0.0,0.0,-0.25,1.03,0.0
20190130:0710,80.0,9.85,2.38,-0.75,1.17,0.0
20190130:0810,5021.5,149.01,11.19,-0.06,0.9,0.0
20190130:0910,4367.5,115.0,18.59,1.72,0.83,0.0
20190130:1010,5957.5,151.0,24.03,2.77,1.03,0.0
20190130:1110,6891.0,172.0,26.94,3.35,1.52,0.0
20190130:1210,8167.5,201.0,26.97,3.97,1.72,0.0
20190130:1310,6060.5,154.0,24.11,4.27,1.72,0.0
20190130:1410,4841.0,127.0,18.72,4.39,1.45,0.0
20190130:1510,2023.0,62.0,11.36,4.4,0.97,0.0
20190130:1610,74.5,9.0,2.57,3.91,0.48,0.0
20190130:1710,0.0,0.0,0.0,1.57,1.24,0.0
20190130:1810,0.0,0.0,0.0,1.05,1.03,0.0
20190130:1910,0.0,0.0,0.0,0.46,1.03,0.0
20190130:2010,0.0,0.0,0.0,-1.47,1.38,0.0
20190130:2110,0.0,0.0,0.0,-1.77,1.17,0.0
20190130:2210,0.0,0.0,0.0,-2.14,1.1,0.0
20190130:2310,0.0,0.0,0.0,-2.94,1.24,0.0
20190131:0010,0.0,0.0,0.0,-2.45,0.9,0.0
20190131:0110,0.0,0.0,0.0,-1.98,0.41,0.0
20190131:0210,0.0,0.0,0.0,-1.89,0.28,0.0
20190131:0310,0.0,0.0,0.0,-1.71,0.76,0.0
20190131:0410,0.0,0.0,0.0,-2.03,0.9,0.0
20190131:0510,0.0,0.0,0.0,-2.42,1.03,0.0
20190131:0610,0.0,0.0,0.0,-2.41,1.03,0.0
20190131:0710,31.0,7.0,2.56,-2.15,0.83,0.0
20190131:0810,3366.0,94.0,11.4,-1.38,0.97,0.0
20190131:0910,6871.5,171.0,18.82,-0.55,0.76,0.0
20190131:1010,6582.5,164.0,24.28,0.92,0.55,0.0
20190131:1110,5480.5,140.0,27.22,2.13,0.76,0.0
20190131:1210,4658.0,122.0,27.25,3.15,1.03,0.0
20190131:1310,6508.0,164.0,24.39,3.85,1.24,0.0
20190131:1410,8322.0,209.0,18.99,4.0,1.59,0.0
20190131:1510,4220.5,120.0,11.61,3.9,1.66,0.0
20190131:1610,0.0,3.0,2.81,3.28,1.17,0.0
20190131:1710,0.0,0.0,0.0,2.15,1.24,0.0
20190131:1810,0.0,0.0,0.0,1.11,1.24,0.0
20190131:1910,0.0,0.0,0.0,0.34,1.66,0.0
20190131:2010,0.0,0.0,0.0,0.34,1.45,0.0
20190131:2110,0.0,0.0,0.0,0.35,1.31,0.0
20190131:2210,0.0,0.0,0.0,0.32,1.17,0.0
20190131:2310,0.0,0.0,0.0,0.3,1.17,0.0
20190201:0010,0.0,0.0,0.0,0.26,1.38,0.0
20190201:0110,0.0,0.0,0.0,0.13,1.52,0.0
20190201:0210,0.0,0.0,0.0,0.12,1.45,0.0
20190201:0310,0.0,0.0,0.0,0.16,1.66,0.0
20190201:0410,0.0,0.0,0.0,0.14,1.52,0.0
20190201:0510,0.0,0.0,0.0,0.02,1.31,0.0
20190201:0610,0.0,0.0,0.0,-0.03,1.66,0.0
20190201:0710,30.5,7.0,2.75,-0.29,1.45,0.0
20190201:0810,2612.0,75.0,11.6,-0.21,1.45,0.0
20190201:0910,1367.5,45.0,19.05,0.06,1.66,0.0
20190201:1010,1696.0,53.0,24.54,0.39,1.72,0.0
20190201:1110,5037.5,129.0,27.49,0.58,1.66,0.0
20190201:1210,3379.5,92.0,27.54,0.6,1.45,0.0
20190201:1310,3776.5,101.0,24.67,0.7,1.38,0.0
20190201:1410,3377.0,92.0,19.26,0.65,1.24,0.0
20190201:1510,2516.0,73.0,11.86,0.52,1.1,0.0
20190201:1610,77.0,9.0,3.05,0.4,1.1,0.0
20190201:1710,0.0,0.0,0.0,0.23,1.31,0.0
20190201:1810,0.0,0.0,0.0,0.15,1.45,0.0
20190201:1910,0.0,0.0,0.0,-0.55,1.59,0.0
20190201:2010,0.0,0.0,0.0,-0.67,1.31,0.0
20190201:2110,0.0,0.0,0.0,-0.73,1.17,0.0
20190201:2210,0.0,0.0,0.0,-0.89,1.31,0.0
20190201:2310,0.0,0.0,0.0,-1.04,1.52,0.0
20190202:0010,0.0,0.0,0.0,-1.05,1.66,0.0
20190202:0110,0.0,0.0,0.0,-0.96,1.72,0.0
20190202:0210,0.0,0.0,0.0,-1.03,1.86,0.0
20190202:0310,0.0,0.0,0.0,-0.95,1.79,0.0
20190202:0410,0.0,0.0,0.0,-0.76,1.66,0.0
20190202:0510,0.0,0.0,0.0,-0.71,1.59,0.0
20190202:0610,0.0,0.0,0.0,-0.81,1.52,0.0
20190202:0710,0.0,5.0,2.94,-2.96,1.03,0.0
20190202:0810,3888.5,107.0,11.82,-2.03,0.41,0.0
20190202:0910,2776.5,78.0,19.29,-0.67,0.48,0.0
20190202:1010,6787.5,168.0,24.8,0.17,0.62,0.0
20190202:1110,2146.5,64.0,27.77,1.48,0.55,0.0
20190202:1210,2824.5,80.0,27.83,2.15,0.34,0.0
20190202:1310,2058.5,62.0,24.96,1.79,0.48,0.0
20190202:1410,2792.5,79.0,19.53,1.73,1.52,0.0
20190202:1510,921.5,34.0,12.12,1.5,1.86,0.0
20190202:1610,0.0,3.0,3.29,1.33,1.93,0.0
20190202:1710,0.0,0.0,0.0,1.35,1.86,0.0
20190202:1810,0.0,0.0,0.0,1.43,1.66,0.0
20190202:1910,0.0,0.0,0.0,1.32,1.24,0.0
20190202:2010,0.0,0.0,0.0,1.43,1.52,0.0
20190202:2110,0.0,0.0,0.0,1.45,2.0,0.0
20190202:2210,0.0,0.0,0.0,1.34,2.07,0.0
20190202:2310,0.0,0.0,0.0,1.24,2.0,0.0
20190203:0010,0.0,0.0,0.0,1.09,1.86,0.0
20190203:0110,0.0,0.0,0.0,1.29,1.79,0.0
20190203:0210,0.0,0.0,0.0,1.17,1.38,0.0
20190203:0310,0.0,0.0,0.0,0.99,1.45,0.0
20190203:0410,0.0,0.0,0.0,0.88,1.45,0.0
20190203:0510,0.0,0.0,0.0,0.92,1.52,0.0
20190203:0610,0.0,0.0,0.0,0.91,1.59,0.0
20190203:0710,9.0,6.0,3.14,1.11,2.07,0.0
20190203:0810,2844.5,81.0,12.04,1.45,1.66,0.0
20190203:0910,2312.0,68.0,19.53,2.08,1.03,0.0
20190203:1010,6812.0,170.0,25.07,2.62,1.1,0.0
20190203:1110,5186.5,134.0,28.06,3.65,1.59,0.0
20190203:1210,14803.0,353.01,28.12,4.26,1.52,0.0
20190203:1310,13126.5,320.01,25.24,6.35,1.1,0.0
20190203:1410,8272.5,212.0,19.81,8.68,0.55,0.0
20190203:1510,4094.5,117.0,12.38,8.32,0.21,0.0
20190203:1610,123.0,11.0,3.53,7.59,0.14,0.0
20190203:1710,0.0,0.0,0.0,6.67,0.55,0.0
20190203:1810,0.0,0.0,0.0,5.42,1.38,0.0
20190203:1910,0.0,0.0,0.0,1.63,1.79,0.0
20190203:2010,0.0,0.0,0.0,-0.53,2.14,0.0
20190203:2110,0.0,0.0,0.0,-1.85,2.21,0.0
20190203:2210,0.0,0.0,0.0,-2.39,2.07,0.0
20190203:2310,0.0,0.0,0.0,-1.64,1.72,0.0
20190204:0010,0.0,0.0,0.0,-0.09,1.1,0.0
20190204:0110,0.0,0.0,0.0,-1.03,1.03,0.0
20190204:0210,0.0,0.0,0.0,-2.84,1.24,0.0
20190204:0310,0.0,0.0,0.0,-3.75,1.31,0.0
20190204:0410,0.0,0.0,0.0,-4.23,1.1,0.0
20190204:0510,0.0,0.0,0.0,-4.99,1.03,0.0
20190204:0610,0.0,0.0,0.0,-5.44,0.97,0.0
20190204:0710,291.0,16.81,3.35,-3.76,0.9,0.0
20190204:0810,5862.0,165.01,12.26,-2.23,0.69,0.0
20190204:0910,11148.5,276.01,19.78,0.84,0.41,0.0
20190204:1010,14722.0,356.01,25.34,3.86,0.48,0.0
20190204:1110,16783.0,402.01,28.35,4.51,0.83,0.0
20190204:1210,17346.0,416.01,28.42,5.17,1.03,0.0
20190204:1310,16465.0,398.01,25.54,5.4,1.59,0.0
20190204:1410,12377.0,311.01,20.08,5.06,1.79,0.0
20190204:1510,6335.0,188.01,12.64,6.03,1.24,0.0
20190204:1610,395.5,20.0,3.78,7.34,0.9,0.0
20190204:1710,0.0,0.0,0.0,6.23,0.9,0.0
20190204:1810,0.0,0.0,0.0,4.97,0.83,0.0
20190204:1910,0.0,0.0,0.0,4.78,0.41,0.0
20190204:2010,0.0,0.0,0.0,3.82,1.31,0.0
20190204:2110,0.0,0.0,0.0,-1.38,1.86,0.0
20190204:2210,0.0,0.0,0.0,-2.29,1.79,0.0
20190204:2310,0.0,0.0,0.0,-1.57,1.52,0.0
20190205:0010,0.0,0.0,0.0,-1.68,1.45,0.0
20190205:0110,0.0,0.0,0.0,-1.99,1.31,0.0
20190205:0210,0.0,0.0,0.0,-2.34,1.24,0.0
20190205:0310,0.0,0.0,0.0,-2.74,1.17,0.0
20190205:0410,0.0,0.0,0.0,-2.96,1.24,0.0
20190205:0510,0.0,0.0,0.0,-2.96,1.17,0.0
20190205:0610,0.0,0.0,0.0,-2.93,1.17,0.0
20190205:0710,423.0,33.91,3.56,-2.15,0.97,0.0
20190205:0810,6454.0,185.01,12.49,-0.93,0.83,0.0
20190205:0910,12589.5,313.01,20.04,1.58,0.76,0.0
20190205:1010,16477.5,398.01,25.62,4.06,0.76,0.0
20190205:1110,18980.5,458.01,28.65,5.52,0.62,0.0
20190205:1210,19249.0,470.01,28.72,7.28,0.34,0.0
20190205:1310,17608.0,435.01,25.83,8.07,0.55,0.0
20190205:1410,12960.5,333.01,20.36,8.44,0.69,0.0
20190205:1510,6657.5,200.01,12.9,8.36,0.69,0.0
20190205:1610,462.0,22.0,4.02,7.47,0.62,0.0
20190205:1710,0.0,0.0,0.0,6.02,0.62,0.0
20190205:1810,0.0,0.0,0.0,4.54,0.9,0.0
20190205:1910,0.0,0.0,0.0,2.32,0.97,0.0
20190205:2010,0.0,0.0,0.0,1.52,0.76,0.0
20190205:2110,0.0,0.0,0.0,0.64,0.55,0.0
20190205:2210,0.0,0.0,0.0,-0.16,0.55,0.0
20190205:2310,0.0,0.0,0.0,-0.74,0.62,0.0
20190206:0010,0.0,0.0,0.0,-1.06,0.62,0.0
20190206:0110,0.0,0.0,0.0,-1.34,0.62,0.0
20190206:0210,0.0,0.0,0.0,-1.58,0.69,0.0
20190206:0310,0.0,0.0,0.0,-1.93,0.76,0.0
20190206:0410,0.0,0.0,0.0,-2.4,0.83,0.0
20190206:0510,0.0,0.0,0.0,-2.84,0.83,0.0
20190206:0610,0.0,0.0,0.0,-3.53,0.9,0.0
20190206:0710,517.0,31.05,3.77,-3.02,0.9,0.0
20190206:0810,6824.5,196.01,12.73,-1.44,0.69,0.0
20190206:0910,13243.5,329.01,20.3,1.11,0.55,0.0
20190206:1010,17485.5,423.01,25.9,3.79,0.48,0.0
20190206:1110,19951.0,485.01,28.95,6.48,0.41,0.0
20190206:1210,19938.0,489.01,29.03,8.17,0.34,0.0
20190206:1310,18100.5,451.01,26.13,9.44,0.34,0.0
20190206:1410,13341.0,346.01,20.65,9.91,0.28,0.0
20190206:1510,6885.0,208.01,13.17,9.67,0.28,0.0
20190206:1610,526.5,24.0,4.27,8.87,0.62,0.0
20190206:1710,0.0,0.0,0.0,7.65,0.69,0.0
20190206:1810,0.0,0.0,0.0,6.43,0.83,0.0
20190206:1910,0.0,0.0,0.0,2.15,1.38,0.0
20190206:2010,0.0,0.0,0.0,1.14,1.31,0.0
20190206:2110,0.0,0.0,0.0,-0.03,1.24,0.0
20190206:2210,0.0,0.0,0.0,-1.01,1.24,0.0
20190206:2310,0.0,0.0,0.0,-1.3,1.17,0.0
20190207:0010,0.0,0.0,0.0,-1.67,1.1,0.0
20190207:0110,0.0,0.0,0.0,-1.9,1.1,0.0
20190207:0210,0.0,0.0,0.0,-2.51,1.1,0.0
20190207:0310,0.0,0.0,0.0,-2.69,1.03,0.0
20190207:0410,0.0,0.0,0.0,-2.38,0.97,0.0
20190207:0510,0.0,0.0,0.0,-2.57,1.03,0.0
20190207:0610,0.0,0.0,0.0,-2.63,1.03,0.0
20190207:0710,284.5,16.0,3.99,-2.42,1.1,0.0
20190207:0810,4309.5,116.0,12.97,-0.66,0.97,0.0
20190207:0910,6660.0,167.0,20.56,2.07,0.97,0.0
20190207:1010,6544.5,165.0,26.19,3.98,0.9,0.0
20190207:1110,3866.5,105.0,29.26,5.18,0.83,0.0
20190207:1210,8497.0,211.0,29.34,6.15,0.76,0.0
20190207:1310,11808.0,289.0,26.44,6.6,0.55,0.0
20190207:1410,6158.5,159.0,20.93,6.81,0.28,0.0
20190207:1510,4810.5,133.0,13.43,6.71,0.21,0.0
20190207:1610,431.5,21.0,4.52,6.14,0.48,0.0
20190207:1710,0.0,0.0,0.0,5.27,0.69,0.0
20190207:1810,0.0,0.0,0.0,4.03,0.76,0.0
20190207:1910,0.0,0.0,0.0,3.75,0.97,0.0
20190207:2010,0.0,0.0,0.0,2.48,0.83,0.0
20190207:2110,0.0,0.0,0.0,1.55,0.83,0.0
20190207:2210,0.0,0.0,0.0,1.33,0.69,0.0
20190207:2310,0.0,0.0,0.0,0.94,0.83,0.0
20190208:0010,0.0,0.0,0.0,-0.16,1.03,0.0
20190208:0110,0.0,0.0,0.0,-0.92,1.1,0.0
20190208:0210,0.0,0.0,0.0,-1.15,1.03,0.0
20190208:0310,0.0,0.0,0.0,-2.34,1.1,0.0
20190208:0410,0.0,0.0,0.0,-2.53,1.1,0.0
20190208:0510,0.0,0.0,0.0,-2.46,1.1,0.0
20190208:0610,0.0,0.0,0.0,-2.77,1.03,0.0
20190208:0710,533.5,24.55,4.22,-1.33,0.97,0.0
20190208:0810,6543.0,182.01,13.22,0.32,0.76,0.0
20190208:0910,13717.5,342.01,20.84,2.83,0.76,0.0
20190208:1010,17995.0,436.01,26.49,5.21,0.83,0.0
20190208:1110,19134.5,466.01,29.57,7.63,0.48,0.0
20190208:1210,20006.0,492.01,29.66,8.92,0.28,0.0
20190208:1310,17921.5,445.01,26.74,9.79,0.48,0.0
20190208:1410,13882.5,358.01,21.22,10.09,0.62,0.0
20190208:1510,6959.5,203.01,13.7,9.86,0.55,0.0
20190208:1610,629.0,27.0,4.77,9.4,0.41,0.0
20190208:1710,0.0,0.0,0.0,8.53,0.21,0.0
20190208:1810,0.0,0.0,0.0,7.34,0.55,0.0
20190208:1910,0.0,0.0,0.0,6.04,1.1,0.0
20190208:2010,0.0,0.0,0.0,2.4,1.59,0.0
20190208:2110,0.0,0.0,0.0,0.7,1.59,0.0
20190208:2210,0.0,0.0,0.0,-0.09,1.66,0.0
20190208:2310,0.0,0.0,0.0,-0.35,1.66,0.0
20190209:0010,0.0,0.0,0.0,-0.39,1.52,0.0
20190209:0110,0.0,0.0,0.0,0.04,1.24,0.0
20190209:0210,0.0,0.0,0.0,0.6,1.03,0.0
20190209:0310,0.0,0.0,0.0,0.22,0.97,0.0
20190209:0410,0.0,0.0,0.0,0.09,0.9,0.0
20190209:0510,0.0,0.0,0.0,-0.5,0.97,0.0
20190209:0610,0.0,0.0,0.0,-0.8,1.03,0.0
20190209:0710,704.0,42.72,4.45,-1.03,0.62,0.0
20190209:0810,7070.0,199.01,13.47,0.87,0.48,0.0
20190209:0910,13734.0,343.01,21.11,3.77,0.62,0.0
20190209:1010,18293.0,445.01,26.79,5.95,0.69,0.0
20190209:1110,20735.0,504.01,29.88,7.16,0.55,0.0
20190209:1210,20344.0,497.01,29.98,8.36,0.55,0.0
20190209:1310,13577.0,335.0,27.05,9.38,0.55,0.0
20190209:1410,8879.0,226.0,21.51,9.83,0.62,0.0
20190209:1510,6742.0,192.01,13.97,9.81,0.83,0.0
20190209:1610,740.5,30.0,5.02,8.45,1.17,0.0
20190209:1710,0.0,0.0,0.0,5.99,1.38,0.0
20190209:1810,0.0,0.0,0.0,5.02,1.24,0.0
20190209:1910,0.0,0.0,0.0,5.23,1.03,0.0
20190209:2010,0.0,0.0,0.0,5.11,0.97,0.0
20190209:2110,0.0,0.0,0.0,3.53,1.17,0.0
20190209:2210,0.0,0.0,0.0,2.82,1.17,0.0
20190209:2310,0.0,0.0,0.0,3.15,1.1,0.0
20190210:0010,0.0,0.0,0.0,2.69,1.24,0.0
20190210:0110,0.0,0.0,0.0,2.55,1.31,0.0
20190210:0210,0.0,0.0,0.0,2.74,1.1,0.0
20190210:0310,0.0,0.0,0.0,3.11,0.9,0.0
20190210:0410,0.0,0.0,0.0,2.79,0.97,0.0
20190210:0510,0.0,0.0,0.0,2.67,1.03,0.0
20190210:0610,0.0,0.0,0.0,2.45,1.03,0.0
20190210:0710,447.0,21.82,4.69,3.2,0.21,0.0
20190210:0810,951.0,35.0,13.73,3.15,0.55,0.0
20190210:0910,7043.0,177.0,21.39,3.83,0.76,0.0
20190210:1010,6490.0,164.0,27.09,4.33,0.9,0.0
20190210:1110,5414.5,140.0,30.2,4.91,1.1,0.0
20190210:1210,5935.5,152.0,30.3,5.27,1.1,0.0
20190210:1310,7469.0,187.0,27.36,5.81,1.31,0.0
20190210:1410,4512.5,120.0,21.81,5.83,1.38,0.0
20190210:1510,5388.5,146.0,14.24,5.84,1.59,0.0
20190210:1610,716.0,29.0,5.27,5.39,1.24,0.0
20190210:1710,0.0,0.0,0.0,4.78,1.52,0.0
20190210:1810,0.0,0.0,0.0,4.23,1.03,0.0
20190210:1910,0.0,0.0,0.0,3.04,1.24,0.0
20190210:2010,0.0,0.0,0.0,2.44,0.55,0.0
20190210:2110,0.0,0.0,0.0,2.46,0.28,0.0
20190210:2210,0.0,0.0,0.0,2.08,0.55,0.0
20190210:2310,0.0,0.0,0.0,1.34,0.83,0.0
20190211:0010,0.0,0.0,0.0,0.57,1.24,0.0
20190211:0110,0.0,0.0,0.0,0.71,1.86,0.0
20190211:0210,0.0,0.0,0.0,1.57,2.48,0.0
20190211:0310,0.0,0.0,0.0,2.21,2.76,0.0
20190211:0410,0.0,0.0,0.0,2.43,3.17,0.0
20190211:0510,0.0,0.0,0.0,2.89,3.72,0.0
20190211:0610,0.0,0.0,0.0,3.43,4.14,0.0
20190211:0710,885.5,40.66,4.93,4.83,4.62,0.0
20190211:0810,8160.5,235.01,13.99,6.4,4.9,0.0
20190211:0910,15636.0,391.01,21.68,8.37,4.62,0.0
20190211:1010,20946.5,506.02,27.4,9.83,4.41,0.0
20190211:1110,23459.0,563.02,30.53,10.75,4.34,0.0
20190211:1210,23535.0,568.02,30.63,11.4,3.86,0.0
20190211:1310,20733.5,507.01,27.68,11.75,3.52,0.0
20190211:1410,15606.0,397.01,22.1,11.74,3.1,0.0
20190211:1510,8364.0,244.01,14.52,11.36,2.41,0.0
20190211:1610,593.0,26.0,5.53,9.94,2.21,0.0
20190211:1710,0.0,0.0,0.0,7.78,2.48,0.0
20190211:1810,0.0,0.0,0.0,5.88,2.48,0.0
20190211:1910,0.0,0.0,0.0,4.19,1.93,0.0
20190211:2010,0.0,0.0,0.0,2.07,2.21,0.0
20190211:2110,0.0,0.0,0.0,0.63,2.14,0.0
20190211:2210,0.0,0.0,0.0,0.51,1.79,0.0
20190211:2310,0.0,0.0,0.0,1.38,1.38,0.0
20190212:0010,0.0,0.0,0.0,1.71,1.24,0.0
20190212:0110,0.0,0.0,0.0,0.55,1.24,0.0
20190212:0210,0.0,0.0,0.0,-0.75,1.45,0.0
20190212:0310,0.0,0.0,0.0,-1.46,1.59,0.0
20190212:0410,0.0,0.0,0.0,-1.8,1.59,0.0
20190212:0510,0.0,0.0,0.0,-1.78,1.52,0.0
20190212:0610,0.0,0.0,0.0,-0.6,1.1,0.0
20190212:0710,943.0,57.52,5.17,-0.18,0.97,0.0
20190212:0810,8472.5,238.01,14.25,0.99,0.76,0.0
20190212:0910,15809.5,393.01,21.97,3.58,0.76,0.0
20190212:1010,20555.0,500.01,27.71,6.19,0.76,0.0
20190212:1110,22642.0,555.02,30.86,8.34,0.41,0.0
20190212:1210,22627.0,560.02,30.96,9.91,0.28,0.0
20190212:1310,19918.5,495.01,28.0,10.89,0.69,0.0
20190212:1410,15217.0,389.01,22.4,11.35,1.03,0.0
20190212:1510,8562.0,249.01,14.79,11.14,0.97,0.0
20190212:1610,1031.5,38.0,5.78,9.73,0.97,0.0
20190212:1710,0.0,0.0,0.0,8.32,0.97,0.0
20190212:1810,0.0,0.0,0.0,7.77,0.69,0.0
20190212:1910,0.0,0.0,0.0,5.14,2.0,0.0
20190212:2010,0.0,0.0,0.0,4.87,1.79,0.0
20190212:2110,0.0,0.0,0.0,3.7,1.86,0.0
20190212:2210,0.0,0.0,0.0,2.44,2.0,0.0
20190212:2310,0.0,0.0,0.0,1.47,2.0,0.0
20190213:0010,0.0,0.0,0.0,1.1,1.79,0.0
20190213:0110,0.0,0.0,0.0,1.26,1.45,0.0
20190213:0210,0.0,0.0,0.0,2.24,0.97,0.0
20190213:0310,0.0,0.0,0.0,2.16,0.76,0.0
20190213:0410,0.0,0.0,0.0,1.79,0.83,0.0
20190213:0510,0.0,0.0,0.0,1.46,0.9,0.0
20190213:0610,0.0,0.0,0.0,1.56,0.62,0.0
20190213:0710,1055.0,55.6,5.42,0.45,0.34,0.0
20190213:0810,8260.0,231.01,14.52,1.72,0.48,0.0
20190213:0910,15338.0,382.01,22.26,4.59,0.69,0.0
20190213:1010,20197.0,491.01,28.03,6.62,0.83,0.0
20190213:1110,22746.0,553.02,31.19,8.05,0.83,0.0
20190213:1210,22629.5,555.02,31.29,9.17,0.55,0.0
20190213:1310,20068.5,498.01,28.32,9.91,0.34,0.0
20190213:1410,15134.5,386.01,22.7,10.32,0.55,0.0
20190213:1510,8463.5,243.01,15.07,10.25,0.97,0.0
20190213:1610,1564.5,71.0,6.04,9.39,1.03,0.0
20190213:1710,0.0,0.0,0.0,6.97,1.38,0.0
20190213:1810,0.0,0.0,0.0,4.94,1.38,0.0
20190213:1910,0.0,0.0,0.0,6.25,0.41,0.0
20190213:2010,0.0,0.0,0.0,5.93,0.21,0.0
20190213:2110,0.0,0.0,0.0,5.49,0.0,0.0
20190213:2210,0.0,0.0,0.0,4.78,0.28,0.0
20190213:2310,0.0,0.0,0.0,3.68,0.48,0.0
20190214:0010,0.0,0.0,0.0,2.53,0.55,0.0
20190214:0110,0.0,0.0,0.0,1.28,0.55,0.0
20190214:0210,0.0,0.0,0.0,0.3,0.55,0.0
20190214:0310,0.0,0.0,0.0,-0.24,0.62,0.0
20190214:0410,0.0,0.0,0.0,-0.56,0.76,0.0
20190214:0510,0.0,0.0,0.0,-0.81,0.83,0.0
20190214:0610,0.0,0.0,0.0,-1.05,0.9,0.0
20190214:0710,1176.5,59.84,5.68,-1.28,1.24,0.0
20190214:0810,8566.0,237.01,14.8,1.75,0.76,0.0
20190214:0910,15611.0,390.01,22.56,5.38,0.48,0.0
20190214:1010,20319.0,500.01,28.35,8.34,0.41,0.0
20190214:1110,22638.5,559.02,31.53,10.44,0.48,0.0
20190214:1210,22793.0,567.02,31.63,11.91,0.48,0.0
20190214:1310,20130.5,507.01,28.64,12.94,0.28,0.0
20190214:1410,15359.5,398.01,23.0,13.53,0.34,0.0
20190214:1510,8642.0,251.01,15.34,13.55,0.62,0.0
20190214:1610,1669.5,76.0,6.29,12.32,1.03,0.0
20190214:1710,0.0,0.0,0.0,9.15,1.45,0.0
20190214:1810,0.0,0.0,0.0,6.84,1.59,0.0
20190214:1910,0.0,0.0,0.0,8.68,0.97,0.0
20190214:2010,0.0,0.0,0.0,7.81,0.83,0.0
20190214:2110,0.0,0.0,0.0,5.37,1.38,0.0
20190214:2210,0.0,0.0,0.0,2.84,1.79,0.0
20190214:2310,0.0,0.0,0.0,3.57,1.38,0.0
20190215:0010,0.0,0.0,0.0,4.29,0.83,0.0
20190215:0110,0.0,0.0,0.0,3.71,0.41,0.0
20190215:0210,0.0,0.0,0.0,2.98,0.34,0.0
20190215:0310,0.0,0.0,0.0,2.11,0.55,0.0
20190215:0410,0.0,0.0,0.0,1.0,0.55,0.0
20190215:0510,0.0,0.0,0.0,0.31,0.55,0.0
20190215:0610,0.0,0.0,0.0,0.03,0.62,0.0
20190215:0710,1640.5,74.0,5.94,-0.97,1.1,0.0
20190215:0810,8536.0,233.01,15.08,2.51,0.34,0.0
20190215:0910,15912.0,399.01,22.86,6.11,0.21,0.0
20190215:1010,20639.0,509.01,28.68,9.11,0.48,0.0
20190215:1110,23004.0,572.02,31.87,11.21,0.28,0.0
20190215:1210,23282.5,580.02,31.97,12.75,0.69,0.0
20190215:1310,20633.5,517.01,28.96,13.7,0.97,0.0
20190215:1410,15837.0,409.01,23.3,14.13,0.83,0.0
20190215:1510,8854.5,255.01,15.62,14.01,0.69,0.0
20190215:1610,1854.5,81.0,6.55,12.84,1.31,0.0
20190215:1710,0.0,0.0,0.0,10.45,2.07,0.0
20190215:1810,0.0,0.0,0.0,8.29,2.34,0.0
20190215:1910,0.0,0.0,0.0,6.88,2.0,0.0
20190215:2010,0.0,0.0,0.0,5.02,1.93,0.0
20190215:2110,0.0,0.0,0.0,4.13,1.72,0.0
20190215:2210,0.0,0.0,0.0,4.24,1.31,0.0
20190215:2310,0.0,0.0,0.0,4.8,1.1,0.0
20190216:0010,0.0,0.0,0.0,3.93,0.97,0.0
20190216:0110,0.0,0.0,0.0,3.16,0.83,0.0
20190216:0210,0.0,0.0,0.0,2.67,0.69,0.0
20190216:0310,0.0,0.0,0.0,2.2,0.55,0.0
20190216:0410,0.0,0.0,0.0,1.7,0.55,0.0
20190216:0510,0.0,0.0,0.0,1.25,0.62,0.0
20190216:0610,0.0,0.0,0.0,0.8,0.69,0.0
20190216:0710,1775.0,75.0,6.2,0.99,0.83,0.0
20190216:0810,8720.5,236.01,15.36,2.97,0.69,0.0
20190216:0910,16008.0,399.01,23.17,6.54,0.69,0.0
20190216:1010,20869.0,514.01,29.01,9.2,0.55,0.0
20190216:1110,23173.0,577.02,32.21,11.1,0.14,0.0
20190216:1210,23198.0,581.02,32.31,12.52,0.21,0.0
20190216:1310,20662.0,519.01,29.29,13.43,0.55,0.0
20190216:1410,15950.0,411.01,23.6,13.87,0.62,0.0
20190216:1510,9039.0,258.01,15.9,13.84,0.55,0.0
20190216:1610,1973.5,86.0,6.8,12.93,0.76,0.0
20190216:1710,0.0,0.0,0.0,10.25,1.1,0.0
20190216:1810,0.0,0.0,0.0,10.35,0.76,0.0
20190216:1910,0.0,0.0,0.0,9.75,0.48,0.0
20190216:2010,0.0,0.0,0.0,8.62,0.97,0.0
20190216:2110,0.0,0.0,0.0,7.25,1.17,0.0
20190216:2210,0.0,0.0,0.0,5.64,1.1,0.0
20190216:2310,0.0,0.0,0.0,4.04,0.97,0.0
20190217:0010,0.0,0.0,0.0,2.88,0.97,0.0
20190217:0110,0.0,0.0,0.0,2.03,0.83,0.0
20190217:0210,0.0,0.0,0.0,1.29,0.9,0.0
20190217:0310,0.0,0.0,0.0,0.81,0.9,0.0
20190217:0410,0.0,0.0,0.0,0.45,0.83,0.0
20190217:0510,0.0,0.0,0.0,0.11,0.83,0.0
20190217:0610,0.0,0.0,0.0,-0.12,0.83,0.0
20190217:0710,1930.5,82.0,6.47,0.14,0.97,0.0
20190217:0810,8973.5,242.01,15.65,3.25,0.69,0.0
20190217:0910,16137.0,403.01,23.48,7.23,0.55,0.0
20190217:1010,20955.5,520.01,29.34,10.55,0.41,0.0
20190217:1110,23324.0,583.02,32.56,12.82,0.41,0.0
20190217:1210,23199.0,584.02,32.66,14.31,0.41,0.0
20190217:1310,20661.0,524.01,29.62,15.21,0.41,0.0
20190217:1410,15876.0,412.01,23.91,15.64,0.48,0.0
20190217:1510,9039.5,257.01,16.18,15.6,0.55,0.0
20190217:1610,2129.5,91.0,7.06,14.92,0.21,0.0
20190217:1710,0.0,0.0,0.0,13.52,0.34,0.0
20190217:1810,0.0,0.0,0.0,11.55,0.76,0.0
20190217:1910,0.0,0.0,0.0,8.12,1.66,0.0
20190217:2010,0.0,0.0,0.0,5.63,1.86,0.0
20190217:2110,0.0,0.0,0.0,4.59,2.0,0.0
20190217:2210,0.0,0.0,0.0,4.27,2.0,0.0
20190217:2310,0.0,0.0,0.0,3.72,1.93,0.0
20190218:0010,0.0,0.0,0.0,3.6,1.72,0.0
20190218:0110,0.0,0.0,0.0,3.45,1.66,0.0
20190218:0210,0.0,0.0,0.0,3.51,1.59,0.0
20190218:0310,0.0,0.0,0.0,3.48,1.52,0.0
20190218:0410,0.0,0.0,0.0,3.54,1.31,0.0
20190218:0510,0.0,0.0,0.0,3.57,1.17,0.0
20190218:0610,0.0,0.0,0.0,3.68,1.03,0.0
20190218:0710,2072.0,86.0,6.74,2.51,1.03,0.0
20190218:0810,9272.5,250.01,15.94,4.04,0.97,0.0
20190218:0910,16443.5,407.01,23.8,6.56,0.97,0.0
20190218:1010,21283.0,518.01,29.68,8.44,1.1,0.0
20190218:1110,23571.0,577.01,32.91,10.76,1.17,0.0
20190218:1210,23738.5,585.01,33.0,12.28,1.24,0.0
20190218:1310,21110.5,525.01,29.95,13.36,1.24,0.0
20190218:1410,16308.0,416.01,24.21,13.87,1.24,0.0
20190218:1510,9275.0,259.01,16.45,13.88,1.31,0.0
20190218:1610,2274.5,97.0,7.32,13.1,1.03,0.0
20190218:1710,0.0,0.0,0.0,10.86,1.31,0.0
20190218:1810,0.0,0.0,0.0,8.12,1.79,0.0
20190218:1910,0.0,0.0,0.0,6.37,2.28,0.0
20190218:2010,0.0,0.0,0.0,5.46,2.14,0.0
20190218:2110,0.0,0.0,0.0,4.51,2.07,0.0
20190218:2210,0.0,0.0,0.0,3.62,2.07,0.0
20190218:2310,0.0,0.0,0.0,2.97,1.93,0.0
20190219:0010,0.0,0.0,0.0,2.52,1.79,0.0
20190219:0110,0.0,0.0,0.0,2.47,1.59,0.0
20190219:0210,0.0,0.0,0.0,2.43,1.45,0.0
20190219:0310,0.0,0.0,0.0,2.75,1.24,0.0
20190219:0410,0.0,0.0,0.0,3.28,1.03,0.0
20190219:0510,0.0,0.0,0.0,3.55,0.83,0.0
20190219:0610,0.0,0.0,0.0,2.61,0.69,0.0
20190219:0710,2217.5,91.0,7.02,1.52,0.62,0.0
20190219:0810,9516.5,254.01,16.24,2.62,0.48,0.0
20190219:0910,16702.5,414.01,24.12,6.25,0.48,0.0
20190219:1010,21418.5,524.01,30.02,8.88,0.76,0.0
20190219:1110,23796.0,583.01,33.26,10.85,1.1,0.0
20190219:1210,23878.5,588.01,33.36,12.23,1.24,0.0
20190219:1310,21545.0,534.01,30.28,13.07,1.38,0.0
20190219:1410,16523.5,419.01,24.52,13.49,1.52,0.0
20190219:1510,9540.0,264.01,16.73,13.4,1.72,0.0
20190219:1610,2441.5,102.0,7.58,12.4,1.45,0.0
20190219:1710,0.0,0.0,0.0,10.53,1.72,0.0
20190219:1810,0.0,0.0,0.0,8.59,2.07,0.0
20190219:1910,0.0,0.0,0.0,7.2,2.14,0.0
20190219:2010,0.0,0.0,0.0,5.9,1.93,0.0
20190219:2110,0.0,0.0,0.0,4.57,1.86,0.0
20190219:2210,0.0,0.0,0.0,3.73,1.72,0.0
20190219:2310,0.0,0.0,0.0,3.16,1.66,0.0
20190220:0010,0.0,0.0,0.0,3.34,1.31,0.0
20190220:0110,0.0,0.0,0.0,4.31,0.9,0.0
20190220:0210,0.0,0.0,0.0,4.0,0.76,0.0
20190220:0310,0.0,0.0,0.0,3.5,0.76,0.0
20190220:0410,0.0,0.0,0.0,2.84,0.9,0.0
20190220:0510,0.0,0.0,0.0,2.44,0.9,0.0
20190220:0610,0.0,0.0,0.0,2.52,0.69,0.0
20190220:0710,2372.0,95.0,7.3,3.07,0.62,0.0
20190220:0810,9713.0,260.01,16.54,4.05,0.48,0.0
20190220:0910,16886.5,417.01,24.44,5.76,0.41,0.0
20190220:1010,21454.5,524.01,30.37,7.66,0.34,0.0
20190220:1110,23443.0,576.01,33.62,9.76,0.41,0.0
20190220:1210,23462.5,581.01,33.71,11.55,0.48,0.0
20190220:1310,21304.0,531.01,30.62,12.7,0.62,0.0
20190220:1410,16598.0,422.01,24.82,13.38,0.9,0.0
20190220:1510,9656.5,267.01,17.01,13.54,0.97,0.0
20190220:1610,2528.5,100.0,7.83,13.03,0.69,0.0
20190220:1710,0.0,0.0,0.0,11.13,0.83,0.0
20190220:1810,0.0,0.0,0.0,9.75,0.83,0.0
20190220:1910,0.0,0.0,0.0,7.17,1.24,0.0
20190220:2010,0.0,0.0,0.0,7.17,1.03,0.0
20190220:2110,0.0,0.0,0.0,6.86,0.97,0.0
20190220:2210,0.0,0.0,0.0,6.2,0.9,0.0
20190220:2310,0.0,0.0,0.0,5.47,0.76,0.0
20190221:0010,0.0,0.0,0.0,4.93,0.62,0.0
20190221:0110,0.0,0.0,0.0,4.5,0.62,0.0
20190221:0210,0.0,0.0,0.0,4.16,0.62,0.0
20190221:0310,0.0,0.0,0.0,3.75,0.48,0.0
20190221:0410,0.0,0.0,0.0,3.17,0.55,0.0
20190221:0510,0.0,0.0,0.0,2.92,0.55,0.0
20190221:0610,0.0,0.0,0.0,2.63,0.55,0.0
20190221:0710,2554.5,101.0,7.59,2.44,0.69,0.0
20190221:0810,9840.0,261.01,16.85,3.85,0.55,0.0
20190221:0910,16815.0,414.01,24.77,5.74,0.41,0.0
20190221:1010,21310.5,521.01,30.72,7.92,0.28,0.0
20190221:1110,23545.0,582.01,33.98,10.18,0.14,0.0
20190221:1210,23329.0,583.01,34.07,12.22,0.07,0.0
20190221:1310,21198.5,533.01,30.96,13.52,0.21,0.0
20190221:1410,16609.5,425.01,25.13,14.26,0.48,0.0
20190221:1510,9776.5,271.01,17.29,14.49,0.69,0.0
20190221:1610,2690.5,108.0,8.09,13.98,0.76,0.0
20190221:1710,0.0,0.0,0.0,11.99,1.1,0.0
20190221:1810,0.0,0.0,0.0,11.21,0.62,0.0
20190221:1910,0.0,0.0,0.0,7.97,1.38,0.0
20190221:2010,0.0,0.0,0.0,8.89,0.97,0.0
20190221:2110,0.0,0.0,0.0,7.34,1.03,0.0
20190221:2210,0.0,0.0,0.0,5.89,1.1,0.0
20190221:2310,0.0,0.0,0.0,5.48,0.97,0.0
20190222:0010,0.0,0.0,0.0,4.39,1.03,0.0
20190222:0110,0.0,0.0,0.0,4.01,1.1,0.0
20190222:0210,0.0,0.0,0.0,4.16,0.97,0.0
20190222:0310,0.0,0.0,0.0,4.28,0.76,0.0
20190222:0410,0.0,0.0,0.0,3.08,0.97,0.0
20190222:0510,0.0,0.0,0.0,2.38,1.1,0.0
20190222:0610,0.0,0.0,0.0,2.27,1.1,0.0
20190222:0710,2087.5,69.0,7.88,4.07,0.9,0.0
20190222:0810,9964.5,263.01,17.15,5.08,0.97,0.0
20190222:0910,17131.0,427.01,25.1,9.2,0.69,0.0
20190222:1010,21390.5,535.01,31.07,12.22,0.14,0.0
20190222:1110,23480.0,590.01,34.35,14.81,0.55,0.0
20190222:1210,23163.5,585.01,34.43,16.51,0.76,0.0
20190222:1310,21273.5,541.01,31.29,17.59,0.83,0.0
20190222:1410,16654.5,432.01,25.44,18.0,0.76,0.0
20190222:1510,10112.5,283.01,17.58,17.78,1.17,0.0
20190222:1610,2876.0,115.0,8.35,16.54,1.45,0.0
20190222:1710,0.0,0.0,0.0,14.13,1.52,0.0
20190222:1810,0.0,0.0,0.0,11.98,1.31,0.0
20190222:1910,0.0,0.0,0.0,12.5,1.52,0.0
20190222:2010,0.0,0.0,0.0,9.91,2.0,0.0
20190222:2110,0.0,0.0,0.0,8.15,2.21,0.0
20190222:2210,0.0,0.0,0.0,7.08,2.07,0.0
20190222:2310,0.0,0.0,0.0,6.54,1.86,0.0
20190223:0010,0.0,0.0,0.0,6.18,1.66,0.0
20190223:0110,0.0,0.0,0.0,5.77,1.45,0.0
20190223:0210,0.0,0.0,0.0,5.22,1.45,0.0
20190223:0310,0.0,0.0,0.0,3.92,1.66,0.0
20190223:0410,0.0,0.0,0.0,2.79,2.21,0.0
20190223:0510,0.0,0.0,0.0,2.93,2.62,0.0
20190223:0610,0.0,0.0,0.0,3.36,2.9,0.0
20190223:0710,2914.5,108.0,8.17,3.45,2.0,0.0
20190223:0810,4844.5,128.0,17.47,5.73,2.69,0.0
20190223:0910,17218.0,416.01,25.44,7.22,3.59,0.0
20190223:1010,20576.5,488.01,31.42,8.23,3.86,0.0
20190223:1110,24913.0,589.01,34.71,9.0,4.07,0.0
20190223:1210,24543.0,581.01,34.79,9.43,4.21,0.0
20190223:1310,18422.0,439.01,31.63,9.34,4.28,0.0
20190223:1410,9159.0,227.0,25.75,8.88,4.0,0.0
20190223:1510,3779.5,104.0,17.86,8.26,3.66,0.0
20190223:1610,1490.0,50.0,8.61,7.42,3.24,0.0
20190223:1710,0.0,0.0,0.0,6.25,2.83,0.0
20190223:1810,0.0,0.0,0.0,5.09,2.34,0.0
20190223:1910,0.0,0.0,0.0,5.69,1.93,0.0
20190223:2010,0.0,0.0,0.0,4.71,1.79,0.0
20190223:2110,0.0,0.0,0.0,3.98,1.79,0.0
20190223:2210,0.0,0.0,0.0,3.21,1.93,0.0
20190223:2310,0.0,0.0,0.0,2.62,1.93,0.0
20190224:0010,0.0,0.0,0.0,1.97,1.93,0.0
20190224:0110,0.0,0.0,0.0,1.19,2.0,0.0
20190224:0210,0.0,0.0,0.0,0.95,2.14,0.0
20190224:0310,0.0,0.0,0.0,0.89,2.14,0.0
20190224:0410,0.0,0.0,0.0,0.48,1.79,0.0
20190224:0510,0.0,0.0,0.0,-0.11,1.31,0.0
20190224:0610,0.0,0.0,0.0,0.01,0.97,0.0
20190224:0710,3230.0,120.0,8.46,0.8,0.62,0.0
20190224:0810,11237.0,291.01,17.78,1.84,1.03,0.0
20190224:0910,18402.0,442.01,25.77,3.54,1.52,0.0
20190224:1010,23035.5,546.01,31.78,5.0,1.72,0.0
20190224:1110,25576.0,607.01,35.08,6.29,1.93,0.0
20190224:1210,24945.5,595.01,35.15,7.27,1.86,0.0
20190224:1310,23121.5,555.01,31.97,8.11,1.93,0.0
20190224:1410,17986.0,440.01,26.06,8.53,1.93,0.0
20190224:1510,10930.5,288.01,18.14,8.56,1.79,0.0
20190224:1610,3401.5,126.0,8.86,8.06,1.45,0.0
20190224:1710,0.0,0.0,0.0,6.83,1.31,0.0
20190224:1810,0.0,0.0,0.0,4.79,1.24,0.0
20190224:1910,0.0,0.0,0.0,5.79,0.21,0.0
20190224:2010,0.0,0.0,0.0,5.15,0.34,0.0
20190224:2110,0.0,0.0,0.0,3.99,0.69,0.0
20190224:2210,0.0,0.0,0.0,3.0,0.62,0.0
20190224:2310,0.0,0.0,0.0,2.27,0.48,0.0
20190225:0010,0.0,0.0,0.0,1.75,0.41,0.0
20190225:0110,0.0,0.0,0.0,1.91,0.41,0.0
20190225:0210,0.0,0.0,0.0,2.07,0.28,0.0
20190225:0310,0.0,0.0,0.0,1.84,0.34,0.0
20190225:0410,0.0,0.0,0.0,1.37,0.55,0.0
20190225:0510,0.0,0.0,0.0,0.63,0.55,0.0
20190225:0610,0.0,0.0,0.0,0.03,0.55,0.0
20190225:0710,3423.0,124.0,8.76,0.03,0.48,0.0
20190225:0810,11297.5,294.01,18.1,2.66,0.07,0.0
20190225:0910,18100.0,445.01,26.11,6.74,0.41,0.0
20190225:1010,22459.5,551.01,32.14,9.07,0.34,0.0
20190225:1110,24580.0,612.01,35.45,11.0,0.0,0.0
20190225:1210,24241.5,603.01,35.52,12.57,0.48,0.0
20190225:1310,22445.5,559.01,32.32,13.69,0.9,0.0
20190225:1410,17701.0,447.01,26.37,14.32,1.24,0.0
20190225:1510,11004.0,298.01,18.42,14.33,1.72,0.0
20190225:1610,3427.5,129.0,9.12,13.36,1.72,0.0
20190225:1710,0.0,0.0,0.0,11.27,2.14,0.0
20190225:1810,0.0,0.0,0.0,9.21,2.0,0.0
20190225:1910,0.0,0.0,0.0,6.91,1.24,0.0
20190225:2010,0.0,0.0,0.0,6.6,1.1,0.0
20190225:2110,0.0,0.0,0.0,3.42,1.66,0.0
20190225:2210,0.0,0.0,0.0,2.53,1.86,0.0
20190225:2310,0.0,0.0,0.0,2.3,1.72,0.0
20190226:0010,0.0,0.0,0.0,2.44,1.52,0.0
20190226:0110,0.0,0.0,0.0,2.52,1.31,0.0
20190226:0210,0.0,0.0,0.0,1.93,1.31,0.0
20190226:0310,0.0,0.0,0.0,2.03,1.1,0.0
20190226:0410,0.0,0.0,0.0,2.93,0.83,0.0
20190226:0510,0.0,0.0,0.0,3.57,0.55,0.0
20190226:0610,0.0,0.0,0.0,3.96,0.41,0.0
20190226:0710,3640.0,130.0,9.07,2.35,0.34,0.0
20190226:0810,10998.5,286.01,18.42,5.73,0.28,0.0
20190226:0910,18744.5,467.01,26.46,9.55,0.41,0.0
20190226:1010,15242.0,379.0,32.51,12.51,0.34,0.0
20190226:1110,18614.0,465.01,35.83,14.97,0.76,0.0
20190226:1210,24244.0,610.01,35.88,16.95,1.24,0.0
20190226:1310,21844.5,554.01,32.66,18.21,1.17,0.0
20190226:1410,17515.0,452.01,26.68,18.76,1.03,0.0
20190226:1510,10747.5,295.01,18.7,18.63,1.17,0.0
20190226:1610,3326.0,115.0,9.38,17.28,1.72,0.0
20190226:1710,0.0,0.0,0.0,14.77,2.07,0.0
20190226:1810,0.0,0.0,0.0,11.76,1.31,0.0
20190226:1910,0.0,0.0,0.0,11.38,0.62,0.0
20190226:2010,0.0,0.0,0.0,9.94,0.62,0.0
20190226:2110,0.0,0.0,0.0,8.83,0.55,0.0
20190226:2210,0.0,0.0,0.0,8.08,0.48,0.0
20190226:2310,0.0,0.0,0.0,7.58,0.07,0.0
20190227:0010,0.0,0.0,0.0,6.98,0.48,0.0
20190227:0110,0.0,0.0,0.0,5.72,0.83,0.0
20190227:0210,0.0,0.0,0.0,4.27,0.9,0.0
20190227:0310,0.0,0.0,0.0,3.46,0.97,0.0
20190227:0410,0.0,0.0,0.0,3.21,0.83,0.0
20190227:0510,0.0,0.0,0.0,2.99,0.62,0.0
20190227:0610,0.0,0.0,0.0,2.58,0.55,0.0
20190227:0710,3810.0,134.0,9.37,3.31,0.48,0.0
20190227:0810,11645.0,306.01,18.75,7.07,0.34,0.0
20190227:0910,18234.5,457.01,26.81,11.18,0.34,0.0
20190227:1010,22303.5,562.01,32.88,14.56,0.28,0.0
20190227:1110,24380.5,621.01,36.21,16.89,0.34,0.0
20190227:1210,23909.5,608.01,36.25,18.39,0.9,0.0
20190227:1310,22386.0,570.01,33.0,19.26,1.24,0.0
20190227:1410,17641.0,455.01,26.99,19.62,1.45,0.0
20190227:1510,11169.5,308.01,18.98,19.46,1.52,0.0
20190227:1610,3707.0,138.0,9.63,18.21,1.66,0.0
20190227:1710,0.0,0.0,0.0,15.82,2.07,0.0
20190227:1810,0.0,0.0,0.0,13.07,1.59,0.0
20190227:1910,0.0,0.0,0.0,12.83,0.76,0.0
20190227:2010,0.0,0.0,0.0,11.67,0.48,0.0
20190227:2110,0.0,0.0,0.0,10.52,0.62,0.0
20190227:2210,0.0,0.0,0.0,9.6,0.69,0.0
20190227:2310,0.0,0.0,0.0,8.98,0.69,0.0
20190228:0010,0.0,0.0,0.0,8.46,0.69,0.0
20190228:0110,0.0,0.0,0.0,7.81,0.76,0.0
20190228:0210,0.0,0.0,0.0,7.24,0.76,0.0
20190228:0310,0.0,0.0,0.0,6.71,0.83,0.0
20190228:0410,0.0,0.0,0.0,6.24,0.9,0.0
20190228:0510,0.0,0.0,0.0,5.21,1.1,0.0
20190228:0610,0.0,0.0,0.0,4.19,1.31,0.0
20190228:0710,4020.5,139.0,9.68,4.75,1.17,0.0
20190228:0810,11784.0,307.01,19.07,7.9,1.1,0.0
20190228:0910,18678.5,463.01,27.16,11.46,1.45,0.0
20190228:1010,23161.0,571.01,33.25,13.56,1.66,0.0
20190228:1110,25551.0,633.01,36.59,15.41,1.93,0.0
20190228:1210,23842.5,593.01,36.62,16.96,2.21,0.0
20190228:1310,22375.5,560.01,33.35,17.96,2.28,0.0
20190228:1410,18129.0,460.01,27.31,18.3,2.62,0.0
20190228:1510,11580.5,314.01,19.26,17.98,2.76,0.0
20190228:1610,3926.0,143.0,9.89,16.78,2.48,0.0
20190228:1710,0.0,0.0,0.0,14.6,2.76,0.0
20190228:1810,0.0,0.0,0.0,12.49,2.9,0.0
20190228:1910,0.0,0.0,0.0,10.97,3.1,0.0
20190228:2010,0.0,0.0,0.0,10.38,3.03,0.0
20190228:2110,0.0,0.0,0.0,9.74,2.83,0.0
20190228:2210,0.0,0.0,0.0,9.2,2.55,0.0
20190228:2310,0.0,0.0,0.0,8.8,2.34,0.0
20190301:0010,0.0,0.0,0.0,8.35,1.72,0.0
20190301:0110,0.0,0.0,0.0,7.78,1.52,0.0
20190301:0210,0.0,0.0,0.0,6.88,1.66,0.0
20190301:0310,0.0,0.0,0.0,6.32,1.52,0.0
20190301:0410,0.0,0.0,0.0,5.95,1.52,0.0
20190301:0510,0.0,0.0,0.0,5.5,1.52,0.0
20190301:0610,0.0,0.0,0.0,5.36,1.38,0.0
20190301:0710,4206.5,141.0,10.0,5.74,1.24,0.0
20190301:0810,12092.5,314.01,19.4,8.58,1.45,0.0
20190301:0910,18711.0,462.01,27.51,11.39,1.66,0.0
20190301:1010,23047.0,570.01,33.62,13.68,1.38,0.0
20190301:1110,25327.0,632.01,36.97,15.57,1.38,0.0
20190301:1210,24298.5,608.01,36.99,16.96,1.66,0.0
20190301:1310,22808.0,571.01,33.69,17.9,2.21,0.0
20190301:1410,18303.0,463.01,27.62,18.23,2.83,0.0
20190301:1510,11651.0,313.01,19.54,17.7,2.9,0.0
20190301:1610,4071.5,142.0,10.15,16.67,2.07,0.0
20190301:1710,0.0,0.0,0.0,14.51,2.28,0.0
20190301:1810,0.0,0.0,0.0,12.18,2.28,0.0
20190301:1910,0.0,0.0,0.0,11.89,2.62,0.0
20190301:2010,0.0,0.0,0.0,10.33,2.55,0.0
20190301:2110,0.0,0.0,0.0,8.62,2.28,0.0
20190301:2210,0.0,0.0,0.0,7.16,1.79,0.0
20190301:2310,0.0,0.0,0.0,6.36,1.66,0.0
20190302:0010,0.0,0.0,0.0,6.54,1.38,0.0
20190302:0110,0.0,0.0,0.0,5.55,1.45,0.0
20190302:0210,0.0,0.0,0.0,4.41,1.59,0.0
20190302:0310,0.0,0.0,0.0,3.82,1.59,0.0
20190302:0410,0.0,0.0,0.0,4.32,1.31,0.0
20190302:0510,0.0,0.0,0.0,2.63,1.66,0.0
20190302:0610,0.0,0.0,0.0,2.24,1.59,0.0
20190302:0710,4403.5,144.0,10.31,5.25,0.69,0.0
20190302:0810,10980.0,279.01,19.74,6.26,0.69,0.0
20190302:0910,15864.0,391.01,27.86,9.77,0.55,0.0
20190302:1010,17532.5,432.01,33.99,11.96,0.76,0.0
20190302:1110,10408.0,263.0,37.35,13.74,1.03,0.0
20190302:1210,18589.5,462.0,37.37,14.95,1.24,0.0
20190302:1310,16720.0,417.0,34.04,15.75,1.52,0.0
20190302:1410,17825.5,449.01,27.93,16.15,1.72,0.0
20190302:1510,11809.5,315.01,19.82,16.03,1.72,0.0
20190302:1610,3563.0,113.0,10.4,15.27,1.31,0.0
20190302:1710,0.0,0.0,0.0,13.21,1.17,0.0
20190302:1810,0.0,0.0,0.0,12.63,0.48,0.0
20190302:1910,0.0,0.0,0.0,9.63,1.52,0.0
20190302:2010,0.0,0.0,0.0,8.42,1.52,0.0
20190302:2110,0.0,0.0,0.0,6.57,1.86,0.0
20190302:2210,0.0,0.0,0.0,5.4,2.0,0.0
20190302:2310,0.0,0.0,0.0,4.93,1.79,0.0
20190303:0010,0.0,0.0,0.0,4.55,1.72,0.0
20190303:0110,0.0,0.0,0.0,4.61,1.52,0.0
20190303:0210,0.0,0.0,0.0,5.16,1.24,0.0
20190303:0310,0.0,0.0,0.0,5.51,1.1,0.0
20190303:0410,0.0,0.0,0.0,5.21,1.03,0.0
20190303:0510,0.0,0.0,0.0,4.78,1.1,0.0
20190303:0610,0.0,0.0,0.0,4.42,0.97,0.0
20190303:0710,4661.5,151.0,10.63,4.44,0.21,0.0
20190303:0810,12600.0,323.01,20.07,6.39,0.48,0.0
20190303:0910,19038.0,472.01,28.22,10.06,0.34,0.0
20190303:1010,23197.0,577.01,34.37,12.46,0.41,0.0
20190303:1110,25081.5,628.01,37.74,14.25,0.62,0.0
20190303:1210,23648.5,594.01,37.74,15.64,0.76,0.0
20190303:1310,22247.0,561.01,34.38,16.61,0.83,0.0
20190303:1410,15145.0,384.01,28.24,17.07,1.24,0.0
20190303:1510,9450.0,250.0,20.1,16.94,1.52,0.0
20190303:1610,999.0,38.0,10.65,15.91,1.24,0.0
20190303:1710,0.0,0.0,0.0,13.72,1.38,0.0
20190303:1810,0.0,0.0,0.0,11.55,1.52,0.0
20190303:1910,0.0,0.0,0.0,9.97,1.72,0.0
20190303:2010,0.0,0.0,0.0,8.71,1.72,0.0
20190303:2110,0.0,0.0,0.0,7.98,1.66,0.0
20190303:2210,0.0,0.0,0.0,7.71,1.52,0.0
20190303:2310,0.0,0.0,0.0,7.61,1.24,0.0
20190304:0010,0.0,0.0,0.0,8.57,0.62,0.0
20190304:0110,0.0,0.0,0.0,8.08,0.28,0.0
20190304:0210,0.0,0.0,0.0,7.24,0.14,0.0
20190304:0310,0.0,0.0,0.0,6.56,0.21,0.0
20190304:0410,0.0,0.0,0.0,6.2,0.34,0.0
20190304:0510,0.0,0.0,0.0,5.67,0.76,0.0
20190304:0610,0.0,0.0,0.0,5.05,1.03,0.0
20190304:0710,4262.5,129.0,10.95,6.02,1.1,0.0
20190304:0810,7720.0,197.0,20.41,8.15,1.24,0.0
20190304:0910,7331.5,187.0,28.58,9.44,0.9,0.0
20190304:1010,11367.0,282.0,34.75,10.24,0.55,0.0
20190304:1110,19830.5,488.01,38.13,11.19,0.41,0.0
20190304:1210,18820.0,464.0,38.12,12.25,0.69,0.0
20190304:1310,11369.5,282.0,34.73,12.17,2.34,0.0
20190304:1410,6126.5,160.0,28.55,11.71,2.83,0.0
20190304:1510,11906.5,309.01,20.37,11.86,1.66,0.0
20190304:1610,4417.5,142.0,10.91,11.84,0.41,0.0
20190304:1710,0.0,0.0,0.0,11.02,0.48,0.0
20190304:1810,0.0,0.0,0.0,9.93,0.55,0.0
20190304:1910,0.0,0.0,0.0,9.59,0.41,0.0
20190304:2010,0.0,0.0,0.0,8.65,0.83,0.0
20190304:2110,0.0,0.0,0.0,6.46,1.31,0.0
20190304:2210,0.0,0.0,0.0,5.6,1.72,0.0
20190304:2310,0.0,0.0,0.0,5.38,1.72,0.0
20190305:0010,0.0,0.0,0.0,5.18,1.17,0.0
20190305:0110,0.0,0.0,0.0,5.74,0.69,0.0
20190305:0210,0.0,0.0,0.0,3.77,1.38,0.0
20190305:0310,0.0,0.0,0.0,3.44,1.24,0.0
20190305:0410,0.0,0.0,0.0,3.77,0.21,0.0
20190305:0510,0.0,0.0,0.0,3.26,0.41,0.0
20190305:0610,0.0,0.0,0.0,2.08,0.55,0.0
20190305:0710,5342.5,168.0,11.27,3.95,0.69,0.0
20190305:0810,13775.0,350.01,20.75,6.43,0.9,0.0
20190305:0910,20514.0,504.01,28.94,9.76,0.97,0.0
20190305:1010,24768.5,612.01,35.13,12.13,0.9,0.0
20190305:1110,26467.5,661.01,38.52,13.86,0.83,0.0
20190305:1210,24726.0,621.01,38.5,14.83,0.62,0.0
20190305:1310,23871.0,604.01,35.08,15.45,0.34,0.0
20190305:1410,19570.5,496.01,28.86,15.8,0.76,0.0
20190305:1510,13062.5,347.01,20.65,15.94,1.17,0.0
20190305:1610,4950.0,165.0,11.16,15.46,1.24,0.0
20190305:1710,0.0,0.0,0.0,13.73,1.86,0.0
20190305:1810,0.0,0.0,0.0,11.13,1.72,0.0
20190305:1910,0.0,0.0,0.0,9.05,1.86,0.0
20190305:2010,0.0,0.0,0.0,7.92,1.52,0.0
20190305:2110,0.0,0.0,0.0,7.9,1.17,0.0
20190305:2210,0.0,0.0,0.0,8.62,0.97,0.0
20190305:2310,0.0,0.0,0.0,7.98,0.97,0.0
20190306:0010,0.0,0.0,0.0,7.81,0.9,0.0
20190306:0110,0.0,0.0,0.0,7.34,0.97,0.0
20190306:0210,0.0,0.0,0.0,7.02,0.9,0.0
20190306:0310,0.0,0.0,0.0,6.88,0.55,0.0
20190306:0410,0.0,0.0,0.0,6.75,0.28,0.0
20190306:0510,0.0,0.0,0.0,6.53,0.28,0.0
20190306:0610,0.0,0.0,0.0,6.22,0.76,0.0
20190306:0710,4360.5,128.0,11.6,6.38,0.48,0.0
20190306:0810,6758.5,174.0,21.1,7.85,0.28,0.0
20190306:0910,15074.5,371.0,29.31,9.94,0.48,0.0
20190306:1010,20459.0,503.01,35.52,10.86,0.41,0.0
20190306:1110,19234.5,475.0,38.91,11.92,0.41,0.0
20190306:1210,13091.0,327.0,38.87,12.86,0.41,0.0
20190306:1310,6635.5,174.0,35.43,13.04,0.28,0.0
20190306:1410,2354.0,72.0,29.17,12.79,0.62,0.0
20190306:1510,797.0,32.0,20.93,12.31,0.9,0.0
20190306:1610,2957.5,89.0,11.41,11.92,0.97,0.0
20190306:1710,0.0,0.0,0.0,10.95,0.83,0.0
20190306:1810,0.0,0.0,0.0,10.01,0.76,0.0
20190306:1910,0.0,0.0,0.0,9.21,1.03,0.0
20190306:2010,0.0,0.0,0.0,8.69,1.17,0.0
20190306:2110,0.0,0.0,0.0,8.42,1.38,0.0
20190306:2210,0.0,0.0,0.0,8.45,1.52,0.0
20190306:2310,0.0,0.0,0.0,8.52,1.52,0.0
20190307:0010,0.0,0.0,0.0,8.44,1.52,0.0
20190307:0110,0.0,0.0,0.0,8.34,1.38,0.0
20190307:0210,0.0,0.0,0.0,8.32,1.45,0.0
20190307:0310,0.0,0.0,0.0,8.33,1.24,0.0
20190307:0410,0.0,0.0,0.0,8.4,1.17,0.0
20190307:0510,0.0,0.0,0.0,8.52,1.31,0.0
20190307:0610,0.0,0.0,0.0,8.34,1.79,0.0
20190307:0710,2048.0,63.0,11.93,6.51,2.48,0.0
20190307:0810,1930.5,60.0,21.44,6.61,1.79,0.0
20190307:0910,3315.5,93.0,29.67,7.07,0.97,0.0
20190307:1010,12554.0,306.0,35.9,7.79,0.83,0.0
20190307:1110,13886.0,339.0,39.3,8.9,0.76,0.0
20190307:1210,16712.5,408.0,39.25,10.24,0.9,0.0
20190307:1310,22785.0,556.01,35.77,11.25,1.31,0.0
20190307:1410,18875.0,463.01,29.48,11.82,1.86,0.0
20190307:1510,9476.5,242.0,21.2,11.9,2.34,0.0
20190307:1610,4575.0,138.0,11.67,11.83,2.34,0.0
20190307:1710,0.0,0.0,0.0,11.36,1.79,0.0
20190307:1810,0.0,0.0,0.0,10.57,1.52,0.0
20190307:1910,0.0,0.0,0.0,10.23,1.79,0.0
20190307:2010,0.0,0.0,0.0,8.74,1.72,0.0
20190307:2110,0.0,0.0,0.0,7.75,1.45,0.0
20190307:2210,0.0,0.0,0.0,7.36,1.17,0.0
20190307:2310,0.0,0.0,0.0,7.64,0.69,0.0
20190308:0010,0.0,0.0,0.0,6.93,0.28,0.0
20190308:0110,0.0,0.0,0.0,6.42,0.28,0.0
20190308:0210,0.0,0.0,0.0,5.85,0.14,0.0
20190308:0310,0.0,0.0,0.0,5.72,0.0,0.0
20190308:0410,0.0,0.0,0.0,5.34,0.14,0.0
20190308:0510,0.0,0.0,0.0,4.76,0.34,0.0
20190308:0610,0.0,0.0,0.0,4.41,0.62,0.0
20190308:0710,4480.0,127.0,12.26,4.97,1.03,0.0
20190308:0810,13311.5,334.01,21.79,7.41,1.24,0.0
20190308:0910,20867.5,507.01,30.04,8.88,1.31,0.0
20190308:1010,25274.0,619.01,36.29,10.76,0.97,0.0
20190308:1110,26811.5,671.01,39.7,12.76,0.34,0.0
20190308:1210,26165.5,655.01,39.63,13.97,0.62,0.0
20190308:1310,24427.5,613.01,36.12,15.03,0.69,0.0
20190308:1410,20201.0,510.01,29.79,15.48,0.76,0.0
20190308:1510,13390.0,353.01,21.48,15.84,0.97,0.0
20190308:1610,5173.5,163.0,11.92,15.5,1.03,0.0
20190308:1710,0.0,0.0,0.0,13.72,1.17,0.0
20190308:1810,0.0,0.0,0.0,10.82,1.45,0.0
20190308:1910,0.0,0.0,0.0,9.36,2.34,0.0
20190308:2010,0.0,0.0,0.0,8.38,1.66,0.0
20190308:2110,0.0,0.0,0.0,7.35,1.79,0.0
20190308:2210,0.0,0.0,0.0,6.83,1.59,0.0
20190308:2310,0.0,0.0,0.0,6.78,1.38,0.0
20190309:0010,0.0,0.0,0.0,7.38,1.03,0.0
20190309:0110,0.0,0.0,0.0,7.17,0.97,0.0
20190309:0210,0.0,0.0,0.0,6.89,0.41,0.0
20190309:0310,0.0,0.0,0.0,6.5,0.14,0.0
20190309:0410,0.0,0.0,0.0,6.24,0.41,0.0
20190309:0510,0.0,0.0,0.0,6.03,0.69,0.0
20190309:0610,0.0,0.0,0.0,5.87,0.55,0.0
20190309:0710,6004.0,180.0,12.59,6.77,0.55,0.0
20190309:0810,13623.0,344.01,22.14,8.07,0.55,0.0
20190309:0910,19541.5,479.01,30.41,9.83,0.69,0.0
20190309:1010,24753.0,613.01,36.68,11.57,0.41,0.0
20190309:1110,26610.0,667.01,40.09,13.21,0.34,0.0
20190309:1210,25437.5,636.01,40.01,14.64,0.83,0.0
20190309:1310,23061.0,577.01,36.47,15.76,1.03,0.0
20190309:1410,19709.5,495.01,30.1,16.34,1.52,0.0
20190309:1510,13353.0,350.01,21.75,16.5,1.86,0.0
20190309:1610,5468.0,174.0,12.17,15.92,1.59,0.0
20190309:1710,0.0,0.0,0.0,14.28,1.45,0.0
20190309:1810,0.0,0.0,0.0,11.98,1.93,0.0
20190309:1910,0.0,0.0,0.0,10.62,2.55,0.0
20190309:2010,0.0,0.0,0.0,9.68,1.93,0.0
20190309:2110,0.0,0.0,0.0,8.38,1.52,0.0
20190309:2210,0.0,0.0,0.0,7.29,1.31,0.0
20190309:2310,0.0,0.0,0.0,6.34,1.45,0.0
20190310:0010,0.0,0.0,0.0,5.55,1.86,0.0
20190310:0110,0.0,0.0,0.0,5.54,1.66,0.0
20190310:0210,0.0,0.0,0.0,6.04,1.1,0.0
20190310:0310,0.0,0.0,0.0,6.05,0.97,0.0
20190310:0410,0.0,0.0,0.0,5.98,0.97,0.0
20190310:0510,0.0,0.0,0.0,5.93,1.03,0.0
20190310:0610,73.0,9.0,2.64,6.29,0.9,0.0
20190310:0710,4109.0,116.0,12.92,7.44,0.83,0.0
20190310:0810,10603.0,267.0,22.49,9.69,1.03,0.0
20190310:0910,17244.0,423.01,30.78,11.25,1.17,0.0
20190310:1010,20017.0,492.01,37.07,12.7,1.17,0.0
20190310:1110,26110.5,647.01,40.49,14.62,1.52,0.0
20190310:1210,25800.5,642.01,40.39,16.17,1.79,0.0
20190310:1310,24326.0,608.01,36.81,17.67,2.0,0.0
20190310:1410,19844.0,502.01,30.4,18.48,1.79,0.0
20190310:1510,13136.0,347.01,22.03,18.83,1.86,0.0
20190310:1610,4703.5,143.0,12.41,18.4,1.66,0.0
20190310:1710,0.0,0.0,0.0,16.56,2.0,0.0
20190310:1810,0.0,0.0,0.0,14.28,2.28,0.0
20190310:1910,0.0,0.0,0.0,12.46,2.34,0.0
20190310:2010,0.0,0.0,0.0,11.57,2.14,0.0
20190310:2110,0.0,0.0,0.0,10.32,1.79,0.0
20190310:2210,0.0,0.0,0.0,8.9,1.59,0.0
20190310:2310,0.0,0.0,0.0,7.95,2.21,0.0
20190311:0010,0.0,0.0,0.0,7.55,2.34,0.0
20190311:0110,0.0,0.0,0.0,7.48,2.28,0.0
20190311:0210,0.0,0.0,0.0,7.4,2.14,0.0
20190311:0310,0.0,0.0,0.0,6.59,2.14,0.0
20190311:0410,0.0,0.0,0.0,6.15,2.0,0.0
20190311:0510,0.0,0.0,0.0,5.17,2.07,0.0
20190311:0610,188.5,14.64,2.97,4.75,2.07,0.0
20190311:0710,7017.0,206.0,13.26,6.18,1.72,0.0
20190311:0810,15558.5,394.01,22.84,10.99,1.79,0.0
20190311:0910,22264.5,548.01,31.16,13.89,2.41,0.0
20190311:1010,26880.0,653.01,37.46,15.11,4.21,0.0
20190311:1110,29277.0,708.01,40.88,14.98,4.83,0.0
20190311:1210,27299.0,657.01,40.78,14.79,5.59,0.0
20190311:1310,21476.5,516.01,37.16,14.03,6.07,0.0
20190311:1410,11332.0,280.0,30.71,13.19,5.72,0.0
20190311:1510,13857.0,348.01,22.3,12.29,5.31,0.0
20190311:1610,6350.5,194.0,12.66,11.44,4.97,0.0
20190311:1710,0.0,0.0,0.0,10.45,4.21,0.0
20190311:1810,0.0,0.0,0.0,9.11,3.24,0.0
20190311:1910,0.0,0.0,0.0,8.03,3.52,0.0
20190311:2010,0.0,0.0,0.0,7.18,3.24,0.0
20190311:2110,0.0,0.0,0.0,6.42,2.76,0.0
20190311:2210,0.0,0.0,0.0,5.46,2.48,0.0
20190311:2310,0.0,0.0,0.0,4.36,2.34,0.0
20190312:0010,0.0,0.0,0.0,3.25,2.28,0.0
20190312:0110,0.0,0.0,0.0,1.94,2.07,0.0
20190312:0210,0.0,0.0,0.0,0.9,1.86,0.0
20190312:0310,0.0,0.0,0.0,0.02,2.0,0.0
20190312:0410,0.0,0.0,0.0,-0.44,2.0,0.0
20190312:0510,0.0,0.0,0.0,-0.44,1.66,0.0
20190312:0610,255.0,16.62,3.3,1.23,1.1,0.0
20190312:0710,6977.5,198.0,13.6,3.18,0.28,0.0
20190312:0810,15792.0,395.01,23.19,6.15,0.14,0.0
20190312:0910,22467.0,548.01,31.53,8.77,0.76,0.0
20190312:1010,26913.0,655.01,37.86,10.07,1.31,0.0
20190312:1110,29044.5,709.01,41.28,11.11,1.66,0.0
20190312:1210,27686.0,677.01,41.16,12.05,1.79,0.0
20190312:1310,3648.5,103.0,37.51,12.79,1.72,0.0
20190312:1410,21354.5,527.01,31.02,13.31,1.72,0.0
20190312:1510,13614.0,348.01,22.57,13.45,1.72,0.0
20190312:1610,6335.5,194.0,12.91,12.96,1.52,0.0
20190312:1710,94.5,10.0,2.58,11.19,1.45,0.0
20190312:1810,0.0,0.0,0.0,8.43,1.38,0.0
20190312:1910,0.0,0.0,0.0,6.73,1.72,0.0
20190312:2010,0.0,0.0,0.0,6.09,1.38,0.0
20190312:2110,0.0,0.0,0.0,5.99,1.1,0.0
20190312:2210,0.0,0.0,0.0,6.08,0.9,0.0
20190312:2310,0.0,0.0,0.0,5.45,0.69,0.0
20190313:0010,0.0,0.0,0.0,5.18,0.21,0.0
20190313:0110,0.0,0.0,0.0,4.32,0.07,0.0
20190313:0210,0.0,0.0,0.0,3.37,0.62,0.0
20190313:0310,0.0,0.0,0.0,1.21,1.31,0.0
20190313:0410,0.0,0.0,0.0,1.51,1.17,0.0
20190313:0510,0.0,0.0,0.0,1.81,1.03,0.0
20190313:0610,356.0,20.38,3.62,1.84,0.97,0.0
20190313:0710,7230.5,203.0,13.93,3.63,0.48,0.0
20190313:0810,16113.5,400.01,23.55,5.76,0.41,0.0
20190313:0910,21229.5,516.01,31.91,7.96,0.55,0.0
20190313:1010,26795.0,657.01,38.25,9.54,0.62,0.0
20190313:1110,29062.0,718.01,41.68,11.2,0.9,0.0
20190313:1210,28102.5,693.01,41.54,12.73,1.45,0.0
20190313:1310,26758.0,657.01,37.85,14.15,2.28,0.0
20190313:1410,22343.0,548.01,31.32,14.71,3.38,0.0
20190313:1510,15224.0,388.01,22.84,14.41,3.72,0.0
20190313:1610,6579.5,200.0,13.16,13.66,3.24,0.0
20190313:1710,122.5,11.84,2.81,11.94,2.83,0.0
20190313:1810,0.0,0.0,0.0,10.03,2.9,0.0
20190313:1910,0.0,0.0,0.0,9.24,2.62,0.0
20190313:2010,0.0,0.0,0.0,7.96,2.62,0.0
20190313:2110,0.0,0.0,0.0,6.8,2.62,0.0
20190313:2210,0.0,0.0,0.0,5.78,2.55,0.0
20190313:2310,0.0,0.0,0.0,4.64,2.41,0.0
20190314:0010,0.0,0.0,0.0,3.37,2.14,0.0
20190314:0110,0.0,0.0,0.0,2.34,1.93,0.0
20190314:0210,0.0,0.0,0.0,1.8,1.72,0.0
20190314:0310,0.0,0.0,0.0,1.35,1.59,0.0
20190314:0410,0.0,0.0,0.0,0.98,1.52,0.0
20190314:0510,0.0,0.0,0.0,0.79,1.45,0.0
20190314:0610,466.5,24.12,3.95,0.88,1.31,0.0
20190314:0710,7468.5,208.0,14.27,3.53,0.83,0.0
20190314:0810,16353.5,405.01,23.9,6.71,0.97,0.0
20190314:0910,22733.0,554.01,32.28,9.72,1.1,0.0
20190314:1010,26472.0,653.01,38.65,12.19,1.03,0.0
20190314:1110,27702.0,693.01,42.08,13.92,0.83,0.0
20190314:1210,26691.0,675.01,41.92,14.97,0.41,0.0
20190314:1310,0.0,0.0,0.0,15.66,0.69,0.0
20190314:1410,20863.5,525.01,31.63,16.05,0.97,0.0
20190314:1510,14388.5,374.01,23.11,16.29,1.03,0.0
20190314:1610,6422.0,196.0,13.4,15.88,0.48,0.0
20190314:1710,146.5,12.84,3.04,14.56,0.48,0.0
20190314:1810,0.0,0.0,0.0,11.58,1.1,0.0
20190314:1910,0.0,0.0,0.0,10.3,1.52,0.0
20190314:2010,0.0,0.0,0.0,8.63,1.79,0.0
20190314:2110,0.0,0.0,0.0,7.86,1.86,0.0
20190314:2210,0.0,0.0,0.0,7.28,1.59,0.0
20190314:2310,0.0,0.0,0.0,6.85,1.31,0.0
20190315:0010,0.0,0.0,0.0,7.64,0.9,0.0
20190315:0110,0.0,0.0,0.0,7.14,0.48,0.0
20190315:0210,0.0,0.0,0.0,5.93,0.62,0.0
20190315:0310,0.0,0.0,0.0,4.91,0.83,0.0
20190315:0410,0.0,0.0,0.0,4.34,0.69,0.0
20190315:0510,0.0,0.0,0.0,4.1,0.62,0.0
20190315:0610,490.5,24.36,4.29,4.12,0.69,0.0
20190315:0710,7435.5,208.0,14.61,6.34,0.55,0.0
20190315:0810,15908.5,400.01,24.26,9.65,0.48,0.0
20190315:0910,21933.0,544.01,32.66,12.48,0.62,0.0
20190315:1010,25800.0,650.01,39.04,14.55,0.34,0.0
20190315:1110,27582.5,703.01,42.48,16.54,0.48,0.0
20190315:1210,26639.5,680.01,42.3,18.12,0.76,0.0
20190315:1310,24538.5,628.01,38.54,19.33,0.76,0.0
20190315:1410,17481.5,449.01,31.93,19.87,0.55,0.0
20190315:1510,11778.0,311.0,23.38,20.43,0.76,0.0
20190315:1610,5697.0,171.0,13.64,19.79,0.55,0.0
20190315:1710,89.5,10.0,3.27,17.72,0.62,0.0
20190315:1810,0.0,0.0,0.0,14.64,1.17,0.0
20190315:1910,0.0,0.0,0.0,12.52,2.0,0.0
20190315:2010,0.0,0.0,0.0,11.71,1.72,0.0
20190315:2110,0.0,0.0,0.0,11.43,1.45,0.0
20190315:2210,0.0,0.0,0.0,11.18,1.38,0.0
20190315:2310,0.0,0.0,0.0,9.24,1.72,0.0
20190316:0010,0.0,0.0,0.0,7.98,2.21,0.0
20190316:0110,0.0,0.0,0.0,7.56,2.28,0.0
20190316:0210,0.0,0.0,0.0,7.05,2.07,0.0
20190316:0310,0.0,0.0,0.0,6.76,1.86,0.0
20190316:0410,0.0,0.0,0.0,6.48,1.86,0.0
20190316:0510,0.0,0.0,0.0,6.23,1.79,0.0
20190316:0610,366.0,19.0,4.62,5.94,1.72,0.0
20190316:0710,5249.5,142.0,14.95,7.8,1.66,0.0
20190316:0810,12498.5,312.0,24.62,11.54,1.79,0.0
20190316:0910,21875.0,538.01,33.04,13.69,1.93,0.0
20190316:1010,26705.0,663.01,39.44,15.9,2.0,0.0
20190316:1110,28891.5,722.01,42.88,17.35,2.28,0.0
20190316:1210,28433.5,712.01,42.69,18.43,2.55,0.0
20190316:1310,26703.5,668.01,38.89,19.15,2.83,0.0
20190316:1410,22076.0,553.01,32.23,19.23,3.17,0.0
20190316:1510,15407.5,399.01,23.64,18.81,3.38,0.0
20190316:1610,6966.5,211.0,13.89,17.63,3.31,0.0
20190316:1710,292.5,18.6,3.51,15.71,3.17,0.0
20190316:1810,0.0,0.0,0.0,13.78,3.17,0.0
20190316:1910,0.0,0.0,0.0,12.96,3.52,0.0
20190316:2010,0.0,0.0,0.0,12.15,3.31,0.0
20190316:2110,0.0,0.0,0.0,11.55,3.1,0.0
20190316:2210,0.0,0.0,0.0,11.19,2.76,0.0
20190316:2310,0.0,0.0,0.0,10.74,2.48,0.0
20190317:0010,0.0,0.0,0.0,10.47,2.07,0.0
20190317:0110,0.0,0.0,0.0,9.96,1.79,0.0
20190317:0210,0.0,0.0,0.0,9.37,1.52,0.0
20190317:0310,0.0,0.0,0.0,8.56,1.17,0.0
20190317:0410,0.0,0.0,0.0,8.56,0.9,0.0
20190317:0510,0.0,0.0,0.0,8.75,0.76,0.0
20190317:0610,654.5,29.32,4.95,8.82,0.55,0.0
20190317:0710,3957.5,110.0,15.3,9.25,1.03,0.0
20190317:0810,3384.5,96.0,24.97,10.76,1.17,0.0
20190317:0910,3917.5,109.0,33.42,11.72,1.1,0.0
20190317:1010,3232.5,93.0,39.83,12.39,1.31,0.0
20190317:1110,2721.0,81.0,43.29,13.27,1.45,0.0
20190317:1210,3299.0,95.0,43.07,13.44,1.31,0.0
20190317:1310,3295.5,95.0,39.23,13.74,1.52,0.0
20190317:1410,2591.5,78.0,32.53,13.75,1.59,0.0
20190317:1510,2146.0,67.0,23.91,13.53,1.66,0.0
20190317:1610,2994.0,88.0,14.13,12.98,1.52,0.0
20190317:1710,118.5,11.0,3.74,12.52,1.45,0.0
20190317:1810,0.0,0.0,0.0,11.99,1.31,0.0
20190317:1910,0.0,0.0,0.0,11.05,1.03,0.0
20190317:2010,0.0,0.0,0.0,10.67,0.9,0.0
20190317:2110,0.0,0.0,0.0,10.5,0.62,0.0
20190317:2210,0.0,0.0,0.0,10.44,0.34,0.0
20190317:2310,0.0,0.0,0.0,9.04,0.97,0.0
20190318:0010,0.0,0.0,0.0,8.51,0.97,0.0
20190318:0110,0.0,0.0,0.0,8.33,1.24,0.0
20190318:0210,0.0,0.0,0.0,8.25,1.59,0.0
20190318:0310,0.0,0.0,0.0,7.81,2.07,0.0
20190318:0410,0.0,0.0,0.0,6.95,1.93,0.0
20190318:0510,0.0,0.0,0.0,5.75,1.86,0.0
20190318:0610,435.5,21.0,5.28,4.65,1.72,0.0
20190318:0710,6601.0,175.0,15.64,6.21,1.1,0.0
20190318:0810,17224.5,427.01,25.33,9.84,1.45,0.0
20190318:0910,24089.5,587.01,33.8,11.78,2.0,0.0
20190318:1010,28656.0,703.01,40.23,13.01,2.0,0.0
20190318:1110,30247.0,749.01,43.69,13.95,1.86,0.0
20190318:1210,30454.0,756.01,43.45,14.64,1.93,0.0
20190318:1310,28104.0,695.01,39.57,15.07,2.14,0.0
20190318:1410,23402.0,578.01,32.83,15.27,2.48,0.0
20190318:1510,16331.5,415.01,24.17,15.24,2.9,0.0
20190318:1610,7693.0,227.0,14.37,14.86,2.9,0.0
20190318:1710,403.0,23.16,3.96,13.67,2.21,0.0
20190318:1810,0.0,0.0,0.0,11.67,2.14,0.0
20190318:1910,0.0,0.0,0.0,10.42,2.9,0.0
20190318:2010,0.0,0.0,0.0,9.28,3.03,0.0
20190318:2110,0.0,0.0,0.0,8.22,2.97,0.0
20190318:2210,0.0,0.0,0.0,7.12,2.69,0.0
20190318:2310,0.0,0.0,0.0,6.08,2.41,0.0
20190319:0010,0.0,0.0,0.0,5.13,2.21,0.0
20190319:0110,0.0,0.0,0.0,4.38,2.21,0.0
20190319:0210,0.0,0.0,0.0,3.77,2.07,0.0
20190319:0310,0.0,0.0,0.0,2.98,1.79,0.0
20190319:0410,0.0,0.0,0.0,2.79,1.38,0.0
20190319:0510,0.0,0.0,0.0,3.88,0.83,0.0
20190319:0610,1037.0,42.41,5.62,3.74,0.48,0.0
20190319:0710,9100.5,247.0,15.98,5.27,0.07,0.0
20190319:0810,17970.5,445.01,25.69,7.42,0.28,0.0
20190319:0910,24560.0,600.01,34.17,9.15,0.69,0.0
20190319:1010,28194.5,687.01,40.63,10.48,1.52,0.0
20190319:1110,29098.5,710.01,44.09,11.38,1.93,0.0
20190319:1210,29710.0,726.01,43.83,12.09,2.14,0.0
20190319:1310,28613.0,701.01,39.91,12.42,1.86,0.0
20190319:1410,23614.5,581.01,33.13,12.79,1.59,0.0
20190319:1510,16592.5,419.01,24.44,12.77,1.66,0.0
20190319:1610,7847.0,227.0,14.61,12.44,1.86,0.0
20190319:1710,507.0,26.09,4.19,11.59,1.52,0.0
20190319:1810,0.0,0.0,0.0,9.6,1.38,0.0
20190319:1910,0.0,0.0,0.0,8.0,1.52,0.0
20190319:2010,0.0,0.0,0.0,7.16,1.31,0.0
20190319:2110,0.0,0.0,0.0,8.6,0.55,0.0
20190319:2210,0.0,0.0,0.0,6.75,1.31,0.0
20190319:2310,0.0,0.0,0.0,3.51,2.0,0.0
20190320:0010,0.0,0.0,0.0,2.76,2.21,0.0
20190320:0110,0.0,0.0,0.0,2.24,2.21,0.0
20190320:0210,0.0,0.0,0.0,1.82,2.0,0.0
20190320:0310,0.0,0.0,0.0,1.63,1.79,0.0
20190320:0410,0.0,0.0,0.0,1.36,1.66,0.0
20190320:0510,0.0,0.0,0.0,1.26,1.52,0.0
20190320:0610,1179.5,44.0,5.95,1.4,1.31,0.0
20190320:0710,8937.5,238.0,16.32,4.67,0.48,0.0
20190320:0810,17825.0,439.01,26.05,7.77,0.69,0.0
20190320:0910,24466.0,595.01,34.55,9.86,1.24,0.0
20190320:1010,24881.5,601.01,41.03,11.16,2.41,0.0
20190320:1110,23136.0,560.01,44.49,12.05,2.83,0.0
20190320:1210,23938.0,581.01,44.21,12.77,2.9,0.0
20190320:1310,26388.0,642.01,40.25,13.24,2.76,0.0
20190320:1410,23510.0,575.01,33.42,13.33,2.41,0.0
20190320:1510,16547.0,417.01,24.7,13.33,2.07,0.0
20190320:1610,7895.5,227.0,14.85,13.01,1.86,0.0
20190320:1710,542.0,27.1,4.42,12.1,1.24,0.0
20190320:1810,0.0,0.0,0.0,9.71,1.24,0.0
20190320:1910,0.0,0.0,0.0,8.26,1.31,0.0
20190320:2010,0.0,0.0,0.0,8.2,1.17,0.0
20190320:2110,0.0,0.0,0.0,6.43,1.45,0.0
20190320:2210,0.0,0.0,0.0,4.69,1.79,0.0
20190320:2310,0.0,0.0,0.0,3.65,2.0,0.0
20190321:0010,0.0,0.0,0.0,2.87,2.0,0.0
20190321:0110,0.0,0.0,0.0,2.32,1.93,0.0
20190321:0210,0.0,0.0,0.0,1.89,1.86,0.0
20190321:0310,0.0,0.0,0.0,1.6,1.79,0.0
20190321:0410,0.0,0.0,0.0,1.47,1.66,0.0
20190321:0510,0.0,0.0,0.0,1.71,1.45,0.0
20190321:0610,1723.0,70.0,6.29,2.13,1.31,0.0
20190321:0710,9586.0,253.0,16.67,3.71,1.03,0.0
20190321:0810,18068.0,443.01,26.41,8.26,1.24,0.0
20190321:0910,24705.5,599.01,34.93,10.22,1.66,0.0
20190321:1010,29072.5,710.01,41.43,11.33,1.72,0.0
20190321:1110,31068.0,765.01,44.89,12.43,1.79,0.0
20190321:1210,31729.0,784.01,44.59,13.41,1.93,0.0
20190321:1310,28758.0,710.01,40.59,14.19,1.93,0.0
20190321:1410,23551.5,583.01,33.72,14.7,1.79,0.0
20190321:1510,16584.5,422.01,24.96,14.86,1.52,0.0
20190321:1610,7881.5,227.0,15.08,14.6,1.17,0.0
20190321:1710,614.5,29.84,4.65,13.38,0.83,0.0
20190321:1810,0.0,0.0,0.0,10.98,1.03,0.0
20190321:1910,0.0,0.0,0.0,11.33,0.9,0.0
20190321:2010,0.0,0.0,0.0,10.84,0.55,0.0
20190321:2110,0.0,0.0,0.0,10.4,0.21,0.0
20190321:2210,0.0,0.0,0.0,9.91,0.07,0.0
20190321:2310,0.0,0.0,0.0,9.44,0.07,0.0
20190322:0010,0.0,0.0,0.0,8.98,0.34,0.0
20190322:0110,0.0,0.0,0.0,8.34,0.62,0.0
20190322:0210,0.0,0.0,0.0,7.72,0.76,0.0
20190322:0310,0.0,0.0,0.0,7.11,0.55,0.0
20190322:0410,0.0,0.0,0.0,6.6,0.28,0.0
20190322:0510,0.0,0.0,0.0,5.95,0.41,0.0
20190322:0610,1881.5,77.0,6.62,5.04,0.62,0.0
20190322:0710,9933.5,264.0,17.01,5.3,0.48,0.0
20190322:0810,18273.5,453.01,26.77,9.14,0.41,0.0
20190322:0910,24565.0,613.01,35.31,12.35,0.28,0.0
20190322:1010,28362.5,721.01,41.82,14.45,0.21,0.0
20190322:1110,30191.0,777.01,45.29,15.97,0.28,0.0
20190322:1210,30706.5,795.01,44.97,17.21,0.34,0.0
20190322:1310,28084.5,721.01,40.93,18.11,0.62,0.0
20190322:1410,23215.5,593.01,34.01,18.62,0.76,0.0
20190322:1510,16386.0,426.01,25.22,18.7,0.97,0.0
20190322:1610,8013.0,234.0,15.32,18.28,0.9,0.0
20190322:1710,681.5,32.56,4.87,16.44,0.97,0.0
20190322:1810,0.0,0.0,0.0,14.41,1.03,0.0
20190322:1910,0.0,0.0,0.0,14.58,0.97,0.0
20190322:2010,0.0,0.0,0.0,13.74,1.03,0.0
20190322:2110,0.0,0.0,0.0,12.75,1.17,0.0
20190322:2210,0.0,0.0,0.0,11.62,1.31,0.0
20190322:2310,0.0,0.0,0.0,11.25,1.1,0.0
20190323:0010,0.0,0.0,0.0,10.17,0.69,0.0
20190323:0110,0.0,0.0,0.0,9.11,0.55,0.0
20190323:0210,0.0,0.0,0.0,8.25,0.41,0.0
20190323:0310,0.0,0.0,0.0,7.62,0.21,0.0
20190323:0410,0.0,0.0,0.0,7.27,0.07,0.0
20190323:0510,0.0,0.0,0.0,6.87,0.34,0.0
20190323:0610,2076.0,82.0,6.96,5.85,0.69,0.0
20190323:0710,9862.5,263.0,17.36,7.3,0.28,0.0
20190323:0810,17983.0,451.01,27.13,11.27,0.14,0.0
20190323:0910,24018.5,605.01,35.69,14.51,0.28,0.0
20190323:1010,27926.5,711.01,42.22,16.81,0.69,0.0
20190323:1110,29903.0,769.01,45.69,18.47,0.9,0.0
20190323:1210,30576.0,791.01,45.35,19.67,0.97,0.0
20190323:1310,27407.0,706.01,41.26,20.47,1.03,0.0
20190323:1410,22854.0,587.01,34.3,20.86,1.1,0.0
20190323:1510,16048.5,420.01,25.47,20.83,1.17,0.0
20190323:1610,7894.5,231.0,15.55,20.3,1.24,0.0
20190323:1710,711.5,33.58,5.1,18.62,1.45,0.0
20190323:1810,0.0,0.0,0.0,15.46,1.52,0.0
20190323:1910,0.0,0.0,0.0,16.59,0.97,0.0
20190323:2010,0.0,0.0,0.0,15.41,1.03,0.0
20190323:2110,0.0,0.0,0.0,14.31,1.03,0.0
20190323:2210,0.0,0.0,0.0,13.46,0.83,0.0
20190323:2310,0.0,0.0,0.0,12.88,0.55,0.0
20190324:0010,0.0,0.0,0.0,12.17,0.34,0.0
20190324:0110,0.0,0.0,0.0,11.39,0.28,0.0
20190324:0210,0.0,0.0,0.0,10.2,0.48,0.0
20190324:0310,0.0,0.0,0.0,8.81,0.76,0.0
20190324:0410,0.0,0.0,0.0,7.66,0.83,0.0
20190324:0510,0.0,0.0,0.0,6.87,0.83,0.0
20190324:0610,2231.5,88.0,7.29,6.38,0.83,0.0
20190324:0710,9996.5,267.0,17.7,8.98,0.48,0.0
20190324:0810,18195.5,457.01,27.48,12.96,0.62,0.0
20190324:0910,24116.0,608.01,36.07,16.05,0.69,0.0
20190324:1010,27933.0,717.01,42.62,18.18,0.62,0.0
20190324:1110,29437.5,771.01,46.1,19.7,0.28,0.0
20190324:1210,29936.5,792.01,45.72,20.78,0.14,0.0
20190324:1310,26971.0,708.01,41.6,21.59,0.28,0.0
20190324:1410,22589.5,588.01,34.59,22.14,0.55,0.0
20190324:1510,15912.5,420.01,25.73,22.37,0.9,0.0
20190324:1610,8021.5,236.0,15.79,21.94,1.1,0.0
20190324:1710,811.0,36.49,5.32,19.93,0.97,0.0
20190324:1810,0.0,0.0,0.0,17.31,1.1,0.0
20190324:1910,0.0,0.0,0.0,14.59,1.66,0.0
20190324:2010,0.0,0.0,0.0,12.88,1.66,0.0
20190324:2110,0.0,0.0,0.0,11.51,1.66,0.0
20190324:2210,0.0,0.0,0.0,9.54,1.93,0.0
20190324:2310,0.0,0.0,0.0,8.3,1.93,0.0
20190325:0010,0.0,0.0,0.0,7.79,1.72,0.0
20190325:0110,0.0,0.0,0.0,7.84,1.52,0.0
20190325:0210,0.0,0.0,0.0,7.41,1.45,0.0
20190325:0310,0.0,0.0,0.0,6.77,1.45,0.0
20190325:0410,0.0,0.0,0.0,6.43,1.45,0.0
20190325:0510,0.0,0.0,0.0,6.87,1.24,0.0
20190325:0610,2473.0,96.0,7.63,7.52,1.03,0.0
20190325:0710,10486.0,278.0,18.04,9.08,1.17,0.0
20190325:0810,18599.5,463.01,27.84,13.13,1.52,0.0
20190325:0910,24649.5,614.01,36.45,15.54,1.45,0.0
20190325:1010,28735.0,726.01,43.01,17.64,1.52,0.0
20190325:1110,30593.5,784.01,46.5,19.12,1.38,0.0
20190325:1210,31150.0,801.01,46.1,20.12,1.52,0.0
20190325:1310,28417.0,727.01,41.93,20.48,1.59,0.0
20190325:1410,23583.5,599.01,34.88,20.52,1.93,0.0
20190325:1510,16625.5,429.01,25.98,20.12,2.28,0.0
20190325:1610,7969.0,227.0,16.02,19.11,2.41,0.0
20190325:1710,974.0,52.45,5.54,17.35,2.07,0.0
20190325:1810,0.0,0.0,0.0,15.06,1.93,0.0
20190325:1910,0.0,0.0,0.0,13.24,3.52,0.0
20190325:2010,0.0,0.0,0.0,12.17,5.45,0.0
20190325:2110,0.0,0.0,0.0,11.61,6.14,0.0
20190325:2210,0.0,0.0,0.0,11.35,6.21,0.0
20190325:2310,0.0,0.0,0.0,10.77,5.31,0.0
20190326:0010,0.0,0.0,0.0,9.86,4.21,0.0
20190326:0110,0.0,0.0,0.0,8.94,3.59,0.0
20190326:0210,0.0,0.0,0.0,8.09,3.45,0.0
20190326:0310,0.0,0.0,0.0,7.45,3.45,0.0
20190326:0410,0.0,0.0,0.0,6.72,3.17,0.0
20190326:0510,0.0,0.0,0.0,5.97,2.62,0.0
20190326:0610,2783.0,107.0,7.96,5.42,2.07,0.0
20190326:0710,11247.0,292.0,18.38,7.18,2.83,0.0
20190326:0810,19644.0,473.01,28.2,8.34,2.83,0.0
20190326:0910,24360.5,583.01,36.83,9.84,2.76,0.0
20190326:1010,30678.0,740.01,43.41,11.63,3.17,0.0
20190326:1110,33027.5,799.01,46.89,13.1,4.0,0.0
20190326:1210,33581.5,817.01,46.48,14.42,4.07,0.0
20190326:1310,29938.0,729.01,42.26,15.21,4.0,0.0
20190326:1410,24775.5,605.01,35.17,15.63,3.93,0.0
20190326:1510,17665.0,442.01,26.23,15.71,3.79,0.0
20190326:1610,9025.0,253.0,16.25,15.37,3.24,0.0
20190326:1710,1366.0,69.0,5.77,14.27,1.86,0.0
20190326:1810,0.0,0.0,0.0,12.03,1.72,0.0
20190326:1910,0.0,0.0,0.0,9.92,1.45,0.0
20190326:2010,0.0,0.0,0.0,8.57,1.45,0.0
20190326:2110,0.0,0.0,0.0,7.06,1.66,0.0
20190326:2210,0.0,0.0,0.0,5.72,1.79,0.0
20190326:2310,0.0,0.0,0.0,4.76,1.93,0.0
20190327:0010,0.0,0.0,0.0,3.94,2.07,0.0
20190327:0110,0.0,0.0,0.0,3.38,2.0,0.0
20190327:0210,0.0,0.0,0.0,3.21,1.79,0.0
20190327:0310,0.0,0.0,0.0,3.57,1.52,0.0
20190327:0410,0.0,0.0,0.0,4.57,1.17,0.0
20190327:0510,0.0,0.0,0.0,4.36,1.17,0.0
20190327:0610,2847.5,100.0,8.3,3.79,1.17,0.0
20190327:0710,10419.5,270.0,18.72,6.79,0.48,0.0
20190327:0810,19388.5,476.01,28.56,9.63,0.97,0.0
20190327:0910,25593.0,623.01,37.2,11.47,1.72,0.0
20190327:1010,29914.5,731.01,43.81,12.66,2.28,0.0
20190327:1110,32076.5,788.01,47.29,13.6,2.55,0.0
20190327:1210,32804.5,809.01,46.85,14.32,2.55,0.0
20190327:1310,29222.5,719.01,42.59,14.9,2.55,0.0
20190327:1410,24208.5,596.01,35.45,15.3,2.48,0.0
20190327:1510,17222.0,433.01,26.49,15.26,2.28,0.0
20190327:1610,8937.5,250.0,16.48,14.97,2.0,0.0
20190327:1710,1465.0,70.0,5.99,14.12,1.31,0.0
20190327:1810,0.0,0.0,0.0,12.7,0.97,0.0
20190327:1910,0.0,0.0,0.0,12.26,0.76,0.0
20190327:2010,0.0,0.0,0.0,10.37,1.03,0.0
20190327:2110,0.0,0.0,0.0,9.67,1.1,0.0
20190327:2210,0.0,0.0,0.0,9.92,0.48,0.0
20190327:2310,0.0,0.0,0.0,9.39,0.28,0.0
20190328:0010,0.0,0.0,0.0,8.52,1.1,0.0
20190328:0110,0.0,0.0,0.0,5.82,1.45,0.0
20190328:0210,0.0,0.0,0.0,4.41,1.59,0.0
20190328:0310,0.0,0.0,0.0,3.57,1.72,0.0
20190328:0410,0.0,0.0,0.0,2.93,1.79,0.0
20190328:0510,0.0,0.0,0.0,2.67,1.72,0.0
20190328:0610,3170.5,113.0,8.63,2.92,1.52,0.0
20190328:0710,11409.5,295.0,19.06,5.91,0.41,0.0
20190328:0810,19583.5,480.01,28.91,9.8,1.1,0.0
20190328:0910,25881.0,629.01,37.58,11.59,1.93,0.0
20190328:1010,30298.0,741.01,44.2,12.73,2.28,0.0
20190328:1110,32339.5,798.01,47.69,13.71,2.28,0.0
20190328:1210,32872.0,814.01,47.22,14.75,2.41,0.0
20190328:1310,29571.5,732.01,42.92,15.59,2.34,0.0
20190328:1410,24380.0,604.01,35.74,15.97,2.14,0.0
20190328:1510,17419.5,440.01,26.74,16.05,2.0,0.0
20190328:1610,9142.0,256.0,16.71,15.82,1.79,0.0
20190328:1710,1558.5,73.0,6.21,14.96,1.24,0.0
20190328:1810,0.0,0.0,0.0,12.73,1.17,0.0
20190328:1910,0.0,0.0,0.0,12.86,0.48,0.0
20190328:2010,0.0,0.0,0.0,10.33,1.31,0.0
20190328:2110,0.0,0.0,0.0,8.45,1.52,0.0
20190328:2210,0.0,0.0,0.0,10.0,1.1,0.0
20190328:2310,0.0,0.0,0.0,9.9,0.41,0.0
20190329:0010,0.0,0.0,0.0,9.75,0.48,0.0
20190329:0110,0.0,0.0,0.0,9.6,0.69,0.0
20190329:0210,0.0,0.0,0.0,9.11,0.76,0.0
20190329:0310,0.0,0.0,0.0,8.0,0.97,0.0
20190329:0410,0.0,0.0,0.0,6.61,1.24,0.0
20190329:0510,0.0,0.0,0.0,5.0,1.31,0.0
20190329:0610,2058.0,65.0,8.96,4.69,1.24,0.0
20190329:0710,7221.5,186.0,19.4,7.87,0.62,0.0
20190329:0810,19802.5,489.01,29.26,10.78,0.76,0.0
20190329:0910,25605.0,632.01,37.95,12.78,1.1,0.0
20190329:1010,29820.5,743.01,44.59,14.32,1.45,0.0
20190329:1110,31458.5,791.01,48.09,15.45,1.52,0.0
20190329:1210,27954.0,703.01,47.59,16.5,1.52,0.0
20190329:1310,28172.0,710.01,43.25,16.93,1.38,0.0
20190329:1410,23937.5,600.01,36.02,17.08,1.52,0.0
20190329:1510,17379.0,442.01,26.98,17.08,1.59,0.0
20190329:1610,9273.0,260.0,16.94,16.83,1.59,0.0
20190329:1710,1674.0,77.0,6.43,15.85,1.1,0.0
20190329:1810,0.0,0.0,0.0,13.59,1.1,0.0
20190329:1910,0.0,0.0,0.0,14.19,0.07,0.0
20190329:2010,0.0,0.0,0.0,13.1,0.55,0.0
20190329:2110,0.0,0.0,0.0,9.97,1.38,0.0
20190329:2210,0.0,0.0,0.0,7.05,1.86,0.0
20190329:2310,0.0,0.0,0.0,5.84,1.72,0.0
20190330:0010,0.0,0.0,0.0,5.14,1.72,0.0
20190330:0110,0.0,0.0,0.0,4.71,1.72,0.0
20190330:0210,0.0,0.0,0.0,4.31,1.72,0.0
20190330:0310,0.0,0.0,0.0,4.0,1.72,0.0
20190330:0410,0.0,0.0,0.0,3.78,1.66,0.0
20190330:0510,0.0,0.0,0.0,3.62,1.66,0.0
20190330:0610,3646.0,123.0,9.3,4.21,1.52,0.0
20190330:0710,11793.5,303.0,19.74,7.75,0.97,0.0
20190330:0810,19593.5,485.01,29.62,12.42,1.17,0.0
20190330:0910,25466.0,634.01,38.32,14.97,1.31,0.0
20190330:1010,29632.0,756.01,44.99,16.55,0.76,0.0
20190330:1110,31503.5,821.01,48.48,17.68,0.34,0.0
20190330:1210,31424.0,830.01,47.96,18.62,0.0,0.0
20190330:1310,28430.5,742.01,43.57,19.32,0.21,0.0
20190330:1410,23910.0,617.01,36.3,19.76,0.41,0.0
20190330:1510,17389.5,452.01,27.23,19.9,0.62,0.0
20190330:1610,9350.5,265.0,17.16,19.65,0.9,0.0
20190330:1710,1800.0,82.0,6.65,18.21,0.97,0.0
20190330:1810,0.0,0.0,0.0,15.29,1.31,0.0
20190330:1910,0.0,0.0,0.0,12.57,1.72,0.0
20190330:2010,0.0,0.0,0.0,11.18,1.66,0.0
20190330:2110,0.0,0.0,0.0,10.42,1.45,0.0
20190330:2210,0.0,0.0,0.0,9.76,1.31,0.0
20190330:2310,0.0,0.0,0.0,8.88,1.24,0.0
20190331:0010,0.0,0.0,0.0,7.78,1.24,0.0
20190331:0110,0.0,0.0,0.0,6.91,1.31,0.0
20190331:0210,0.0,0.0,0.0,6.57,1.24,0.0
20190331:0310,0.0,0.0,0.0,6.42,1.17,0.0
20190331:0410,0.0,0.0,0.0,6.51,1.1,0.0
20190331:0510,0.0,0.0,0.0,6.66,0.97,0.0
20190331:0610,3884.0,133.0,9.63,6.73,0.83,0.0
20190331:0710,12229.5,316.0,20.08,8.94,0.76,0.0
20190331:0810,20043.0,500.01,29.97,13.37,0.83,0.0
20190331:0910,26041.0,656.01,38.7,16.07,0.9,0.0
20190331:1010,29850.0,767.01,45.38,17.84,0.76,0.0
20190331:1110,31580.5,828.01,48.88,19.07,0.41,0.0
20190331:1210,31345.0,824.01,48.33,20.05,0.48,0.0
20190331:1310,28972.0,756.01,43.89,20.74,0.62,0.0
20190331:1410,24111.5,623.01,36.58,21.08,0.76,0.0
20190331:1510,17599.0,459.01,27.47,21.15,0.83,0.0
20190331:1610,9529.0,271.0,17.39,20.84,0.9,0.0
20190331:1710,1891.0,82.0,6.86,19.93,0.69,0.0
20190331:1810,0.0,0.0,0.0,18.86,0.76,0.0
20190331:1910,0.0,0.0,0.0,16.06,1.1,0.0
20190331:2010,0.0,0.0,0.0,14.5,1.17,0.0
20190331:2110,0.0,0.0,0.0,11.86,1.38,0.0
20190331:2210,0.0,0.0,0.0,10.73,1.38,0.0
20190331:2310,0.0,0.0,0.0,10.92,1.1,0.0
20190401:0010,0.0,0.0,0.0,10.25,0.97,0.0
20190401:0110,0.0,0.0,0.0,9.44,0.9,0.0
20190401:0210,0.0,0.0,0.0,8.69,0.83,0.0
20190401:0310,0.0,0.0,0.0,8.09,0.83,0.0
20190401:0410,0.0,0.0,0.0,7.71,0.76,0.0
20190401:0510,0.0,0.0,0.0,7.4,0.69,0.0
20190401:0610,3892.5,128.0,9.95,7.34,0.41,0.0
20190401:0710,11586.5,297.0,20.41,8.89,0.62,0.0
20190401:0810,18701.5,467.01,30.32,13.73,0.69,0.0
20190401:0910,24470.0,615.01,39.07,16.43,1.03,0.0
20190401:1010,28842.5,731.01,45.77,18.17,1.59,0.0
20190401:1110,29483.5,751.01,49.27,19.32,1.86,0.0
20190401:1210,25463.0,648.01,48.7,20.09,1.86,0.0
20190401:1310,19474.5,496.0,44.22,20.51,1.59,0.0
20190401:1410,19084.5,487.0,36.85,20.79,1.38,0.0
20190401:1510,13785.5,357.0,27.72,20.67,1.03,0.0
20190401:1610,7035.5,195.0,17.61,20.22,0.62,0.0
20190401:1710,1644.5,63.0,7.08,19.19,0.48,0.0
20190401:1810,0.0,0.0,0.0,16.7,1.31,0.0
20190401:1910,0.0,0.0,0.0,14.44,1.66,0.0
20190401:2010,0.0,0.0,0.0,12.65,1.86,0.0
20190401:2110,0.0,0.0,0.0,11.52,1.79,0.0
20190401:2210,0.0,0.0,0.0,10.84,1.72,0.0
20190401:2310,0.0,0.0,0.0,10.1,1.66,0.0
20190402:0010,0.0,0.0,0.0,9.42,1.66,0.0
20190402:0110,0.0,0.0,0.0,8.87,1.59,0.0
20190402:0210,0.0,0.0,0.0,8.68,1.45,0.0
20190402:0310,0.0,0.0,0.0,8.55,1.38,0.0
20190402:0410,0.0,0.0,0.0,8.41,1.31,0.0
20190402:0510,0.0,0.0,0.0,8.82,1.1,0.0
20190402:0610,2949.5,91.0,10.28,9.55,0.83,0.0
20190402:0710,10645.0,274.0,20.75,11.14,0.83,0.0
20190402:0810,18469.5,462.0,30.67,14.89,0.97,0.0
20190402:0910,23382.0,587.01,39.43,16.89,1.17,0.0
20190402:1010,26994.5,686.01,46.15,18.13,1.17,0.0
20190402:1110,30355.5,783.01,49.66,19.14,1.03,0.0
20190402:1210,30099.5,783.01,49.07,19.93,0.76,0.0
20190402:1310,27146.5,702.01,44.53,20.36,0.76,0.0
20190402:1410,17740.5,451.0,37.13,20.23,1.52,0.0
20190402:1510,12969.5,331.0,27.96,19.17,2.48,0.0
20190402:1610,5191.0,144.0,17.84,18.36,2.41,0.0
20190402:1710,194.0,14.0,7.3,17.63,1.79,0.0
20190402:1810,0.0,0.0,0.0,16.21,2.21,0.0
20190402:1910,0.0,0.0,0.0,14.57,2.97,0.0
20190402:2010,0.0,0.0,0.0,13.52,2.9,0.0
20190402:2110,0.0,0.0,0.0,12.59,2.69,0.0
20190402:2210,0.0,0.0,0.0,11.85,2.55,0.0
20190402:2310,0.0,0.0,0.0,11.16,2.41,0.0
20190403:0010,0.0,0.0,0.0,10.56,2.34,0.0
20190403:0110,0.0,0.0,0.0,9.96,2.21,0.0
20190403:0210,0.0,0.0,0.0,9.67,2.0,0.0
20190403:0310,0.0,0.0,0.0,9.2,1.59,0.0
20190403:0410,0.0,0.0,0.0,8.53,1.31,0.0
20190403:0510,0.0,0.0,0.0,8.12,1.31,0.0
20190403:0610,2483.5,76.0,10.61,8.47,1.24,0.0
20190403:0710,6868.5,178.0,21.08,10.82,2.07,0.0
20190403:0810,14763.5,361.0,31.01,12.25,2.97,0.0
20190403:0910,22269.5,541.0,39.8,13.44,2.9,0.0
20190403:1010,13949.5,345.0,46.54,14.23,2.97,0.0
20190403:1110,12870.0,321.0,50.05,15.38,3.24,0.0
20190403:1210,5629.5,151.0,49.43,15.89,3.52,0.0
20190403:1310,2610.0,79.0,44.85,16.07,4.34,0.0
20190403:1410,8522.5,218.0,37.4,15.56,4.76,0.0
20190403:1510,8935.0,227.0,28.2,14.81,4.76,0.0
20190403:1610,5321.0,144.0,18.06,14.27,4.55,0.0
20190403:1710,887.0,35.0,7.51,13.59,3.79,0.0
20190403:1810,0.0,0.0,0.0,12.6,4.14,0.0
20190403:1910,0.0,0.0,0.0,11.52,3.24,0.0
20190403:2010,0.0,0.0,0.0,11.22,3.59,0.0
20190403:2110,0.0,0.0,0.0,10.82,3.93,0.0
20190403:2210,0.0,0.0,0.0,10.62,4.28,0.0
20190403:2310,0.0,0.0,0.0,10.62,4.62,0.0
20190404:0010,0.0,0.0,0.0,10.65,4.76,0.0
20190404:0110,0.0,0.0,0.0,10.71,4.83,0.0
20190404:0210,0.0,0.0,0.0,10.99,5.17,0.0
20190404:0310,0.0,0.0,0.0,11.1,5.17,0.0
20190404:0410,0.0,0.0,0.0,11.17,4.9,0.0
20190404:0510,0.0,0.0,0.0,11.27,4.62,0.0
20190404:0610,1528.5,51.0,10.93,11.33,4.41,0.0
20190404:0710,7865.0,202.0,21.41,10.26,0.83,0.0
20190404:0810,9702.5,244.0,31.36,10.78,0.28,0.0
20190404:0910,14377.5,354.0,40.17,11.66,1.17,0.0
20190404:1010,4925.5,133.0,46.93,12.65,1.66,0.0
20190404:1110,13979.0,347.0,50.44,13.68,1.79,0.0
20190404:1210,22942.0,564.0,49.79,14.38,2.41,0.0
20190404:1310,7290.0,189.0,45.17,14.22,2.55,0.0
20190404:1410,3054.0,89.0,37.67,13.36,2.0,0.0
20190404:1510,10035.0,253.0,28.44,12.98,1.52,0.0
20190404:1610,6768.0,180.0,18.28,12.85,1.17,0.0
20190404:1710,2335.5,89.0,7.73,11.83,0.34,0.0
20190404:1810,0.0,0.0,0.0,10.36,0.97,0.0
20190404:1910,0.0,0.0,0.0,9.0,1.38,0.0
20190404:2010,0.0,0.0,0.0,8.23,1.38,0.0
20190404:2110,0.0,0.0,0.0,7.46,1.24,0.0
20190404:2210,0.0,0.0,0.0,7.0,1.79,0.0
20190404:2310,0.0,0.0,0.0,6.6,2.07,0.0
20190405:0010,0.0,0.0,0.0,6.48,2.21,0.0
20190405:0110,0.0,0.0,0.0,5.91,2.07,0.0
20190405:0210,0.0,0.0,0.0,5.2,1.93,0.0
20190405:0310,0.0,0.0,0.0,4.29,1.17,0.0
20190405:0410,0.0,0.0,0.0,4.52,0.69,0.0
20190405:0510,0.0,0.0,0.0,3.78,0.55,0.0
20190405:0610,5032.5,157.0,11.25,3.71,0.48,0.0
20190405:0710,13678.5,346.0,21.74,7.13,0.48,0.0
20190405:0810,20799.5,512.01,31.7,9.75,0.21,0.0
20190405:0910,27051.5,674.01,40.53,12.44,0.48,0.0
20190405:1010,31215.5,787.01,47.31,14.48,0.97,0.0
20190405:1110,33463.5,851.01,50.83,16.1,1.31,0.0
20190405:1210,32911.0,837.01,50.15,17.1,1.52,0.0
20190405:1310,30408.5,771.01,45.48,17.88,1.52,0.0
20190405:1410,25467.5,640.01,37.94,18.12,1.72,0.0
20190405:1510,18769.0,473.01,28.67,17.7,2.41,0.0
20190405:1610,10661.5,290.0,18.5,16.55,3.24,0.0
20190405:1710,2517.5,99.0,7.94,14.82,3.38,0.0
20190405:1810,0.0,0.0,0.0,12.69,3.31,0.0
20190405:1910,0.0,0.0,0.0,11.57,2.62,0.0
20190405:2010,0.0,0.0,0.0,10.88,2.21,0.0
20190405:2110,0.0,0.0,0.0,10.34,1.79,0.0
20190405:2210,0.0,0.0,0.0,9.81,1.59,0.0
20190405:2310,0.0,0.0,0.0,9.22,1.31,0.0
20190406:0010,0.0,0.0,0.0,8.45,1.1,0.0
20190406:0110,0.0,0.0,0.0,8.47,0.9,0.0
20190406:0210,0.0,0.0,0.0,8.18,0.9,0.0
20190406:0310,0.0,0.0,0.0,7.65,1.03,0.0
20190406:0410,0.0,0.0,0.0,7.36,0.97,0.0
20190406:0510,0.0,0.0,0.0,7.39,0.9,0.0
20190406:0610,3198.0,94.0,11.58,7.97,0.69,0.0
20190406:0710,10956.0,277.0,22.06,9.54,0.69,0.0
20190406:0810,11618.5,288.0,32.04,10.17,0.48,0.0
20190406:0910,20591.0,508.0,40.89,11.08,0.21,0.0
20190406:1010,28723.5,723.01,47.69,11.9,0.14,0.0
20190406:1110,27948.5,703.01,51.21,13.02,0.48,0.0
20190406:1210,12135.0,304.0,50.51,13.53,1.1,0.0
20190406:1310,26078.0,645.01,45.79,13.89,1.52,0.0
20190406:1410,11835.0,296.0,38.2,13.63,1.45,0.0
20190406:1510,6431.5,169.0,28.91,13.77,1.59,0.0
20190406:1610,3211.5,93.0,18.71,13.9,1.86,0.0
20190406:1710,865.5,34.0,8.15,13.27,1.59,0.0
20190406:1810,0.0,0.0,0.0,11.6,1.45,0.0
20190406:1910,0.0,0.0,0.0,10.48,1.31,0.0
20190406:2010,0.0,0.0,0.0,9.78,1.52,0.0
20190406:2110,0.0,0.0,0.0,9.01,1.45,0.0
20190406:2210,0.0,0.0,0.0,8.76,1.45,0.0
20190406:2310,0.0,0.0,0.0,8.55,1.24,0.0
20190407:0010,0.0,0.0,0.0,8.18,1.03,0.0
20190407:0110,0.0,0.0,0.0,8.15,0.69,0.0
20190407:0210,0.0,0.0,0.0,8.1,0.76,0.0
20190407:0310,0.0,0.0,0.0,8.06,0.76,0.0
20190407:0410,0.0,0.0,0.0,8.03,0.55,0.0
20190407:0510,0.0,0.0,0.0,8.16,0.28,0.0
20190407:0610,528.5,24.0,11.89,8.12,0.14,0.0
20190407:0710,1227.0,43.0,22.39,9.06,0.76,0.0
20190407:0810,10858.0,269.0,32.38,9.46,0.62,0.0
20190407:0910,4886.5,131.0,41.25,9.88,0.28,0.0
20190407:1010,7563.5,194.0,48.07,11.09,0.55,0.0
20190407:1110,13086.0,324.0,51.59,11.65,1.1,0.0
20190407:1210,11680.5,290.0,50.86,11.78,1.66,0.0
20190407:1310,4118.5,114.0,46.1,12.43,1.38,0.0
20190407:1410,1674.0,55.0,38.47,12.39,0.97,0.0
20190407:1510,2153.5,67.0,29.14,12.69,1.17,0.0
20190407:1610,3732.5,105.0,18.93,12.56,1.52,0.0
20190407:1710,2164.0,74.0,8.36,12.12,1.31,0.0
20190407:1810,0.0,0.0,0.0,11.14,1.1,0.0
20190407:1910,0.0,0.0,0.0,9.04,1.45,0.0
20190407:2010,0.0,0.0,0.0,8.27,1.45,0.0
20190407:2110,0.0,0.0,0.0,7.44,1.59,0.0
20190407:2210,0.0,0.0,0.0,6.45,1.59,0.0
20190407:2310,0.0,0.0,0.0,5.69,1.66,0.0
20190408:0010,0.0,0.0,0.0,5.28,1.66,0.0
20190408:0110,0.0,0.0,0.0,4.45,1.59,0.0
20190408:0210,0.0,0.0,0.0,3.75,1.52,0.0
20190408:0310,0.0,0.0,0.0,3.18,1.59,0.0
20190408:0410,0.0,0.0,0.0,2.67,1.66,0.0
20190408:0510,0.0,0.0,0.0,2.23,1.66,0.0
20190408:0610,5570.5,164.0,12.21,3.67,1.17,0.0
20190408:0710,14434.0,361.0,22.71,8.06,1.45,0.0
20190408:0810,22455.0,547.01,32.71,11.0,1.59,0.0
20190408:0910,28234.0,695.01,41.6,13.59,1.79,0.0
20190408:1010,32071.5,805.01,48.44,15.46,1.66,0.0
20190408:1110,33733.5,863.01,51.97,16.73,1.24,0.0
20190408:1210,32793.0,848.01,51.22,17.65,0.83,0.0
20190408:1310,29540.0,762.01,46.41,18.3,0.62,0.0
20190408:1410,25384.0,648.01,38.73,18.65,0.76,0.0
20190408:1510,19123.0,487.0,29.37,18.57,1.38,0.0
20190408:1610,10899.5,296.0,19.14,17.98,2.14,0.0
20190408:1710,2853.0,109.0,8.58,16.75,2.34,0.0
20190408:1810,0.0,0.0,0.0,14.66,2.83,0.0
20190408:1910,0.0,0.0,0.0,13.58,2.55,0.0
20190408:2010,0.0,0.0,0.0,12.2,2.55,0.0
20190408:2110,0.0,0.0,0.0,11.11,2.48,0.0
20190408:2210,0.0,0.0,0.0,10.11,2.21,0.0
20190408:2310,0.0,0.0,0.0,9.29,2.07,0.0
20190409:0010,0.0,0.0,0.0,8.8,1.93,0.0
20190409:0110,0.0,0.0,0.0,8.06,1.79,0.0
20190409:0210,0.0,0.0,0.0,7.28,1.24,0.0
20190409:0310,0.0,0.0,0.0,7.04,1.03,0.0
20190409:0410,0.0,0.0,0.0,7.02,0.83,0.0
20190409:0510,0.0,0.0,0.0,7.25,0.41,0.0
20190409:0610,5880.0,178.0,12.52,7.27,0.41,0.0
20190409:0710,14368.0,364.0,23.03,10.07,0.69,0.0
20190409:0810,21750.0,539.01,33.04,12.88,0.76,0.0
20190409:0910,27499.5,691.01,41.95,14.93,0.76,0.0
20190409:1010,31124.0,803.01,48.82,16.34,0.34,0.0
20190409:1110,32541.0,857.01,52.35,17.61,0.07,0.0
20190409:1210,31743.5,828.01,51.57,18.33,0.48,0.0
20190409:1310,29916.5,772.01,46.71,18.82,0.76,0.0
20190409:1410,24908.5,633.01,38.99,18.94,1.1,0.0
20190409:1510,16728.0,420.0,29.6,17.05,2.07,0.0
20190409:1610,2887.5,86.0,19.36,16.39,2.55,0.0
20190409:1710,2358.0,80.0,8.79,15.59,2.48,0.0
20190409:1810,0.0,0.0,0.0,14.37,2.0,0.0
20190409:1910,0.0,0.0,0.0,13.16,1.93,0.0
20190409:2010,0.0,0.0,0.0,12.14,1.93,0.0
20190409:2110,0.0,0.0,0.0,11.01,2.0,0.0
20190409:2210,0.0,0.0,0.0,9.96,1.79,0.0
20190409:2310,0.0,0.0,0.0,8.74,1.52,0.0
20190410:0010,0.0,0.0,0.0,8.27,1.31,0.0
20190410:0110,0.0,0.0,0.0,8.09,1.1,0.0
20190410:0210,0.0,0.0,0.0,8.07,0.83,0.0
20190410:0310,0.0,0.0,0.0,7.75,0.76,0.0
20190410:0410,0.0,0.0,0.0,7.4,0.76,0.0
20190410:0510,0.0,0.0,0.0,7.38,0.69,0.0
20190410:0610,5175.0,149.0,12.83,7.75,0.55,0.0
20190410:0710,8902.5,225.0,23.34,9.71,0.97,0.0
20190410:0810,16631.0,409.0,33.37,12.27,1.17,0.0
20190410:0910,22118.0,549.0,42.3,13.97,0.9,0.0
20190410:1010,25185.5,635.01,49.19,15.36,0.69,0.0
20190410:1110,29948.0,767.01,52.73,16.4,0.69,0.0
20190410:1210,29627.5,757.01,51.92,16.92,0.9,0.0
20190410:1310,20494.5,517.0,47.01,17.22,0.97,0.0
20190410:1410,2139.5,68.0,39.25,17.58,0.9,0.0
20190410:1510,14016.0,357.0,29.83,17.62,0.76,0.0
20190410:1610,11165.5,304.0,19.57,17.15,0.41,0.0
20190410:1710,3066.5,112.0,8.99,15.06,0.14,0.0
20190410:1810,0.0,0.0,0.0,13.78,0.41,0.0
20190410:1910,0.0,0.0,0.0,12.21,1.79,0.0
20190410:2010,0.0,0.0,0.0,11.13,1.72,0.0
20190410:2110,0.0,0.0,0.0,10.28,1.59,0.0
20190410:2210,0.0,0.0,0.0,9.79,1.31,0.0
20190410:2310,0.0,0.0,0.0,9.76,1.1,0.0
20190411:0010,0.0,0.0,0.0,9.31,1.1,0.0
20190411:0110,0.0,0.0,0.0,8.92,0.97,0.0
20190411:0210,0.0,0.0,0.0,9.46,0.69,0.0
20190411:0310,0.0,0.0,0.0,9.3,0.34,0.0
20190411:0410,0.0,0.0,0.0,8.92,0.21,0.0
20190411:0510,0.0,3.0,2.57,8.65,0.14,0.0
20190411:0610,265.0,16.0,13.14,8.81,0.14,0.0
20190411:0710,2645.0,78.0,23.66,9.3,0.62,0.0
20190411:0810,4333.5,118.0,33.7,9.92,0.69,0.0
20190411:0910,11438.0,284.0,42.65,10.77,0.83,0.0
20190411:1010,19096.0,470.0,49.56,11.57,0.76,0.0
20190411:1110,8376.0,214.0,53.1,12.16,0.55,0.0
20190411:1210,5114.5,138.0,52.26,12.8,0.28,0.0
20190411:1310,6767.0,177.0,47.31,12.9,0.28,0.0
20190411:1410,5877.0,156.0,39.5,13.03,0.48,0.0
20190411:1510,10684.0,270.0,30.06,13.15,0.34,0.0
20190411:1610,4049.5,113.0,19.78,12.91,0.34,0.0
20190411:1710,2035.0,67.0,9.2,12.47,0.55,0.0
20190411:1810,0.0,0.0,0.0,11.91,0.97,0.0
20190411:1910,0.0,0.0,0.0,11.2,0.55,0.0
20190411:2010,0.0,0.0,0.0,11.27,0.41,0.0
20190411:2110,0.0,0.0,0.0,10.94,0.34,0.0
20190411:2210,0.0,0.0,0.0,10.78,0.34,0.0
20190411:2310,0.0,0.0,0.0,10.58,0.48,0.0
20190412:0010,0.0,0.0,0.0,9.82,0.83,0.0
20190412:0110,0.0,0.0,0.0,9.2,1.31,0.0
20190412:0210,0.0,0.0,0.0,9.3,1.45,0.0
20190412:0310,0.0,0.0,0.0,9.42,1.38,0.0
20190412:0410,0.0,0.0,0.0,9.4,1.31,0.0
20190412:0510,0.0,4.0,2.88,9.36,1.24,0.0
20190412:0610,772.0,31.0,13.45,9.7,1.38,0.0
20190412:0710,2674.5,79.0,23.97,10.7,2.0,0.0
20190412:0810,8761.0,221.0,34.02,11.32,1.79,0.0
20190412:0910,15354.5,377.0,43.0,12.08,1.59,0.0
20190412:1010,17463.5,432.0,49.92,13.42,1.24,0.0
20190412:1110,13568.5,340.0,53.47,14.3,0.97,0.0
20190412:1210,0.0,0.0,0.0,15.05,0.69,0.0
20190412:1310,14382.5,363.0,47.61,15.48,0.41,0.0
20190412:1410,19160.5,481.0,39.76,15.64,0.48,0.0
20190412:1510,16083.5,405.0,30.28,15.9,0.83,0.0
20190412:1610,10956.5,292.0,19.99,15.82,1.24,0.0
20190412:1710,3207.0,112.0,9.41,15.26,0.97,0.0
20190412:1810,0.0,0.0,0.0,14.1,0.9,0.0
20190412:1910,0.0,0.0,0.0,11.66,1.03,0.0
20190412:2010,0.0,0.0,0.0,11.03,1.03,0.0
20190412:2110,0.0,0.0,0.0,11.57,0.62,0.0
20190412:2210,0.0,0.0,0.0,11.09,0.34,0.0
20190412:2310,0.0,0.0,0.0,8.29,1.24,0.0
20190413:0010,0.0,0.0,0.0,7.63,1.72,0.0
20190413:0110,0.0,0.0,0.0,7.2,1.86,0.0
20190413:0210,0.0,0.0,0.0,7.1,1.72,0.0
20190413:0310,0.0,0.0,0.0,6.76,1.72,0.0
20190413:0410,0.0,0.0,0.0,6.26,1.79,0.0
20190413:0510,49.5,8.0,3.19,6.21,1.59,0.0
20190413:0610,4545.5,126.0,13.75,7.45,1.38,0.0
20190413:0710,4877.5,130.0,24.27,9.44,2.28,0.0
20190413:0810,2897.0,84.0,34.34,9.84,2.28,0.0
20190413:0910,5878.0,154.0,43.34,11.06,2.28,0.0
20190413:1010,16999.5,415.0,50.29,11.79,2.14,0.0
20190413:1110,26309.0,646.0,53.84,12.57,1.93,0.0
20190413:1210,11534.0,288.0,52.95,12.94,1.72,0.0
20190413:1310,17420.0,430.0,47.9,13.49,1.52,0.0
20190413:1410,12713.5,318.0,40.01,14.14,1.24,0.0
20190413:1510,10928.0,276.0,30.5,14.47,1.24,0.0
20190413:1610,4281.5,119.0,20.2,14.33,1.03,0.0
20190413:1710,2661.0,86.0,9.62,13.95,1.1,0.0
20190413:1810,0.0,0.0,0.0,13.03,1.45,0.0
20190413:1910,0.0,0.0,0.0,11.61,1.24,0.0
20190413:2010,0.0,0.0,0.0,10.56,1.72,0.0
20190413:2110,0.0,0.0,0.0,9.8,1.86,0.0
20190413:2210,0.0,0.0,0.0,9.18,1.66,0.0
20190413:2310,0.0,0.0,0.0,8.78,1.45,0.0
20190414:0010,0.0,0.0,0.0,8.8,1.45,0.0
20190414:0110,0.0,0.0,0.0,8.55,1.66,0.0
20190414:0210,0.0,0.0,0.0,8.08,2.0,0.0
20190414:0310,0.0,0.0,0.0,7.56,2.55,0.0
20190414:0410,0.0,0.0,0.0,7.1,2.62,0.0
20190414:0510,151.5,12.0,3.49,6.58,3.1,0.0
20190414:0610,5831.5,160.0,14.05,6.42,3.52,0.0
20190414:0710,15586.0,380.0,24.58,7.64,3.17,0.0
20190414:0810,8014.0,200.0,34.66,8.0,3.45,0.0
20190414:0910,13094.0,315.0,43.67,8.17,3.86,0.0
20190414:1010,22239.5,527.0,50.65,8.39,3.72,0.0
20190414:1110,18177.5,435.0,54.21,9.17,3.45,0.0
20190414:1210,26309.0,631.0,53.29,10.08,3.17,0.0
20190414:1310,23325.5,559.0,48.19,10.28,3.1,0.0
20190414:1410,21785.0,525.0,40.26,11.13,2.55,0.0
20190414:1510,18332.5,445.0,30.73,11.21,2.55,0.0
20190414:1610,11259.5,289.0,20.41,11.02,2.55,0.0
20190414:1710,3518.5,115.0,9.82,10.61,1.93,0.0
20190414:1810,0.0,0.0,0.0,9.86,1.03,0.0
20190414:1910,0.0,0.0,0.0,8.85,0.76,0.0
20190414:2010,0.0,0.0,0.0,8.18,1.1,0.0
20190414:2110,0.0,0.0,0.0,7.79,0.97,0.0
20190414:2210,0.0,0.0,0.0,6.89,1.31,0.0
20190414:2310,0.0,0.0,0.0,6.85,1.72,0.0
20190415:0010,0.0,0.0,0.0,7.15,2.0,0.0
20190415:0110,0.0,0.0,0.0,7.08,1.93,0.0
20190415:0210,0.0,0.0,0.0,7.04,1.79,0.0
20190415:0310,0.0,0.0,0.0,6.84,1.86,0.0
20190415:0410,0.0,0.0,0.0,6.71,1.79,0.0
20190415:0510,98.0,10.0,3.79,6.28,1.86,0.0
20190415:0610,4709.5,129.0,14.34,7.05,1.52,0.0
20190415:0710,16319.0,406.0,24.88,9.5,1.17,0.0
20190415:0810,23823.0,583.01,34.97,11.74,1.31,0.0
20190415:0910,29453.5,732.01,44.01,13.59,1.24,0.0
20190415:1010,33003.0,839.01,51.0,15.01,0.97,0.0
20190415:1110,13877.0,350.0,54.57,15.82,0.97,0.0
20190415:1210,18548.0,466.0,53.62,16.24,1.1,0.0
20190415:1310,5707.0,154.0,48.48,16.59,1.24,0.0
20190415:1410,16965.0,425.0,40.51,16.68,1.38,0.0
20190415:1510,18965.0,476.0,30.95,16.61,1.45,0.0
20190415:1610,12196.5,324.0,20.61,16.4,1.59,0.0
20190415:1710,3793.0,132.0,10.03,15.88,1.24,0.0
20190415:1810,0.0,0.0,0.0,14.15,1.1,0.0
20190415:1910,0.0,0.0,0.0,14.09,0.21,0.0
20190415:2010,0.0,0.0,0.0,13.26,0.28,0.0
20190415:2110,0.0,0.0,0.0,12.61,0.9,0.0
20190415:2210,0.0,0.0,0.0,10.86,1.1,0.0
20190415:2310,0.0,0.0,0.0,10.38,1.03,0.0
20190416:0010,0.0,0.0,0.0,9.55,1.03,0.0
20190416:0110,0.0,0.0,0.0,8.69,1.1,0.0
20190416:0210,0.0,0.0,0.0,8.11,1.17,0.0
20190416:0310,0.0,0.0,0.0,7.39,1.24,0.0
20190416:0410,0.0,0.0,0.0,7.28,1.17,0.0
20190416:0510,237.5,15.0,4.09,7.3,1.03,0.0
20190416:0610,2481.5,74.0,14.64,8.54,0.76,0.0
20190416:0710,10251.5,258.0,25.18,10.69,0.48,0.0
20190416:0810,15816.0,391.0,35.28,12.06,0.48,0.0
20190416:0910,21606.0,536.0,44.34,13.11,0.62,0.0
20190416:1010,31637.0,801.01,51.36,14.07,0.76,0.0
20190416:1110,28683.5,723.01,54.93,14.79,1.03,0.0
20190416:1210,29519.0,744.01,53.96,15.28,1.24,0.0
20190416:1310,23061.5,576.0,48.77,15.65,1.31,0.0
20190416:1410,17510.0,438.0,40.75,16.05,1.1,0.0
20190416:1510,19044.5,479.0,31.16,16.06,0.9,0.0
20190416:1610,11626.0,308.0,20.82,16.14,0.97,0.0
20190416:1710,3876.5,134.0,10.23,15.83,0.97,0.0
20190416:1810,0.0,0.0,0.0,14.5,1.03,0.0
20190416:1910,0.0,0.0,0.0,13.8,1.03,0.0
20190416:2010,0.0,0.0,0.0,11.91,1.45,0.0
20190416:2110,0.0,0.0,0.0,10.61,1.59,0.0
20190416:2210,0.0,0.0,0.0,9.92,1.45,0.0
20190416:2310,0.0,0.0,0.0,9.15,1.59,0.0
20190417:0010,0.0,0.0,0.0,8.96,1.59,0.0
20190417:0110,0.0,0.0,0.0,8.72,1.45,0.0
20190417:0210,0.0,0.0,0.0,8.39,1.38,0.0
20190417:0310,0.0,0.0,0.0,8.19,1.24,0.0
20190417:0410,0.0,0.0,0.0,8.59,1.1,0.0
20190417:0510,399.5,20.81,4.38,8.75,1.03,0.0
20190417:0610,7647.5,218.0,14.93,10.13,0.76,0.0
20190417:0710,15886.0,401.0,25.47,12.73,0.76,0.0
20190417:0810,23174.0,578.01,35.59,14.98,0.97,0.0
20190417:0910,28594.0,723.01,44.67,16.31,0.97,0.0
20190417:1010,32188.5,827.01,51.71,17.28,0.97,0.0
20190417:1110,34125.0,887.01,55.29,17.88,0.9,0.0
20190417:1210,34062.5,883.01,54.29,18.39,1.1,0.0
20190417:1310,31313.0,799.01,49.05,18.52,1.52,0.0
20190417:1410,26535.5,669.01,40.99,18.67,1.72,0.0
20190417:1510,19863.0,502.0,31.38,18.66,1.72,0.0
20190417:1610,12042.0,321.0,21.02,18.43,1.59,0.0
20190417:1710,3888.5,132.0,10.43,17.74,1.1,0.0
20190417:1810,0.0,0.0,0.0,16.19,1.52,0.0
20190417:1910,0.0,0.0,0.0,16.63,0.69,0.0
20190417:2010,0.0,0.0,0.0,15.16,0.69,0.0
20190417:2110,0.0,0.0,0.0,13.85,0.83,0.0
20190417:2210,0.0,0.0,0.0,12.38,0.9,0.0
20190417:2310,0.0,0.0,0.0,11.65,0.83,0.0
20190418:0010,0.0,0.0,0.0,10.83,0.97,0.0
20190418:0110,0.0,0.0,0.0,10.61,0.97,0.0
20190418:0210,0.0,0.0,0.0,10.39,0.97,0.0
20190418:0310,0.0,0.0,0.0,10.41,0.97,0.0
20190418:0410,0.0,0.0,0.0,10.15,0.97,0.0
20190418:0510,365.5,19.83,4.67,10.02,0.97,0.0
20190418:0610,7465.0,210.0,15.21,10.76,0.76,0.0
20190418:0710,15795.0,398.0,25.76,12.98,0.9,0.0
20190418:0810,22756.5,565.0,35.89,15.04,1.31,0.0
20190418:0910,28395.5,709.01,44.99,16.33,1.79,0.0
20190418:1010,32045.5,811.01,52.05,17.43,1.86,0.0
20190418:1110,33523.5,856.01,55.64,18.22,1.86,0.0
20190418:1210,32739.0,838.01,54.62,18.88,1.79,0.0
20190418:1310,29869.0,762.01,49.34,19.34,1.66,0.0
20190418:1410,24369.5,617.01,41.24,19.55,1.59,0.0
20190418:1510,17743.0,450.0,31.59,19.5,1.72,0.0
20190418:1610,9028.0,240.0,21.22,19.28,1.66,0.0
20190418:1710,3568.5,116.0,10.63,18.17,1.1,0.0
20190418:1810,0.0,0.0,0.0,16.56,1.1,0.0
20190418:1910,0.0,0.0,0.0,14.81,1.93,0.0
20190418:2010,0.0,0.0,0.0,13.5,1.79,0.0
20190418:2110,0.0,0.0,0.0,12.43,1.66,0.0
20190418:2210,0.0,0.0,0.0,11.68,1.72,0.0
20190418:2310,0.0,0.0,0.0,11.4,1.79,0.0
20190419:0010,0.0,0.0,0.0,11.06,1.86,0.0
20190419:0110,0.0,0.0,0.0,10.58,1.93,0.0
20190419:0210,0.0,0.0,0.0,10.11,1.86,0.0
20190419:0310,0.0,0.0,0.0,9.51,1.79,0.0
20190419:0410,0.0,0.0,0.0,9.19,1.59,0.0
20190419:0510,534.0,24.79,4.96,9.14,1.38,0.0
20190419:0610,7983.0,225.0,15.5,11.08,0.9,0.0
20190419:0710,16337.0,411.0,26.05,14.0,1.59,0.0
20190419:0810,23390.0,577.0,36.19,15.39,2.14,0.0
20190419:0910,29178.0,727.01,45.31,16.52,2.14,0.0
20190419:1010,33021.0,835.01,52.4,17.27,2.0,0.0
20190419:1110,34448.5,880.01,55.99,18.1,1.93,0.0
20190419:1210,33928.5,871.01,54.94,18.5,1.66,0.0
20190419:1310,26022.5,661.01,49.61,19.1,1.59,0.0
20190419:1410,21754.5,549.0,41.47,19.02,1.59,0.0
20190419:1510,20052.5,509.0,31.81,19.31,1.52,0.0
20190419:1610,12403.0,331.0,21.43,19.27,1.52,0.0
20190419:1710,4209.0,142.0,10.83,18.44,0.97,0.0
20190419:1810,0.0,0.0,0.0,17.83,0.41,0.0
20190419:1910,0.0,0.0,0.0,15.16,1.17,0.0
20190419:2010,0.0,0.0,0.0,13.5,1.31,0.0
20190419:2110,0.0,0.0,0.0,11.09,1.72,0.0
20190419:2210,0.0,0.0,0.0,9.88,1.72,0.0
20190419:2310,0.0,0.0,0.0,9.55,1.52,0.0
20190420:0010,0.0,0.0,0.0,8.97,1.45,0.0
20190420:0110,0.0,0.0,0.0,8.38,1.52,0.0
20190420:0210,0.0,0.0,0.0,7.81,1.59,0.0
20190420:0310,0.0,0.0,0.0,7.41,1.59,0.0
20190420:0410,0.0,0.0,0.0,7.14,1.59,0.0
20190420:0510,664.5,29.34,5.24,6.97,1.59,0.0
20190420:0610,8252.0,228.0,15.77,8.97,1.17,0.0
20190420:0710,16395.5,414.0,26.33,13.82,0.83,0.0
20190420:0810,23443.5,588.0,36.48,16.5,1.1,0.0
20190420:0910,29035.5,735.01,45.62,17.98,1.52,0.0
20190420:1010,32716.0,838.01,52.74,19.15,1.79,0.0
20190420:1110,27405.0,699.0,56.34,19.72,1.93,0.0
20190420:1210,28373.5,725.01,55.26,20.31,2.07,0.0
20190420:1310,30403.0,778.01,49.89,20.57,2.0,0.0
20190420:1410,22690.0,573.0,41.71,20.81,2.48,0.0
20190420:1510,17116.0,434.0,32.02,20.81,2.69,0.0
20190420:1610,9217.5,245.0,21.63,20.31,2.07,0.0
20190420:1710,2189.0,71.0,11.03,19.28,0.97,0.0
20190420:1810,0.0,0.0,0.0,18.81,0.48,0.0
20190420:1910,0.0,0.0,0.0,16.81,0.9,0.0
20190420:2010,0.0,0.0,0.0,16.19,0.97,0.0
20190420:2110,0.0,0.0,0.0,14.46,1.17,0.0
20190420:2210,0.0,0.0,0.0,12.4,1.52,0.0
20190420:2310,0.0,0.0,0.0,11.5,1.45,0.0
20190421:0010,0.0,0.0,0.0,10.82,1.38,0.0
20190421:0110,0.0,0.0,0.0,10.45,1.31,0.0
20190421:0210,0.0,0.0,0.0,11.07,0.97,0.0
20190421:0310,0.0,0.0,0.0,11.64,0.76,0.0
20190421:0410,0.0,0.0,0.0,11.48,0.83,0.0
20190421:0510,323.0,18.0,5.52,11.22,0.76,0.0
20190421:0610,5711.5,156.0,16.05,11.77,0.41,0.0
20190421:0710,5218.0,141.0,26.61,14.01,0.69,0.0
20190421:0810,10918.5,278.0,36.77,15.87,0.83,0.0
20190421:0910,12947.0,329.0,45.93,16.87,0.76,0.0
20190421:1010,12032.0,308.0,53.07,17.85,0.9,0.0
20190421:1110,29260.0,751.01,56.69,19.41,1.52,0.0
20190421:1210,17533.5,446.0,55.58,20.32,2.07,0.0
20190421:1310,19602.5,498.0,50.16,20.84,2.21,0.0
20190421:1410,23045.5,585.0,41.94,21.01,2.0,0.0
20190421:1510,10746.5,279.0,32.23,20.79,1.59,0.0
20190421:1610,5579.5,154.0,21.82,20.46,1.1,0.0
20190421:1710,1944.5,64.0,11.23,19.23,0.62,0.0
20190421:1810,0.0,0.0,0.0,17.75,1.24,0.0
20190421:1910,0.0,0.0,0.0,16.26,1.1,0.0
20190421:2010,0.0,0.0,0.0,15.12,1.03,0.0
20190421:2110,0.0,0.0,0.0,13.6,1.17,0.0
20190421:2210,0.0,0.0,0.0,12.67,1.1,0.0
20190421:2310,0.0,0.0,0.0,12.01,1.1,0.0
20190422:0010,0.0,0.0,0.0,11.38,1.24,0.0
20190422:0110,0.0,0.0,0.0,11.0,1.31,0.0
20190422:0210,0.0,0.0,0.0,10.99,1.72,0.0
20190422:0310,0.0,0.0,0.0,11.33,2.21,0.0
20190422:0410,0.0,0.0,0.0,11.22,2.41,0.0
20190422:0510,26.0,7.0,5.79,10.7,2.28,0.0
20190422:0610,3491.5,99.0,16.32,11.36,2.21,0.0
20190422:0710,10195.5,257.0,26.88,13.79,2.69,0.0
20190422:0810,16622.0,408.0,37.06,14.86,3.31,0.0
20190422:0910,26596.5,651.01,46.24,15.88,3.59,0.0
20190422:1010,17573.5,435.0,53.4,16.88,3.93,0.0
20190422:1110,31098.5,771.01,57.03,17.97,4.21,0.0
20190422:1210,15873.5,397.0,55.9,18.83,4.55,0.0
20190422:1310,21081.0,524.0,50.43,19.45,4.55,0.0
20190422:1410,5575.0,152.0,42.18,19.74,4.48,0.0
20190422:1510,2689.5,82.0,32.44,19.22,4.21,0.0
20190422:1610,1360.0,48.0,22.02,18.26,3.59,0.0
20190422:1710,2456.0,77.0,11.43,16.77,2.62,0.0
20190422:1810,0.0,0.0,0.0,14.8,1.86,0.0
20190422:1910,0.0,0.0,0.0,13.38,2.0,0.0
20190422:2010,0.0,0.0,0.0,12.78,2.21,0.0
20190422:2110,0.0,0.0,0.0,12.46,2.55,0.0
20190422:2210,0.0,0.0,0.0,12.24,3.1,0.0
20190422:2310,0.0,0.0,0.0,11.94,3.38,0.0
20190423:0010,0.0,0.0,0.0,11.57,3.31,0.0
20190423:0110,0.0,0.0,0.0,11.11,3.17,0.0
20190423:0210,0.0,0.0,0.0,10.94,2.9,0.0
20190423:0310,0.0,0.0,0.0,10.8,2.69,0.0
20190423:0410,0.0,0.0,0.0,10.75,2.41,0.0
20190423:0510,0.0,5.0,6.06,10.69,2.14,0.0
20190423:0610,1531.0,51.0,16.59,10.72,1.93,0.0
20190423:0710,5300.5,141.0,27.15,11.37,1.72,0.0
20190423:0810,6843.0,177.0,37.34,11.67,1.66,0.0
20190423:0910,4510.0,123.0,46.54,12.21,1.79,0.0
20190423:1010,3485.0,99.0,53.73,12.66,2.14,0.0
20190423:1110,4626.5,126.0,57.37,12.87,2.14,0.0
20190423:1210,5436.0,145.0,56.21,13.08,2.34,0.0
20190423:1310,4752.0,129.0,50.7,12.87,1.86,0.0
20190423:1410,4323.0,119.0,42.4,12.94,1.72,0.0
20190423:1510,3560.5,101.0,32.64,12.96,1.59,0.0
20190423:1610,4657.0,127.0,22.22,12.97,1.52,0.0
20190423:1710,723.0,30.0,11.63,12.82,1.17,0.0
20190423:1810,0.0,0.0,0.0,12.54,0.97,0.0
20190423:1910,0.0,0.0,0.0,12.17,1.38,0.0
20190423:2010,0.0,0.0,0.0,12.09,1.31,0.0
20190423:2110,0.0,0.0,0.0,12.06,1.1,0.0
20190423:2210,0.0,0.0,0.0,11.99,1.17,0.0
20190423:2310,0.0,0.0,0.0,11.99,1.1,0.0
20190424:0010,0.0,0.0,0.0,11.98,1.17,0.0
20190424:0110,0.0,0.0,0.0,11.92,1.17,0.0
20190424:0210,0.0,0.0,0.0,11.95,1.03,0.0
20190424:0310,0.0,0.0,0.0,12.0,0.83,0.0
20190424:0410,0.0,0.0,0.0,11.84,0.69,0.0
20190424:0510,93.5,10.0,6.33,12.17,0.28,0.0
20190424:0610,1018.0,38.0,16.85,12.3,0.9,0.0
20190424:0710,6777.5,177.0,27.42,13.47,1.45,0.0
20190424:0810,7668.0,198.0,37.62,14.44,2.55,0.0
20190424:0910,11793.0,295.0,46.84,15.27,3.52,0.0
20190424:1010,4923.0,134.0,54.06,15.38,3.93,0.0
20190424:1110,6689.0,175.0,57.7,15.18,4.76,0.0
20190424:1210,13858.0,341.0,56.52,14.67,5.59,0.0
20190424:1310,10741.5,268.0,50.97,14.61,6.14,0.0
20190424:1410,24245.0,583.0,42.63,14.86,5.66,0.0
20190424:1510,21938.5,532.0,32.85,15.58,5.59,0.0
20190424:1610,13414.0,344.0,22.41,15.41,4.69,0.0
20190424:1710,4834.0,153.0,11.82,15.25,4.14,0.0
20190424:1810,0.0,0.0,0.0,14.43,3.79,0.0
20190424:1910,0.0,0.0,0.0,13.58,3.59,0.0
20190424:2010,0.0,0.0,0.0,12.98,3.17,0.0
20190424:2110,0.0,0.0,0.0,12.26,2.62,0.0
20190424:2210,0.0,0.0,0.0,11.69,2.0,0.0
20190424:2310,0.0,0.0,0.0,10.52,1.31,0.0
20190425:0010,0.0,0.0,0.0,10.35,0.83,0.0
20190425:0110,0.0,0.0,0.0,10.56,0.62,0.0
20190425:0210,0.0,0.0,0.0,10.27,0.55,0.0
20190425:0310,0.0,0.0,0.0,9.94,0.69,0.0
20190425:0410,0.0,0.0,0.0,9.66,0.76,0.0
20190425:0510,295.0,17.0,6.59,9.37,0.55,0.0
20190425:0610,8229.0,221.0,17.11,9.31,0.21,0.0
20190425:0710,13502.5,335.0,27.68,11.37,0.97,0.0
20190425:0810,10208.5,257.0,37.89,12.62,0.97,0.0
20190425:0910,19834.0,493.0,47.14,14.3,0.97,0.0
20190425:1010,27741.0,699.01,54.37,14.99,0.97,0.0
20190425:1110,30510.5,782.01,58.03,15.64,0.62,0.0
20190425:1210,12807.0,325.0,56.83,15.82,0.48,0.0
20190425:1310,7120.5,188.0,51.23,16.43,0.55,0.0
20190425:1410,11636.5,297.0,42.86,16.21,0.28,0.0
20190425:1510,4863.0,134.0,33.05,16.17,0.21,0.0
20190425:1610,853.0,34.0,22.6,15.88,0.34,0.0
20190425:1710,284.5,17.0,12.02,15.46,0.83,0.0
20190425:1810,0.0,0.0,0.0,14.49,1.24,0.0
20190425:1910,0.0,0.0,0.0,14.11,0.55,0.0
20190425:2010,0.0,0.0,0.0,13.62,0.62,0.0
20190425:2110,0.0,0.0,0.0,13.39,0.55,0.0
20190425:2210,0.0,0.0,0.0,12.97,0.62,0.0
20190425:2310,0.0,0.0,0.0,12.31,0.69,0.0
20190426:0010,0.0,0.0,0.0,12.14,0.55,0.0
20190426:0110,0.0,0.0,0.0,11.46,0.76,0.0
20190426:0210,0.0,0.0,0.0,11.53,0.76,0.0
20190426:0310,0.0,0.0,0.0,10.78,1.17,0.0
20190426:0410,0.0,0.0,0.0,10.13,1.52,0.0
20190426:0510,755.5,31.0,6.85,9.84,1.52,0.0
20190426:0610,5421.5,146.0,17.36,11.3,1.38,0.0
20190426:0710,6381.0,168.0,27.93,13.73,1.17,0.0
20190426:0810,24076.0,595.0,38.16,15.29,1.86,0.0
20190426:0910,30017.0,753.01,47.42,16.58,1.79,0.0
20190426:1010,33882.5,868.01,54.69,17.69,1.52,0.0
20190426:1110,36002.5,936.01,58.36,18.65,1.38,0.0
20190426:1210,34112.5,888.01,57.13,19.04,1.17,0.0
20190426:1310,19086.0,482.0,51.49,18.27,1.52,0.0
20190426:1410,2336.0,73.0,43.08,18.18,2.28,0.0
20190426:1510,1908.0,62.0,33.25,17.35,2.28,0.0
20190426:1610,2224.5,70.0,22.79,17.15,0.97,0.0
20190426:1710,2142.0,68.0,12.21,15.95,1.72,0.0
20190426:1810,0.0,0.0,0.0,13.12,2.9,0.0
20190426:1910,0.0,0.0,0.0,13.85,1.72,0.0
20190426:2010,0.0,0.0,0.0,12.04,1.72,0.0
20190426:2110,0.0,0.0,0.0,11.09,1.38,0.0
20190426:2210,0.0,0.0,0.0,12.25,0.76,0.0
20190426:2310,0.0,0.0,0.0,11.71,0.62,0.0
20190427:0010,0.0,0.0,0.0,9.2,1.38,0.0
20190427:0110,0.0,0.0,0.0,7.69,1.79,0.0
20190427:0210,0.0,0.0,0.0,7.43,1.93,0.0
20190427:0310,0.0,0.0,0.0,6.84,2.0,0.0
20190427:0410,0.0,0.0,0.0,6.31,1.86,0.0
20190427:0510,2065.5,81.0,7.11,6.19,1.72,0.0
20190427:0610,10132.5,271.0,17.61,8.29,1.38,0.0
20190427:0710,18674.5,462.0,28.19,11.47,1.17,0.0
20190427:0810,25554.5,635.0,38.42,14.18,1.03,0.0
20190427:0910,28231.5,718.01,47.71,16.29,0.69,0.0
20190427:1010,33545.5,878.01,55.0,18.0,0.55,0.0
20190427:1110,35047.5,927.01,58.68,19.29,0.69,0.0
20190427:1210,34706.0,917.01,57.43,20.35,0.9,0.0
20190427:1310,31493.5,822.01,51.74,21.05,1.1,0.0
20190427:1410,25568.0,656.0,43.3,21.29,1.38,0.0
20190427:1510,21172.0,541.0,33.45,21.32,1.66,0.0
20190427:1610,13553.5,358.0,22.98,20.75,2.14,0.0
20190427:1710,5296.5,168.0,12.4,19.39,2.48,0.0
20190427:1810,0.0,0.0,0.0,17.27,2.97,0.0
20190427:1910,0.0,0.0,0.0,14.91,3.38,0.0
20190427:2010,0.0,0.0,0.0,13.58,3.03,0.0
20190427:2110,0.0,0.0,0.0,12.63,2.69,0.0
20190427:2210,0.0,0.0,0.0,11.85,2.21,0.0
20190427:2310,0.0,0.0,0.0,10.73,1.45,0.0
20190428:0010,0.0,0.0,0.0,9.95,1.24,0.0
20190428:0110,0.0,0.0,0.0,9.39,1.38,0.0
20190428:0210,0.0,0.0,0.0,8.58,1.45,0.0
20190428:0310,0.0,0.0,0.0,7.48,1.72,0.0
20190428:0410,0.0,0.0,0.0,7.01,1.72,0.0
20190428:0510,2238.0,86.0,7.36,6.84,1.72,0.0
20190428:0610,8660.0,227.0,17.86,8.89,1.17,0.0
20190428:0710,19008.0,471.0,28.43,13.7,2.21,0.0
20190428:0810,26190.0,644.0,38.68,15.2,2.48,0.0
20190428:0910,31543.5,789.01,47.99,16.11,2.07,0.0
20190428:1010,34811.5,882.01,55.3,16.92,2.14,0.0
20190428:1110,35945.0,916.01,59.0,17.57,2.28,0.0
20190428:1210,32097.0,813.01,57.72,17.75,2.28,0.0
20190428:1310,21608.0,542.0,52.0,17.91,2.14,0.0
20190428:1410,17348.5,436.0,43.52,17.94,1.79,0.0
20190428:1510,21557.0,542.0,33.64,17.69,1.52,0.0
20190428:1610,12807.5,333.0,23.17,17.58,1.38,0.0
20190428:1710,4509.5,135.0,12.59,17.08,0.97,0.0
20190428:1810,0.0,0.0,0.0,15.47,1.03,0.0
20190428:1910,0.0,0.0,0.0,13.52,1.31,0.0
20190428:2010,0.0,0.0,0.0,11.16,1.79,0.0
20190428:2110,0.0,0.0,0.0,9.7,1.86,0.0
20190428:2210,0.0,0.0,0.0,8.59,1.86,0.0
20190428:2310,0.0,0.0,0.0,7.9,1.72,0.0
20190429:0010,0.0,0.0,0.0,8.18,1.38,0.0
20190429:0110,0.0,0.0,0.0,9.16,1.03,0.0
20190429:0210,0.0,0.0,0.0,8.91,0.9,0.0
20190429:0310,0.0,0.0,0.0,8.22,1.1,0.0
20190429:0410,0.0,0.0,0.0,7.57,1.1,0.0
20190429:0510,2348.5,89.0,7.6,7.11,1.03,0.0
20190429:0610,10586.0,282.0,18.1,8.1,0.41,0.0
20190429:0710,19213.0,475.0,28.68,10.59,0.69,0.0
20190429:0810,25531.0,632.0,38.93,12.37,0.69,0.0
20190429:0910,24978.0,619.0,48.26,13.76,1.31,0.0
20190429:1010,32967.5,832.01,55.61,14.96,1.52,0.0
20190429:1110,36214.5,922.01,59.31,15.92,1.79,0.0
20190429:1210,36144.0,922.01,58.01,16.72,1.86,0.0
20190429:1310,33451.5,849.01,52.25,17.25,1.79,0.0
20190429:1410,28055.0,706.01,43.73,17.44,1.59,0.0
20190429:1510,22225.0,561.0,33.84,17.43,1.03,0.0
20190429:1610,14324.0,374.0,23.36,17.27,1.03,0.0
20190429:1710,5365.5,164.0,12.78,16.91,1.52,0.0
20190429:1810,0.0,0.0,0.0,15.5,1.59,0.0
20190429:1910,0.0,0.0,0.0,13.11,1.79,0.0
20190429:2010,0.0,0.0,0.0,11.57,1.38,0.0
20190429:2110,0.0,0.0,0.0,11.0,1.17,0.0
20190429:2210,0.0,0.0,0.0,10.22,1.17,0.0
20190429:2310,0.0,0.0,0.0,9.68,1.17,0.0
20190430:0010,0.0,0.0,0.0,9.77,1.03,0.0
20190430:0110,0.0,0.0,0.0,9.69,0.83,0.0
20190430:0210,0.0,0.0,0.0,9.21,0.69,0.0
20190430:0310,0.0,0.0,0.0,8.61,0.62,0.0
20190430:0410,0.0,0.0,0.0,7.96,0.55,0.0
20190430:0510,2308.5,83.0,7.84,7.53,0.48,0.0
20190430:0610,10515.0,280.0,18.33,9.0,0.41,0.0
20190430:0710,18622.5,463.0,28.91,12.52,0.9,0.0
20190430:0810,25447.5,637.0,39.18,14.91,0.76,0.0
20190430:0910,30286.0,774.01,48.53,16.98,0.83,0.0
20190430:1010,33223.5,866.01,55.9,18.51,0.83,0.0
20190430:1110,34424.0,908.01,59.62,19.65,0.83,0.0
20190430:1210,29116.5,763.01,58.3,20.53,0.69,0.0
20190430:1310,31844.0,841.01,52.49,21.17,0.62,0.0
20190430:1410,27068.0,707.01,43.94,21.55,0.48,0.0
20190430:1510,21385.5,556.0,34.03,21.71,0.34,0.0
20190430:1610,13715.5,366.0,23.55,21.57,0.62,0.0
20190430:1710,5563.5,175.0,12.97,20.76,1.03,0.0
20190430:1810,65.5,9.0,2.65,18.53,1.38,0.0
20190430:1910,0.0,0.0,0.0,16.09,2.83,0.0
20190430:2010,0.0,0.0,0.0,14.7,2.69,0.0
20190430:2110,0.0,0.0,0.0,13.61,2.55,0.0
20190430:2210,0.0,0.0,0.0,12.57,2.28,0.0
20190430:2310,0.0,0.0,0.0,11.54,2.0,0.0
20190501:0010,0.0,0.0,0.0,10.15,1.45,0.0
20190501:0110,0.0,0.0,0.0,10.53,0.83,0.0
20190501:0210,0.0,0.0,0.0,9.51,1.1,0.0
20190501:0310,0.0,0.0,0.0,9.69,0.83,0.0
20190501:0410,0.0,0.0,0.0,9.97,0.14,0.0
20190501:0510,2119.5,73.0,8.08,9.69,0.07,0.0
20190501:0610,10283.0,274.0,18.56,10.41,0.14,0.0
20190501:0710,18346.0,460.0,29.15,13.05,0.28,0.0
20190501:0810,25117.0,633.0,39.42,15.23,0.41,0.0
20190501:0910,29866.0,770.01,48.79,16.85,0.34,0.0
20190501:1010,32754.0,865.01,56.19,18.29,0.21,0.0
20190501:1110,33909.0,907.01,59.93,19.45,0.21,0.0
20190501:1210,33743.5,902.01,58.59,20.3,0.34,0.0
20190501:1310,31846.0,835.01,52.74,20.64,0.83,0.0
20190501:1410,27576.0,706.01,44.15,20.79,1.52,0.0
20190501:1510,21555.5,546.0,34.22,20.52,2.07,0.0
20190501:1610,13737.0,359.0,23.73,20.17,2.41,0.0
20190501:1710,5771.0,178.0,13.15,19.35,2.41,0.0
20190501:1810,66.0,9.0,2.85,17.86,2.48,0.0
20190501:1910,0.0,0.0,0.0,16.02,2.9,0.0
20190501:2010,0.0,0.0,0.0,14.67,2.83,0.0
20190501:2110,0.0,0.0,0.0,13.7,2.76,0.0
20190501:2210,0.0,0.0,0.0,12.95,2.62,0.0
20190501:2310,0.0,0.0,0.0,12.37,2.48,0.0
20190502:0010,0.0,0.0,0.0,11.91,2.34,0.0
20190502:0110,0.0,0.0,0.0,11.41,2.14,0.0
20190502:0210,0.0,0.0,0.0,10.97,2.0,0.0
20190502:0310,0.0,0.0,0.0,10.7,1.93,0.0
20190502:0410,0.0,0.0,0.0,10.46,1.79,0.0
20190502:0510,2321.0,80.0,8.31,10.6,1.52,0.0
20190502:0610,10237.0,271.0,18.79,11.69,1.72,0.0
20190502:0710,15789.5,392.0,29.37,14.07,1.79,0.0
20190502:0810,23315.5,576.0,39.66,15.79,2.07,0.0
20190502:0910,25567.0,638.0,49.05,17.09,2.14,0.0
20190502:1010,27046.5,680.0,56.48,18.06,2.34,0.0
20190502:1110,28760.5,723.0,60.23,18.37,2.83,0.0
20190502:1210,24923.0,622.0,58.87,18.23,3.24,0.0
20190502:1310,20019.0,499.0,52.98,18.25,3.24,0.0
20190502:1410,1904.5,62.0,44.36,17.92,3.24,0.0
20190502:1510,1366.0,48.0,34.41,17.4,3.59,0.0
20190502:1610,5462.0,148.0,23.91,17.07,3.17,0.0
20190502:1710,5992.5,183.0,13.34,16.58,2.28,0.0
20190502:1810,67.0,9.0,3.05,15.76,1.45,0.0
20190502:1910,0.0,0.0,0.0,14.91,1.72,0.0
20190502:2010,0.0,0.0,0.0,13.99,1.38,0.0
20190502:2110,0.0,0.0,0.0,12.79,1.24,0.0
20190502:2210,0.0,0.0,0.0,12.62,0.9,0.0
20190502:2310,0.0,0.0,0.0,13.06,0.21,0.0
20190503:0010,0.0,0.0,0.0,12.66,0.28,0.0
20190503:0110,0.0,0.0,0.0,11.95,0.76,0.0
20190503:0210,0.0,0.0,0.0,11.23,1.03,0.0
20190503:0310,0.0,0.0,0.0,10.95,1.17,0.0
20190503:0410,0.0,0.0,0.0,10.59,1.38,0.0
20190503:0510,70.5,9.0,8.54,10.86,1.17,0.0
20190503:0610,1842.5,59.0,19.01,11.37,0.83,0.0
20190503:0710,6655.5,173.0,29.6,11.98,1.38,0.0
20190503:0810,15037.5,370.0,39.9,12.36,1.45,0.0
20190503:0910,22131.5,553.0,49.31,14.15,0.62,0.0
20190503:1010,25053.5,635.0,56.76,14.96,0.41,0.0
20190503:1110,17437.0,440.0,60.53,16.07,0.69,0.0
20190503:1210,14502.0,367.0,59.15,16.72,0.97,0.0
20190503:1310,20393.0,516.0,53.22,17.32,0.9,0.0
20190503:1410,3149.0,93.0,44.57,17.52,0.97,0.0
20190503:1510,3117.5,92.0,34.6,17.19,1.72,0.0
20190503:1610,2310.0,72.0,24.09,16.92,1.86,0.0
20190503:1710,2342.0,73.0,13.52,16.28,1.72,0.0
20190503:1810,0.0,5.0,3.24,15.6,1.59,0.0
20190503:1910,0.0,0.0,0.0,14.57,0.41,0.0
20190503:2010,0.0,0.0,0.0,13.85,0.07,0.0
20190503:2110,0.0,0.0,0.0,13.11,0.34,0.0
20190503:2210,0.0,0.0,0.0,11.9,1.03,0.0
20190503:2310,0.0,0.0,0.0,10.72,1.24,0.0
20190504:0010,0.0,0.0,0.0,10.23,1.1,0.0
20190504:0110,0.0,0.0,0.0,9.86,1.03,0.0
20190504:0210,0.0,0.0,0.0,9.28,1.1,0.0
20190504:0310,0.0,0.0,0.0,9.34,0.9,0.0
20190504:0410,0.0,0.0,0.0,9.95,0.41,0.0
20190504:0510,1068.0,39.0,8.76,9.91,0.34,0.0
20190504:0610,4554.0,124.0,19.23,10.62,0.34,0.0
20190504:0710,14019.5,348.0,29.82,12.03,0.69,0.0
20190504:0810,22519.5,560.0,40.12,13.39,0.48,0.0
20190504:0910,26850.5,678.0,49.56,14.78,0.55,0.0
20190504:1010,29012.5,742.0,57.04,15.62,0.55,0.0
20190504:1110,30681.0,796.01,60.82,16.65,0.41,0.0
20190504:1210,32244.5,845.01,59.42,17.55,0.34,0.0
20190504:1310,29599.5,770.01,53.45,18.19,0.34,0.0
20190504:1410,25982.0,667.0,44.77,18.57,0.48,0.0
20190504:1510,16080.5,409.0,34.78,18.81,0.83,0.0
20190504:1610,11318.0,294.0,24.27,18.54,1.38,0.0
20190504:1710,4716.5,138.0,13.7,17.85,1.66,0.0
20190504:1810,199.5,14.83,3.43,16.79,1.59,0.0
20190504:1910,0.0,0.0,0.0,14.72,1.38,0.0
20190504:2010,0.0,0.0,0.0,13.84,0.55,0.0
20190504:2110,0.0,0.0,0.0,11.86,2.0,0.0
20190504:2210,0.0,0.0,0.0,11.11,2.28,0.0
20190504:2310,0.0,0.0,0.0,10.36,2.34,0.0
20190505:0010,0.0,0.0,0.0,9.84,2.28,0.0
20190505:0110,0.0,0.0,0.0,9.49,1.72,0.0
20190505:0210,0.0,0.0,0.0,9.53,1.66,0.0
20190505:0310,0.0,0.0,0.0,9.18,2.28,0.0
20190505:0410,0.0,0.0,0.0,8.49,2.41,0.0
20190505:0510,1079.0,39.0,8.98,8.27,2.55,0.0
20190505:0610,2796.0,81.0,19.44,8.18,3.17,0.0
20190505:0710,5173.5,136.0,30.03,8.38,3.1,0.0
20190505:0810,8567.5,213.0,40.35,8.33,3.1,0.0
20190505:0910,8527.0,212.0,49.8,8.05,2.83,0.0
20190505:1010,21960.5,525.0,57.31,8.01,2.41,0.0
20190505:1110,33560.5,819.01,61.11,8.78,1.93,0.0
20190505:1210,36576.5,904.01,59.69,10.0,1.79,0.0
20190505:1310,22532.5,548.0,53.68,11.4,2.14,0.0
20190505:1410,28963.5,706.0,44.97,12.25,2.21,0.0
20190505:1510,23493.0,572.0,34.97,12.73,2.28,0.0
20190505:1610,13230.5,332.0,24.45,12.8,2.21,0.0
20190505:1710,1169.0,42.0,13.89,12.41,1.66,0.0
20190505:1810,0.0,4.0,3.62,11.61,1.03,0.0
20190505:1910,0.0,0.0,0.0,11.7,2.62,0.0
20190505:2010,0.0,0.0,0.0,10.86,2.62,0.0
20190505:2110,0.0,0.0,0.0,9.6,2.14,0.0
20190505:2210,0.0,0.0,0.0,8.15,1.72,0.0
20190505:2310,0.0,0.0,0.0,7.24,1.38,0.0
20190506:0010,0.0,0.0,0.0,6.99,1.17,0.0
20190506:0110,0.0,0.0,0.0,6.89,1.1,0.0
20190506:0210,0.0,0.0,0.0,7.14,0.69,0.0
20190506:0310,0.0,0.0,0.0,6.69,0.34,0.0
20190506:0410,0.0,0.0,0.0,6.27,0.34,0.0
20190506:0510,3375.5,113.0,9.19,5.9,0.62,0.0
20190506:0610,11900.0,307.0,19.65,6.56,0.28,0.0
20190506:0710,20229.0,498.0,30.24,10.65,0.76,0.0
20190506:0810,27067.0,668.0,40.56,12.67,1.17,0.0
20190506:0910,32044.0,811.01,50.03,13.69,0.76,0.0
20190506:1010,34966.5,907.01,57.57,14.73,0.48,0.0
20190506:1110,35996.0,944.01,61.39,15.68,0.48,0.0
20190506:1210,35970.5,943.01,59.96,16.49,0.62,0.0
20190506:1310,33639.5,871.01,53.91,17.07,0.83,0.0
20190506:1410,29149.5,739.01,45.17,17.54,1.31,0.0
20190506:1510,23243.5,583.0,35.15,17.73,1.72,0.0
20190506:1610,15178.5,391.0,24.63,17.57,1.72,0.0
20190506:1710,6681.5,199.0,14.06,17.02,1.31,0.0
20190506:1810,324.5,19.6,3.81,15.63,0.9,0.0
20190506:1910,0.0,0.0,0.0,13.25,1.45,0.0
20190506:2010,0.0,0.0,0.0,11.69,1.45,0.0
20190506:2110,0.0,0.0,0.0,10.86,1.31,0.0
20190506:2210,0.0,0.0,0.0,11.47,0.83,0.0
20190506:2310,0.0,0.0,0.0,10.75,0.28,0.0
20190507:0010,0.0,0.0,0.0,9.99,0.41,0.0
20190507:0110,0.0,0.0,0.0,8.78,0.9,0.0
20190507:0210,0.0,0.0,0.0,7.37,1.03,0.0
20190507:0310,0.0,0.0,0.0,7.48,0.9,0.0
20190507:0410,0.0,0.0,0.0,7.4,0.55,0.0
20190507:0510,3370.5,113.0,9.4,7.31,0.21,0.0
20190507:0610,11206.0,290.0,19.85,8.44,0.28,0.0
20190507:0710,14649.5,361.0,30.44,10.07,0.28,0.0
20190507:0810,23703.5,588.0,40.78,12.34,0.41,0.0
20190507:0910,30704.0,781.01,50.27,14.28,0.48,0.0
20190507:1010,27008.5,688.0,57.83,15.72,0.62,0.0
20190507:1110,24020.5,610.0,61.67,16.5,0.83,0.0
20190507:1210,25814.0,654.0,60.22,16.93,1.31,0.0
20190507:1310,23233.0,581.0,54.13,17.5,2.34,0.0
20190507:1410,17743.0,440.0,45.37,17.28,3.45,0.0
20190507:1510,9604.0,245.0,35.33,16.84,3.79,0.0
20190507:1610,13686.5,346.0,24.8,16.18,3.79,0.0
20190507:1710,6667.0,195.0,14.24,15.31,3.24,0.0
20190507:1810,359.5,20.59,4.0,14.29,2.62,0.0
20190507:1910,0.0,0.0,0.0,12.82,2.28,0.0
20190507:2010,0.0,0.0,0.0,11.77,1.59,0.0
20190507:2110,0.0,0.0,0.0,10.39,1.24,0.0
20190507:2210,0.0,0.0,0.0,9.56,1.24,0.0
20190507:2310,0.0,0.0,0.0,9.21,1.17,0.0
20190508:0010,0.0,0.0,0.0,9.4,0.97,0.0
20190508:0110,0.0,0.0,0.0,9.36,0.9,0.0
20190508:0210,0.0,0.0,0.0,9.82,0.62,0.0
20190508:0310,0.0,0.0,0.0,9.85,0.28,0.0
20190508:0410,0.0,0.0,0.0,9.57,0.55,0.0
20190508:0510,1147.5,41.0,9.6,9.42,0.62,0.0
20190508:0610,1066.5,39.0,20.04,10.33,0.9,0.0
20190508:0710,4555.5,124.0,30.63,11.71,1.03,0.0
20190508:0810,6119.0,161.0,40.98,12.13,0.62,0.0
20190508:0910,3946.0,110.0,50.49,12.31,0.83,0.0
20190508:1010,4714.0,128.0,58.09,12.33,1.17,0.0
20190508:1110,4111.5,114.0,61.94,12.71,1.24,0.0
20190508:1210,3099.0,90.0,60.47,12.8,1.03,0.0
20190508:1310,3183.5,92.0,54.36,12.82,1.31,0.0
20190508:1410,3311.0,95.0,45.56,12.75,1.38,0.0
20190508:1510,3143.5,91.0,35.51,12.68,1.24,0.0
20190508:1610,2603.5,78.0,24.97,12.67,1.1,0.0
20190508:1710,1517.0,51.0,14.42,12.27,0.76,0.0
20190508:1810,260.0,16.0,4.19,12.04,0.21,0.0
20190508:1910,0.0,0.0,0.0,10.93,0.83,0.0
20190508:2010,0.0,0.0,0.0,10.68,1.31,0.0
20190508:2110,0.0,0.0,0.0,10.35,1.79,0.0
20190508:2210,0.0,0.0,0.0,10.1,1.66,0.0
20190508:2310,0.0,0.0,0.0,9.94,1.79,0.0
20190509:0010,0.0,0.0,0.0,9.76,2.07,0.0
20190509:0110,0.0,0.0,0.0,9.52,2.07,0.0
20190509:0210,0.0,0.0,0.0,9.42,1.45,0.0
20190509:0310,0.0,0.0,0.0,9.27,1.24,0.0
20190509:0410,0.0,0.0,0.0,9.32,1.17,0.0
20190509:0510,1225.5,43.0,9.8,9.35,0.97,0.0
20190509:0610,4206.0,115.0,20.24,9.61,0.76,0.0
20190509:0710,13519.5,333.0,30.83,10.36,0.69,0.0
20190509:0810,23352.0,573.0,41.18,11.62,0.9,0.0
20190509:0910,26578.5,664.0,50.71,13.08,0.69,0.0
20190509:1010,31455.5,804.01,58.34,14.56,0.62,0.0
20190509:1110,35154.0,915.01,62.21,16.31,0.76,0.0
20190509:1210,33984.0,890.01,60.73,17.89,0.69,0.0
20190509:1310,32665.0,858.01,54.57,18.96,0.48,0.0
20190509:1410,28661.0,741.01,45.75,19.67,0.69,0.0
20190509:1510,22632.0,577.0,35.68,20.11,1.17,0.0
20190509:1610,14584.0,380.0,25.14,20.29,1.52,0.0
20190509:1710,6649.0,198.0,14.59,19.91,1.59,0.0
20190509:1810,556.0,34.62,4.37,18.34,1.79,0.0
20190509:1910,0.0,0.0,0.0,15.89,2.21,0.0
20190509:2010,0.0,0.0,0.0,14.36,1.86,0.0
20190509:2110,0.0,0.0,0.0,12.99,1.03,0.0
20190509:2210,0.0,0.0,0.0,13.14,0.21,0.0
20190509:2310,0.0,0.0,0.0,12.42,0.41,0.0
20190510:0010,0.0,0.0,0.0,10.56,1.1,0.0
20190510:0110,0.0,0.0,0.0,9.97,1.17,0.0
20190510:0210,0.0,0.0,0.0,10.36,0.83,0.0
20190510:0310,0.0,0.0,0.0,11.02,0.34,0.0
20190510:0410,0.0,0.0,0.0,10.58,0.34,0.0
20190510:0510,3619.5,120.0,9.99,10.65,0.34,0.0
20190510:0610,11552.0,302.0,20.42,11.83,0.55,0.0
20190510:0710,19695.5,495.0,31.01,13.85,0.14,0.0
20190510:0810,26423.5,664.0,41.38,15.68,0.83,0.0
20190510:0910,30809.0,786.01,50.93,16.98,1.03,0.0
20190510:1010,32802.0,853.01,58.58,18.05,0.83,0.0
20190510:1110,34440.5,908.01,62.48,19.04,0.76,0.0
20190510:1210,30465.0,795.01,60.98,19.75,0.9,0.0
20190510:1310,30188.0,788.01,54.79,20.61,0.9,0.0
20190510:1410,25782.5,666.0,45.94,21.5,1.03,0.0
20190510:1510,17844.5,458.0,35.85,21.82,1.24,0.0
20190510:1610,10882.0,285.0,25.31,21.55,2.07,0.0
20190510:1710,6143.5,180.0,14.76,20.57,2.07,0.0
20190510:1810,600.5,36.39,4.55,18.97,1.86,0.0
20190510:1910,0.0,0.0,0.0,16.41,2.28,0.0
20190510:2010,0.0,0.0,0.0,14.98,1.93,0.0
20190510:2110,0.0,0.0,0.0,14.04,1.86,0.0
20190510:2210,0.0,0.0,0.0,13.51,1.79,0.0
20190510:2310,0.0,0.0,0.0,12.92,1.86,0.0
20190511:0010,0.0,0.0,0.0,12.31,1.52,0.0
20190511:0110,0.0,0.0,0.0,11.87,1.38,0.0
20190511:0210,0.0,0.0,0.0,11.35,1.45,0.0
20190511:0310,0.0,0.0,0.0,11.12,1.24,0.0
20190511:0410,0.0,0.0,0.0,11.35,0.83,0.0
20190511:0510,2597.0,82.0,10.17,11.92,0.48,0.0
20190511:0610,5474.5,147.0,20.6,12.94,0.69,0.0
20190511:0710,10483.5,265.0,31.19,14.74,1.79,0.0
20190511:0810,20858.5,518.0,41.57,16.02,1.66,0.0
20190511:0910,27127.5,685.0,51.13,17.23,1.38,0.0
20190511:1010,19738.0,500.0,58.82,18.36,1.38,0.0
20190511:1110,16932.5,431.0,62.73,18.99,1.31,0.0
20190511:1210,7074.0,189.0,61.22,19.71,1.45,0.0
20190511:1310,22469.5,572.0,55.0,20.24,1.79,0.0
20190511:1410,28378.5,720.0,46.12,20.16,2.0,0.0
20190511:1510,9348.5,243.0,36.03,19.41,2.0,0.0
20190511:1610,844.5,34.0,25.48,17.94,1.93,0.0
20190511:1710,741.0,31.0,14.93,17.38,2.9,0.0
20190511:1810,414.5,21.81,4.73,16.45,1.66,0.0
20190511:1910,0.0,0.0,0.0,15.47,0.62,0.0
20190511:2010,0.0,0.0,0.0,14.62,0.69,0.0
20190511:2110,0.0,0.0,0.0,12.03,2.0,0.0
20190511:2210,0.0,0.0,0.0,11.16,2.41,0.0
20190511:2310,0.0,0.0,0.0,10.38,2.34,0.0
20190512:0010,0.0,0.0,0.0,9.65,2.21,0.0
20190512:0110,0.0,0.0,0.0,8.97,2.07,0.0
20190512:0210,0.0,0.0,0.0,8.36,2.07,0.0
20190512:0310,0.0,0.0,0.0,7.9,1.93,0.0
20190512:0410,0.0,0.0,0.0,7.8,1.66,0.0
20190512:0510,4112.5,135.0,10.36,8.71,1.24,0.0
20190512:0610,9470.5,243.0,20.78,10.9,1.1,0.0
20190512:0710,12119.5,304.0,31.37,14.77,1.72,0.0
20190512:0810,24989.0,620.0,41.75,16.48,2.14,0.0
20190512:0910,26753.0,665.0,51.34,17.61,3.1,0.0
20190512:1010,31368.5,781.0,59.05,18.01,3.93,0.0
20190512:1110,35908.0,898.01,62.99,18.32,4.28,0.0
20190512:1210,22130.0,549.0,61.46,18.56,4.69,0.0
20190512:1310,8524.0,221.0,55.21,18.52,4.62,0.0
20190512:1410,7891.5,206.0,46.3,18.38,4.34,0.0
20190512:1510,7599.5,199.0,36.19,18.19,4.07,0.0
20190512:1610,5867.5,158.0,25.64,17.83,3.45,0.0
20190512:1710,1909.5,62.0,15.1,17.38,3.31,0.0
20190512:1810,383.5,20.83,4.91,16.59,3.24,0.0
20190512:1910,0.0,0.0,0.0,15.76,3.52,0.0
20190512:2010,0.0,0.0,0.0,15.08,2.76,0.0
20190512:2110,0.0,0.0,0.0,14.05,2.21,0.0
20190512:2210,0.0,0.0,0.0,13.48,2.0,0.0
20190512:2310,0.0,0.0,0.0,12.76,1.79,0.0
20190513:0010,0.0,0.0,0.0,12.19,1.17,0.0
20190513:0110,0.0,0.0,0.0,13.17,0.48,0.0
20190513:0210,0.0,0.0,0.0,12.85,0.07,0.0
20190513:0310,0.0,0.0,0.0,12.46,0.21,0.0
20190513:0410,0.0,0.0,0.0,12.12,0.34,0.0
20190513:0510,2255.0,71.0,10.53,11.94,0.55,0.0
20190513:0610,4830.5,131.0,20.95,12.16,0.76,0.0
20190513:0710,14077.0,350.0,31.54,13.63,1.24,0.0
20190513:0810,20053.0,494.0,41.93,14.17,1.66,0.0
20190513:0910,23039.5,570.0,51.53,14.86,1.93,0.0
20190513:1010,25686.0,641.0,59.27,16.22,2.21,0.0
20190513:1110,31108.0,794.0,63.23,18.56,2.0,0.0
20190513:1210,29243.5,757.0,61.7,20.03,1.31,0.0
20190513:1310,15079.0,389.0,55.41,20.92,0.9,0.0
20190513:1410,16611.0,427.0,46.48,21.54,1.24,0.0
20190513:1510,7711.0,206.0,36.36,21.79,1.79,0.0
20190513:1610,11130.5,291.0,25.81,21.46,1.86,0.0
20190513:1710,6892.0,202.0,15.27,20.51,1.38,0.0
20190513:1810,779.0,44.76,5.09,18.63,1.24,0.0
20190513:1910,0.0,0.0,0.0,16.52,1.31,0.0
20190513:2010,0.0,0.0,0.0,14.96,1.52,0.0
20190513:2110,0.0,0.0,0.0,15.73,0.9,0.0
20190513:2210,0.0,0.0,0.0,15.72,0.62,0.0
20190513:2310,0.0,0.0,0.0,15.05,0.28,0.0
20190514:0010,0.0,0.0,0.0,14.57,0.34,0.0
20190514:0110,0.0,0.0,0.0,13.77,0.9,0.0
20190514:0210,0.0,0.0,0.0,12.91,0.83,0.0
20190514:0310,0.0,0.0,0.0,12.25,0.76,0.0
20190514:0410,0.0,0.0,0.0,11.62,0.9,0.0
20190514:0510,4157.5,133.0,10.7,10.11,1.24,0.0
20190514:0610,12365.0,320.0,21.11,12.05,1.31,0.0
20190514:0710,20011.0,507.0,31.7,15.46,0.07,0.0
20190514:0810,26559.0,675.0,42.1,17.34,0.69,0.0
20190514:0910,31543.0,809.01,51.72,18.53,1.31,0.0
20190514:1010,34869.5,901.01,59.49,19.59,1.86,0.0
20190514:1110,34357.0,886.01,63.48,20.38,2.34,0.0
20190514:1210,35163.5,901.01,61.93,20.71,2.97,0.0
20190514:1310,33697.5,852.01,55.62,20.77,3.66,0.0
20190514:1410,28429.5,709.0,46.66,20.46,4.07,0.0
20190514:1510,8934.5,232.0,36.52,19.65,4.07,0.0
20190514:1610,2452.0,76.0,25.97,18.82,3.66,0.0
20190514:1710,1062.0,40.0,15.43,18.03,3.03,0.0
20190514:1810,23.5,7.0,5.26,17.07,2.9,0.0
20190514:1910,0.0,0.0,0.0,16.3,4.21,0.0
20190514:2010,0.0,0.0,0.0,14.77,3.93,0.0
20190514:2110,0.0,0.0,0.0,13.44,3.24,0.0
20190514:2210,0.0,0.0,0.0,12.25,3.03,0.0
20190514:2310,0.0,0.0,0.0,11.15,3.31,0.0
20190515:0010,0.0,0.0,0.0,10.48,3.38,0.0
20190515:0110,0.0,0.0,0.0,9.88,3.1,0.0
20190515:0210,0.0,0.0,0.0,9.14,2.62,0.0
20190515:0310,0.0,0.0,0.0,8.9,1.52,0.0
20190515:0410,0.0,0.0,0.0,8.55,1.59,0.0
20190515:0510,4299.5,135.0,10.87,8.53,1.93,0.0
20190515:0610,12812.5,325.0,21.27,9.37,2.41,0.0
20190515:0710,21119.0,513.0,31.86,11.08,2.0,0.0
20190515:0810,27715.0,681.0,42.27,12.93,1.59,0.0
20190515:0910,31129.0,784.01,51.91,14.4,1.1,0.0
20190515:1010,35229.0,904.01,59.71,15.6,1.17,0.0
20190515:1110,36633.5,949.01,63.71,16.55,1.24,0.0
20190515:1210,32597.0,829.01,62.16,17.38,2.0,0.0
20190515:1310,34254.5,859.01,55.81,17.61,3.03,0.0
20190515:1410,30491.5,753.0,46.83,17.21,3.45,0.0
20190515:1510,24115.5,594.0,36.69,16.82,3.1,0.0
20190515:1610,16022.0,406.0,26.13,16.56,2.28,0.0
20190515:1710,7528.0,214.0,15.6,16.08,2.07,0.0
20190515:1810,902.0,48.27,5.43,15.1,2.07,0.0
20190515:1910,0.0,0.0,0.0,13.86,1.86,0.0
20190515:2010,0.0,0.0,0.0,12.5,1.93,0.0
20190515:2110,0.0,0.0,0.0,11.07,1.79,0.0
20190515:2210,0.0,0.0,0.0,9.83,1.66,0.0
20190515:2310,0.0,0.0,0.0,8.93,1.52,0.0
20190516:0010,0.0,0.0,0.0,8.5,1.38,0.0
20190516:0110,0.0,0.0,0.0,8.85,0.97,0.0
20190516:0210,0.0,0.0,0.0,8.91,0.9,0.0
20190516:0310,0.0,0.0,0.0,7.96,1.03,0.0
20190516:0410,0.0,0.0,0.0,7.66,1.03,0.0
20190516:0510,4459.5,140.0,11.03,8.28,0.76,0.0
20190516:0610,12721.5,326.0,21.42,9.71,0.69,0.0
20190516:0710,20783.5,511.0,32.01,11.82,1.03,0.0
20190516:0810,27560.5,681.0,42.43,13.23,1.24,0.0
20190516:0910,32721.5,824.01,52.09,14.62,1.31,0.0
20190516:1010,33964.0,868.01,59.91,15.96,1.31,0.0
20190516:1110,33988.5,878.01,63.95,17.02,1.17,0.0
20190516:1210,34305.0,892.01,62.38,18.01,1.1,0.0
20190516:1310,32810.5,849.01,56.01,18.76,1.17,0.0
20190516:1410,28432.0,732.0,47.01,19.33,0.83,0.0
20190516:1510,19468.5,497.0,36.85,19.63,0.69,0.0
20190516:1610,13502.0,350.0,26.28,19.37,0.76,0.0
20190516:1710,6540.5,186.0,15.76,18.55,0.83,0.0
20190516:1810,251.5,16.0,5.6,17.4,0.55,0.0
20190516:1910,0.0,0.0,0.0,16.41,0.14,0.0
20190516:2010,0.0,0.0,0.0,15.55,0.14,0.0
20190516:2110,0.0,0.0,0.0,14.85,0.14,0.0
20190516:2210,0.0,0.0,0.0,14.09,0.21,0.0
20190516:2310,0.0,0.0,0.0,13.47,0.14,0.0
20190517:0010,0.0,0.0,0.0,12.97,0.28,0.0
20190517:0110,0.0,0.0,0.0,12.43,0.41,0.0
20190517:0210,0.0,0.0,0.0,11.78,0.69,0.0
20190517:0310,0.0,0.0,0.0,11.19,0.83,0.0
20190517:0410,0.0,0.0,0.0,11.02,0.9,0.0
20190517:0510,623.0,27.0,11.18,11.19,0.9,0.0
20190517:0610,2697.0,80.0,21.57,11.84,1.1,0.0
20190517:0710,1241.0,44.0,32.16,13.1,1.59,0.0
20190517:0810,6218.5,164.0,42.58,13.67,1.45,0.0
20190517:0910,10732.0,271.0,52.26,14.57,1.72,0.0
20190517:1010,14903.0,372.0,60.11,14.96,1.66,0.0
20190517:1110,8328.5,215.0,64.17,15.3,1.52,0.0
20190517:1210,17730.5,445.0,62.6,16.13,1.31,0.0
20190517:1310,6709.5,178.0,56.2,16.67,1.1,0.0
20190517:1410,5482.5,149.0,47.17,16.96,0.97,0.0
20190517:1510,3608.5,104.0,37.0,17.2,1.31,0.0
20190517:1610,1878.0,61.0,26.44,16.34,1.93,0.0
20190517:1710,1151.5,42.0,15.92,15.35,2.21,0.0
20190517:1810,92.0,10.0,5.77,14.46,2.14,0.0
20190517:1910,0.0,0.0,0.0,12.83,2.0,0.0
20190517:2010,0.0,0.0,0.0,12.21,1.72,0.0
20190517:2110,0.0,0.0,0.0,11.8,1.66,0.0
20190517:2210,0.0,0.0,0.0,11.54,1.59,0.0
20190517:2310,0.0,0.0,0.0,11.36,1.52,0.0
20190518:0010,0.0,0.0,0.0,11.26,1.38,0.0
20190518:0110,0.0,0.0,0.0,10.78,1.31,0.0
20190518:0210,0.0,0.0,0.0,10.78,1.38,0.0
20190518:0310,0.0,0.0,0.0,10.75,1.59,0.0
20190518:0410,0.0,0.0,0.0,10.65,1.59,0.0
20190518:0510,388.0,20.0,11.33,10.64,1.45,0.0
20190518:0610,1648.0,54.0,21.71,10.9,1.45,0.0
20190518:0710,4102.5,113.0,32.3,11.19,1.59,0.0
20190518:0810,3541.0,100.0,42.73,11.62,1.52,0.0
20190518:0910,4132.5,114.0,52.43,11.87,1.72,0.0
20190518:1010,4384.5,120.0,60.31,12.21,2.07,0.0
20190518:1110,4550.5,124.0,64.39,12.54,2.34,0.0
20190518:1210,2980.5,87.0,62.81,12.86,2.62,0.0
20190518:1310,2518.0,76.0,56.38,13.32,2.55,0.0
20190518:1410,2068.0,65.0,47.34,13.4,2.28,0.0
20190518:1510,2266.5,70.0,37.16,13.79,2.41,0.0
20190518:1610,1824.0,59.0,26.59,13.65,2.0,0.0
20190518:1710,1163.5,42.0,16.07,13.34,1.72,0.0
20190518:1810,172.0,13.0,5.93,13.08,1.38,0.0
20190518:1910,0.0,0.0,0.0,12.73,1.24,0.0
20190518:2010,0.0,0.0,0.0,12.15,0.97,0.0
20190518:2110,0.0,0.0,0.0,11.63,0.97,0.0
20190518:2210,0.0,0.0,0.0,11.89,0.62,0.0
20190518:2310,0.0,0.0,0.0,12.21,0.41,0.0
20190519:0010,0.0,0.0,0.0,11.54,0.76,0.0
20190519:0110,0.0,0.0,0.0,10.71,0.97,0.0
20190519:0210,0.0,0.0,0.0,10.61,0.9,0.0
20190519:0310,0.0,0.0,0.0,10.51,0.9,0.0
20190519:0410,0.0,0.0,0.0,10.13,1.03,0.0
20190519:0510,293.0,17.0,11.47,10.61,0.97,0.0
20190519:0610,1920.0,61.0,21.85,11.76,1.1,0.0
20190519:0710,1290.5,45.0,32.44,11.38,1.38,0.0
20190519:0810,5373.5,143.0,42.87,11.71,1.38,0.0
20190519:0910,8068.0,206.0,52.59,12.19,1.52,0.0
20190519:1010,7233.0,187.0,60.5,12.76,1.52,0.0
20190519:1110,7986.0,205.0,64.61,13.1,1.38,0.0
20190519:1210,10949.0,276.0,63.02,13.71,1.1,0.0
20190519:1310,9263.0,237.0,56.57,14.22,0.62,0.0
20190519:1410,11453.0,290.0,47.5,14.73,0.62,0.0
20190519:1510,4738.0,130.0,37.31,14.84,0.97,0.0
20190519:1610,7391.0,193.0,26.74,14.91,0.97,0.0
20190519:1710,1537.0,52.0,16.23,14.69,0.83,0.0
20190519:1810,198.5,14.0,6.09,14.19,0.48,0.0
20190519:1910,0.0,0.0,0.0,13.3,1.17,0.0
20190519:2010,0.0,0.0,0.0,12.36,1.24,0.0
20190519:2110,0.0,0.0,0.0,11.61,1.03,0.0
20190519:2210,0.0,0.0,0.0,11.55,0.83,0.0
20190519:2310,0.0,0.0,0.0,10.99,0.9,0.0
20190520:0010,0.0,0.0,0.0,10.6,0.97,0.0
20190520:0110,0.0,0.0,0.0,10.42,0.9,0.0
20190520:0210,0.0,0.0,0.0,11.18,0.48,0.0
20190520:0310,0.0,0.0,0.0,10.96,0.34,0.0
20190520:0410,0.0,0.0,0.0,10.89,0.41,0.0
20190520:0510,1023.5,38.0,11.61,11.14,0.34,0.0
20190520:0610,5686.0,151.0,21.98,11.42,0.28,0.0
20190520:0710,10985.5,276.0,32.57,13.04,0.83,0.0
20190520:0810,11853.5,297.0,43.01,14.05,1.52,0.0
20190520:0910,16550.5,411.0,52.74,15.33,2.14,0.0
20190520:1010,17611.5,439.0,60.68,16.26,2.28,0.0
20190520:1110,21633.0,542.0,64.82,17.72,2.48,0.0
20190520:1210,22517.0,567.0,63.23,18.79,2.48,0.0
20190520:1310,9147.5,238.0,56.75,19.48,2.55,0.0
20190520:1410,10382.0,268.0,47.66,19.79,2.62,0.0
20190520:1510,8071.0,212.0,37.46,19.42,2.55,0.0
20190520:1610,6289.0,169.0,26.89,18.92,2.69,0.0
20190520:1710,2776.5,84.0,16.38,18.11,2.69,0.0
20190520:1810,437.0,22.0,6.25,17.18,2.21,0.0
20190520:1910,0.0,0.0,0.0,15.39,2.9,0.0
20190520:2010,0.0,0.0,0.0,14.41,2.9,0.0
20190520:2110,0.0,0.0,0.0,13.72,2.76,0.0
20190520:2210,0.0,0.0,0.0,13.14,2.69,0.0
20190520:2310,0.0,0.0,0.0,12.81,2.48,0.0
20190521:0010,0.0,0.0,0.0,12.42,2.21,0.0
20190521:0110,0.0,0.0,0.0,12.05,2.21,0.0
20190521:0210,0.0,0.0,0.0,11.78,2.21,0.0
20190521:0310,0.0,0.0,0.0,11.49,2.07,0.0
20190521:0410,0.0,0.0,0.0,11.18,1.72,0.0
20190521:0510,4703.5,145.0,11.74,11.27,1.45,0.0
20190521:0610,12950.5,333.0,22.11,12.8,1.59,0.0
20190521:0710,20551.0,510.0,32.7,14.93,1.45,0.0
20190521:0810,26947.0,673.0,43.14,16.87,1.72,0.0
20190521:0910,32288.5,821.01,52.89,18.65,1.93,0.0
20190521:1010,35648.5,918.01,60.86,20.03,2.28,0.0
20190521:1110,36772.0,954.01,65.02,21.18,2.48,0.0
20190521:1210,36873.0,958.01,63.42,21.84,2.55,0.0
20190521:1310,33946.0,874.01,56.92,22.15,2.69,0.0
20190521:1410,29694.5,755.0,47.82,22.12,2.83,0.0
20190521:1510,23469.0,590.0,37.61,21.69,3.38,0.0
20190521:1610,16203.5,414.0,27.04,20.8,3.86,0.0
20190521:1710,8299.0,237.0,16.53,19.46,3.52,0.0
20190521:1810,1517.0,65.0,6.41,17.9,3.59,0.0
20190521:1910,0.0,0.0,0.0,15.93,3.52,0.0
20190521:2010,0.0,0.0,0.0,14.92,3.1,0.0
20190521:2110,0.0,0.0,0.0,14.15,2.55,0.0
20190521:2210,0.0,0.0,0.0,13.61,2.28,0.0
20190521:2310,0.0,0.0,0.0,13.1,2.14,0.0
20190522:0010,0.0,0.0,0.0,12.52,2.0,0.0
20190522:0110,0.0,0.0,0.0,12.06,1.72,0.0
20190522:0210,0.0,0.0,0.0,11.16,1.52,0.0
20190522:0310,0.0,0.0,0.0,10.62,1.24,0.0
20190522:0410,0.0,0.0,0.0,10.39,1.1,0.0
20190522:0510,2828.0,85.0,11.87,11.09,0.9,0.0
20190522:0610,12614.5,326.0,22.23,13.64,1.03,0.0
20190522:0710,20017.0,498.0,32.82,16.02,1.72,0.0
20190522:0810,24171.5,606.0,43.27,17.95,1.72,0.0
20190522:0910,31710.0,813.01,53.03,19.38,1.59,0.0
20190522:1010,34312.5,899.01,61.03,20.81,1.38,0.0
20190522:1110,35511.5,944.01,65.22,21.95,1.24,0.0
20190522:1210,35499.5,949.01,63.62,22.6,1.1,0.0
20190522:1310,32870.0,870.01,57.09,23.03,1.17,0.0
20190522:1410,29190.0,753.0,47.97,22.72,1.86,0.0
20190522:1510,23351.5,591.0,37.75,22.46,2.97,0.0
20190522:1610,16024.0,412.0,27.18,21.43,3.03,0.0
20190522:1710,7876.0,224.0,16.67,20.62,2.76,0.0
20190522:1810,1315.0,53.0,6.56,19.65,2.41,0.0
20190522:1910,0.0,0.0,0.0,18.23,2.97,0.0
20190522:2010,0.0,0.0,0.0,16.84,2.83,0.0
20190522:2110,0.0,0.0,0.0,16.01,2.41,0.0
20190522:2210,0.0,0.0,0.0,15.56,2.21,0.0
20190522:2310,0.0,0.0,0.0,14.97,2.0,0.0
20190523:0010,0.0,0.0,0.0,14.2,1.59,0.0
20190523:0110,0.0,0.0,0.0,13.37,1.03,0.0
20190523:0210,0.0,0.0,0.0,13.22,0.76,0.0
20190523:0310,0.0,0.0,0.0,12.99,0.83,0.0
20190523:0410,0.0,0.0,0.0,13.02,0.62,0.0
20190523:0510,4894.5,152.0,11.99,13.15,0.62,0.0
20190523:0610,12738.5,331.0,22.35,14.36,0.62,0.0
20190523:0710,20192.0,509.0,32.93,16.72,0.76,0.0
20190523:0810,26546.0,677.0,43.39,17.88,0.62,0.0
20190523:0910,31456.0,820.01,53.17,18.84,0.55,0.0
20190523:1010,34024.5,902.01,61.19,19.97,0.62,0.0
20190523:1110,35562.5,947.01,65.41,21.05,0.97,0.0
20190523:1210,35615.0,947.01,63.81,22.09,1.24,0.0
20190523:1310,33011.5,868.01,57.26,22.71,1.45,0.0
20190523:1410,28931.5,751.0,48.12,23.02,1.52,0.0
20190523:1510,22934.5,588.0,37.9,23.07,1.86,0.0
20190523:1610,15892.0,413.0,27.32,22.69,2.14,0.0
20190523:1710,7357.0,209.0,16.82,21.8,2.21,0.0
20190523:1810,1366.5,54.0,6.72,20.57,2.07,0.0
20190523:1910,0.0,0.0,0.0,18.63,2.62,0.0
20190523:2010,0.0,0.0,0.0,17.18,2.48,0.0
20190523:2110,0.0,0.0,0.0,16.07,2.34,0.0
20190523:2210,0.0,0.0,0.0,15.27,2.14,0.0
20190523:2310,0.0,0.0,0.0,14.61,1.93,0.0
20190524:0010,0.0,0.0,0.0,14.11,1.79,0.0
20190524:0110,0.0,0.0,0.0,13.46,1.66,0.0
20190524:0210,0.0,0.0,0.0,13.07,1.31,0.0
20190524:0310,0.0,0.0,0.0,12.63,1.03,0.0
20190524:0410,0.0,0.0,0.0,12.66,0.9,0.0
20190524:0510,2886.0,87.0,12.11,13.02,0.83,0.0
20190524:0610,11861.5,307.0,22.46,14.52,0.9,0.0
20190524:0710,19229.0,484.0,33.04,16.57,0.76,0.0
20190524:0810,23629.5,597.0,43.5,17.76,0.97,0.0
20190524:0910,26143.5,672.0,53.3,19.22,0.83,0.0
20190524:1010,28716.0,752.0,61.35,20.58,0.69,0.0
20190524:1110,34082.5,909.01,65.59,21.58,0.83,0.0
20190524:1210,33366.0,890.01,63.99,22.41,0.9,0.0
20190524:1310,32430.0,857.01,57.43,22.72,1.1,0.0
20190524:1410,0.0,0.0,0.0,23.15,1.1,0.0
20190524:1510,22958.5,590.0,38.04,23.04,1.59,0.0
20190524:1610,14797.5,386.0,27.46,22.19,1.17,0.0
20190524:1710,2407.5,76.0,16.96,21.69,0.69,0.0
20190524:1810,1368.0,54.0,6.86,20.6,0.55,0.0
20190524:1910,0.0,0.0,0.0,18.98,1.31,0.0
20190524:2010,0.0,0.0,0.0,17.47,1.79,0.0
20190524:2110,0.0,0.0,0.0,16.59,2.0,0.0
20190524:2210,0.0,0.0,0.0,15.84,1.86,0.0
20190524:2310,0.0,0.0,0.0,14.81,1.72,0.0
20190525:0010,0.0,0.0,0.0,13.92,1.66,0.0
20190525:0110,0.0,0.0,0.0,13.29,1.59,0.0
20190525:0210,0.0,0.0,0.0,13.04,1.31,0.0
20190525:0310,0.0,0.0,0.0,13.09,1.1,0.0
20190525:0410,6.0,6.0,2.43,12.85,1.03,0.0
20190525:0510,3492.5,104.0,12.22,13.16,0.9,0.0
20190525:0610,11750.0,305.0,22.56,15.02,0.69,0.0
20190525:0710,17620.5,441.0,33.14,16.0,1.03,0.0
20190525:0810,22749.0,573.0,43.61,17.3,0.97,0.0
20190525:0910,27434.5,707.0,53.42,18.9,0.69,0.0
20190525:1010,28885.0,754.0,61.5,20.19,0.76,0.0
20190525:1110,33710.0,900.01,65.77,20.78,0.55,0.0
20190525:1210,32646.5,886.01,64.17,21.71,0.0,0.0
20190525:1310,26276.5,691.0,57.59,22.03,0.48,0.0
20190525:1410,18986.5,490.0,48.42,22.34,1.1,0.0
20190525:1510,1712.5,58.0,38.17,21.5,1.45,0.0
20190525:1610,941.5,37.0,27.59,19.94,1.03,0.0
20190525:1710,944.5,37.0,17.1,19.37,1.17,0.0
20190525:1810,4.0,6.0,7.01,19.03,0.97,0.0
20190525:1910,0.0,0.0,0.0,18.02,2.14,0.0
20190525:2010,0.0,0.0,0.0,17.16,1.59,0.0
20190525:2110,0.0,0.0,0.0,16.22,0.83,0.0
20190525:2210,0.0,0.0,0.0,15.17,1.59,0.0
20190525:2310,0.0,0.0,0.0,14.44,1.59,0.0
20190526:0010,0.0,0.0,0.0,14.02,1.38,0.0
20190526:0110,0.0,0.0,0.0,13.56,1.24,0.0
20190526:0210,0.0,0.0,0.0,12.94,1.17,0.0
20190526:0310,0.0,0.0,0.0,13.76,0.41,0.0
20190526:0410,0.0,1.0,2.55,13.75,0.21,0.0
20190526:0510,199.0,14.0,12.32,13.76,0.55,0.0
20190526:0610,2662.5,80.0,22.66,14.44,1.1,0.0
20190526:0710,3468.0,100.0,33.24,15.61,0.9,0.0
20190526:0810,9666.5,249.0,43.71,16.77,0.9,0.0
20190526:0910,15083.5,382.0,53.54,17.51,1.1,0.0
20190526:1010,15826.5,401.0,61.64,18.13,1.45,0.0
20190526:1110,19057.0,482.0,65.94,18.81,1.93,0.0
20190526:1210,4771.0,133.0,64.35,19.39,2.14,0.0
20190526:1310,7579.0,201.0,57.74,19.94,2.07,0.0
20190526:1410,28117.5,717.0,48.56,20.75,1.86,0.0
20190526:1510,21548.5,546.0,38.31,20.97,1.93,0.0
20190526:1610,10653.5,278.0,27.73,21.16,1.59,0.0
20190526:1710,2498.5,78.0,17.23,20.62,0.48,0.0
20190526:1810,337.0,19.0,7.15,19.72,0.69,0.0
20190526:1910,0.0,0.0,0.0,19.21,0.48,0.0
20190526:2010,0.0,0.0,0.0,17.63,0.83,0.0
20190526:2110,0.0,0.0,0.0,17.77,0.55,0.0
20190526:2210,0.0,0.0,0.0,17.42,0.21,0.0
20190526:2310,0.0,0.0,0.0,14.85,1.1,0.0
20190527:0010,0.0,0.0,0.0,14.16,1.72,0.0
20190527:0110,0.0,0.0,0.0,13.85,1.79,0.0
20190527:0210,0.0,0.0,0.0,13.54,1.59,0.0
20190527:0310,0.0,0.0,0.0,13.42,1.17,0.0
20190527:0410,24.5,7.0,2.66,14.01,0.83,0.0
20190527:0510,1764.0,58.0,12.42,14.55,0.48,0.0
20190527:0610,679.5,29.0,22.75,14.96,0.28,0.0
20190527:0710,3121.0,92.0,33.33,16.67,0.9,0.0
20190527:0810,6647.5,177.0,43.81,17.13,0.9,0.0
20190527:0910,5787.0,156.0,53.65,16.78,1.31,0.0
20190527:1010,4499.5,125.0,61.78,16.46,1.66,0.0
20190527:1110,6737.0,178.0,66.11,16.17,1.59,0.0
20190527:1210,6263.0,167.0,64.52,16.13,1.03,0.0
20190527:1310,5749.5,155.0,57.89,16.44,1.03,0.0
20190527:1410,11188.5,285.0,48.7,16.65,1.31,0.0
20190527:1510,7980.5,208.0,38.44,16.66,1.45,0.0
20190527:1610,5788.5,156.0,27.86,16.88,1.59,0.0
20190527:1710,3638.5,105.0,17.37,16.94,1.52,0.0
20190527:1810,23.5,7.0,7.29,16.6,1.1,0.0
20190527:1910,0.0,0.0,0.0,15.43,0.69,0.0
20190527:2010,0.0,0.0,0.0,14.99,0.9,0.0
20190527:2110,0.0,0.0,0.0,14.69,0.83,0.0
20190527:2210,0.0,0.0,0.0,14.16,0.9,0.0
20190527:2310,0.0,0.0,0.0,13.66,1.03,0.0
20190528:0010,0.0,0.0,0.0,13.1,0.97,0.0
20190528:0110,0.0,0.0,0.0,12.46,0.97,0.0
20190528:0210,0.0,0.0,0.0,12.32,0.76,0.0
20190528:0310,0.0,0.0,0.0,12.57,0.41,0.0
20190528:0410,0.0,3.0,2.76,12.0,0.21,0.0
20190528:0510,3844.5,113.0,12.52,12.13,0.14,0.0
20190528:0610,8376.5,217.0,22.84,13.29,0.41,0.0
20190528:0710,14207.0,357.0,33.42,14.75,0.34,0.0
20190528:0810,14458.5,367.0,43.9,16.57,0.21,0.0
20190528:0910,23551.5,606.0,53.75,18.15,0.21,0.0
20190528:1010,21788.0,564.0,61.91,19.51,0.28,0.0
20190528:1110,17440.5,451.0,66.27,20.69,0.55,0.0
20190528:1210,17120.5,444.0,64.68,21.32,0.55,0.0
20190528:1310,8297.5,221.0,58.04,21.21,0.48,0.0
20190528:1410,2832.0,86.0,48.83,19.87,1.24,0.0
20190528:1510,3869.0,111.0,38.57,18.68,1.24,0.0
20190528:1610,2782.0,84.0,27.98,17.49,0.69,0.0
20190528:1710,3203.0,94.0,17.5,16.47,1.79,0.0
20190528:1810,1849.0,70.0,7.43,15.97,1.66,0.0
20190528:1910,0.0,0.0,0.0,15.34,0.83,0.0
20190528:2010,0.0,0.0,0.0,14.75,0.55,0.0
20190528:2110,0.0,0.0,0.0,14.01,1.31,0.0
20190528:2210,0.0,0.0,0.0,13.38,1.93,0.0
20190528:2310,0.0,0.0,0.0,12.94,2.21,0.0
20190529:0010,0.0,0.0,0.0,12.45,2.14,0.0
20190529:0110,0.0,0.0,0.0,12.33,1.93,0.0
20190529:0210,0.0,0.0,0.0,12.0,1.66,0.0
20190529:0310,0.0,0.0,0.0,11.44,1.38,0.0
20190529:0410,0.0,4.0,2.86,10.73,1.17,0.0
20190529:0510,3503.0,102.0,12.61,10.8,0.97,0.0
20190529:0610,8354.0,215.0,22.92,12.54,0.97,0.0
20190529:0710,13649.5,342.0,33.5,15.45,1.38,0.0
20190529:0810,27744.5,698.0,43.99,17.65,1.59,0.0
20190529:0910,32769.5,847.01,53.85,19.17,1.24,0.0
20190529:1010,35410.5,935.01,62.03,20.43,1.1,0.0
20190529:1110,36383.5,966.01,66.42,21.32,1.31,0.0
20190529:1210,35218.5,926.01,64.84,21.97,1.79,0.0
20190529:1310,33945.0,884.01,58.19,22.31,2.07,0.0
20190529:1410,29805.5,768.0,48.96,22.47,2.0,0.0
20190529:1510,12436.5,322.0,38.69,22.39,2.0,0.0
20190529:1610,12068.0,314.0,28.11,21.98,1.72,0.0
20190529:1710,6118.5,171.0,17.62,21.32,1.66,0.0
20190529:1810,1211.5,46.0,7.56,19.87,1.24,0.0
20190529:1910,0.0,0.0,0.0,19.35,0.48,0.0
20190529:2010,0.0,0.0,0.0,18.31,0.14,0.0
20190529:2110,0.0,0.0,0.0,17.5,0.41,0.0
20190529:2210,0.0,0.0,0.0,16.58,0.76,0.0
20190529:2310,0.0,0.0,0.0,15.77,0.9,0.0
20190530:0010,0.0,0.0,0.0,15.02,0.9,0.0
20190530:0110,0.0,0.0,0.0,13.75,1.1,0.0
20190530:0210,0.0,0.0,0.0,11.83,1.31,0.0
20190530:0310,0.0,0.0,0.0,10.56,1.38,0.0
20190530:0410,124.5,11.84,2.95,10.11,1.31,0.0
20190530:0510,5754.5,175.0,12.69,10.94,0.97,0.0
20190530:0610,14034.5,361.0,23.0,13.21,0.83,0.0
20190530:0710,21315.5,537.0,33.57,16.2,0.62,0.0
20190530:0810,27559.0,702.0,44.07,18.12,0.9,0.0
20190530:0910,32716.0,847.0,53.94,19.74,1.31,0.0
20190530:1010,36000.5,945.01,62.15,20.96,1.59,0.0
20190530:1110,37013.5,981.01,66.57,21.8,1.59,0.0
20190530:1210,36898.5,982.01,64.99,22.52,1.52,0.0
20190530:1310,34024.0,898.01,58.33,23.02,1.52,0.0
20190530:1410,30169.0,785.0,49.09,23.32,1.66,0.0
20190530:1510,24037.0,619.0,38.81,23.35,1.66,0.0
20190530:1610,17018.0,443.0,28.23,23.1,1.72,0.0
20190530:1710,9013.0,256.0,17.75,22.5,1.66,0.0
20190530:1810,2103.0,83.0,7.69,21.0,1.17,0.0
20190530:1910,0.0,0.0,0.0,19.6,1.17,0.0
20190530:2010,0.0,0.0,0.0,19.59,0.9,0.0
20190530:2110,0.0,0.0,0.0,17.69,1.03,0.0
20190530:2210,0.0,0.0,0.0,14.67,1.52,0.0
20190530:2310,0.0,0.0,0.0,13.03,1.93,0.0
20190531:0010,0.0,0.0,0.0,12.85,2.34,0.0
20190531:0110,0.0,0.0,0.0,12.45,2.28,0.0
20190531:0210,0.0,0.0,0.0,12.0,2.0,0.0
20190531:0310,0.0,0.0,0.0,11.3,1.66,0.0
20190531:0410,6.5,6.0,3.04,10.98,1.31,0.0
20190531:0510,4515.0,132.0,12.76,11.86,0.9,0.0
20190531:0610,11686.5,300.0,23.07,14.04,0.97,0.0
20190531:0710,19902.0,499.0,33.64,16.19,0.9,0.0
20190531:0810,24988.0,631.0,44.14,17.58,1.03,0.0
20190531:0910,31416.5,811.0,54.03,19.11,1.1,0.0
20190531:1010,33892.5,890.01,62.26,20.31,1.1,0.0
20190531:1110,28730.0,754.0,66.71,21.28,0.9,0.0
20190531:1210,31177.5,827.0,65.14,22.05,0.83,0.0
20190531:1310,30684.0,810.0,58.46,22.82,1.03,0.0
20190531:1410,29205.0,760.0,49.21,23.38,1.52,0.0
20190531:1510,23657.0,609.0,38.93,23.63,1.72,0.0
20190531:1610,16470.0,431.0,28.35,23.62,1.31,0.0
20190531:1710,8645.0,247.0,17.87,23.34,0.62,0.0
20190531:1810,2073.0,81.0,7.81,22.75,0.28,0.0
20190531:1910,0.0,0.0,0.0,21.64,0.34,0.0
20190531:2010,0.0,0.0,0.0,20.41,0.28,0.0
20190531:2110,0.0,0.0,0.0,19.13,0.62,0.0
20190531:2210,0.0,0.0,0.0,17.97,0.9,0.0
20190531:2310,0.0,0.0,0.0,16.93,0.9,0.0
20190601:0010,0.0,0.0,0.0,16.54,0.69,0.0
20190601:0110,0.0,0.0,0.0,15.97,0.28,0.0
20190601:0210,0.0,0.0,0.0,15.45,0.28,0.0
20190601:0310,0.0,0.0,0.0,14.98,0.55,0.0
20190601:0410,173.5,13.82,3.12,14.55,0.69,0.0
20190601:0510,5261.0,159.0,12.84,14.75,0.55,0.0
20190601:0610,12992.0,339.0,23.13,16.34,0.48,0.0
20190601:0710,20209.0,516.0,33.71,18.83,0.48,0.0
20190601:0810,26496.5,682.0,44.21,20.56,0.9,0.0
20190601:0910,31295.5,823.0,54.11,21.85,0.9,0.0
20190601:1010,33920.5,918.01,62.37,23.02,0.48,0.0
20190601:1110,35158.0,964.01,66.84,24.12,0.48,0.0
20190601:1210,35112.0,955.01,65.28,25.17,0.97,0.0
20190601:1310,32783.5,883.01,58.59,25.87,1.1,0.0
20190601:1410,28939.5,772.0,49.33,26.34,0.97,0.0
20190601:1510,23208.0,612.0,39.05,26.55,0.97,0.0
20190601:1610,16407.5,437.0,28.46,26.48,0.9,0.0
20190601:1710,8539.5,246.0,17.99,25.85,0.76,0.0
20190601:1810,2141.5,85.0,7.94,24.61,0.48,0.0
20190601:1910,0.0,0.0,0.0,23.42,0.62,0.0
20190601:2010,0.0,0.0,0.0,22.24,0.48,0.0
20190601:2110,0.0,0.0,0.0,20.61,0.83,0.0
20190601:2210,0.0,0.0,0.0,19.46,0.97,0.0
20190601:2310,0.0,0.0,0.0,18.77,0.97,0.0
20190602:0010,0.0,0.0,0.0,18.15,0.97,0.0
20190602:0110,0.0,0.0,0.0,17.91,0.9,0.0
20190602:0210,0.0,0.0,0.0,17.52,0.83,0.0
20190602:0310,0.0,0.0,0.0,17.02,0.62,0.0
20190602:0410,264.5,19.13,3.19,16.47,0.69,0.0
20190602:0510,5434.5,167.0,12.9,16.61,0.48,0.0
20190602:0610,13036.0,343.0,23.2,18.03,0.48,0.0
20190602:0710,20289.5,525.0,33.77,21.11,0.34,0.0
20190602:0810,26060.0,686.0,44.27,23.14,0.34,0.0
20190602:0910,30594.5,823.0,54.19,24.66,0.48,0.0
20190602:1010,33345.0,914.01,62.47,25.9,0.55,0.0
20190602:1110,34840.0,964.01,66.97,26.91,0.69,0.0
20190602:1210,34584.5,956.01,65.42,27.67,0.83,0.0
20190602:1310,32122.0,879.01,58.72,28.21,0.9,0.0
20190602:1410,28261.0,761.0,49.45,28.55,1.03,0.0
20190602:1510,22869.0,607.0,39.16,28.6,1.24,0.0
20190602:1610,16172.5,433.0,28.58,28.27,1.24,0.0
20190602:1710,8713.5,252.0,18.1,27.46,1.52,0.0
20190602:1810,2211.0,86.0,8.06,25.48,1.45,0.0
20190602:1910,0.0,0.0,0.0,23.44,2.14,0.0
20190602:2010,0.0,0.0,0.0,21.48,2.07,0.0
20190602:2110,0.0,0.0,0.0,20.08,2.07,0.0
20190602:2210,0.0,0.0,0.0,18.88,1.86,0.0
20190602:2310,0.0,0.0,0.0,17.69,1.72,0.0
20190603:0010,0.0,0.0,0.0,17.52,1.38,0.0
20190603:0110,0.0,0.0,0.0,17.92,1.1,0.0
20190603:0210,0.0,0.0,0.0,18.11,0.97,0.0
20190603:0310,0.0,0.0,0.0,18.07,0.9,0.0
20190603:0410,260.5,18.36,3.26,17.71,0.76,0.0
20190603:0510,5352.0,165.0,12.96,17.82,0.55,0.0
20190603:0610,12876.0,340.0,23.25,19.24,0.69,0.0
20190603:0710,19956.5,517.0,33.82,21.64,0.41,0.0
20190603:0810,25691.5,679.0,44.33,23.55,0.21,0.0
20190603:0910,30020.0,815.0,54.25,25.09,0.14,0.0
20190603:1010,32792.5,910.01,62.56,26.36,0.14,0.0
20190603:1110,34088.5,955.01,67.09,27.46,0.28,0.0
20190603:1210,33799.5,942.01,65.55,28.3,0.55,0.0
20190603:1310,31502.0,871.01,58.84,28.93,0.55,0.0
20190603:1410,28007.0,754.0,49.57,29.09,1.17,0.0
20190603:1510,22860.5,605.0,39.27,28.75,1.52,0.0
20190603:1610,16153.5,430.0,28.68,28.3,1.93,0.0
20190603:1710,6548.0,187.0,18.21,27.2,2.0,0.0
20190603:1810,542.5,26.0,8.17,25.65,1.93,0.0
20190603:1910,0.0,0.0,0.0,23.71,2.34,0.0
20190603:2010,0.0,0.0,0.0,22.2,2.34,0.0
20190603:2110,0.0,0.0,0.0,21.11,2.14,0.0
20190603:2210,0.0,0.0,0.0,20.39,2.0,0.0
20190603:2310,0.0,0.0,0.0,19.78,1.93,0.0
20190604:0010,0.0,0.0,0.0,19.18,1.86,0.0
20190604:0110,0.0,0.0,0.0,18.61,1.79,0.0
20190604:0210,0.0,0.0,0.0,17.91,1.72,0.0
20190604:0310,0.0,0.0,0.0,17.06,1.52,0.0
20190604:0410,199.5,14.82,3.33,16.6,1.24,0.0
20190604:0510,4765.0,144.0,13.02,18.19,0.48,0.0
20190604:0610,12065.5,318.0,23.3,19.41,0.83,0.0
20190604:0710,19329.0,497.0,33.87,21.28,0.83,0.0
20190604:0810,25357.5,663.0,44.38,23.15,0.62,0.0
20190604:0910,30013.0,805.0,54.32,24.82,0.55,0.0
20190604:1010,33248.5,900.01,62.64,26.21,1.1,0.0
20190604:1110,34749.0,945.01,67.21,27.22,1.45,0.0
20190604:1210,34486.0,937.01,65.67,27.84,1.59,0.0
20190604:1310,31979.5,861.01,58.96,28.19,1.66,0.0
20190604:1410,28284.0,750.0,49.68,28.23,1.86,0.0
20190604:1510,22701.0,596.0,39.38,27.99,1.86,0.0
20190604:1610,15653.0,414.0,28.79,27.25,2.07,0.0
20190604:1710,8863.5,253.0,18.32,25.94,2.28,0.0
20190604:1810,1724.5,63.0,8.28,24.43,2.21,0.0
20190604:1910,0.0,0.0,0.0,22.3,2.34,0.0
20190604:2010,0.0,0.0,0.0,21.15,2.34,0.0
20190604:2110,0.0,0.0,0.0,20.36,2.07,0.0
20190604:2210,0.0,0.0,0.0,19.59,2.07,0.0
20190604:2310,0.0,0.0,0.0,18.95,1.93,0.0
20190605:0010,0.0,0.0,0.0,18.46,1.66,0.0
20190605:0110,0.0,0.0,0.0,17.86,1.52,0.0
20190605:0210,0.0,0.0,0.0,17.54,1.45,0.0
20190605:0310,0.0,0.0,0.0,17.24,1.24,0.0
20190605:0410,198.5,14.82,3.38,17.33,0.9,0.0
20190605:0510,4748.5,143.0,13.07,17.83,0.83,0.0
20190605:0610,11862.5,313.0,23.35,19.8,0.97,0.0
20190605:0710,19285.5,493.0,33.91,21.35,1.38,0.0
20190605:0810,25348.0,655.0,44.43,22.84,1.24,0.0
20190605:0910,29914.5,792.0,54.37,24.15,0.97,0.0
20190605:1010,32824.5,884.01,62.72,25.36,1.03,0.0
20190605:1110,34386.0,929.01,67.31,26.34,1.45,0.0
20190605:1210,33848.5,906.01,65.79,26.88,2.0,0.0
20190605:1310,31969.5,847.01,59.07,27.15,2.28,0.0
20190605:1410,28437.5,738.0,49.78,26.82,3.03,0.0
20190605:1510,23116.0,592.0,39.48,26.07,3.59,0.0
20190605:1610,16234.5,421.0,28.89,25.23,3.72,0.0
20190605:1710,8722.0,245.0,18.43,24.13,3.59,0.0
20190605:1810,2271.5,85.0,8.39,22.79,2.83,0.0
20190605:1910,0.0,0.0,0.0,21.09,2.21,0.0
20190605:2010,0.0,0.0,0.0,19.77,1.79,0.0
20190605:2110,0.0,0.0,0.0,18.45,1.79,0.0
20190605:2210,0.0,0.0,0.0,17.58,1.93,0.0
20190605:2310,0.0,0.0,0.0,16.66,1.72,0.0
20190606:0010,0.0,0.0,0.0,16.11,1.52,0.0
20190606:0110,0.0,0.0,0.0,16.04,1.03,0.0
20190606:0210,0.0,0.0,0.0,17.16,0.69,0.0
20190606:0310,0.0,0.0,0.0,16.34,0.83,0.0
20190606:0410,342.0,24.19,3.44,15.39,1.17,0.0
20190606:0510,4070.5,120.0,13.11,16.07,0.9,0.0
20190606:0610,5737.0,156.0,23.38,17.96,1.03,0.0
20190606:0710,8973.5,234.0,33.95,18.6,1.03,0.0
20190606:0810,24752.0,632.0,44.47,19.44,0.9,0.0
20190606:0910,26712.5,694.0,54.43,20.09,0.55,0.0
20190606:1010,25566.0,670.0,62.79,20.7,0.34,0.0
20190606:1110,22508.5,589.0,67.41,21.34,0.34,0.0
20190606:1210,20144.0,527.0,65.91,22.28,0.41,0.0
20190606:1310,22901.5,605.0,59.18,22.58,0.07,0.0
20190606:1410,2986.5,91.0,49.89,22.85,1.03,0.0
20190606:1510,9619.5,254.0,39.58,22.94,1.59,0.0
20190606:1610,12721.5,330.0,28.99,22.42,2.07,0.0
20190606:1710,4802.0,136.0,18.53,21.38,2.0,0.0
20190606:1810,1363.0,50.0,8.49,20.68,2.07,0.0
20190606:1910,0.0,0.0,0.0,19.71,2.41,0.0
20190606:2010,0.0,0.0,0.0,18.73,1.93,0.0
20190606:2110,0.0,0.0,0.0,18.13,1.66,0.0
20190606:2210,0.0,0.0,0.0,17.58,1.45,0.0
20190606:2310,0.0,0.0,0.0,16.99,1.38,0.0
20190607:0010,0.0,0.0,0.0,16.55,1.38,0.0
20190607:0110,0.0,0.0,0.0,16.33,1.17,0.0
20190607:0210,0.0,0.0,0.0,16.09,1.17,0.0
20190607:0310,0.0,0.0,0.0,15.97,1.1,0.0
20190607:0410,141.5,12.0,3.48,15.83,1.17,0.0
20190607:0510,4723.5,140.0,13.15,16.09,1.24,0.0
20190607:0610,9016.0,235.0,23.42,16.54,1.1,0.0
20190607:0710,9929.5,255.0,33.98,17.24,1.45,0.0
20190607:0810,13023.5,331.0,44.5,18.23,1.59,0.0
20190607:0910,15196.5,387.0,54.47,19.44,1.59,0.0
20190607:1010,19515.5,501.0,62.86,20.55,1.17,0.0
20190607:1110,28163.0,737.0,67.51,21.67,1.1,0.0
20190607:1210,16257.5,423.0,66.01,22.53,0.83,0.0
20190607:1310,19124.0,499.0,59.29,22.95,0.69,0.0
20190607:1410,17313.0,451.0,49.98,23.34,0.76,0.0
20190607:1510,19292.0,501.0,39.68,23.61,0.83,0.0
20190607:1610,7579.0,205.0,29.09,23.23,0.69,0.0
20190607:1710,8127.5,227.0,18.62,22.62,0.83,0.0
20190607:1810,394.5,21.0,8.59,21.58,1.17,0.0
20190607:1910,0.0,0.0,0.0,19.98,0.76,0.0
20190607:2010,0.0,0.0,0.0,19.14,0.76,0.0
20190607:2110,0.0,0.0,0.0,18.28,1.17,0.0
20190607:2210,0.0,0.0,0.0,17.71,1.17,0.0
20190607:2310,0.0,0.0,0.0,17.26,1.03,0.0
20190608:0010,0.0,0.0,0.0,17.46,0.76,0.0
20190608:0110,0.0,0.0,0.0,17.38,0.69,0.0
20190608:0210,0.0,0.0,0.0,16.71,0.9,0.0
20190608:0310,0.0,0.0,0.0,16.34,0.97,0.0
20190608:0410,365.0,23.6,3.52,16.05,0.97,0.0
20190608:0510,5367.5,161.0,13.19,16.25,0.83,0.0
20190608:0610,12988.5,340.0,23.45,18.15,0.83,0.0
20190608:0710,20549.5,526.0,34.01,19.83,0.69,0.0
20190608:0810,26548.5,692.0,44.53,20.98,0.34,0.0
20190608:0910,30938.0,825.0,54.51,21.84,0.28,0.0
20190608:1010,33308.5,906.01,62.92,22.72,0.21,0.0
20190608:1110,34747.0,957.01,67.59,23.9,0.28,0.0
20190608:1210,31638.5,863.0,66.12,24.61,0.34,0.0
20190608:1310,31681.5,870.01,59.39,25.77,0.21,0.0
20190608:1410,27168.0,738.0,50.08,26.41,0.0,0.0
20190608:1510,23012.5,612.0,39.77,26.72,0.48,0.0
20190608:1610,13781.0,367.0,29.18,26.71,0.83,0.0
20190608:1710,9096.0,259.0,18.72,26.13,1.03,0.0
20190608:1810,2530.0,94.0,8.69,24.69,1.1,0.0
20190608:1910,0.0,0.0,0.0,22.61,1.79,0.0
20190608:2010,0.0,0.0,0.0,20.5,1.45,0.0
20190608:2110,0.0,0.0,0.0,19.12,1.38,0.0
20190608:2210,0.0,0.0,0.0,17.75,1.45,0.0
20190608:2310,0.0,0.0,0.0,16.67,1.59,0.0
20190609:0010,0.0,0.0,0.0,16.04,1.52,0.0
20190609:0110,0.0,0.0,0.0,15.25,1.66,0.0
20190609:0210,0.0,0.0,0.0,15.02,1.59,0.0
20190609:0310,0.0,0.0,0.0,14.81,1.52,0.0
20190609:0410,45.5,8.0,3.56,14.83,1.45,0.0
20190609:0510,3141.0,94.0,13.21,16.09,0.97,0.0
20190609:0610,8733.0,230.0,23.47,18.06,0.69,0.0
20190609:0710,13948.0,357.0,34.03,20.77,1.72,0.0
20190609:0810,17391.0,443.0,44.56,21.52,2.14,0.0
20190609:0910,20503.5,525.0,54.54,22.55,2.28,0.0
20190609:1010,29904.0,777.0,62.97,23.8,2.41,0.0
20190609:1110,10504.5,278.0,67.67,24.86,2.14,0.0
20190609:1210,19408.0,509.0,66.21,25.96,1.79,0.0
20190609:1310,7800.5,213.0,59.48,26.42,1.31,0.0
20190609:1410,13108.0,346.0,50.17,26.27,1.66,0.0
20190609:1510,4657.0,134.0,39.86,25.76,1.66,0.0
20190609:1610,7905.5,214.0,29.27,25.59,2.41,0.0
20190609:1710,1607.5,56.0,18.81,25.13,2.62,0.0
20190609:1810,451.0,23.0,8.78,24.21,2.28,0.0
20190609:1910,0.0,0.0,0.0,21.5,1.66,0.0
20190609:2010,0.0,0.0,0.0,20.52,1.72,0.0
20190609:2110,0.0,0.0,0.0,19.45,0.9,0.0
20190609:2210,0.0,0.0,0.0,20.03,0.48,0.0
20190609:2310,0.0,0.0,0.0,19.74,0.21,0.0
20190610:0010,0.0,0.0,0.0,19.41,0.14,0.0
20190610:0110,0.0,0.0,0.0,18.99,0.41,0.0
20190610:0210,0.0,0.0,0.0,18.67,0.62,0.0
20190610:0310,0.0,0.0,0.0,18.56,0.48,0.0
20190610:0410,394.5,25.31,3.59,18.1,0.69,0.0
20190610:0510,5526.0,171.0,13.24,18.46,0.28,0.0
20190610:0610,10923.5,289.0,23.49,19.18,0.0,0.0
20190610:0710,18251.0,461.0,34.05,20.01,2.07,0.0
20190610:0810,25428.5,640.0,44.58,20.57,2.55,0.0
20190610:0910,28955.0,744.0,54.57,21.12,1.72,0.0
20190610:1010,20963.5,536.0,63.02,21.05,1.86,0.0
20190610:1110,7529.0,201.0,67.75,21.42,2.28,0.0
20190610:1210,9650.5,253.0,66.3,22.15,2.76,0.0
20190610:1310,3363.5,100.0,59.57,22.42,2.83,0.0
20190610:1410,22147.5,564.0,50.26,22.58,2.69,0.0
20190610:1510,19215.5,489.0,39.94,22.89,2.69,0.0
20190610:1610,12686.0,329.0,29.35,22.89,2.48,0.0
20190610:1710,7562.5,209.0,18.89,22.17,2.28,0.0
20190610:1810,1101.5,42.0,8.87,21.54,1.72,0.0
20190610:1910,0.0,0.0,0.0,20.34,0.76,0.0
20190610:2010,0.0,0.0,0.0,19.04,1.24,0.0
20190610:2110,0.0,0.0,0.0,17.7,1.59,0.0
20190610:2210,0.0,0.0,0.0,17.08,1.79,0.0
20190610:2310,0.0,0.0,0.0,16.66,1.1,0.0
20190611:0010,0.0,0.0,0.0,16.55,1.24,0.0
20190611:0110,0.0,0.0,0.0,16.5,0.9,0.0
20190611:0210,0.0,0.0,0.0,16.26,0.69,0.0
20190611:0310,0.0,0.0,0.0,16.32,0.55,0.0
20190611:0410,0.0,3.0,3.61,16.56,0.97,0.0
20190611:0510,223.5,15.0,13.25,16.81,1.1,0.0
20190611:0610,1442.5,50.0,23.5,17.03,1.1,0.0
20190611:0710,8889.5,230.0,34.06,16.7,1.03,0.0
20190611:0810,3026.5,90.0,44.59,17.52,0.97,0.0
20190611:0910,12371.0,318.0,54.59,18.8,0.76,0.0
20190611:1010,18215.5,472.0,63.05,20.11,0.14,0.0
20190611:1110,21101.5,548.0,67.81,21.64,0.83,0.0
20190611:1210,25349.5,659.0,66.39,23.09,1.72,0.0
20190611:1310,16850.5,435.0,59.66,23.44,2.21,0.0
20190611:1410,12654.0,329.0,50.34,23.49,2.34,0.0
20190611:1510,11366.5,297.0,40.02,23.28,1.93,0.0
20190611:1610,10152.5,268.0,29.44,22.61,0.83,0.0
20190611:1710,5395.5,152.0,18.98,21.98,0.34,0.0
20190611:1810,863.5,35.0,8.95,21.25,0.83,0.0
20190611:1910,0.0,0.0,0.0,20.83,1.38,0.0
20190611:2010,0.0,0.0,0.0,19.47,1.31,0.0
20190611:2110,0.0,0.0,0.0,18.35,1.66,0.0
20190611:2210,0.0,0.0,0.0,17.6,1.66,0.0
20190611:2310,0.0,0.0,0.0,16.89,1.31,0.0
20190612:0010,0.0,0.0,0.0,16.55,1.1,0.0
20190612:0110,0.0,0.0,0.0,15.96,0.9,0.0
20190612:0210,0.0,0.0,0.0,15.95,0.69,0.0
20190612:0310,0.0,0.0,0.0,15.91,0.55,0.0
20190612:0410,322.0,19.57,3.63,15.95,0.41,0.0
20190612:0510,5648.0,171.0,13.27,16.61,0.48,0.0
20190612:0610,13300.5,347.0,23.51,17.18,0.69,0.0
20190612:0710,20940.0,533.0,34.07,18.86,0.76,0.0
20190612:0810,26407.0,682.0,44.6,20.28,0.62,0.0
20190612:0910,31019.0,818.0,54.61,21.58,0.69,0.0
20190612:1010,34383.5,913.01,63.09,23.03,1.38,0.0
20190612:1110,34200.5,909.01,67.87,24.24,1.79,0.0
20190612:1210,34563.5,917.01,66.46,25.0,2.14,0.0
20190612:1310,33651.5,884.01,59.74,25.19,2.48,0.0
20190612:1410,29954.0,773.0,50.42,24.83,2.9,0.0
20190612:1510,24632.0,628.0,40.1,24.22,3.1,0.0
20190612:1610,17512.5,450.0,29.51,23.59,3.45,0.0
20190612:1710,9823.5,272.0,19.05,22.58,3.1,0.0
20190612:1810,2890.5,107.0,9.03,21.45,1.79,0.0
20190612:1910,0.0,0.0,0.0,20.38,2.55,0.0
20190612:2010,0.0,0.0,0.0,18.84,2.55,0.0
20190612:2110,0.0,0.0,0.0,17.83,2.28,0.0
20190612:2210,0.0,0.0,0.0,16.95,2.0,0.0
20190612:2310,0.0,0.0,0.0,15.92,1.66,0.0
20190613:0010,0.0,0.0,0.0,14.92,1.38,0.0
20190613:0110,0.0,0.0,0.0,14.67,1.17,0.0
20190613:0210,0.0,0.0,0.0,14.78,1.03,0.0
20190613:0310,0.0,0.0,0.0,15.43,0.76,0.0
20190613:0410,397.5,29.06,3.65,15.42,0.55,0.0
20190613:0510,5994.5,183.0,13.28,15.79,0.34,0.0
20190613:0610,13749.5,359.0,23.52,17.07,0.55,0.0
20190613:0710,21595.5,546.0,34.07,18.32,1.17,0.0
20190613:0810,27622.0,710.0,44.61,19.98,0.97,0.0
20190613:0910,31967.0,845.0,54.62,21.42,0.69,0.0
20190613:1010,34677.0,939.01,63.12,22.7,0.55,0.0
20190613:1110,34275.0,933.01,67.92,23.72,0.62,0.0
20190613:1210,34797.5,948.01,66.53,24.66,0.83,0.0
20190613:1310,32748.0,880.0,59.81,25.34,1.17,0.0
20190613:1410,29827.0,791.0,50.49,25.73,1.31,0.0
20190613:1510,24283.0,634.0,40.18,25.81,1.59,0.0
20190613:1610,17552.0,460.0,29.59,25.34,1.72,0.0
20190613:1710,8662.0,241.0,19.13,24.38,1.66,0.0
20190613:1810,2729.5,97.0,9.11,22.71,1.31,0.0
20190613:1910,0.0,0.0,0.0,20.75,1.31,0.0
20190613:2010,0.0,0.0,0.0,20.24,0.9,0.0
20190613:2110,0.0,0.0,0.0,19.91,0.76,0.0
20190613:2210,0.0,0.0,0.0,18.18,1.1,0.0
20190613:2310,0.0,0.0,0.0,15.9,1.59,0.0
20190614:0010,0.0,0.0,0.0,14.75,1.79,0.0
20190614:0110,0.0,0.0,0.0,14.48,1.72,0.0
20190614:0210,0.0,0.0,0.0,13.99,1.86,0.0
20190614:0310,0.0,0.0,0.0,13.64,1.86,0.0
20190614:0410,397.0,23.05,3.65,13.27,1.79,0.0
20190614:0510,5038.0,148.0,13.28,14.38,1.45,0.0
20190614:0610,10851.0,283.0,23.52,18.09,1.24,0.0
20190614:0710,17668.0,453.0,34.07,21.31,1.1,0.0
20190614:0810,20653.0,533.0,44.6,23.26,1.38,0.0
20190614:0910,17553.0,456.0,54.63,24.57,1.86,0.0
20190614:1010,33808.0,899.01,63.14,25.59,1.93,0.0
20190614:1110,35058.5,940.01,67.97,26.38,2.0,0.0
20190614:1210,32481.0,874.01,66.6,27.06,1.66,0.0
20190614:1310,29089.0,778.0,59.88,27.41,1.52,0.0
20190614:1410,26892.5,713.0,50.56,27.84,1.66,0.0
20190614:1510,20961.0,550.0,40.25,27.89,1.86,0.0
20190614:1610,4454.0,130.0,29.66,27.71,1.79,0.0
20190614:1710,3823.0,114.0,19.2,27.3,2.41,0.0
20190614:1810,2368.5,84.0,9.18,25.77,2.34,0.0
20190614:1910,0.0,0.0,0.0,23.66,2.28,0.0
20190614:2010,0.0,0.0,0.0,22.21,2.21,0.0
20190614:2110,0.0,0.0,0.0,21.11,2.21,0.0
20190614:2210,0.0,0.0,0.0,20.2,2.0,0.0
20190614:2310,0.0,0.0,0.0,19.26,2.07,0.0
20190615:0010,0.0,0.0,0.0,18.79,1.93,0.0
20190615:0110,0.0,0.0,0.0,18.01,1.66,0.0
20190615:0210,0.0,0.0,0.0,17.25,1.59,0.0
20190615:0310,0.0,0.0,0.0,17.0,1.59,0.0
20190615:0410,433.0,27.01,3.66,16.57,1.66,0.0
20190615:0510,3602.5,107.0,13.28,17.38,1.31,0.0
20190615:0610,8259.5,219.0,23.51,19.63,1.45,0.0
20190615:0710,13840.5,357.0,34.06,21.24,0.97,0.0
20190615:0810,10480.0,276.0,44.6,22.58,0.83,0.0
20190615:0910,27493.0,727.0,54.63,23.87,0.76,0.0
20190615:1010,32689.0,885.01,63.15,24.98,0.76,0.0
20190615:1110,33921.0,931.01,68.01,26.29,0.76,0.0
20190615:1210,17522.5,467.0,66.66,27.04,0.69,0.0
20190615:1310,29017.5,789.0,59.95,27.59,0.69,0.0
20190615:1410,27404.0,734.0,50.63,27.74,1.03,0.0
20190615:1510,24245.5,647.0,40.31,27.62,0.62,0.0
20190615:1610,12355.0,331.0,29.72,27.38,0.69,0.0
20190615:1710,8736.0,247.0,19.26,26.38,0.83,0.0
20190615:1810,2934.0,110.0,9.24,24.88,0.69,0.0
20190615:1910,0.0,0.0,0.0,24.32,0.48,0.0
20190615:2010,0.0,0.0,0.0,21.55,1.52,0.0
20190615:2110,0.0,0.0,0.0,20.02,1.59,0.0
20190615:2210,0.0,0.0,0.0,19.58,1.24,0.0
20190615:2310,0.0,0.0,0.0,18.33,1.45,0.0
20190616:0010,0.0,0.0,0.0,17.67,1.38,0.0
20190616:0110,0.0,0.0,0.0,18.07,0.97,0.0
20190616:0210,0.0,0.0,0.0,18.56,0.55,0.0
20190616:0310,0.0,0.0,0.0,17.73,0.9,0.0
20190616:0410,413.5,27.63,3.65,15.77,1.45,0.0
20190616:0510,5772.0,175.0,13.27,16.5,1.38,0.0
20190616:0610,13310.0,349.0,23.5,19.31,1.45,0.0
20190616:0710,20889.0,533.0,34.05,21.59,1.79,0.0
20190616:0810,27182.5,701.0,44.59,23.39,1.86,0.0
20190616:0910,31665.5,836.0,54.62,24.93,1.66,0.0
20190616:1010,34458.5,933.01,63.16,26.49,1.38,0.0
20190616:1110,35435.0,976.01,68.04,27.45,1.1,0.0
20190616:1210,34697.5,965.01,66.71,28.45,0.83,0.0
20190616:1310,32588.5,901.01,60.01,28.98,0.76,0.0
20190616:1410,29028.5,793.0,50.69,29.42,0.69,0.0
20190616:1510,23631.0,636.0,40.37,29.48,0.69,0.0
20190616:1610,17145.0,462.0,29.78,29.21,0.76,0.0
20190616:1710,9793.5,281.0,19.33,28.71,1.03,0.0
20190616:1810,2696.0,97.0,9.31,26.94,1.38,0.0
20190616:1910,0.0,0.0,0.0,24.55,1.31,0.0
20190616:2010,0.0,0.0,0.0,23.02,1.31,0.0
20190616:2110,0.0,0.0,0.0,21.48,1.38,0.0
20190616:2210,0.0,0.0,0.0,20.23,1.45,0.0
20190616:2310,0.0,0.0,0.0,19.08,1.45,0.0
20190617:0010,0.0,0.0,0.0,18.61,1.38,0.0
20190617:0110,0.0,0.0,0.0,18.35,1.31,0.0
20190617:0210,0.0,0.0,0.0,19.49,0.97,0.0
20190617:0310,0.0,0.0,0.0,19.46,0.62,0.0
20190617:0410,409.0,28.38,3.65,18.86,0.62,0.0
20190617:0510,5583.0,172.0,13.26,18.56,0.69,0.0
20190617:0610,13070.0,346.0,23.48,20.32,0.9,0.0
20190617:0710,20307.0,527.0,34.03,22.73,0.69,0.0
20190617:0810,26535.5,691.0,44.57,24.71,1.52,0.0
20190617:0910,31157.5,820.0,54.61,26.31,2.21,0.0
20190617:1010,34419.5,912.01,63.16,26.89,2.69,0.0
20190617:1110,36054.5,959.01,68.07,27.52,3.03,0.0
20190617:1210,35698.5,948.01,66.76,27.46,3.03,0.0
20190617:1310,33151.0,880.01,60.06,28.17,2.76,0.0
20190617:1410,29056.5,767.0,50.75,28.4,2.41,0.0
20190617:1510,23428.0,614.0,40.43,28.12,2.14,0.0
20190617:1610,16832.5,446.0,29.84,27.96,1.86,0.0
20190617:1710,8668.5,245.0,19.38,27.33,1.52,0.0
20190617:1810,2884.0,106.0,9.36,26.28,1.24,0.0
20190617:1910,0.0,0.0,0.0,24.52,1.45,0.0
20190617:2010,0.0,0.0,0.0,22.79,1.52,0.0
20190617:2110,0.0,0.0,0.0,22.33,1.31,0.0
20190617:2210,0.0,0.0,0.0,20.92,1.72,0.0
20190617:2310,0.0,0.0,0.0,19.88,1.72,0.0
20190618:0010,0.0,0.0,0.0,19.67,1.38,0.0
20190618:0110,0.0,0.0,0.0,18.77,1.45,0.0
20190618:0210,0.0,0.0,0.0,17.92,1.59,0.0
20190618:0310,0.0,0.0,0.0,17.29,1.59,0.0
20190618:0410,406.0,26.85,3.63,16.89,1.52,0.0
20190618:0510,5124.5,154.0,13.24,17.61,1.31,0.0
20190618:0610,12402.0,328.0,23.46,20.77,1.17,0.0
20190618:0710,19858.0,508.0,34.01,21.85,1.59,0.0
20190618:0810,25910.0,670.0,44.55,23.65,1.59,0.0
20190618:0910,30308.5,804.0,54.6,25.19,1.24,0.0
20190618:1010,33089.0,899.01,63.16,26.64,1.03,0.0
20190618:1110,33810.5,930.01,68.08,27.72,0.97,0.0
20190618:1210,30402.5,836.0,66.8,28.67,0.76,0.0
20190618:1310,27562.5,757.0,60.11,29.35,0.48,0.0
20190618:1410,8343.5,231.0,50.8,29.71,0.48,0.0
20190618:1510,21571.0,576.0,40.48,29.5,1.03,0.0
20190618:1610,16235.0,435.0,29.9,28.29,0.76,0.0
20190618:1710,1370.5,50.0,19.44,26.61,0.55,0.0
20190618:1810,210.0,15.0,9.42,26.15,0.55,0.0
20190618:1910,0.0,0.0,0.0,24.29,1.86,0.0
20190618:2010,0.0,0.0,0.0,23.24,1.45,0.0
20190618:2110,0.0,0.0,0.0,22.35,1.45,0.0
20190618:2210,0.0,0.0,0.0,21.23,1.17,0.0
20190618:2310,0.0,0.0,0.0,22.58,0.48,0.0
20190619:0010,0.0,0.0,0.0,21.34,0.97,0.0
20190619:0110,0.0,0.0,0.0,19.47,1.31,0.0
20190619:0210,0.0,0.0,0.0,18.7,1.45,0.0
20190619:0310,0.0,0.0,0.0,18.5,1.24,0.0
20190619:0410,165.0,13.0,3.61,19.03,1.03,0.0
20190619:0510,5013.5,153.0,13.22,20.19,0.55,0.0
20190619:0610,12291.0,328.0,23.44,21.71,0.62,0.0
20190619:0710,19958.5,520.0,33.99,23.58,0.69,0.0
20190619:0810,26045.0,686.0,44.53,25.07,0.83,0.0
20190619:0910,30203.5,815.0,54.58,26.4,0.69,0.0
20190619:1010,32692.5,907.01,63.15,27.5,0.34,0.0
20190619:1110,33683.0,949.01,68.09,28.71,0.28,0.0
20190619:1210,33740.0,939.01,66.83,29.36,0.83,0.0
20190619:1310,31760.0,877.01,60.16,30.28,0.97,0.0
20190619:1410,27286.5,735.0,50.85,30.57,1.59,0.0
20190619:1510,21566.5,576.0,40.53,30.05,1.24,0.0
20190619:1610,16147.5,435.0,29.94,29.25,0.69,0.0
20190619:1710,7934.5,225.0,19.49,28.28,1.24,0.0
20190619:1810,2257.0,79.0,9.46,26.72,1.24,0.0
20190619:1910,0.0,0.0,0.0,25.27,1.86,0.0
20190619:2010,0.0,0.0,0.0,23.26,1.59,0.0
20190619:2110,0.0,0.0,0.0,22.54,1.1,0.0
20190619:2210,0.0,0.0,0.0,22.19,0.97,0.0
20190619:2310,0.0,0.0,0.0,20.49,1.38,0.0
20190620:0010,0.0,0.0,0.0,19.42,1.79,0.0
20190620:0110,0.0,0.0,0.0,18.94,1.79,0.0
20190620:0210,0.0,0.0,0.0,18.47,1.86,0.0
20190620:0310,0.0,0.0,0.0,18.03,1.59,0.0
20190620:0410,65.5,9.0,3.59,18.32,1.24,0.0
20190620:0510,5058.5,154.0,13.19,19.21,0.9,0.0
20190620:0610,10888.5,290.0,23.41,21.4,0.62,0.0
20190620:0710,18947.5,489.0,33.96,22.9,1.17,0.0
20190620:0810,25011.5,657.0,44.5,24.29,0.62,0.0
20190620:0910,29177.5,790.0,54.55,25.9,0.28,0.0
20190620:1010,31857.0,880.01,63.13,27.04,0.28,0.0
20190620:1110,33496.0,931.01,68.1,28.04,0.55,0.0
20190620:1210,32692.0,906.01,66.86,28.73,0.69,0.0
20190620:1310,29739.5,819.0,60.2,28.62,0.41,0.0
20190620:1410,26466.5,720.0,50.89,28.45,0.28,0.0
20190620:1510,4154.0,123.0,40.58,27.95,0.28,0.0
20190620:1610,11669.0,314.0,29.99,27.87,0.62,0.0
20190620:1710,8491.5,240.0,19.53,27.01,0.97,0.0
20190620:1810,84.0,10.0,9.51,25.67,1.03,0.0
20190620:1910,0.0,0.0,0.0,24.61,1.72,0.0
20190620:2010,0.0,0.0,0.0,23.42,2.07,0.0
20190620:2110,0.0,0.0,0.0,22.08,1.59,0.0
20190620:2210,0.0,0.0,0.0,21.79,1.03,0.0
20190620:2310,0.0,0.0,0.0,20.98,1.1,0.0
20190621:0010,0.0,0.0,0.0,19.9,1.45,0.0
20190621:0110,0.0,0.0,0.0,19.69,1.86,0.0
20190621:0210,0.0,0.0,0.0,19.59,1.93,0.0
20190621:0310,0.0,0.0,0.0,19.6,2.0,0.0
20190621:0410,113.0,11.0,3.56,19.35,1.93,0.0
20190621:0510,3590.0,108.0,13.16,19.55,1.79,0.0
20190621:0610,10764.0,283.0,23.38,20.44,2.14,0.0
20190621:0710,18688.0,481.0,33.92,22.45,1.24,0.0
20190621:0810,25575.5,667.0,44.47,24.21,1.1,0.0
20190621:0910,29159.0,772.0,54.52,25.11,1.17,0.0
20190621:1010,29259.0,784.0,63.11,26.38,1.17,0.0
20190621:1110,28164.5,762.0,68.1,27.04,0.83,0.0
20190621:1210,30760.0,852.0,66.88,27.76,0.28,0.0
20190621:1310,23201.5,626.0,60.23,28.36,0.62,0.0
20190621:1410,2297.0,75.0,50.93,27.81,1.24,0.0
20190621:1510,9349.0,251.0,40.62,26.75,2.34,0.0
20190621:1610,1647.5,57.0,30.03,24.9,3.17,0.0
20190621:1710,481.0,24.0,19.57,24.77,2.62,0.0
20190621:1810,1158.0,44.0,9.54,24.44,2.28,0.0
20190621:1910,0.0,0.0,0.0,23.89,1.66,0.0
20190621:2010,0.0,0.0,0.0,22.36,1.38,0.0
20190621:2110,0.0,0.0,0.0,21.56,1.66,0.0
20190621:2210,0.0,0.0,0.0,20.57,1.72,0.0
20190621:2310,0.0,0.0,0.0,19.78,1.45,0.0
20190622:0010,0.0,0.0,0.0,19.25,1.72,0.0
20190622:0110,0.0,0.0,0.0,18.97,1.93,0.0
20190622:0210,0.0,0.0,0.0,18.46,1.79,0.0
20190622:0310,0.0,0.0,0.0,17.44,1.17,0.0
20190622:0410,285.5,17.79,3.53,17.13,1.79,0.0
20190622:0510,1825.0,60.0,13.12,17.68,1.45,0.0
20190622:0610,4644.0,130.0,23.34,18.55,0.55,0.0
20190622:0710,11324.0,292.0,33.88,19.78,1.31,0.0
20190622:0810,25056.5,645.0,44.43,21.15,0.9,0.0
20190622:0910,9153.5,243.0,54.49,22.56,0.97,0.0
20190622:1010,30763.5,827.0,63.08,23.68,0.48,0.0
20190622:1110,33121.0,905.01,68.09,24.87,0.48,0.0
20190622:1210,19584.5,515.0,66.89,25.55,1.31,0.0
20190622:1310,3715.5,110.0,60.26,25.14,2.62,0.0
20190622:1410,2304.0,74.0,50.97,24.42,3.24,0.0
20190622:1510,2964.5,91.0,40.65,24.69,2.07,0.0
20190622:1610,8080.5,218.0,30.07,24.47,1.31,0.0
20190622:1710,5837.0,164.0,19.6,24.05,1.38,0.0
20190622:1810,1165.0,44.0,9.58,23.27,1.66,0.0
20190622:1910,0.0,0.0,0.0,21.91,1.52,0.0
20190622:2010,0.0,0.0,0.0,20.48,1.24,0.0
20190622:2110,0.0,0.0,0.0,21.03,0.69,0.0
20190622:2210,0.0,0.0,0.0,19.79,0.9,0.0
20190622:2310,0.0,0.0,0.0,18.08,1.31,0.0
20190623:0010,0.0,0.0,0.0,18.14,1.1,0.0
20190623:0110,0.0,0.0,0.0,19.04,0.83,0.0
20190623:0210,0.0,0.0,0.0,19.05,0.69,0.0
20190623:0310,0.0,0.0,0.0,18.77,0.55,0.0
20190623:0410,286.5,18.58,3.49,18.44,0.55,0.0
20190623:0510,5411.5,166.0,13.08,18.17,0.48,0.0
20190623:0610,13066.5,346.0,23.3,19.61,0.55,0.0
20190623:0710,20439.5,530.0,33.84,21.32,0.28,0.0
20190623:0810,26380.0,696.0,44.39,23.18,0.28,0.0
20190623:0910,30779.0,827.0,54.45,24.91,0.62,0.0
20190623:1010,33258.5,920.01,63.05,26.49,0.34,0.0
20190623:1110,34600.5,979.01,68.07,27.88,0.14,0.0
20190623:1210,34111.5,965.01,66.9,29.04,0.28,0.0
20190623:1310,31790.0,892.01,60.28,29.81,0.28,0.0
20190623:1410,28791.5,795.0,50.99,30.39,0.41,0.0
20190623:1510,23441.0,632.0,40.69,30.74,0.97,0.0
20190623:1610,17265.0,466.0,30.1,30.68,1.24,0.0
20190623:1710,9817.0,282.0,19.64,29.74,1.03,0.0
20190623:1810,2849.0,102.0,9.6,28.25,0.76,0.0
20190623:1910,0.0,0.0,0.0,26.07,1.17,0.0
20190623:2010,0.0,0.0,0.0,25.64,0.83,0.0
20190623:2110,0.0,0.0,0.0,25.23,0.55,0.0
20190623:2210,0.0,0.0,0.0,24.54,0.28,0.0
20190623:2310,0.0,0.0,0.0,23.72,0.28,0.0
20190624:0010,0.0,0.0,0.0,23.04,0.48,0.0
20190624:0110,0.0,0.0,0.0,22.38,0.83,0.0
20190624:0210,0.0,0.0,0.0,20.62,1.1,0.0
20190624:0310,0.0,0.0,0.0,19.5,1.24,0.0
20190624:0410,196.0,14.82,3.44,19.62,1.1,0.0
20190624:0510,5265.5,164.0,13.03,20.91,0.76,0.0
20190624:0610,12679.0,341.0,23.25,22.48,0.48,0.0
20190624:0710,19883.0,522.0,33.79,25.24,0.76,0.0
20190624:0810,25858.5,686.0,44.34,26.75,0.9,0.0
20190624:0910,30263.5,821.0,54.4,28.19,0.9,0.0
20190624:1010,32925.5,914.01,63.01,29.45,0.76,0.0
20190624:1110,33981.0,957.01,68.05,30.57,0.69,0.0
20190624:1210,33397.0,943.01,66.9,31.45,0.69,0.0
20190624:1310,30737.0,858.0,60.3,32.14,0.83,0.0
20190624:1410,24841.0,679.0,51.02,32.61,1.1,0.0
20190624:1510,16564.5,449.0,40.71,32.86,1.24,0.0
20190624:1610,8653.5,241.0,30.13,32.71,1.52,0.0
20190624:1710,6969.5,201.0,19.66,32.05,1.79,0.0
20190624:1810,2449.5,87.0,9.63,30.69,2.0,0.0
20190624:1910,0.0,0.0,0.0,29.44,1.24,0.0
20190624:2010,0.0,0.0,0.0,26.94,1.52,0.0
20190624:2110,0.0,0.0,0.0,25.23,1.72,0.0
20190624:2210,0.0,0.0,0.0,24.03,1.86,0.0
20190624:2310,0.0,0.0,0.0,23.16,1.86,0.0
20190625:0010,0.0,0.0,0.0,22.44,1.86,0.0
20190625:0110,0.0,0.0,0.0,21.89,1.72,0.0
20190625:0210,0.0,0.0,0.0,21.58,1.52,0.0
20190625:0310,0.0,0.0,0.0,21.08,1.52,0.0
20190625:0410,323.5,22.62,3.4,20.58,1.45,0.0
20190625:0510,4173.5,127.0,12.98,21.4,1.03,0.0
20190625:0610,11088.0,299.0,23.2,24.27,1.03,0.0
20190625:0710,18467.5,485.0,33.74,26.35,1.17,0.0
20190625:0810,24669.5,653.0,44.29,27.82,1.31,0.0
20190625:0910,29117.0,785.0,54.36,28.99,1.31,0.0
20190625:1010,32298.5,890.01,62.97,30.2,1.17,0.0
20190625:1110,33572.5,938.01,68.02,31.27,1.1,0.0
20190625:1210,33029.0,924.01,66.89,32.15,1.17,0.0
20190625:1310,31010.5,863.0,60.31,32.87,1.17,0.0
20190625:1410,27665.5,761.0,51.04,33.43,1.24,0.0
20190625:1510,22314.5,604.0,40.74,33.61,1.66,0.0
20190625:1610,16195.0,440.0,30.15,33.34,2.0,0.0
20190625:1710,8894.5,257.0,19.68,32.66,2.14,0.0
20190625:1810,2518.0,90.0,9.65,31.65,2.48,0.0
20190625:1910,0.0,0.0,0.0,30.11,2.21,0.0
20190625:2010,0.0,0.0,0.0,28.63,2.21,0.0
20190625:2110,0.0,0.0,0.0,27.14,1.93,0.0
20190625:2210,0.0,0.0,0.0,26.03,1.52,0.0
20190625:2310,0.0,0.0,0.0,25.79,1.24,0.0
20190626:0010,0.0,0.0,0.0,25.0,1.38,0.0
20190626:0110,0.0,0.0,0.0,23.92,1.52,0.0
20190626:0210,0.0,0.0,0.0,23.24,1.52,0.0
20190626:0310,0.0,0.0,0.0,22.63,1.52,0.0
20190626:0410,166.0,13.83,3.34,21.95,1.59,0.0
20190626:0510,4132.0,127.0,12.93,22.58,1.17,0.0
20190626:0610,10823.0,294.0,23.14,25.72,1.1,0.0
20190626:0710,18126.5,478.0,33.69,28.21,1.72,0.0
20190626:0810,24358.0,650.0,44.23,29.54,1.31,0.0
20190626:0910,28762.0,788.0,54.3,30.75,0.9,0.0
20190626:1010,31506.0,883.01,62.92,32.02,0.76,0.0
20190626:1110,32971.0,936.01,67.98,33.28,0.83,0.0
20190626:1210,32512.5,922.01,66.88,34.33,1.03,0.0
20190626:1310,30594.5,866.01,60.31,35.11,0.9,0.0
20190626:1410,27190.0,760.0,51.05,35.69,0.97,0.0
20190626:1510,22032.0,603.0,40.75,35.99,1.72,0.0
20190626:1610,15921.5,437.0,30.17,35.66,2.21,0.0
20190626:1710,8862.5,259.0,19.7,34.9,2.34,0.0
20190626:1810,2467.0,89.0,9.66,33.63,2.62,0.0
20190626:1910,0.0,0.0,0.0,31.45,1.66,0.0
20190626:2010,0.0,0.0,0.0,29.97,1.79,0.0
20190626:2110,0.0,0.0,0.0,28.6,1.66,0.0
20190626:2210,0.0,0.0,0.0,27.54,1.66,0.0
20190626:2310,0.0,0.0,0.0,26.5,1.72,0.0
20190627:0010,0.0,0.0,0.0,26.13,1.45,0.0
20190627:0110,0.0,0.0,0.0,26.46,1.17,0.0
20190627:0210,0.0,0.0,0.0,27.19,0.9,0.0
20190627:0310,0.0,0.0,0.0,27.05,0.69,0.0
20190627:0410,160.0,13.83,3.28,26.7,0.62,0.0
20190627:0510,4367.0,137.0,12.87,26.18,0.69,0.0
20190627:0610,11472.0,315.0,23.08,26.92,0.48,0.0
20190627:0710,18653.5,502.0,33.63,29.53,0.48,0.0
20190627:0810,24462.0,671.0,44.18,31.34,0.28,0.0
20190627:0910,28737.5,808.0,54.24,33.07,0.34,0.0
20190627:1010,31235.5,896.01,62.86,34.81,0.48,0.0
20190627:1110,32408.5,945.01,67.94,36.38,0.48,0.0
20190627:1210,32030.0,936.01,66.86,37.75,0.62,0.0
20190627:1310,29852.0,871.01,60.31,38.8,0.48,0.0
20190627:1410,26723.5,772.0,51.06,39.56,0.41,0.0
20190627:1510,21634.0,614.0,40.77,39.94,0.62,0.0
20190627:1610,15920.5,450.0,30.18,38.9,0.76,0.0
20190627:1710,8975.0,270.0,19.71,39.71,1.45,0.0
20190627:1810,2540.0,93.0,9.67,36.48,1.38,0.0
20190627:1910,0.0,0.0,0.0,34.48,1.79,0.0
20190627:2010,0.0,0.0,0.0,31.21,1.86,0.0
20190627:2110,0.0,0.0,0.0,29.87,1.59,0.0
20190627:2210,0.0,0.0,0.0,28.27,1.59,0.0
20190627:2310,0.0,0.0,0.0,26.84,1.72,0.0
20190628:0010,0.0,0.0,0.0,25.82,1.79,0.0
20190628:0110,0.0,0.0,0.0,25.6,1.66,0.0
20190628:0210,0.0,0.0,0.0,25.65,1.45,0.0
20190628:0310,0.0,0.0,0.0,26.82,1.17,0.0
20190628:0410,212.0,15.8,3.22,26.87,0.9,0.0
20190628:0510,4963.5,161.0,12.81,26.89,0.41,0.0
20190628:0610,12027.5,334.0,23.02,28.44,0.34,0.0
20190628:0710,18907.0,513.0,33.57,31.27,0.55,0.0
20190628:0810,25035.0,680.0,44.11,33.25,1.52,0.0
20190628:0910,29673.0,810.0,54.18,34.95,2.69,0.0
20190628:1010,32676.5,903.01,62.8,36.07,2.97,0.0
20190628:1110,33751.5,947.01,67.89,37.07,2.62,0.0
20190628:1210,33466.5,938.01,66.84,37.83,2.9,0.0
20190628:1310,31700.0,878.01,60.31,38.16,3.45,0.0
20190628:1410,28163.5,775.0,51.07,37.94,3.03,0.0
20190628:1510,22691.0,622.0,40.77,37.7,2.48,0.0
20190628:1610,16688.5,459.0,30.19,37.36,3.17,0.0
20190628:1710,9226.5,271.0,19.72,36.65,3.59,0.0
20190628:1810,2504.0,91.0,9.67,34.93,3.1,0.0
20190628:1910,0.0,0.0,0.0,33.42,2.55,0.0
20190628:2010,0.0,0.0,0.0,31.12,3.38,0.0
20190628:2110,0.0,0.0,0.0,30.12,2.76,0.0
20190628:2210,0.0,0.0,0.0,29.36,2.69,0.0
20190628:2310,0.0,0.0,0.0,27.58,4.0,0.0
20190629:0010,0.0,0.0,0.0,25.55,3.66,0.0
20190629:0110,0.0,0.0,0.0,25.25,2.28,0.0
20190629:0210,0.0,0.0,0.0,24.39,1.93,0.0
20190629:0310,0.0,0.0,0.0,23.96,1.93,0.0
20190629:0410,137.5,12.83,3.15,24.04,2.07,0.0
20190629:0510,1098.0,42.0,12.74,24.31,2.07,0.0
20190629:0610,11169.5,301.0,22.95,24.97,2.21,0.0
20190629:0710,14985.5,390.0,33.5,25.58,2.34,0.0
20190629:0810,24066.5,626.0,44.05,27.06,2.41,0.0
20190629:0910,27234.5,717.0,54.11,28.29,2.55,0.0
20190629:1010,31068.0,828.0,62.74,29.36,2.76,0.0
20190629:1110,28967.0,776.0,67.83,30.08,2.62,0.0
20190629:1210,33599.0,915.01,66.8,30.96,2.28,0.0
20190629:1310,31347.5,856.0,60.3,31.91,1.93,0.0
20190629:1410,27697.0,755.0,51.06,32.66,1.52,0.0
20190629:1510,22020.0,596.0,40.78,33.05,1.38,0.0
20190629:1610,16019.5,436.0,30.19,33.08,1.59,0.0
20190629:1710,8837.0,256.0,19.72,32.73,1.66,0.0
20190629:1810,2384.5,85.0,9.67,31.82,2.0,0.0
20190629:1910,0.0,0.0,0.0,30.32,2.28,0.0
20190629:2010,0.0,0.0,0.0,28.97,2.07,0.0
20190629:2110,0.0,0.0,0.0,27.88,1.93,0.0
20190629:2210,0.0,0.0,0.0,26.66,1.86,0.0
20190629:2310,0.0,0.0,0.0,25.55,1.72,0.0
20190630:0010,0.0,0.0,0.0,24.63,1.59,0.0
20190630:0110,0.0,0.0,0.0,24.21,1.45,0.0
20190630:0210,0.0,0.0,0.0,23.75,1.45,0.0
20190630:0310,0.0,0.0,0.0,23.34,1.45,0.0
20190630:0410,85.5,10.0,3.08,23.03,1.38,0.0
20190630:0510,4146.5,129.0,12.67,23.62,1.17,0.0
20190630:0610,10284.0,280.0,22.88,26.29,1.52,0.0
20190630:0710,18494.0,487.0,33.43,27.24,1.38,0.0
20190630:0810,24779.5,658.0,43.97,28.84,1.45,0.0
20190630:0910,29300.0,793.0,54.04,30.16,1.45,0.0
20190630:1010,32170.5,890.01,62.66,31.55,1.31,0.0
20190630:1110,33449.5,939.01,67.77,32.5,1.17,0.0
20190630:1210,32631.5,926.01,66.76,33.45,0.83,0.0
20190630:1310,30689.0,866.01,60.28,34.17,0.83,0.0
20190630:1410,27072.0,756.0,51.06,34.77,0.76,0.0
20190630:1510,16308.0,447.0,40.77,34.93,1.17,0.0
20190630:1610,12319.5,340.0,30.19,34.6,1.38,0.0
20190630:1710,5418.0,160.0,19.71,33.59,1.38,0.0
20190630:1810,1571.5,58.0,9.66,32.52,1.38,0.0
20190630:1910,0.0,0.0,0.0,31.45,0.9,0.0
20190630:2010,0.0,0.0,0.0,29.38,1.24,0.0
20190630:2110,0.0,0.0,0.0,28.0,1.52,0.0
20190630:2210,0.0,0.0,0.0,27.12,1.52,0.0
20190630:2310,0.0,0.0,0.0,26.42,1.45,0.0
20190701:0010,0.0,0.0,0.0,25.63,1.38,0.0
20190701:0110,0.0,0.0,0.0,25.34,1.24,0.0
20190701:0210,0.0,0.0,0.0,25.07,1.17,0.0
20190701:0310,0.0,0.0,0.0,24.99,1.03,0.0
20190701:0410,107.5,11.0,3.01,25.49,0.9,0.0
20190701:0510,4365.0,139.0,12.59,26.08,0.55,0.0
20190701:0610,11402.5,314.0,22.81,27.05,0.55,0.0
20190701:0710,18911.5,497.0,33.35,27.23,1.59,0.0
20190701:0810,24718.0,664.0,43.9,29.13,0.76,0.0
20190701:0910,28643.0,801.0,53.96,30.73,0.0,0.0
20190701:1010,31899.5,894.01,62.59,31.82,0.76,0.0
20190701:1110,33391.0,943.01,67.7,32.46,0.9,0.0
20190701:1210,32637.0,935.01,66.72,33.18,0.41,0.0
20190701:1310,31116.0,871.01,60.25,33.92,1.17,0.0
20190701:1410,27419.5,744.0,51.05,33.8,2.28,0.0
20190701:1510,21601.0,582.0,40.77,33.48,2.0,0.0
20190701:1610,17265.0,469.0,30.18,32.78,1.66,0.0
20190701:1710,1400.0,52.0,19.7,32.26,0.21,0.0
20190701:1810,1385.5,52.0,9.64,31.47,0.97,0.0
20190701:1910,0.0,0.0,0.0,29.63,0.97,0.0
20190701:2010,0.0,0.0,0.0,29.95,0.14,0.0
20190701:2110,0.0,0.0,0.0,29.09,0.28,0.0
20190701:2210,0.0,0.0,0.0,27.74,0.76,0.0
20190701:2310,0.0,0.0,0.0,25.51,1.17,0.0
20190702:0010,0.0,0.0,0.0,26.03,0.83,0.0
20190702:0110,0.0,0.0,0.0,26.24,0.55,0.0
20190702:0210,0.0,0.0,0.0,25.76,0.55,0.0
20190702:0310,0.0,0.0,0.0,24.73,0.9,0.0
20190702:0410,137.0,12.82,2.92,23.43,1.03,0.0
20190702:0510,4670.5,149.0,12.51,23.9,0.9,0.0
20190702:0610,11971.5,328.0,22.73,26.27,0.97,0.0
20190702:0710,19288.0,506.0,33.28,26.41,1.38,0.0
20190702:0810,25228.5,672.0,43.82,28.37,1.1,0.0
20190702:0910,29238.0,802.0,53.88,30.21,0.76,0.0
20190702:1010,31774.0,900.01,62.51,31.75,0.34,0.0
20190702:1110,32824.5,945.01,67.62,32.99,0.28,0.0
20190702:1210,32363.5,932.01,66.66,33.79,0.34,0.0
20190702:1310,30314.0,863.01,60.22,34.37,0.48,0.0
20190702:1410,14311.5,393.0,51.03,34.96,1.66,0.0
20190702:1510,9510.5,264.0,40.76,34.52,2.76,0.0
20190702:1610,6387.0,183.0,30.17,32.96,1.31,0.0
20190702:1710,4732.0,141.0,19.69,32.67,1.24,0.0
20190702:1810,1293.5,49.0,9.63,30.97,1.45,0.0
20190702:1910,0.0,0.0,0.0,30.5,1.03,0.0
20190702:2010,0.0,0.0,0.0,28.15,1.45,0.0
20190702:2110,0.0,0.0,0.0,27.19,1.31,0.0
20190702:2210,0.0,0.0,0.0,26.94,1.17,0.0
20190702:2310,0.0,0.0,0.0,24.69,1.66,0.0
20190703:0010,0.0,0.0,0.0,23.8,1.66,0.0
20190703:0110,0.0,0.0,0.0,22.92,1.72,0.0
20190703:0210,0.0,0.0,0.0,22.7,1.45,0.0
20190703:0310,0.0,0.0,0.0,23.07,1.17,0.0
20190703:0410,162.5,13.8,2.84,23.14,1.1,0.0
20190703:0510,4423.5,141.0,12.43,24.34,0.69,0.0
20190703:0610,11842.0,323.0,22.65,25.46,1.1,0.0
20190703:0710,18890.5,502.0,33.19,26.79,0.41,0.0
20190703:0810,24865.0,661.0,43.74,28.49,1.24,0.0
20190703:0910,29408.5,789.0,53.8,29.73,1.86,0.0
20190703:1010,31781.5,866.01,62.42,30.61,1.79,0.0
20190703:1110,33527.5,925.01,67.54,31.2,1.66,0.0
20190703:1210,32914.5,912.01,66.6,31.85,1.52,0.0
20190703:1310,30492.5,830.0,60.19,31.92,2.07,0.0
20190703:1410,25349.0,678.0,51.01,31.76,2.48,0.0
20190703:1510,17625.5,469.0,40.74,30.51,1.93,0.0
20190703:1610,14019.0,380.0,30.15,30.35,0.62,0.0
20190703:1710,8257.0,236.0,19.67,29.59,0.69,0.0
20190703:1810,237.5,16.0,9.6,26.36,2.69,0.0
20190703:1910,0.0,0.0,0.0,26.45,2.34,0.0
20190703:2010,0.0,0.0,0.0,25.69,2.55,0.0
20190703:2110,0.0,0.0,0.0,24.39,1.1,0.0
20190703:2210,0.0,0.0,0.0,25.71,0.55,0.0
20190703:2310,0.0,0.0,0.0,22.73,1.79,0.0
20190704:0010,0.0,0.0,0.0,22.11,2.0,0.0
20190704:0110,0.0,0.0,0.0,21.49,1.45,0.0
20190704:0210,0.0,0.0,0.0,21.02,1.79,0.0
20190704:0310,0.0,0.0,0.0,20.47,1.45,0.0
20190704:0410,112.0,11.0,2.75,20.38,1.31,0.0
20190704:0510,4736.0,150.0,12.34,20.93,1.31,0.0
20190704:0610,12178.0,330.0,22.56,22.66,0.34,0.0
20190704:0710,19607.0,508.0,33.11,23.58,1.24,0.0
20190704:0810,25785.5,673.0,43.65,25.3,1.45,0.0
20190704:0910,30302.5,808.0,53.71,26.82,1.38,0.0
20190704:1010,32940.5,898.01,62.33,28.29,1.24,0.0
20190704:1110,34585.0,948.01,67.45,29.54,1.66,0.0
20190704:1210,34153.5,935.01,66.54,30.31,1.86,0.0
20190704:1310,32014.5,876.01,60.14,30.6,1.52,0.0
20190704:1410,28451.0,773.0,50.98,31.08,1.31,0.0
20190704:1510,22956.5,615.0,40.72,31.34,1.59,0.0
20190704:1610,16850.0,451.0,30.13,30.96,2.41,0.0
20190704:1710,9730.0,277.0,19.65,29.37,2.69,0.0
20190704:1810,2529.0,89.0,9.57,28.53,2.21,0.0
20190704:1910,0.0,0.0,0.0,27.62,1.93,0.0
20190704:2010,0.0,0.0,0.0,26.44,2.14,0.0
20190704:2110,0.0,0.0,0.0,25.53,2.14,0.0
20190704:2210,0.0,0.0,0.0,24.5,1.86,0.0
20190704:2310,0.0,0.0,0.0,23.41,1.72,0.0
20190705:0010,0.0,0.0,0.0,22.64,1.52,0.0
20190705:0110,0.0,0.0,0.0,22.15,1.38,0.0
20190705:0210,0.0,0.0,0.0,21.83,1.38,0.0
20190705:0310,0.0,0.0,0.0,21.69,1.24,0.0
20190705:0410,63.5,9.0,2.66,21.65,1.24,0.0
20190705:0510,4471.5,141.0,12.25,22.2,1.03,0.0
20190705:0610,11794.5,321.0,22.47,24.48,0.76,0.0
20190705:0710,18965.0,503.0,33.02,26.43,0.48,0.0
20190705:0810,25145.5,676.0,43.56,28.03,0.48,0.0
20190705:0910,29334.0,807.0,53.62,29.44,0.48,0.0
20190705:1010,32155.5,906.01,62.23,30.81,0.41,0.0
20190705:1110,33070.5,952.01,67.36,31.91,0.14,0.0
20190705:1210,32813.5,945.01,66.46,32.98,0.28,0.0
20190705:1310,31443.5,890.01,60.1,33.81,0.76,0.0
20190705:1410,28266.5,786.0,50.94,34.56,1.1,0.0
20190705:1510,22895.5,626.0,40.69,34.64,1.38,0.0
20190705:1610,16827.5,460.0,30.11,34.41,1.93,0.0
20190705:1710,9774.0,284.0,19.62,33.36,2.69,0.0
20190705:1810,2685.5,97.0,9.54,31.71,2.9,0.0
20190705:1910,0.0,0.0,0.0,29.94,2.97,0.0
20190705:2010,0.0,0.0,0.0,28.19,2.83,0.0
20190705:2110,0.0,0.0,0.0,26.98,2.69,0.0
20190705:2210,0.0,0.0,0.0,26.29,2.48,0.0
20190705:2310,0.0,0.0,0.0,25.69,2.48,0.0
20190706:0010,0.0,0.0,0.0,25.03,2.34,0.0
20190706:0110,0.0,0.0,0.0,24.53,2.28,0.0
20190706:0210,0.0,0.0,0.0,24.05,2.0,0.0
20190706:0310,0.0,0.0,0.0,23.58,1.72,0.0
20190706:0410,41.5,8.0,2.56,22.91,1.45,0.0
20190706:0510,4259.5,136.0,12.16,23.17,1.1,0.0
20190706:0610,11361.5,310.0,22.38,25.06,1.03,0.0
20190706:0710,18449.0,485.0,32.93,26.82,1.38,0.0
20190706:0810,24678.0,655.0,43.47,28.33,1.24,0.0
20190706:0910,29052.0,784.0,53.52,29.39,1.31,0.0
20190706:1010,31126.5,852.01,62.13,30.68,1.45,0.0
20190706:1110,32638.0,901.01,67.25,31.79,1.66,0.0
20190706:1210,30061.5,821.0,66.38,32.32,2.14,0.0
20190706:1310,26667.0,728.0,60.04,31.98,1.45,0.0
20190706:1410,27004.5,731.0,50.9,31.91,1.66,0.0
20190706:1510,22402.5,600.0,40.66,31.75,1.72,0.0
20190706:1610,16299.0,437.0,30.08,31.43,2.55,0.0
20190706:1710,9167.5,263.0,19.58,30.89,2.48,0.0
20190706:1810,2684.0,97.0,9.5,29.89,2.76,0.0
20190706:1910,0.0,0.0,0.0,28.41,3.45,0.0
20190706:2010,0.0,0.0,0.0,27.05,3.1,0.0
20190706:2110,0.0,0.0,0.0,26.01,2.97,0.0
20190706:2210,0.0,0.0,0.0,25.27,2.55,0.0
20190706:2310,0.0,0.0,0.0,24.76,1.86,0.0
20190707:0010,0.0,0.0,0.0,24.11,1.52,0.0
20190707:0110,0.0,0.0,0.0,23.25,0.9,0.0
20190707:0210,0.0,0.0,0.0,23.69,0.48,0.0
20190707:0310,0.0,0.0,0.0,23.55,0.34,0.0
20190707:0410,0.0,2.0,2.46,23.36,0.34,0.0
20190707:0510,2821.0,89.0,12.06,22.69,1.24,0.0
20190707:0610,4082.0,119.0,22.28,24.29,1.38,0.0
20190707:0710,15390.0,404.0,32.83,26.55,1.72,0.0
20190707:0810,22031.0,578.0,43.37,28.0,2.07,0.0
20190707:0910,29842.0,798.0,53.42,29.6,2.14,0.0
20190707:1010,32392.0,887.01,62.02,31.13,1.79,0.0
20190707:1110,33913.5,947.01,67.15,32.53,1.52,0.0
20190707:1210,33361.0,930.01,66.29,33.29,1.72,0.0
20190707:1310,31660.5,876.01,59.98,33.76,1.86,0.0
20190707:1410,20390.5,552.0,50.86,33.2,1.86,0.0
20190707:1510,9328.0,256.0,40.62,31.27,2.14,0.0
20190707:1610,17568.0,469.0,30.04,29.2,1.66,0.0
20190707:1710,4657.5,136.0,19.54,28.56,2.97,0.0
20190707:1810,1713.5,61.0,9.45,27.62,2.69,0.0
20190707:1910,0.0,0.0,0.0,26.87,2.62,0.0
20190707:2010,0.0,0.0,0.0,25.84,1.52,0.0
20190707:2110,0.0,0.0,0.0,25.02,0.69,0.0
20190707:2210,0.0,0.0,0.0,25.21,0.41,0.0
20190707:2310,0.0,0.0,0.0,24.9,0.48,0.0
20190708:0010,0.0,0.0,0.0,24.56,0.48,0.0
20190708:0110,0.0,0.0,0.0,22.86,1.24,0.0
20190708:0210,0.0,0.0,0.0,22.17,1.52,0.0
20190708:0310,0.0,0.0,0.0,21.81,1.45,0.0
20190708:0410,0.0,3.0,2.35,21.41,1.66,0.0
20190708:0510,3704.0,116.0,11.95,22.28,0.97,0.0
20190708:0610,11636.5,318.0,22.18,24.33,0.48,0.0
20190708:0710,15234.5,402.0,32.73,25.83,0.69,0.0
20190708:0810,23175.0,619.0,43.27,27.41,0.48,0.0
20190708:0910,25759.5,701.0,53.32,28.83,0.41,0.0
20190708:1010,23147.5,632.0,61.91,29.94,0.48,0.0
20190708:1110,33470.0,955.01,67.03,31.0,0.28,0.0
20190708:1210,32805.0,938.01,66.2,31.87,0.28,0.0
20190708:1310,31541.0,888.01,59.91,32.62,0.69,0.0
20190708:1410,28761.0,789.0,50.81,33.1,1.45,0.0
20190708:1510,23243.0,624.0,40.57,32.85,2.14,0.0
20190708:1610,17005.5,455.0,30.0,31.6,3.03,0.0
20190708:1710,8265.0,235.0,19.5,30.48,3.17,0.0
20190708:1810,407.0,22.0,9.4,29.31,2.9,0.0
20190708:1910,0.0,0.0,0.0,27.79,3.24,0.0
20190708:2010,0.0,0.0,0.0,26.6,2.69,0.0
20190708:2110,0.0,0.0,0.0,25.76,2.07,0.0
20190708:2210,0.0,0.0,0.0,25.04,1.66,0.0
20190708:2310,0.0,0.0,0.0,24.32,1.45,0.0
20190709:0010,0.0,0.0,0.0,23.44,1.17,0.0
20190709:0110,0.0,0.0,0.0,22.79,1.1,0.0
20190709:0210,0.0,0.0,0.0,22.91,0.76,0.0
20190709:0310,0.0,0.0,0.0,23.15,0.41,0.0
20190709:0410,0.0,0.0,0.0,22.34,0.69,0.0
20190709:0510,3080.0,97.0,11.85,22.22,1.31,0.0
20190709:0610,5363.0,150.0,22.08,22.68,1.52,0.0
20190709:0710,9185.5,241.0,32.63,22.12,3.31,0.0
20190709:0810,12728.5,328.0,43.17,22.5,2.97,0.0
20190709:0910,22941.0,590.0,53.21,24.08,2.55,0.0
20190709:1010,23622.0,614.0,61.79,24.95,2.28,0.0
20190709:1110,11695.0,310.0,66.91,25.66,1.45,0.0
20190709:1210,3919.5,116.0,66.1,26.09,0.55,0.0
20190709:1310,8713.0,237.0,59.84,27.03,0.9,0.0
20190709:1410,28801.0,770.0,50.75,27.88,1.24,0.0
20190709:1510,22207.0,589.0,40.53,28.02,0.97,0.0
20190709:1610,16176.5,433.0,29.95,27.85,0.62,0.0
20190709:1710,9508.0,271.0,19.45,27.2,0.83,0.0
20190709:1810,1965.5,69.0,9.34,26.21,1.79,0.0
20190709:1910,0.0,0.0,0.0,24.07,2.07,0.0
20190709:2010,0.0,0.0,0.0,23.32,2.62,0.0
20190709:2110,0.0,0.0,0.0,22.76,1.45,0.0
20190709:2210,0.0,0.0,0.0,22.44,1.31,0.0
20190709:2310,0.0,0.0,0.0,21.97,1.86,0.0
20190710:0010,0.0,0.0,0.0,21.35,2.07,0.0
20190710:0110,0.0,0.0,0.0,20.86,1.66,0.0
20190710:0210,0.0,0.0,0.0,20.44,1.59,0.0
20190710:0310,0.0,0.0,0.0,20.13,1.31,0.0
20190710:0410,0.0,0.0,0.0,19.78,1.38,0.0
20190710:0510,1866.5,62.0,11.74,19.65,1.72,0.0
20190710:0610,3977.0,114.0,21.98,19.75,2.21,0.0
20190710:0710,9452.0,247.0,32.53,20.86,2.07,0.0
20190710:0810,12837.0,332.0,43.06,22.1,1.72,0.0
20190710:0910,21528.5,555.0,53.1,23.31,1.86,0.0
20190710:1010,16903.5,439.0,61.67,24.14,1.86,0.0
20190710:1110,29660.0,781.0,66.79,25.26,2.07,0.0
20190710:1210,31198.5,824.0,65.99,26.0,2.28,0.0
20190710:1310,27907.0,735.0,59.76,26.92,2.28,0.0
20190710:1410,26460.0,694.0,50.69,27.7,2.41,0.0
20190710:1510,20433.5,534.0,40.47,27.83,2.28,0.0
20190710:1610,15138.5,400.0,29.9,27.73,2.21,0.0
20190710:1710,9476.5,268.0,19.39,27.32,2.48,0.0
20190710:1810,2466.5,87.0,9.28,26.54,2.28,0.0
20190710:1910,0.0,0.0,0.0,25.9,2.41,0.0
20190710:2010,0.0,0.0,0.0,24.86,2.34,0.0
20190710:2110,0.0,0.0,0.0,23.87,2.28,0.0
20190710:2210,0.0,0.0,0.0,23.1,2.21,0.0
20190710:2310,0.0,0.0,0.0,22.53,2.14,0.0
20190711:0010,0.0,0.0,0.0,22.05,2.0,0.0
20190711:0110,0.0,0.0,0.0,21.84,1.93,0.0
20190711:0210,0.0,0.0,0.0,21.51,1.79,0.0
20190711:0310,0.0,0.0,0.0,21.33,1.86,0.0
20190711:0410,0.0,0.0,0.0,21.21,1.86,0.0
20190711:0510,1080.5,41.0,11.63,21.04,1.93,0.0
20190711:0610,4032.0,116.0,21.87,21.0,1.93,0.0
20190711:0710,7423.0,199.0,32.42,22.01,2.07,0.0
20190711:0810,17819.0,457.0,42.95,22.99,2.0,0.0
20190711:0910,12469.0,324.0,52.98,23.04,2.21,0.0
20190711:1010,13647.5,354.0,61.54,23.03,2.0,0.0
20190711:1110,15288.0,397.0,66.65,23.37,1.66,0.0
20190711:1210,13737.0,360.0,65.88,24.15,1.24,0.0
20190711:1310,14349.0,378.0,59.67,24.78,0.76,0.0
20190711:1410,13304.0,352.0,50.62,25.77,0.9,0.0
20190711:1510,8364.5,227.0,40.41,25.98,0.9,0.0
20190711:1610,2389.0,77.0,29.84,26.34,0.69,0.0
20190711:1710,5683.5,162.0,19.33,26.09,0.83,0.0
20190711:1810,1114.0,43.0,9.21,25.5,0.9,0.0
20190711:1910,0.0,0.0,0.0,24.49,1.03,0.0
20190711:2010,0.0,0.0,0.0,23.67,0.9,0.0
20190711:2110,0.0,0.0,0.0,22.59,1.03,0.0
20190711:2210,0.0,0.0,0.0,21.39,1.31,0.0
20190711:2310,0.0,0.0,0.0,21.15,1.17,0.0
20190712:0010,0.0,0.0,0.0,21.12,0.9,0.0
20190712:0110,0.0,0.0,0.0,20.96,0.9,0.0
20190712:0210,0.0,0.0,0.0,20.37,1.03,0.0
20190712:0310,0.0,0.0,0.0,20.04,0.97,0.0
20190712:0410,0.0,0.0,0.0,20.04,0.9,0.0
20190712:0510,1712.5,58.0,11.51,20.29,0.69,0.0
20190712:0610,9741.0,262.0,21.75,21.59,0.9,0.0
20190712:0710,18272.0,474.0,32.31,22.3,0.62,0.0
20190712:0810,24477.5,643.0,42.84,23.74,0.41,0.0
20190712:0910,29029.0,780.0,52.86,25.21,0.41,0.0
20190712:1010,32100.0,879.01,61.41,26.37,0.48,0.0
20190712:1110,33731.0,930.01,66.52,27.42,0.76,0.0
20190712:1210,33479.0,923.01,65.76,28.53,0.97,0.0
20190712:1310,31739.0,870.01,59.58,29.28,1.03,0.0
20190712:1410,28157.5,764.0,50.55,30.23,1.1,0.0
20190712:1510,22911.5,617.0,40.35,30.54,0.9,0.0
20190712:1610,16587.0,448.0,29.77,30.59,1.17,0.0
20190712:1710,9575.5,276.0,19.26,30.09,1.86,0.0
20190712:1810,2470.5,89.0,9.14,28.73,1.93,0.0
20190712:1910,0.0,0.0,0.0,26.96,2.14,0.0
20190712:2010,0.0,0.0,0.0,25.48,1.86,0.0
20190712:2110,0.0,0.0,0.0,23.97,1.66,0.0
20190712:2210,0.0,0.0,0.0,23.42,0.97,0.0
20190712:2310,0.0,0.0,0.0,23.78,0.41,0.0
20190713:0010,0.0,0.0,0.0,23.24,0.48,0.0
20190713:0110,0.0,0.0,0.0,21.68,1.03,0.0
20190713:0210,0.0,0.0,0.0,20.05,1.59,0.0
20190713:0310,0.0,0.0,0.0,19.68,1.45,0.0
20190713:0410,0.0,0.0,0.0,20.15,1.03,0.0
20190713:0510,4105.0,132.0,11.39,19.85,0.69,0.0
20190713:0610,11408.0,308.0,21.64,21.57,0.9,0.0
20190713:0710,18803.5,490.0,32.2,23.25,0.69,0.0
20190713:0810,24984.5,658.0,42.73,25.16,0.76,0.0
20190713:0910,29628.5,794.0,52.74,26.79,1.03,0.0
20190713:1010,33172.5,899.01,61.27,28.1,1.52,0.0
20190713:1110,34514.0,946.01,66.37,28.76,1.45,0.0
20190713:1210,33566.5,925.01,65.63,29.43,1.24,0.0
20190713:1310,32145.5,881.01,59.48,30.03,1.31,0.0
20190713:1410,28420.5,766.0,50.47,30.51,1.66,0.0
20190713:1510,23324.5,621.0,40.28,30.62,1.86,0.0
20190713:1610,16740.0,449.0,29.7,30.54,2.0,0.0
20190713:1710,9660.0,278.0,19.19,29.92,2.21,0.0
20190713:1810,2504.0,91.0,9.06,28.94,2.34,0.0
20190713:1910,0.0,0.0,0.0,27.2,1.59,0.0
20190713:2010,0.0,0.0,0.0,25.15,1.66,0.0
20190713:2110,0.0,0.0,0.0,24.14,1.66,0.0
20190713:2210,0.0,0.0,0.0,22.99,2.14,0.0
20190713:2310,0.0,0.0,0.0,23.41,2.69,0.0
20190714:0010,0.0,0.0,0.0,23.12,3.03,0.0
20190714:0110,0.0,0.0,0.0,22.68,2.76,0.0
20190714:0210,0.0,0.0,0.0,22.32,2.41,0.0
20190714:0310,0.0,0.0,0.0,22.05,2.48,0.0
20190714:0410,0.0,0.0,0.0,21.75,2.34,0.0
20190714:0510,3388.5,108.0,11.27,21.36,2.34,0.0
20190714:0610,8268.0,222.0,21.52,21.45,2.55,0.0
20190714:0710,10185.0,267.0,32.08,21.64,1.03,0.0
20190714:0810,23284.0,601.0,42.61,22.68,1.1,0.0
20190714:0910,29498.0,773.0,52.61,23.47,1.24,0.0
20190714:1010,32506.5,866.01,61.13,24.42,1.24,0.0
20190714:1110,27886.0,735.0,66.22,24.72,1.59,0.0
20190714:1210,28138.0,740.0,65.5,25.37,2.0,0.0
20190714:1310,28106.5,739.0,59.38,26.05,2.07,0.0
20190714:1410,26022.0,685.0,50.38,26.52,1.59,0.0
20190714:1510,12872.5,341.0,40.2,26.88,1.38,0.0
20190714:1610,3875.5,115.0,29.63,26.67,1.24,0.0
20190714:1710,805.5,34.0,19.11,26.42,0.69,0.0
20190714:1810,447.0,23.0,8.98,25.49,0.41,0.0
20190714:1910,0.0,0.0,0.0,22.48,2.0,0.0
20190714:2010,0.0,0.0,0.0,21.46,2.14,0.0
20190714:2110,0.0,0.0,0.0,20.49,2.14,0.0
20190714:2210,0.0,0.0,0.0,19.76,2.48,0.0
20190714:2310,0.0,0.0,0.0,18.97,3.03,0.0
20190715:0010,0.0,0.0,0.0,18.45,3.59,0.0
20190715:0110,0.0,0.0,0.0,17.81,3.72,0.0
20190715:0210,0.0,0.0,0.0,17.44,3.72,0.0
20190715:0310,0.0,0.0,0.0,17.3,3.72,0.0
20190715:0410,0.0,0.0,0.0,17.13,4.21,0.0
20190715:0510,140.5,12.0,11.14,17.1,5.45,0.0
20190715:0610,605.5,27.0,21.4,16.68,6.07,0.0
20190715:0710,1570.0,53.0,31.96,16.22,6.9,0.0
20190715:0810,4421.0,122.0,42.49,15.71,7.17,0.0
20190715:0910,3574.5,102.0,52.48,15.65,6.34,0.0
20190715:1010,3109.5,91.0,60.99,15.91,5.59,0.0
20190715:1110,4821.5,132.0,66.07,16.41,5.17,0.0
20190715:1210,5280.0,143.0,65.35,16.57,4.55,0.0
20190715:1310,6481.0,172.0,59.27,17.35,3.79,0.0
20190715:1410,3940.0,112.0,50.29,17.82,3.1,0.0
20190715:1510,4058.5,115.0,40.12,17.91,2.41,0.0
20190715:1610,8717.5,227.0,29.55,18.74,2.34,0.0
20190715:1710,9019.0,246.0,19.03,19.4,1.93,0.0
20190715:1810,2430.0,85.0,8.89,19.57,1.66,0.0
20190715:1910,0.0,0.0,0.0,18.73,1.93,0.0
20190715:2010,0.0,0.0,0.0,17.93,2.0,0.0
20190715:2110,0.0,0.0,0.0,17.4,1.79,0.0
20190715:2210,0.0,0.0,0.0,16.53,1.66,0.0
20190715:2310,0.0,0.0,0.0,15.64,1.59,0.0
20190716:0010,0.0,0.0,0.0,15.05,1.52,0.0
20190716:0110,0.0,0.0,0.0,14.68,1.52,0.0
20190716:0210,0.0,0.0,0.0,14.4,1.45,0.0
20190716:0310,0.0,0.0,0.0,14.27,1.38,0.0
20190716:0410,0.0,0.0,0.0,14.07,1.31,0.0
20190716:0510,4218.5,137.0,11.02,14.77,1.03,0.0
20190716:0610,12075.0,322.0,21.28,17.47,0.76,0.0
20190716:0710,19698.0,505.0,31.84,19.71,0.69,0.0
20190716:0810,25822.0,672.0,42.36,21.73,0.48,0.0
20190716:0910,29920.5,805.0,52.35,23.41,0.07,0.0
20190716:1010,33286.0,907.01,60.84,24.8,0.48,0.0
20190716:1110,34846.5,956.01,65.91,25.86,0.76,0.0
20190716:1210,34154.0,934.01,65.21,26.66,0.97,0.0
20190716:1310,32696.0,885.01,59.15,27.29,1.24,0.0
20190716:1410,28920.0,773.0,50.2,27.76,1.31,0.0
20190716:1510,23839.5,630.0,40.03,27.93,1.38,0.0
20190716:1610,17149.0,457.0,29.46,27.81,1.24,0.0
20190716:1710,9867.5,283.0,18.94,27.27,1.45,0.0
20190716:1810,2623.5,98.0,8.79,26.05,1.66,0.0
20190716:1910,0.0,0.0,0.0,24.19,1.66,0.0
20190716:2010,0.0,0.0,0.0,22.11,1.52,0.0
20190716:2110,0.0,0.0,0.0,21.91,1.1,0.0
20190716:2210,0.0,0.0,0.0,22.66,0.69,0.0
20190716:2310,0.0,0.0,0.0,22.27,0.28,0.0
20190717:0010,0.0,0.0,0.0,21.61,0.28,0.0
20190717:0110,0.0,0.0,0.0,21.05,0.55,0.0
20190717:0210,0.0,0.0,0.0,20.33,0.62,0.0
20190717:0310,0.0,0.0,0.0,19.79,0.69,0.0
20190717:0410,0.0,0.0,0.0,19.34,0.69,0.0
20190717:0510,4101.0,138.0,10.89,19.41,0.48,0.0
20190717:0610,11548.5,313.0,21.15,20.04,0.28,0.0
20190717:0710,18887.5,493.0,31.72,22.71,0.41,0.0
20190717:0810,24872.0,658.0,42.23,24.19,0.21,0.0
20190717:0910,29342.0,792.0,52.21,25.29,0.28,0.0
20190717:1010,32593.5,893.01,60.69,26.52,0.55,0.0
20190717:1110,33439.0,921.01,65.74,27.37,0.76,0.0
20190717:1210,31426.0,856.01,65.05,28.12,1.17,0.0
20190717:1310,30945.0,838.01,59.02,28.62,1.38,0.0
20190717:1410,26967.5,720.0,50.09,28.75,1.52,0.0
20190717:1510,22949.0,606.0,39.94,28.58,1.66,0.0
20190717:1610,14812.0,394.0,29.37,27.94,1.59,0.0
20190717:1710,7343.5,208.0,18.85,26.72,0.97,0.0
20190717:1810,2402.0,88.0,8.69,26.02,1.03,0.0
20190717:1910,0.0,0.0,0.0,24.04,1.59,0.0
20190717:2010,0.0,0.0,0.0,22.08,1.59,0.0
20190717:2110,0.0,0.0,0.0,21.0,1.45,0.0
20190717:2210,0.0,0.0,0.0,20.18,1.38,0.0
20190717:2310,0.0,0.0,0.0,19.65,1.38,0.0
20190718:0010,0.0,0.0,0.0,18.93,1.38,0.0
20190718:0110,0.0,0.0,0.0,18.5,1.45,0.0
20190718:0210,0.0,0.0,0.0,18.3,1.38,0.0
20190718:0310,0.0,0.0,0.0,18.29,1.38,0.0
20190718:0410,0.0,0.0,0.0,18.37,1.24,0.0
20190718:0510,3891.5,130.0,10.75,19.04,0.97,0.0
20190718:0610,9977.0,270.0,21.02,20.88,0.55,0.0
20190718:0710,17907.0,468.0,31.59,22.94,0.34,0.0
20190718:0810,23571.5,618.0,42.1,24.15,0.55,0.0
20190718:0910,28443.5,750.0,52.07,25.03,1.24,0.0
20190718:1010,32285.0,856.01,60.53,25.95,1.93,0.0
20190718:1110,33886.0,903.01,65.57,26.4,2.14,0.0
20190718:1210,31874.0,849.01,64.89,26.46,1.93,0.0
20190718:1310,31110.5,826.01,58.89,26.76,1.93,0.0
20190718:1410,26598.5,701.0,49.98,26.86,1.66,0.0
20190718:1510,18704.5,490.0,39.84,26.8,1.52,0.0
20190718:1610,15212.5,403.0,29.28,26.81,1.38,0.0
20190718:1710,6825.5,194.0,18.75,26.61,0.83,0.0
20190718:1810,2346.5,87.0,8.58,25.68,0.69,0.0
20190718:1910,0.0,0.0,0.0,24.35,1.79,0.0
20190718:2010,0.0,0.0,0.0,23.02,1.45,0.0
20190718:2110,0.0,0.0,0.0,21.94,1.38,0.0
20190718:2210,0.0,0.0,0.0,21.41,1.59,0.0
20190718:2310,0.0,0.0,0.0,20.51,1.72,0.0
20190719:0010,0.0,0.0,0.0,19.74,1.52,0.0
20190719:0110,0.0,0.0,0.0,19.56,1.24,0.0
20190719:0210,0.0,0.0,0.0,19.19,1.17,0.0
20190719:0310,0.0,0.0,0.0,19.1,1.03,0.0
20190719:0410,0.0,0.0,0.0,19.09,0.97,0.0
20190719:0510,1997.0,66.0,10.61,19.52,0.76,0.0
20190719:0610,8639.0,234.0,20.89,20.98,0.62,0.0
20190719:0710,16610.5,429.0,31.46,22.43,1.24,0.0
20190719:0810,23747.5,611.0,41.97,22.95,1.45,0.0
20190719:0910,28676.5,755.0,51.93,24.11,1.03,0.0
20190719:1010,31401.5,848.01,60.37,25.11,0.62,0.0
20190719:1110,31755.0,871.01,65.39,26.25,0.41,0.0
20190719:1210,32146.0,889.01,64.73,26.87,0.28,0.0
20190719:1310,30629.5,842.01,58.76,27.64,0.34,0.0
20190719:1410,27069.5,734.0,49.87,28.21,0.41,0.0
20190719:1510,22175.0,599.0,39.73,28.57,0.0,0.0
20190719:1610,15640.0,423.0,29.17,28.46,0.14,0.0
20190719:1710,8690.5,250.0,18.64,27.74,0.9,0.0
20190719:1810,2351.0,89.0,8.47,26.62,0.69,0.0
20190719:1910,0.0,0.0,0.0,26.4,0.41,0.0
20190719:2010,0.0,0.0,0.0,25.46,0.34,0.0
20190719:2110,0.0,0.0,0.0,24.67,0.48,0.0
20190719:2210,0.0,0.0,0.0,23.95,0.55,0.0
20190719:2310,0.0,0.0,0.0,23.26,0.69,0.0
20190720:0010,0.0,0.0,0.0,22.22,0.83,0.0
20190720:0110,0.0,0.0,0.0,21.51,0.9,0.0
20190720:0210,0.0,0.0,0.0,20.64,1.03,0.0
20190720:0310,0.0,0.0,0.0,20.11,1.1,0.0
20190720:0410,0.0,0.0,0.0,19.73,1.1,0.0
20190720:0510,3082.5,101.0,10.48,20.19,0.97,0.0
20190720:0610,7496.0,205.0,20.76,22.17,0.83,0.0
20190720:0710,17579.5,456.0,31.33,23.07,1.1,0.0
20190720:0810,23584.5,615.0,41.84,24.46,0.97,0.0
20190720:0910,26454.5,704.0,51.78,25.29,0.55,0.0
20190720:1010,30307.0,832.01,60.2,26.5,0.14,0.0
20190720:1110,32123.0,892.01,65.21,27.28,0.21,0.0
20190720:1210,32351.5,887.01,64.56,28.13,0.9,0.0
20190720:1310,29190.5,790.0,58.61,28.81,1.17,0.0
20190720:1410,22699.0,606.0,49.75,29.16,1.24,0.0
20190720:1510,22556.0,600.0,39.62,29.32,1.24,0.0
20190720:1610,15551.0,418.0,29.07,29.05,1.03,0.0
20190720:1710,8287.5,239.0,18.53,28.4,1.17,0.0
20190720:1810,2345.5,91.0,8.35,27.07,0.9,0.0
20190720:1910,0.0,0.0,0.0,26.01,1.45,0.0
20190720:2010,0.0,0.0,0.0,24.15,1.31,0.0
20190720:2110,0.0,0.0,0.0,22.92,1.45,0.0
20190720:2210,0.0,0.0,0.0,22.59,1.31,0.0
20190720:2310,0.0,0.0,0.0,22.26,1.17,0.0
20190721:0010,0.0,0.0,0.0,21.41,1.52,0.0
20190721:0110,0.0,0.0,0.0,21.08,1.66,0.0
20190721:0210,0.0,0.0,0.0,20.55,1.66,0.0
20190721:0310,0.0,0.0,0.0,20.43,1.38,0.0
20190721:0410,0.0,0.0,0.0,20.61,1.1,0.0
20190721:0510,724.5,31.0,10.33,21.31,0.83,0.0
20190721:0610,5051.5,143.0,20.62,22.92,0.76,0.0
20190721:0710,16797.0,440.0,31.19,24.19,0.69,0.0
20190721:0810,23081.5,608.0,41.7,25.56,0.62,0.0
20190721:0910,27995.0,756.0,51.63,26.98,0.41,0.0
20190721:1010,30990.0,851.01,60.03,28.17,0.55,0.0
20190721:1110,31554.0,873.01,65.02,29.27,0.69,0.0
20190721:1210,29902.5,826.01,64.38,30.42,0.83,0.0
20190721:1310,28517.0,791.0,58.46,31.05,0.48,0.0
20190721:1410,26040.0,715.0,49.62,31.34,0.48,0.0
20190721:1510,21181.0,574.0,39.51,31.48,0.62,0.0
20190721:1610,15328.5,417.0,28.95,31.25,0.97,0.0
20190721:1710,8461.5,247.0,18.42,30.39,1.59,0.0
20190721:1810,2203.5,85.0,8.23,28.81,1.86,0.0
20190721:1910,0.0,0.0,0.0,27.16,2.62,0.0
20190721:2010,0.0,0.0,0.0,25.69,2.41,0.0
20190721:2110,0.0,0.0,0.0,24.76,1.79,0.0
20190721:2210,0.0,0.0,0.0,23.88,1.31,0.0
20190721:2310,0.0,0.0,0.0,23.08,1.31,0.0
20190722:0010,0.0,0.0,0.0,22.52,1.38,0.0
20190722:0110,0.0,0.0,0.0,22.56,1.1,0.0
20190722:0210,0.0,0.0,0.0,23.11,0.83,0.0
20190722:0310,0.0,0.0,0.0,22.3,1.03,0.0
20190722:0410,0.0,0.0,0.0,21.85,1.1,0.0
20190722:0510,1847.0,63.0,10.19,22.71,0.69,0.0
20190722:0610,8256.5,228.0,20.48,24.0,0.48,0.0
20190722:0710,14186.5,372.0,31.06,24.92,1.24,0.0
20190722:0810,22456.0,590.0,41.56,26.27,1.03,0.0
20190722:0910,27817.5,746.0,51.48,27.75,0.97,0.0
20190722:1010,30421.0,831.01,59.86,28.85,0.9,0.0
20190722:1110,31027.0,858.01,64.82,29.98,0.83,0.0
20190722:1210,29829.5,829.01,64.19,30.96,0.69,0.0
20190722:1310,27226.5,758.0,58.31,31.73,0.34,0.0
20190722:1410,25487.5,710.0,49.49,32.21,0.0,0.0
20190722:1510,20887.0,569.0,39.38,32.5,0.62,0.0
20190722:1610,13434.0,368.0,28.83,32.43,0.97,0.0
20190722:1710,7064.5,207.0,18.29,31.97,1.24,0.0
20190722:1810,1011.5,41.0,8.1,30.84,1.59,0.0
20190722:1910,0.0,0.0,0.0,29.05,1.72,0.0
20190722:2010,0.0,0.0,0.0,27.73,1.66,0.0
20190722:2110,0.0,0.0,0.0,26.47,1.66,0.0
20190722:2210,0.0,0.0,0.0,25.5,1.59,0.0
20190722:2310,0.0,0.0,0.0,24.72,1.52,0.0
20190723:0010,0.0,0.0,0.0,24.02,1.52,0.0
20190723:0110,0.0,0.0,0.0,23.54,1.38,0.0
20190723:0210,0.0,0.0,0.0,23.18,1.24,0.0
20190723:0310,0.0,0.0,0.0,22.83,1.17,0.0
20190723:0410,0.0,0.0,0.0,22.81,1.03,0.0
20190723:0510,2640.5,89.0,10.04,23.56,0.76,0.0
20190723:0610,9086.5,253.0,20.34,25.27,0.48,0.0
20190723:0710,16699.5,445.0,30.92,27.36,0.62,0.0
20190723:0810,23181.0,618.0,41.41,28.84,0.97,0.0
20190723:0910,27717.0,752.0,51.32,29.99,0.97,0.0
20190723:1010,30361.5,838.01,59.68,31.05,0.97,0.0
20190723:1110,31129.0,869.01,64.63,31.93,0.9,0.0
20190723:1210,31310.5,884.01,64.0,32.71,0.62,0.0
20190723:1310,29810.5,845.01,58.14,33.31,0.28,0.0
20190723:1410,26325.5,736.0,49.35,33.68,0.28,0.0
20190723:1510,21450.0,590.0,39.26,33.83,0.48,0.0
20190723:1610,14739.5,409.0,28.71,33.8,0.34,0.0
20190723:1710,8169.0,245.0,18.17,33.65,0.21,0.0
20190723:1810,2175.5,90.0,7.96,32.16,0.69,0.0
20190723:1910,0.0,0.0,0.0,30.68,1.38,0.0
20190723:2010,0.0,0.0,0.0,28.66,1.66,0.0
20190723:2110,0.0,0.0,0.0,27.23,1.45,0.0
20190723:2210,0.0,0.0,0.0,25.99,1.52,0.0
20190723:2310,0.0,0.0,0.0,25.04,1.45,0.0
20190724:0010,0.0,0.0,0.0,24.32,1.45,0.0
20190724:0110,0.0,0.0,0.0,23.67,1.45,0.0
20190724:0210,0.0,0.0,0.0,23.59,1.17,0.0
20190724:0310,0.0,0.0,0.0,23.59,1.03,0.0
20190724:0410,0.0,0.0,0.0,23.24,1.03,0.0
20190724:0510,2757.0,94.0,9.89,23.94,0.83,0.0
20190724:0610,9516.0,266.0,20.2,25.55,0.62,0.0
20190724:0710,16872.0,449.0,30.78,28.01,1.1,0.0
20190724:0810,22998.5,614.0,41.27,29.69,1.17,0.0
20190724:0910,27424.5,752.0,51.17,31.07,0.69,0.0
20190724:1010,30382.5,857.01,59.5,32.26,0.34,0.0
20190724:1110,31228.5,899.01,64.42,33.34,0.07,0.0
20190724:1210,30980.5,889.01,63.8,34.08,0.28,0.0
20190724:1310,29513.0,841.01,57.98,34.7,0.34,0.0
20190724:1410,26186.0,732.0,49.2,35.04,0.62,0.0
20190724:1510,22371.5,617.0,39.12,35.17,0.83,0.0
20190724:1610,14161.0,393.0,28.58,34.74,0.83,0.0
20190724:1710,8093.5,243.0,18.03,34.35,1.1,0.0
20190724:1810,2077.5,86.0,7.82,31.93,1.03,0.0
20190724:1910,0.0,0.0,0.0,31.53,0.83,0.0
20190724:2010,0.0,0.0,0.0,30.71,0.9,0.0
20190724:2110,0.0,0.0,0.0,28.4,1.24,0.0
20190724:2210,0.0,0.0,0.0,27.23,1.31,0.0
20190724:2310,0.0,0.0,0.0,26.32,1.31,0.0
20190725:0010,0.0,0.0,0.0,25.68,1.24,0.0
20190725:0110,0.0,0.0,0.0,25.48,1.1,0.0
20190725:0210,0.0,0.0,0.0,25.1,1.1,0.0
20190725:0310,0.0,0.0,0.0,24.94,1.03,0.0
20190725:0410,0.0,0.0,0.0,25.05,0.9,0.0
20190725:0510,2606.0,89.0,9.74,23.74,1.1,0.0
20190725:0610,8948.0,251.0,20.06,25.59,0.14,0.0
20190725:0710,16361.0,432.0,30.63,27.33,1.66,0.0
20190725:0810,22678.5,596.0,41.12,27.71,1.59,0.0
20190725:0910,27373.0,739.0,51.0,29.05,0.9,0.0
20190725:1010,30594.0,843.01,59.31,31.02,1.03,0.0
20190725:1110,31714.5,890.01,64.21,32.09,0.76,0.0
20190725:1210,31083.5,880.01,63.6,32.79,0.48,0.0
20190725:1310,29314.0,823.01,57.8,32.92,0.48,0.0
20190725:1410,25758.5,711.0,49.05,33.24,0.69,0.0
20190725:1510,21457.5,578.0,38.98,32.57,1.52,0.0
20190725:1610,15102.0,411.0,28.44,31.49,1.24,0.0
20190725:1710,8328.5,247.0,17.89,31.04,1.31,0.0
20190725:1810,1996.0,82.0,7.67,30.19,1.1,0.0
20190725:1910,0.0,0.0,0.0,29.68,1.31,0.0
20190725:2010,0.0,0.0,0.0,28.49,1.24,0.0
20190725:2110,0.0,0.0,0.0,28.59,0.9,0.0
20190725:2210,0.0,0.0,0.0,27.11,0.97,0.0
20190725:2310,0.0,0.0,0.0,24.5,1.45,0.0
20190726:0010,0.0,0.0,0.0,24.6,1.1,0.0
20190726:0110,0.0,0.0,0.0,25.68,0.76,0.0
20190726:0210,0.0,0.0,0.0,24.36,0.97,0.0
20190726:0310,0.0,0.0,0.0,22.78,1.31,0.0
20190726:0410,0.0,0.0,0.0,22.25,1.38,0.0
20190726:0510,2750.5,95.0,9.59,22.88,1.1,0.0
20190726:0610,9478.0,265.0,19.91,25.0,0.76,0.0
20190726:0710,16997.0,451.0,30.49,26.3,0.62,0.0
20190726:0810,23257.5,618.0,40.97,28.41,1.03,0.0
20190726:0910,27972.5,759.0,50.84,30.2,1.03,0.0
20190726:1010,30973.5,860.01,59.12,31.65,0.9,0.0
20190726:1110,32165.0,904.01,64.0,32.65,0.9,0.0
20190726:1210,31977.0,893.01,63.39,33.32,1.31,0.0
20190726:1310,30395.0,840.01,57.62,33.69,1.59,0.0
20190726:1410,26966.0,730.0,48.89,33.92,2.34,0.0
20190726:1510,21819.0,587.0,38.84,33.66,2.21,0.0
20190726:1610,15204.5,412.0,28.3,31.78,2.07,0.0
20190726:1710,8036.5,237.0,17.75,30.96,2.0,0.0
20190726:1810,1726.5,68.0,7.52,29.79,1.86,0.0
20190726:1910,0.0,0.0,0.0,28.37,1.03,0.0
20190726:2010,0.0,0.0,0.0,26.8,1.52,0.0
20190726:2110,0.0,0.0,0.0,26.0,2.0,0.0
20190726:2210,0.0,0.0,0.0,25.14,1.93,0.0
20190726:2310,0.0,0.0,0.0,23.95,1.38,0.0
20190727:0010,0.0,0.0,0.0,22.63,1.17,0.0
20190727:0110,0.0,0.0,0.0,22.52,0.97,0.0
20190727:0210,0.0,0.0,0.0,22.65,1.66,0.0
20190727:0310,0.0,0.0,0.0,21.77,1.45,0.0
20190727:0410,0.0,0.0,0.0,21.99,0.62,0.0
20190727:0510,2241.5,77.0,9.43,22.17,0.55,0.0
20190727:0610,1031.0,40.0,19.76,23.14,0.21,0.0
20190727:0710,9198.5,244.0,30.34,23.15,1.52,0.0
20190727:0810,11032.0,289.0,40.82,22.57,1.1,0.0
20190727:0910,14620.0,377.0,50.67,22.51,1.93,0.0
20190727:1010,31505.5,811.01,58.93,22.06,2.34,0.0
20190727:1110,30514.0,801.01,63.78,22.1,1.17,0.0
20190727:1210,2546.5,80.0,63.18,23.17,0.83,0.0
20190727:1310,2347.5,75.0,57.43,23.47,0.9,0.0
20190727:1410,2309.0,74.0,48.73,23.55,1.31,0.0
20190727:1510,1914.0,64.0,38.69,24.42,1.31,0.0
20190727:1610,5396.5,152.0,28.15,24.79,1.03,0.0
20190727:1710,5309.0,153.0,17.6,24.85,0.48,0.0
20190727:1810,21.0,7.0,7.36,24.61,0.07,0.0
20190727:1910,0.0,0.0,0.0,20.96,1.72,0.0
20190727:2010,0.0,0.0,0.0,20.69,1.03,0.0
20190727:2110,0.0,0.0,0.0,20.23,0.34,0.0
20190727:2210,0.0,0.0,0.0,19.99,1.24,0.0
20190727:2310,0.0,0.0,0.0,19.7,2.21,0.0
20190728:0010,0.0,0.0,0.0,19.45,2.28,0.0
20190728:0110,0.0,0.0,0.0,19.32,1.52,0.0
20190728:0210,0.0,0.0,0.0,19.13,1.03,0.0
20190728:0310,0.0,0.0,0.0,18.99,0.76,0.0
20190728:0410,0.0,0.0,0.0,18.82,1.45,0.0
20190728:0510,192.5,14.0,9.27,18.67,1.93,0.0
20190728:0610,1894.5,62.0,19.61,18.72,2.0,0.0
20190728:0710,10214.0,263.0,30.19,18.88,2.34,0.0
20190728:0810,18469.0,464.0,40.66,19.45,2.34,0.0
20190728:0910,27755.5,711.0,50.5,21.42,1.79,0.0
20190728:1010,22086.5,573.0,58.73,23.23,1.45,0.0
20190728:1110,30761.5,819.01,63.55,25.01,1.31,0.0
20190728:1210,31506.0,855.01,62.95,26.21,0.76,0.0
20190728:1310,30377.5,827.01,57.24,27.11,0.55,0.0
20190728:1410,26586.0,718.0,48.56,27.8,0.41,0.0
20190728:1510,14370.5,385.0,38.53,28.0,0.21,0.0
20190728:1610,15465.5,417.0,28.0,27.73,0.41,0.0
20190728:1710,8353.5,247.0,17.44,27.85,0.34,0.0
20190728:1810,1669.0,67.0,7.2,26.94,0.41,0.0
20190728:1910,0.0,0.0,0.0,25.78,1.1,0.0
20190728:2010,0.0,0.0,0.0,24.23,1.1,0.0
20190728:2110,0.0,0.0,0.0,22.3,1.52,0.0
20190728:2210,0.0,0.0,0.0,21.21,1.79,0.0
20190728:2310,0.0,0.0,0.0,20.4,1.79,0.0
20190729:0010,0.0,0.0,0.0,19.55,1.72,0.0
20190729:0110,0.0,0.0,0.0,18.83,1.59,0.0
20190729:0210,0.0,0.0,0.0,18.34,1.45,0.0
20190729:0310,0.0,0.0,0.0,17.71,1.24,0.0
20190729:0410,0.0,0.0,0.0,17.65,1.31,0.0
20190729:0510,2923.5,104.0,9.11,17.59,1.1,0.0
20190729:0610,10284.5,283.0,19.46,19.87,0.83,0.0
20190729:0710,17888.0,467.0,30.04,23.57,1.03,0.0
20190729:0810,24136.0,635.0,40.51,25.39,0.76,0.0
20190729:0910,28631.0,773.01,50.33,26.88,0.48,0.0
20190729:1010,31385.0,872.01,58.53,28.01,0.14,0.0
20190729:1110,32681.5,912.01,63.33,28.82,0.41,0.0
20190729:1210,32683.0,906.01,62.73,29.63,0.83,0.0
20190729:1310,31070.5,847.01,57.04,30.14,1.38,0.0
20190729:1410,27504.5,736.0,48.38,30.29,1.86,0.0
20190729:1510,22598.0,593.0,38.37,29.34,2.62,0.0
20190729:1610,15768.5,419.0,27.84,28.55,2.9,0.0
20190729:1710,8358.5,245.0,17.28,27.75,2.62,0.0
20190729:1810,1747.0,73.0,7.03,26.82,2.34,0.0
20190729:1910,0.0,0.0,0.0,25.09,2.48,0.0
20190729:2010,0.0,0.0,0.0,23.93,2.14,0.0
20190729:2110,0.0,0.0,0.0,23.04,2.14,0.0
20190729:2210,0.0,0.0,0.0,22.42,2.14,0.0
20190729:2310,0.0,0.0,0.0,21.84,2.07,0.0
20190730:0010,0.0,0.0,0.0,21.44,1.86,0.0
20190730:0110,0.0,0.0,0.0,21.0,1.72,0.0
20190730:0210,0.0,0.0,0.0,20.41,1.59,0.0
20190730:0310,0.0,0.0,0.0,19.73,1.45,0.0
20190730:0410,0.0,0.0,0.0,19.4,1.24,0.0
20190730:0510,2797.5,101.0,8.95,19.79,0.97,0.0
20190730:0610,9922.5,276.0,19.3,21.76,0.76,0.0
20190730:0710,17501.0,457.0,29.89,23.85,1.17,0.0
20190730:0810,23897.0,627.0,40.35,25.55,0.97,0.0
20190730:0910,28394.0,764.01,50.15,26.95,0.62,0.0
20190730:1010,31616.5,867.01,58.33,28.21,0.69,0.0
20190730:1110,32922.0,906.01,63.09,29.36,1.1,0.0
20190730:1210,32745.0,896.01,62.5,30.25,1.59,0.0
20190730:1310,31005.5,837.01,56.83,30.76,2.14,0.0
20190730:1410,27491.5,731.0,48.2,31.08,2.69,0.0
20190730:1510,22164.5,585.0,38.2,30.74,2.76,0.0
20190730:1610,15489.5,415.0,27.68,29.99,2.83,0.0
20190730:1710,8132.5,240.0,17.12,28.79,2.76,0.0
20190730:1810,1673.0,71.0,6.86,27.48,2.69,0.0
20190730:1910,0.0,0.0,0.0,25.98,2.55,0.0
20190730:2010,0.0,0.0,0.0,24.65,2.34,0.0
20190730:2110,0.0,0.0,0.0,23.68,2.21,0.0
20190730:2210,0.0,0.0,0.0,22.9,1.93,0.0
20190730:2310,0.0,0.0,0.0,22.32,1.79,0.0
20190731:0010,0.0,0.0,0.0,21.88,1.66,0.0
20190731:0110,0.0,0.0,0.0,21.59,1.66,0.0
20190731:0210,0.0,0.0,0.0,21.25,1.59,0.0
20190731:0310,0.0,0.0,0.0,20.89,1.59,0.0
20190731:0410,0.0,0.0,0.0,20.83,1.52,0.0
20190731:0510,1142.0,43.0,8.79,20.79,1.24,0.0
20190731:0610,4703.0,134.0,19.15,22.19,0.97,0.0
20190731:0710,15439.0,401.0,29.73,23.43,1.66,0.0
20190731:0810,22856.5,589.0,40.18,24.1,1.79,0.0
20190731:0910,18587.0,487.0,49.97,25.59,1.24,0.0
20190731:1010,29415.5,794.01,58.12,26.62,0.76,0.0
20190731:1110,27773.0,753.0,62.85,27.42,0.69,0.0
20190731:1210,29813.0,810.01,62.26,27.98,0.97,0.0
20190731:1310,28422.0,766.01,56.62,28.57,1.24,0.0
20190731:1410,22596.0,602.0,48.01,28.81,1.24,0.0
20190731:1510,18750.0,498.0,38.03,28.9,1.17,0.0
20190731:1610,15017.0,404.0,27.51,28.65,1.31,0.0
20190731:1710,7902.5,234.0,16.95,28.13,1.24,0.0
20190731:1810,1583.5,68.0,6.68,27.25,1.17,0.0
20190731:1910,0.0,0.0,0.0,25.53,0.9,0.0
20190731:2010,0.0,0.0,0.0,25.48,0.41,0.0
20190731:2110,0.0,0.0,0.0,24.48,0.62,0.0
20190731:2210,0.0,0.0,0.0,23.59,0.83,0.0
20190731:2310,0.0,0.0,0.0,22.47,1.17,0.0
20190801:0010,0.0,0.0,0.0,22.37,1.66,0.0
20190801:0110,0.0,0.0,0.0,22.36,1.66,0.0
20190801:0210,0.0,0.0,0.0,22.22,1.52,0.0
20190801:0310,0.0,0.0,0.0,21.84,1.31,0.0
20190801:0410,0.0,0.0,0.0,21.54,1.24,0.0
20190801:0510,1330.5,49.0,8.62,21.79,1.17,0.0
20190801:0610,8503.5,237.0,18.99,23.04,1.17,0.0
20190801:0710,16142.0,425.0,29.57,24.07,0.48,0.0
20190801:0810,22640.0,595.0,40.02,24.98,0.55,0.0
20190801:0910,26500.0,706.0,49.79,25.92,0.62,0.0
20190801:1010,30133.5,815.01,57.91,26.84,0.76,0.0
20190801:1110,30852.5,844.01,62.61,27.45,0.62,0.0
20190801:1210,29702.5,810.01,62.01,27.8,0.69,0.0
20190801:1310,22987.0,622.0,56.41,28.37,0.34,0.0
20190801:1410,25391.5,689.0,47.82,28.98,0.34,0.0
20190801:1510,20080.5,539.0,37.85,29.15,0.41,0.0
20190801:1610,14150.0,385.0,27.34,29.22,0.41,0.0
20190801:1710,7438.5,221.0,16.77,28.81,1.45,0.0
20190801:1810,1456.5,63.0,6.49,27.23,0.83,0.0
20190801:1910,0.0,0.0,0.0,26.24,1.31,0.0
20190801:2010,0.0,0.0,0.0,25.83,0.76,0.0
20190801:2110,0.0,0.0,0.0,24.31,0.69,0.0
20190801:2210,0.0,0.0,0.0,22.9,1.03,0.0
20190801:2310,0.0,0.0,0.0,21.65,1.31,0.0
20190802:0010,0.0,0.0,0.0,22.4,0.62,0.0
20190802:0110,0.0,0.0,0.0,22.02,0.34,0.0
20190802:0210,0.0,0.0,0.0,21.37,0.55,0.0
20190802:0310,0.0,0.0,0.0,19.4,1.31,0.0
20190802:0410,0.0,0.0,0.0,19.18,1.31,0.0
20190802:0510,1673.0,59.0,8.46,19.45,1.72,0.0
20190802:0610,9012.5,248.0,18.83,20.43,2.0,0.0
20190802:0710,16721.5,437.0,29.42,22.72,0.62,0.0
20190802:0810,23211.0,605.0,39.85,24.24,0.9,0.0
20190802:0910,28361.5,739.01,49.6,25.11,1.93,0.0
20190802:1010,20852.0,541.0,57.69,24.9,2.21,0.0
20190802:1110,32643.5,854.01,62.36,24.48,2.41,0.0
20190802:1210,32772.5,878.01,61.76,25.28,1.24,0.0
20190802:1310,30650.0,815.01,56.18,25.17,1.17,0.0
20190802:1410,26960.0,698.0,47.62,25.44,2.41,0.0
20190802:1510,22028.0,570.0,37.66,26.18,2.41,0.0
20190802:1610,15266.0,406.0,27.16,26.43,1.59,0.0
20190802:1710,7649.0,227.0,16.59,26.4,0.55,0.0
20190802:1810,1417.5,61.0,6.3,25.87,0.34,0.0
20190802:1910,0.0,0.0,0.0,25.34,0.48,0.0
20190802:2010,0.0,0.0,0.0,22.92,1.24,0.0
20190802:2110,0.0,0.0,0.0,21.43,1.66,0.0
20190802:2210,0.0,0.0,0.0,20.82,1.38,0.0
20190802:2310,0.0,0.0,0.0,21.24,1.03,0.0
20190803:0010,0.0,0.0,0.0,21.55,0.83,0.0
20190803:0110,0.0,0.0,0.0,21.29,0.76,0.0
20190803:0210,0.0,0.0,0.0,20.85,0.76,0.0
20190803:0310,0.0,0.0,0.0,20.45,0.83,0.0
20190803:0410,0.0,0.0,0.0,20.16,0.83,0.0
20190803:0510,2409.0,89.0,8.29,19.8,0.9,0.0
20190803:0610,9581.0,266.0,18.67,20.16,0.83,0.0
20190803:0710,17460.5,453.0,29.26,21.75,0.97,0.0
20190803:0810,24230.5,627.0,39.69,23.21,1.17,0.0
20190803:0910,28992.5,766.01,49.42,24.48,0.97,0.0
20190803:1010,31858.5,866.01,57.47,25.81,0.55,0.0
20190803:1110,32920.5,910.01,62.11,27.34,0.48,0.0
20190803:1210,32451.0,899.01,61.51,28.39,0.55,0.0
20190803:1310,30682.0,840.01,55.95,29.28,0.9,0.0
20190803:1410,27444.5,736.01,47.42,29.74,1.52,0.0
20190803:1510,22012.5,588.0,37.47,29.72,1.17,0.0
20190803:1610,15247.5,414.0,26.97,29.77,1.17,0.0
20190803:1710,7744.5,233.0,16.4,29.04,1.17,0.0
20190803:1810,1361.0,61.0,6.11,27.72,0.83,0.0
20190803:1910,0.0,0.0,0.0,28.05,0.28,0.0
20190803:2010,0.0,0.0,0.0,26.98,0.14,0.0
20190803:2110,0.0,0.0,0.0,25.86,0.34,0.0
20190803:2210,0.0,0.0,0.0,24.94,0.28,0.0
20190803:2310,0.0,0.0,0.0,24.14,0.14,0.0
20190804:0010,0.0,0.0,0.0,23.46,0.0,0.0
20190804:0110,0.0,0.0,0.0,23.02,0.41,0.0
20190804:0210,0.0,0.0,0.0,21.63,0.9,0.0
20190804:0310,0.0,0.0,0.0,20.19,1.17,0.0
20190804:0410,0.0,0.0,0.0,19.84,1.17,0.0
20190804:0510,2305.0,86.0,8.12,20.1,0.97,0.0
20190804:0610,9190.5,258.0,18.5,21.79,0.76,0.0
20190804:0710,16969.0,441.0,29.09,23.28,1.66,0.0
20190804:0810,23698.5,612.0,39.52,24.65,1.86,0.0
20190804:0910,28590.5,749.01,49.23,25.87,1.86,0.0
20190804:1010,31971.5,852.01,57.25,27.14,1.86,0.0
20190804:1110,33060.0,896.01,61.86,28.16,1.52,0.0
20190804:1210,32532.5,885.01,61.25,28.89,1.45,0.0
20190804:1310,30180.5,822.01,55.72,29.74,1.17,0.0
20190804:1410,26850.5,723.0,47.21,30.02,1.24,0.0
20190804:1510,21335.5,573.0,37.28,30.44,0.97,0.0
20190804:1610,14565.5,399.0,26.78,30.43,0.62,0.0
20190804:1710,7279.0,221.0,16.21,29.86,0.55,0.0
20190804:1810,1251.0,57.0,5.91,28.99,0.55,0.0
20190804:1910,0.0,0.0,0.0,28.36,0.21,0.0
20190804:2010,0.0,0.0,0.0,27.32,0.41,0.0
20190804:2110,0.0,0.0,0.0,26.26,0.55,0.0
20190804:2210,0.0,0.0,0.0,24.61,0.83,0.0
20190804:2310,0.0,0.0,0.0,23.14,1.03,0.0
20190805:0010,0.0,0.0,0.0,22.85,0.9,0.0
20190805:0110,0.0,0.0,0.0,22.55,0.83,0.0
20190805:0210,0.0,0.0,0.0,22.01,0.9,0.0
20190805:0310,0.0,0.0,0.0,21.38,0.97,0.0
20190805:0410,0.0,0.0,0.0,20.61,1.03,0.0
20190805:0510,1917.0,70.0,7.94,20.56,0.9,0.0
20190805:0610,8537.0,240.0,18.34,22.16,0.83,0.0
20190805:0710,16107.0,423.0,28.93,24.28,1.03,0.0
20190805:0810,22499.0,589.0,39.34,25.65,1.03,0.0
20190805:0910,27471.0,734.01,49.04,27.0,0.83,0.0
20190805:1010,30200.5,827.01,57.02,28.34,0.55,0.0
20190805:1110,31448.0,874.01,61.6,29.5,0.48,0.0
20190805:1210,29872.0,827.01,60.99,30.57,0.69,0.0
20190805:1310,28246.5,784.01,55.48,31.28,0.41,0.0
20190805:1410,22856.5,622.0,46.99,31.53,0.69,0.0
20190805:1510,19046.5,512.0,37.08,31.07,1.03,0.0
20190805:1610,14177.0,388.0,26.59,30.94,1.1,0.0
20190805:1710,6923.0,210.0,16.01,30.07,1.79,0.0
20190805:1810,988.0,49.69,5.7,28.69,2.0,0.0
20190805:1910,0.0,0.0,0.0,26.74,2.21,0.0
20190805:2010,0.0,0.0,0.0,25.49,2.07,0.0
20190805:2110,0.0,0.0,0.0,24.51,1.86,0.0
20190805:2210,0.0,0.0,0.0,23.89,1.93,0.0
20190805:2310,0.0,0.0,0.0,23.11,1.72,0.0
20190806:0010,0.0,0.0,0.0,22.75,1.31,0.0
20190806:0110,0.0,0.0,0.0,22.43,1.17,0.0
20190806:0210,0.0,0.0,0.0,22.35,1.45,0.0
20190806:0310,0.0,0.0,0.0,21.82,1.17,0.0
20190806:0410,0.0,0.0,0.0,22.17,0.76,0.0
20190806:0510,1637.0,61.0,7.77,22.57,0.62,0.0
20190806:0610,7779.0,220.0,18.17,23.17,0.34,0.0
20190806:0710,14845.0,390.0,28.76,24.13,0.97,0.0
20190806:0810,22261.5,583.0,39.17,25.05,0.76,0.0
20190806:0910,26065.5,699.0,48.84,25.96,0.21,0.0
20190806:1010,27633.5,754.01,56.79,26.92,0.07,0.0
20190806:1110,25944.0,710.0,61.33,27.55,0.0,0.0
20190806:1210,27539.0,751.01,60.72,28.44,0.55,0.0
20190806:1310,15877.5,428.0,55.23,29.03,0.34,0.0
20190806:1410,17146.5,457.0,46.77,29.34,1.31,0.0
20190806:1510,18873.0,503.0,36.87,29.84,1.24,0.0
20190806:1610,13265.5,360.0,26.38,29.45,1.31,0.0
20190806:1710,7151.0,218.0,15.81,28.43,1.59,0.0
20190806:1810,827.0,38.92,5.49,27.62,1.72,0.0
20190806:1910,0.0,0.0,0.0,24.21,1.59,0.0
20190806:2010,0.0,0.0,0.0,23.83,1.52,0.0
20190806:2110,0.0,0.0,0.0,23.19,1.93,0.0
20190806:2210,0.0,0.0,0.0,22.61,2.07,0.0
20190806:2310,0.0,0.0,0.0,22.23,2.07,0.0
20190807:0010,0.0,0.0,0.0,22.02,1.59,0.0
20190807:0110,0.0,0.0,0.0,21.87,1.17,0.0
20190807:0210,0.0,0.0,0.0,21.63,0.9,0.0
20190807:0310,0.0,0.0,0.0,21.68,0.9,0.0
20190807:0410,0.0,0.0,0.0,21.61,1.03,0.0
20190807:0510,22.0,7.0,7.6,21.73,0.9,0.0
20190807:0610,425.0,22.0,18.01,21.93,0.83,0.0
20190807:0710,2062.0,67.0,28.6,21.28,1.38,0.0
20190807:0810,6147.0,168.0,38.99,21.68,1.59,0.0
20190807:0910,7283.5,196.0,48.64,22.06,1.59,0.0
20190807:1010,6710.5,183.0,56.56,22.96,1.17,0.0
20190807:1110,9740.0,259.0,61.06,23.52,0.76,0.0
20190807:1210,3636.0,108.0,60.44,24.39,0.76,0.0
20190807:1310,4713.0,135.0,54.98,24.71,0.97,0.0
20190807:1410,10842.5,289.0,46.54,25.98,1.17,0.0
20190807:1510,9850.5,264.0,36.66,26.8,1.79,0.0
20190807:1610,5143.0,147.0,26.18,27.0,1.45,0.0
20190807:1710,1699.0,59.0,15.6,27.09,0.76,0.0
20190807:1810,589.0,28.56,5.28,26.21,0.76,0.0
20190807:1910,0.0,0.0,0.0,24.82,1.52,0.0
20190807:2010,0.0,0.0,0.0,23.77,2.0,0.0
20190807:2110,0.0,0.0,0.0,22.79,2.14,0.0
20190807:2210,0.0,0.0,0.0,22.07,2.21,0.0
20190807:2310,0.0,0.0,0.0,21.54,1.72,0.0
20190808:0010,0.0,0.0,0.0,21.17,1.72,0.0
20190808:0110,0.0,0.0,0.0,21.0,1.38,0.0
20190808:0210,0.0,0.0,0.0,20.86,0.9,0.0
20190808:0310,0.0,0.0,0.0,20.75,0.97,0.0
20190808:0410,0.0,0.0,0.0,20.68,1.17,0.0
20190808:0510,396.5,21.0,7.42,20.73,1.24,0.0
20190808:0610,6117.5,171.0,17.84,21.17,1.31,0.0
20190808:0710,10253.5,269.0,28.43,21.77,1.31,0.0
20190808:0810,21180.0,546.0,38.82,23.07,1.24,0.0
20190808:0910,26050.0,685.0,48.44,24.32,0.83,0.0
20190808:1010,27529.5,741.01,56.32,25.8,0.41,0.0
20190808:1110,27748.0,756.01,60.79,27.46,0.41,0.0
20190808:1210,27074.0,742.0,60.16,28.35,0.28,0.0
20190808:1310,27492.0,756.01,54.72,29.34,0.28,0.0
20190808:1410,24250.5,659.0,46.31,29.95,0.41,0.0
20190808:1510,20456.5,555.0,36.44,30.38,0.21,0.0
20190808:1610,14083.0,389.0,25.97,30.51,0.21,0.0
20190808:1710,6741.5,209.0,15.38,30.23,0.28,0.0
20190808:1810,773.0,40.56,5.05,29.54,0.28,0.0
20190808:1910,0.0,0.0,0.0,28.16,0.55,0.0
20190808:2010,0.0,0.0,0.0,27.27,0.14,0.0
20190808:2110,0.0,0.0,0.0,26.47,0.21,0.0
20190808:2210,0.0,0.0,0.0,25.85,0.21,0.0
20190808:2310,0.0,0.0,0.0,25.22,0.07,0.0
20190809:0010,0.0,0.0,0.0,24.71,0.55,0.0
20190809:0110,0.0,0.0,0.0,23.32,0.9,0.0
20190809:0210,0.0,0.0,0.0,23.07,0.83,0.0
20190809:0310,0.0,0.0,0.0,22.32,0.9,0.0
20190809:0410,0.0,0.0,0.0,21.42,1.1,0.0
20190809:0510,1566.0,60.0,7.24,21.41,1.03,0.0
20190809:0610,927.0,37.0,17.67,22.72,0.83,0.0
20190809:0710,9226.5,248.0,28.26,24.94,0.69,0.0
20190809:0810,19270.0,506.0,38.64,25.85,0.76,0.0
20190809:0910,26839.0,713.01,48.24,26.75,0.97,0.0
20190809:1010,25660.5,689.0,56.09,27.95,0.9,0.0
20190809:1110,18998.5,512.0,60.51,29.03,0.55,0.0
20190809:1210,23555.0,648.0,59.88,30.04,0.07,0.0
20190809:1310,20527.0,557.0,54.46,30.64,0.62,0.0
20190809:1410,20383.0,551.0,46.07,31.56,0.97,0.0
20190809:1510,17401.5,472.0,36.22,31.91,0.62,0.0
20190809:1610,10253.0,284.0,25.75,31.61,0.83,0.0
20190809:1710,4912.0,150.0,15.17,31.15,1.38,0.0
20190809:1810,672.0,34.93,4.83,29.79,0.83,0.0
20190809:1910,0.0,0.0,0.0,28.89,0.21,0.0
20190809:2010,0.0,0.0,0.0,27.91,0.21,0.0
20190809:2110,0.0,0.0,0.0,27.13,0.55,0.0
20190809:2210,0.0,0.0,0.0,26.58,0.48,0.0
20190809:2310,0.0,0.0,0.0,25.88,0.69,0.0
20190810:0010,0.0,0.0,0.0,24.73,0.9,0.0
20190810:0110,0.0,0.0,0.0,24.42,0.9,0.0
20190810:0210,0.0,0.0,0.0,24.13,0.9,0.0
20190810:0310,0.0,0.0,0.0,23.52,0.97,0.0
20190810:0410,0.0,0.0,0.0,23.21,1.03,0.0
20190810:0510,1494.0,59.0,7.06,23.1,1.1,0.0
20190810:0610,7539.5,216.0,17.5,24.38,1.1,0.0
20190810:0710,15129.5,401.0,28.09,25.6,1.03,0.0
20190810:0810,21811.5,575.0,38.45,26.79,0.9,0.0
20190810:0910,26667.5,716.01,48.03,28.12,0.76,0.0
20190810:1010,27430.0,744.01,55.84,29.27,0.9,0.0
20190810:1110,25362.5,688.0,60.23,30.39,1.17,0.0
20190810:1210,25144.5,683.0,59.59,31.34,1.38,0.0
20190810:1310,27098.0,736.01,54.19,32.14,1.66,0.0
20190810:1410,25564.0,684.01,45.83,32.09,2.28,0.0
20190810:1510,20261.5,539.0,35.99,31.65,2.41,0.0
20190810:1610,13573.5,370.0,25.53,30.8,2.41,0.0
20190810:1710,6182.5,191.0,14.94,29.87,2.48,0.0
20190810:1810,603.5,32.23,4.6,28.67,2.21,0.0
20190810:1910,0.0,0.0,0.0,27.41,1.93,0.0
20190810:2010,0.0,0.0,0.0,26.39,1.93,0.0
20190810:2110,0.0,0.0,0.0,25.74,1.86,0.0
20190810:2210,0.0,0.0,0.0,25.11,1.93,0.0
20190810:2310,0.0,0.0,0.0,24.5,1.72,0.0
20190811:0010,0.0,0.0,0.0,23.94,1.31,0.0
20190811:0110,0.0,0.0,0.0,23.55,0.76,0.0
20190811:0210,0.0,0.0,0.0,23.82,0.55,0.0
20190811:0310,0.0,0.0,0.0,23.81,0.55,0.0
20190811:0410,0.0,0.0,0.0,23.5,0.62,0.0
20190811:0510,1324.5,53.0,6.88,23.79,0.48,0.0
20190811:0610,7408.5,214.0,17.32,24.3,0.21,0.0
20190811:0710,15241.5,401.0,27.91,24.43,1.31,0.0
20190811:0810,21860.0,567.0,38.27,24.93,1.45,0.0
20190811:0910,25279.5,662.0,47.83,25.77,1.45,0.0
20190811:1010,29177.0,777.01,55.6,27.1,1.45,0.0
20190811:1110,29111.0,783.01,59.95,27.58,1.17,0.0
20190811:1210,29934.5,821.01,59.29,28.27,0.48,0.0
20190811:1310,24714.0,673.0,53.92,29.27,0.34,0.0
20190811:1410,19905.5,531.0,45.58,29.5,1.17,0.0
20190811:1510,1314.5,49.0,35.76,29.58,1.52,0.0
20190811:1610,13082.5,355.0,25.3,28.94,1.79,0.0
20190811:1710,6058.5,187.0,14.71,28.17,1.66,0.0
20190811:1810,575.5,31.94,4.36,27.3,1.66,0.0
20190811:1910,0.0,0.0,0.0,26.46,1.1,0.0
20190811:2010,0.0,0.0,0.0,25.44,0.97,0.0
20190811:2110,0.0,0.0,0.0,24.92,0.83,0.0
20190811:2210,0.0,0.0,0.0,24.97,0.55,0.0
20190811:2310,0.0,0.0,0.0,24.4,0.48,0.0
20190812:0010,0.0,0.0,0.0,22.51,1.17,0.0
20190812:0110,0.0,0.0,0.0,21.81,1.24,0.0
20190812:0210,0.0,0.0,0.0,21.73,1.03,0.0
20190812:0310,0.0,0.0,0.0,21.73,0.9,0.0
20190812:0410,0.0,0.0,0.0,21.57,0.9,0.0
20190812:0510,1568.0,65.0,6.7,21.74,0.83,0.0
20190812:0610,7796.0,224.0,17.15,22.52,0.69,0.0
20190812:0710,13817.5,366.0,27.74,23.72,0.21,0.0
20190812:0810,18110.5,476.0,38.08,25.18,0.41,0.0
20190812:0910,20001.0,531.0,47.61,26.27,0.34,0.0
20190812:1010,27956.5,753.01,55.35,27.07,0.69,0.0
20190812:1110,22578.5,612.0,59.66,28.4,0.28,0.0
20190812:1210,24875.0,679.0,59.0,29.12,0.34,0.0
20190812:1310,24203.0,652.0,53.64,29.21,0.9,0.0
20190812:1410,14222.5,383.0,45.33,29.03,0.34,0.0
20190812:1510,1283.0,48.0,35.52,28.85,1.03,0.0
20190812:1610,999.5,40.0,25.07,28.87,0.41,0.0
20190812:1710,4381.0,134.0,14.48,28.3,0.28,0.0
20190812:1810,466.0,26.8,4.12,27.02,0.62,0.0
20190812:1910,0.0,0.0,0.0,23.48,2.14,0.0
20190812:2010,0.0,0.0,0.0,22.91,1.45,0.0
20190812:2110,0.0,0.0,0.0,22.44,1.17,0.0
20190812:2210,0.0,0.0,0.0,21.52,0.83,0.0
20190812:2310,0.0,0.0,0.0,21.37,0.69,0.0
20190813:0010,0.0,0.0,0.0,20.36,1.03,0.0
20190813:0110,0.0,0.0,0.0,19.71,1.24,0.0
20190813:0210,0.0,0.0,0.0,19.29,1.24,0.0
20190813:0310,0.0,0.0,0.0,19.1,1.31,0.0
20190813:0410,0.0,0.0,0.0,18.36,1.72,0.0
20190813:0510,793.5,33.0,6.52,17.75,1.66,0.0
20190813:0610,5348.0,150.0,16.97,19.28,1.45,0.0
20190813:0710,15570.0,402.0,27.56,21.41,2.0,0.0
20190813:0810,23406.5,600.0,37.9,23.41,2.07,0.0
20190813:0910,27436.0,715.01,47.4,25.44,2.0,0.0
20190813:1010,30132.0,799.01,55.09,26.61,1.79,0.0
20190813:1110,26993.5,722.0,59.37,27.56,1.38,0.0
20190813:1210,21730.5,581.0,58.69,28.26,1.1,0.0
20190813:1310,15581.5,415.0,53.36,28.53,1.38,0.0
20190813:1410,16479.5,437.0,45.07,28.72,1.66,0.0
20190813:1510,13813.5,367.0,35.27,28.52,1.72,0.0
20190813:1610,11100.5,301.0,24.83,28.17,1.66,0.0
20190813:1710,1587.0,56.0,14.24,27.38,1.66,0.0
20190813:1810,475.0,28.96,3.88,25.84,1.66,0.0
20190813:1910,0.0,0.0,0.0,23.77,1.66,0.0
20190813:2010,0.0,0.0,0.0,22.04,1.59,0.0
20190813:2110,0.0,0.0,0.0,20.78,1.59,0.0
20190813:2210,0.0,0.0,0.0,20.09,1.31,0.0
20190813:2310,0.0,0.0,0.0,19.79,1.17,0.0
20190814:0010,0.0,0.0,0.0,19.74,1.03,0.0
20190814:0110,0.0,0.0,0.0,20.4,0.9,0.0
20190814:0210,0.0,0.0,0.0,20.63,0.55,0.0
20190814:0310,0.0,0.0,0.0,20.51,0.62,0.0
20190814:0410,0.0,0.0,0.0,17.19,1.59,0.0
20190814:0510,1498.0,61.0,6.33,15.89,1.86,0.0
20190814:0610,7060.5,196.0,16.8,17.7,1.17,0.0
20190814:0710,13537.0,354.0,27.39,21.36,0.41,0.0
20190814:0810,16295.5,421.0,37.71,23.04,1.31,0.0
20190814:0910,22477.0,581.0,47.19,24.22,1.93,0.0
20190814:1010,31103.5,816.01,54.84,25.57,2.28,0.0
20190814:1110,33581.0,893.01,59.07,26.66,2.21,0.0
20190814:1210,32816.0,876.01,58.38,27.5,2.14,0.0
20190814:1310,29981.0,796.01,53.07,28.0,2.14,0.0
20190814:1410,26500.0,700.01,44.8,28.23,1.93,0.0
20190814:1510,20959.0,553.0,35.03,28.0,1.59,0.0
20190814:1610,14087.5,383.0,24.59,27.94,1.38,0.0
20190814:1710,6205.0,195.0,14.0,27.21,0.9,0.0
20190814:1810,400.0,24.75,3.63,25.81,0.83,0.0
20190814:1910,0.0,0.0,0.0,24.26,1.79,0.0
20190814:2010,0.0,0.0,0.0,22.09,1.79,0.0
20190814:2110,0.0,0.0,0.0,21.03,1.52,0.0
20190814:2210,0.0,0.0,0.0,20.72,1.31,0.0
20190814:2310,0.0,0.0,0.0,20.6,1.17,0.0
20190815:0010,0.0,0.0,0.0,18.9,1.59,0.0
20190815:0110,0.0,0.0,0.0,17.86,1.72,0.0
20190815:0210,0.0,0.0,0.0,17.3,1.72,0.0
20190815:0310,0.0,0.0,0.0,17.11,1.59,0.0
20190815:0410,0.0,0.0,0.0,16.97,1.52,0.0
20190815:0510,780.0,33.0,6.15,16.76,1.45,0.0
20190815:0610,6503.0,182.0,16.62,18.32,1.03,0.0
20190815:0710,12145.0,315.0,27.21,21.03,1.79,0.0
20190815:0810,14286.0,368.0,37.51,22.25,1.66,0.0
20190815:0910,27480.0,713.01,46.97,23.55,1.52,0.0
20190815:1010,30380.5,807.01,54.58,24.88,1.1,0.0
20190815:1110,25859.0,693.0,58.77,25.87,0.55,0.0
20190815:1210,24689.0,660.0,58.07,26.57,0.76,0.0
20190815:1310,25754.5,693.01,52.78,27.51,0.62,0.0
20190815:1410,22363.0,597.0,44.53,28.02,0.69,0.0
20190815:1510,18444.5,490.0,34.77,27.99,0.83,0.0
20190815:1610,12892.5,353.0,24.34,27.94,0.55,0.0
20190815:1710,5668.5,179.0,13.75,27.31,0.41,0.0
20190815:1810,303.0,20.31,3.37,26.42,0.34,0.0
20190815:1910,0.0,0.0,0.0,25.69,0.28,0.0
20190815:2010,0.0,0.0,0.0,24.66,0.55,0.0
20190815:2110,0.0,0.0,0.0,23.09,0.97,0.0
20190815:2210,0.0,0.0,0.0,21.16,1.31,0.0
20190815:2310,0.0,0.0,0.0,19.88,1.59,0.0
20190816:0010,0.0,0.0,0.0,19.56,1.31,0.0
20190816:0110,0.0,0.0,0.0,19.4,1.17,0.0
20190816:0210,0.0,0.0,0.0,18.71,1.31,0.0
20190816:0310,0.0,0.0,0.0,18.88,1.1,0.0
20190816:0410,0.0,0.0,0.0,18.55,1.1,0.0
20190816:0510,916.0,38.0,5.96,18.19,1.1,0.0
20190816:0610,5455.5,154.0,16.44,19.22,0.9,0.0
20190816:0710,15335.0,400.0,27.03,22.33,1.52,0.0
20190816:0810,22564.5,579.0,37.32,23.73,2.07,0.0
20190816:0910,27723.0,720.01,46.75,24.95,2.0,0.0
20190816:1010,30857.5,819.01,54.32,25.97,1.52,0.0
20190816:1110,30404.5,816.01,58.47,27.0,1.31,0.0
20190816:1210,30555.5,827.01,57.76,27.85,1.1,0.0
20190816:1310,26709.5,721.01,52.48,28.49,0.83,0.0
20190816:1410,25333.5,679.01,44.26,28.72,0.9,0.0
20190816:1510,16082.0,428.0,34.51,28.83,1.17,0.0
20190816:1610,9166.0,252.0,24.09,28.82,1.31,0.0
20190816:1710,4518.0,140.0,13.5,28.27,1.52,0.0
20190816:1810,236.5,16.0,3.11,26.86,1.45,0.0
20190816:1910,0.0,0.0,0.0,24.91,1.24,0.0
20190816:2010,0.0,0.0,0.0,23.87,1.31,0.0
20190816:2110,0.0,0.0,0.0,22.69,1.31,0.0
20190816:2210,0.0,0.0,0.0,21.89,1.31,0.0
20190816:2310,0.0,0.0,0.0,21.47,1.17,0.0
20190817:0010,0.0,0.0,0.0,20.94,1.17,0.0
20190817:0110,0.0,0.0,0.0,20.6,1.17,0.0
20190817:0210,0.0,0.0,0.0,20.04,1.17,0.0
20190817:0310,0.0,0.0,0.0,19.38,1.31,0.0
20190817:0410,0.0,0.0,0.0,18.98,1.24,0.0
20190817:0510,838.0,36.0,5.78,19.15,1.03,0.0
20190817:0610,4215.0,122.0,16.26,20.32,0.76,0.0
20190817:0710,10807.5,285.0,26.85,22.52,0.97,0.0
20190817:0810,16996.0,441.0,37.13,23.85,1.1,0.0
20190817:0910,25997.5,685.01,46.52,25.12,0.9,0.0
20190817:1010,29709.0,793.01,54.05,26.15,1.1,0.0
20190817:1110,24719.5,662.0,58.16,27.36,0.9,0.0
20190817:1210,23619.5,639.0,57.44,28.39,0.48,0.0
20190817:1310,21015.5,567.0,52.18,29.29,0.55,0.0
20190817:1410,21075.0,566.0,43.98,30.05,0.9,0.0
20190817:1510,17465.0,469.0,34.25,30.24,0.9,0.0
20190817:1610,9114.0,253.0,23.84,30.04,0.83,0.0
20190817:1710,3330.5,105.0,13.25,29.04,0.9,0.0
20190817:1810,130.5,12.0,2.85,27.4,0.83,0.0
20190817:1910,0.0,0.0,0.0,25.77,1.86,0.0
20190817:2010,0.0,0.0,0.0,24.02,1.45,0.0
20190817:2110,0.0,0.0,0.0,23.19,1.24,0.0
20190817:2210,0.0,0.0,0.0,22.61,1.1,0.0
20190817:2310,0.0,0.0,0.0,22.25,1.03,0.0
20190818:0010,0.0,0.0,0.0,21.81,0.97,0.0
20190818:0110,0.0,0.0,0.0,22.19,0.76,0.0
20190818:0210,0.0,0.0,0.0,22.13,0.55,0.0
20190818:0310,0.0,0.0,0.0,21.93,0.41,0.0
20190818:0410,0.0,0.0,0.0,21.6,0.21,0.0
20190818:0510,500.0,24.82,5.59,21.29,0.28,0.0
20190818:0610,5498.0,158.0,16.08,21.66,0.41,0.0
20190818:0710,14934.5,395.0,26.66,22.44,0.21,0.0
20190818:0810,21492.5,565.0,36.93,23.43,0.0,0.0
20190818:0910,26255.5,701.01,46.3,24.33,0.0,0.0
20190818:1010,28857.5,781.01,53.78,25.0,0.07,0.0
20190818:1110,24937.5,675.0,57.85,26.18,0.0,0.0
20190818:1210,19287.0,517.0,57.11,26.89,0.14,0.0
20190818:1310,23943.0,644.0,51.87,27.75,0.48,0.0
20190818:1410,17279.0,461.0,43.7,28.73,0.83,0.0
20190818:1510,8995.5,246.0,33.98,29.18,1.17,0.0
20190818:1610,4969.5,144.0,23.58,29.05,1.59,0.0
20190818:1710,2564.5,83.0,12.99,28.11,2.07,0.0
20190818:1810,20.0,7.0,2.58,26.77,2.07,0.0
20190818:1910,0.0,0.0,0.0,25.55,2.41,0.0
20190818:2010,0.0,0.0,0.0,24.47,1.93,0.0
20190818:2110,0.0,0.0,0.0,23.79,1.93,0.0
20190818:2210,0.0,0.0,0.0,22.96,1.72,0.0
20190818:2310,0.0,0.0,0.0,22.54,1.66,0.0
20190819:0010,0.0,0.0,0.0,22.0,1.52,0.0
20190819:0110,0.0,0.0,0.0,21.42,1.38,0.0
20190819:0210,0.0,0.0,0.0,21.15,1.1,0.0
20190819:0310,0.0,0.0,0.0,21.48,0.83,0.0
20190819:0410,0.0,0.0,0.0,21.72,0.69,0.0
20190819:0510,498.5,24.81,5.4,21.62,0.62,0.0
20190819:0610,6621.5,193.0,15.9,22.05,0.48,0.0
20190819:0710,5609.5,157.0,26.48,24.12,0.76,0.0
20190819:0810,19810.0,520.0,36.73,25.32,0.62,0.0
20190819:0910,24778.5,660.01,46.07,26.63,0.55,0.0
20190819:1010,24887.0,669.0,53.51,27.95,0.69,0.0
20190819:1110,29704.5,810.01,57.53,29.09,0.9,0.0
20190819:1210,28340.0,772.01,56.78,29.79,0.97,0.0
20190819:1310,12512.5,339.0,51.56,30.54,1.1,0.0
20190819:1410,13159.0,356.0,43.41,30.83,1.03,0.0
20190819:1510,8832.5,244.0,33.71,30.55,0.69,0.0
20190819:1610,721.5,32.0,23.31,30.28,0.55,0.0
20190819:1710,1280.5,48.0,12.72,29.19,0.9,0.0
20190819:1810,0.0,2.0,2.31,27.59,0.69,0.0
20190819:1910,0.0,0.0,0.0,26.74,0.48,0.0
20190819:2010,0.0,0.0,0.0,26.02,0.48,0.0
20190819:2110,0.0,0.0,0.0,25.17,0.55,0.0
20190819:2210,0.0,0.0,0.0,23.84,0.76,0.0
20190819:2310,0.0,0.0,0.0,22.88,1.03,0.0
20190820:0010,0.0,0.0,0.0,22.58,1.17,0.0
20190820:0110,0.0,0.0,0.0,22.34,1.17,0.0
20190820:0210,0.0,0.0,0.0,21.84,1.03,0.0
20190820:0310,0.0,0.0,0.0,21.61,1.03,0.0
20190820:0410,0.0,0.0,0.0,21.4,1.1,0.0
20190820:0510,136.5,12.0,5.21,21.23,1.1,0.0
20190820:0610,2169.5,70.0,15.72,22.02,0.97,0.0
20190820:0710,4971.0,140.0,26.29,22.21,0.69,0.0
20190820:0810,4990.5,141.0,36.53,22.93,0.48,0.0
20190820:0910,17879.5,466.0,45.84,23.8,0.76,0.0
20190820:1010,19845.5,522.0,53.24,25.05,0.76,0.0
20190820:1110,18742.0,496.0,57.22,25.78,0.62,0.0
20190820:1210,13464.5,361.0,56.45,27.02,0.14,0.0
20190820:1310,14367.5,386.0,51.24,28.28,0.34,0.0
20190820:1410,16002.0,430.0,43.12,29.05,0.34,0.0
20190820:1510,8151.5,226.0,33.44,29.47,0.21,0.0
20190820:1610,2133.0,71.0,23.04,28.8,1.03,0.0
20190820:1710,181.0,14.0,12.45,28.04,1.72,0.0
20190820:1810,0.0,0.0,0.0,26.97,1.66,0.0
20190820:1910,0.0,0.0,0.0,25.78,1.17,0.0
20190820:2010,0.0,0.0,0.0,24.68,1.31,0.0
20190820:2110,0.0,0.0,0.0,23.89,1.45,0.0
20190820:2210,0.0,0.0,0.0,22.66,1.93,0.0
20190820:2310,0.0,0.0,0.0,21.79,2.62,0.0
20190821:0010,0.0,0.0,0.0,20.77,2.21,0.0
20190821:0110,0.0,0.0,0.0,20.06,1.38,0.0
20190821:0210,0.0,0.0,0.0,19.8,0.55,0.0
20190821:0310,0.0,0.0,0.0,19.34,0.83,0.0
20190821:0410,0.0,0.0,0.0,18.99,1.31,0.0
20190821:0510,766.0,37.43,5.02,19.17,1.17,0.0
20190821:0610,6522.0,189.0,15.54,20.21,0.83,0.0
20190821:0710,12640.5,332.0,26.11,22.82,1.52,0.0
20190821:0810,19501.0,506.0,36.33,24.03,1.1,0.0
20190821:0910,26450.0,696.01,45.61,25.28,1.03,0.0
20190821:1010,29411.5,785.01,52.96,26.61,1.17,0.0
20190821:1110,31235.5,836.01,56.89,27.56,1.66,0.0
20190821:1210,30287.5,809.01,56.12,28.4,1.93,0.0
20190821:1310,28317.0,757.01,50.92,28.78,1.59,0.0
20190821:1410,23719.5,633.01,42.82,29.21,1.17,0.0
20190821:1510,18550.0,495.0,33.15,29.04,1.03,0.0
20190821:1610,11566.0,319.0,22.77,28.77,1.52,0.0
20190821:1710,4133.5,133.0,12.18,27.89,1.38,0.0
20190821:1810,0.0,0.0,0.0,26.38,1.79,0.0
20190821:1910,0.0,0.0,0.0,26.13,1.86,0.0
20190821:2010,0.0,0.0,0.0,25.04,1.93,0.0
20190821:2110,0.0,0.0,0.0,24.05,1.93,0.0
20190821:2210,0.0,0.0,0.0,23.11,2.07,0.0
20190821:2310,0.0,0.0,0.0,22.41,3.38,0.0
20190822:0010,0.0,0.0,0.0,21.35,3.86,0.0
20190822:0110,0.0,0.0,0.0,20.54,3.17,0.0
20190822:0210,0.0,0.0,0.0,20.49,2.48,0.0
20190822:0310,0.0,0.0,0.0,20.61,2.21,0.0
20190822:0410,0.0,0.0,0.0,20.77,1.79,0.0
20190822:0510,0.0,4.0,4.83,20.67,1.52,0.0
20190822:0610,305.0,18.0,15.35,20.67,1.86,0.0
20190822:0710,973.5,38.0,25.92,20.78,1.45,0.0
20190822:0810,1409.5,50.0,36.12,21.65,2.0,0.0
20190822:0910,1860.5,62.0,45.37,22.27,2.28,0.0
20190822:1010,6720.0,183.0,52.68,23.44,2.34,0.0
20190822:1110,23519.0,610.0,56.57,24.15,1.93,0.0
20190822:1210,21039.0,551.0,55.78,25.42,1.45,0.0
20190822:1310,16423.5,433.0,50.6,26.07,0.97,0.0
20190822:1410,23336.5,617.01,42.52,27.0,0.97,0.0
20190822:1510,18389.0,485.0,32.87,27.52,1.45,0.0
20190822:1610,11602.0,319.0,22.49,27.34,1.38,0.0
20190822:1710,4608.5,154.0,11.9,26.54,1.59,0.0
20190822:1810,0.0,0.0,0.0,25.8,1.17,0.0
20190822:1910,0.0,0.0,0.0,25.11,0.97,0.0
20190822:2010,0.0,0.0,0.0,23.43,1.24,0.0
20190822:2110,0.0,0.0,0.0,22.26,1.52,0.0
20190822:2210,0.0,0.0,0.0,21.77,1.38,0.0
20190822:2310,0.0,0.0,0.0,22.7,0.97,0.0
20190823:0010,0.0,0.0,0.0,21.12,1.17,0.0
20190823:0110,0.0,0.0,0.0,19.84,1.38,0.0
20190823:0210,0.0,0.0,0.0,19.47,1.38,0.0
20190823:0310,0.0,0.0,0.0,19.18,1.31,0.0
20190823:0410,0.0,0.0,0.0,19.13,1.17,0.0
20190823:0510,559.5,28.84,4.64,19.77,0.9,0.0
20190823:0610,6385.0,187.0,15.17,20.04,0.76,0.0
20190823:0710,14011.5,367.0,25.73,21.92,1.52,0.0
20190823:0810,13268.0,345.0,35.92,23.58,1.59,0.0
20190823:0910,14922.5,390.0,45.14,24.68,1.24,0.0
20190823:1010,8133.0,221.0,52.4,25.71,0.9,0.0
20190823:1110,18308.0,484.0,56.24,26.71,1.1,0.0
20190823:1210,28974.5,770.01,55.44,26.98,1.59,0.0
20190823:1310,21889.0,570.0,50.27,26.32,2.28,0.0
20190823:1410,16807.0,435.0,42.21,25.7,2.83,0.0
20190823:1510,18057.0,466.0,32.58,25.3,2.97,0.0
20190823:1610,12106.0,327.0,22.21,24.48,2.83,0.0
20190823:1710,299.5,18.0,11.62,23.54,2.07,0.0
20190823:1810,0.0,0.0,0.0,22.61,1.03,0.0
20190823:1910,0.0,0.0,0.0,22.17,1.93,0.0
20190823:2010,0.0,0.0,0.0,21.47,1.79,0.0
20190823:2110,0.0,0.0,0.0,20.55,1.24,0.0
20190823:2210,0.0,0.0,0.0,19.98,1.1,0.0
20190823:2310,0.0,0.0,0.0,19.36,1.24,0.0
20190824:0010,0.0,0.0,0.0,18.76,1.31,0.0
20190824:0110,0.0,0.0,0.0,18.4,1.59,0.0
20190824:0210,0.0,0.0,0.0,18.41,1.59,0.0
20190824:0310,0.0,0.0,0.0,18.49,1.66,0.0
20190824:0410,0.0,0.0,0.0,18.59,1.59,0.0
20190824:0510,521.5,27.07,4.45,18.73,1.45,0.0
20190824:0610,6167.0,180.0,14.98,19.41,0.97,0.0
20190824:0710,13528.0,354.0,25.54,21.21,1.24,0.0
20190824:0810,20760.5,531.0,35.71,22.11,1.59,0.0
20190824:0910,26218.0,678.01,44.9,23.27,1.45,0.0
20190824:1010,27788.5,729.01,52.12,24.63,1.38,0.0
20190824:1110,25998.5,689.01,55.91,26.02,1.17,0.0
20190824:1210,27814.0,746.01,55.09,27.16,0.97,0.0
20190824:1310,25370.0,680.01,49.94,27.98,0.83,0.0
20190824:1410,22569.0,603.01,41.9,28.41,0.69,0.0
20190824:1510,17335.0,462.0,32.29,28.64,1.03,0.0
20190824:1610,10744.5,299.0,21.93,28.37,0.83,0.0
20190824:1710,3838.5,128.0,11.34,27.42,0.62,0.0
20190824:1810,0.0,0.0,0.0,26.67,0.69,0.0
20190824:1910,0.0,0.0,0.0,24.29,0.69,0.0
20190824:2010,0.0,0.0,0.0,25.05,0.14,0.0
20190824:2110,0.0,0.0,0.0,24.4,0.69,0.0
20190824:2210,0.0,0.0,0.0,22.17,1.38,0.0
20190824:2310,0.0,0.0,0.0,22.02,1.31,0.0
20190825:0010,0.0,0.0,0.0,22.36,1.1,0.0
20190825:0110,0.0,0.0,0.0,23.01,0.83,0.0
20190825:0210,0.0,0.0,0.0,22.85,0.48,0.0
20190825:0310,0.0,0.0,0.0,22.39,0.48,0.0
20190825:0410,0.0,0.0,0.0,21.62,0.83,0.0
20190825:0510,478.5,25.3,4.25,19.75,1.1,0.0
20190825:0610,6100.5,180.0,14.79,20.36,0.76,0.0
20190825:0710,13781.5,364.0,25.34,22.07,0.76,0.0
20190825:0810,20525.5,533.0,35.5,23.8,0.97,0.0
20190825:0910,25770.5,678.01,44.66,25.36,0.97,0.0
20190825:1010,28955.0,779.01,51.83,26.74,0.69,0.0
20190825:1110,28882.5,789.01,55.58,27.97,0.41,0.0
20190825:1210,29327.5,802.01,54.74,28.92,0.62,0.0
20190825:1310,27174.5,739.01,49.6,29.69,0.69,0.0
20190825:1410,23610.5,636.01,41.59,29.98,0.76,0.0
20190825:1510,18064.0,486.0,31.99,30.09,0.9,0.0
20190825:1610,11038.5,311.0,21.64,29.94,0.83,0.0
20190825:1710,3817.0,131.0,11.05,29.16,1.24,0.0
20190825:1810,0.0,0.0,0.0,27.63,1.52,0.0
20190825:1910,0.0,0.0,0.0,27.37,0.76,0.0
20190825:2010,0.0,0.0,0.0,24.86,1.24,0.0
20190825:2110,0.0,0.0,0.0,23.36,1.72,0.0
20190825:2210,0.0,0.0,0.0,22.42,1.79,0.0
20190825:2310,0.0,0.0,0.0,21.62,1.66,0.0
20190826:0010,0.0,0.0,0.0,21.53,1.31,0.0
20190826:0110,0.0,0.0,0.0,21.62,1.1,0.0
20190826:0210,0.0,0.0,0.0,21.67,0.97,0.0
20190826:0310,0.0,0.0,0.0,22.16,0.76,0.0
20190826:0410,0.0,0.0,0.0,22.21,0.55,0.0
20190826:0510,308.5,18.81,4.06,21.66,0.83,0.0
20190826:0610,6008.5,179.0,14.6,21.73,0.69,0.0
20190826:0710,13801.0,365.0,25.15,22.27,0.83,0.0
20190826:0810,20507.5,533.0,35.29,23.88,0.97,0.0
20190826:0910,25649.5,677.01,44.41,25.74,0.9,0.0
20190826:1010,28545.5,765.01,51.54,27.36,1.03,0.0
20190826:1110,28661.5,776.01,55.24,28.49,0.97,0.0
20190826:1210,29548.5,805.01,54.39,29.41,0.97,0.0
20190826:1310,27269.0,742.01,49.26,29.95,0.76,0.0
20190826:1410,23651.5,637.01,41.27,30.3,0.9,0.0
20190826:1510,17809.5,481.0,31.69,30.43,0.76,0.0
20190826:1610,10706.5,303.0,21.34,30.17,0.55,0.0
20190826:1710,3547.5,122.0,10.76,29.54,1.03,0.0
20190826:1810,0.0,0.0,0.0,28.08,1.79,0.0
20190826:1910,0.0,0.0,0.0,26.35,1.59,0.0
20190826:2010,0.0,0.0,0.0,25.32,1.79,0.0
20190826:2110,0.0,0.0,0.0,24.34,1.79,0.0
20190826:2210,0.0,0.0,0.0,23.35,1.52,0.0
20190826:2310,0.0,0.0,0.0,22.57,1.52,0.0
20190827:0010,0.0,0.0,0.0,21.94,1.59,0.0
20190827:0110,0.0,0.0,0.0,21.22,1.45,0.0
20190827:0210,0.0,0.0,0.0,21.35,1.03,0.0
20190827:0310,0.0,0.0,0.0,20.71,1.24,0.0
20190827:0410,0.0,0.0,0.0,20.32,1.17,0.0
20190827:0510,345.5,20.58,3.87,20.3,1.03,0.0
20190827:0610,5308.0,157.0,14.41,21.11,0.83,0.0
20190827:0710,8451.0,228.0,24.96,23.66,0.69,0.0
20190827:0810,19225.5,505.0,35.08,24.93,0.48,0.0
20190827:0910,24148.0,643.01,44.17,26.1,0.34,0.0
20190827:1010,26554.5,715.01,51.24,27.35,0.55,0.0
20190827:1110,27602.5,744.01,54.91,28.18,0.97,0.0
20190827:1210,22661.0,611.0,54.03,29.01,0.69,0.0
20190827:1310,25407.5,688.01,48.92,29.55,0.69,0.0
20190827:1410,18219.5,490.0,40.95,29.89,0.55,0.0
20190827:1510,10559.0,287.0,31.38,29.41,0.76,0.0
20190827:1610,4835.5,141.0,21.05,29.02,1.17,0.0
20190827:1710,1353.5,50.0,10.46,27.71,1.1,0.0
20190827:1810,0.0,0.0,0.0,26.64,1.66,0.0
20190827:1910,0.0,0.0,0.0,25.48,1.1,0.0
20190827:2010,0.0,0.0,0.0,25.25,0.9,0.0
20190827:2110,0.0,0.0,0.0,24.98,0.9,0.0
20190827:2210,0.0,0.0,0.0,24.5,0.9,0.0
20190827:2310,0.0,0.0,0.0,23.34,1.1,0.0
20190828:0010,0.0,0.0,0.0,22.54,1.1,0.0
20190828:0110,0.0,0.0,0.0,21.73,1.52,0.0
20190828:0210,0.0,0.0,0.0,21.28,1.72,0.0
20190828:0310,0.0,0.0,0.0,20.81,1.17,0.0
20190828:0410,0.0,0.0,0.0,20.78,0.69,0.0
20190828:0510,0.0,3.0,3.67,19.96,0.97,0.0
20190828:0610,493.0,24.0,14.22,20.48,1.03,0.0
20190828:0710,2329.0,74.0,24.76,21.87,1.31,0.0
20190828:0810,11126.0,293.0,34.86,23.89,1.1,0.0
20190828:0910,3695.0,110.0,43.92,25.5,0.76,0.0
20190828:1010,2514.5,80.0,50.95,25.75,1.1,0.0
20190828:1110,2856.0,89.0,54.56,26.5,1.52,0.0
20190828:1210,12039.5,321.0,53.67,27.2,1.38,0.0
20190828:1310,11315.5,303.0,48.57,27.46,1.24,0.0
20190828:1410,7534.0,208.0,40.62,27.85,0.9,0.0
20190828:1510,10755.5,290.0,31.08,28.08,0.9,0.0
20190828:1610,7218.0,203.0,20.75,28.03,1.03,0.0
20190828:1710,3384.5,120.0,10.16,27.21,0.62,0.0
20190828:1810,0.0,0.0,0.0,26.06,0.21,0.0
20190828:1910,0.0,0.0,0.0,23.57,0.83,0.0
20190828:2010,0.0,0.0,0.0,23.42,0.48,0.0
20190828:2110,0.0,0.0,0.0,23.15,0.21,0.0
20190828:2210,0.0,0.0,0.0,22.78,0.55,0.0
20190828:2310,0.0,0.0,0.0,21.18,1.03,0.0
20190829:0010,0.0,0.0,0.0,19.76,1.52,0.0
20190829:0110,0.0,0.0,0.0,19.36,1.66,0.0
20190829:0210,0.0,0.0,0.0,19.05,1.59,0.0
20190829:0310,0.0,0.0,0.0,18.81,1.52,0.0
20190829:0410,0.0,0.0,0.0,18.59,1.52,0.0
20190829:0510,254.0,16.8,3.48,18.45,1.52,0.0
20190829:0610,4249.0,125.0,14.03,19.5,1.1,0.0
20190829:0710,13703.0,364.0,24.56,22.57,0.97,0.0
20190829:0810,20552.0,536.0,34.65,24.65,1.03,0.0
20190829:0910,25488.0,676.01,43.67,26.58,0.83,0.0
20190829:1010,28566.0,778.01,50.65,28.13,0.41,0.0
20190829:1110,30055.5,824.01,54.22,29.32,0.69,0.0
20190829:1210,29193.5,800.01,53.31,30.0,0.76,0.0
20190829:1310,27115.5,735.01,48.22,30.37,1.03,0.0
20190829:1410,23490.5,631.01,40.29,30.67,1.17,0.0
20190829:1510,17589.5,472.0,30.76,30.82,1.79,0.0
20190829:1610,10471.0,297.0,20.45,30.18,2.07,0.0
20190829:1710,3240.5,117.0,9.86,29.12,1.72,0.0
20190829:1810,0.0,0.0,0.0,27.42,1.59,0.0
20190829:1910,0.0,0.0,0.0,25.56,1.45,0.0
20190829:2010,0.0,0.0,0.0,24.14,1.79,0.0
20190829:2110,0.0,0.0,0.0,23.02,1.86,0.0
20190829:2210,0.0,0.0,0.0,22.16,1.59,0.0
20190829:2310,0.0,0.0,0.0,22.37,1.24,0.0
20190830:0010,0.0,0.0,0.0,21.25,1.38,0.0
20190830:0110,0.0,0.0,0.0,20.53,1.38,0.0
20190830:0210,0.0,0.0,0.0,20.59,1.24,0.0
20190830:0310,0.0,0.0,0.0,21.34,1.03,0.0
20190830:0410,0.0,0.0,0.0,22.02,0.62,0.0
20190830:0510,223.0,16.61,3.28,22.07,0.41,0.0
20190830:0610,5856.5,181.0,13.84,22.25,0.28,0.0
20190830:0710,13641.5,366.0,24.37,24.14,0.9,0.0
20190830:0810,20173.0,531.01,34.43,26.17,0.9,0.0
20190830:0910,25018.0,668.01,43.41,28.01,0.83,0.0
20190830:1010,28226.5,768.01,50.35,29.25,0.69,0.0
20190830:1110,28871.5,791.01,53.87,30.32,0.83,0.0
20190830:1210,28290.0,777.01,52.95,31.1,0.83,0.0
20190830:1310,26157.0,713.01,47.87,31.55,0.97,0.0
20190830:1410,23181.0,625.01,39.96,31.81,1.31,0.0
20190830:1510,17305.0,466.0,30.45,31.15,1.66,0.0
20190830:1610,7845.0,223.0,20.14,30.46,1.45,0.0
20190830:1710,2393.0,84.0,9.55,29.37,0.83,0.0
20190830:1810,0.0,0.0,0.0,29.28,0.62,0.0
20190830:1910,0.0,0.0,0.0,25.72,1.45,0.0
20190830:2010,0.0,0.0,0.0,24.58,1.52,0.0
20190830:2110,0.0,0.0,0.0,23.95,1.45,0.0
20190830:2210,0.0,0.0,0.0,23.26,1.45,0.0
20190830:2310,0.0,0.0,0.0,22.36,1.52,0.0
20190831:0010,0.0,0.0,0.0,21.8,1.38,0.0
20190831:0110,0.0,0.0,0.0,21.38,1.17,0.0
20190831:0210,0.0,0.0,0.0,20.75,1.31,0.0
20190831:0310,0.0,0.0,0.0,19.87,1.38,0.0
20190831:0410,0.0,0.0,0.0,19.75,1.24,0.0
20190831:0510,65.0,9.0,3.08,19.24,1.38,0.0
20190831:0610,4913.0,147.0,13.65,20.08,1.03,0.0
20190831:0710,10175.5,269.0,24.17,21.69,1.66,0.0
20190831:0810,19030.5,487.0,34.21,22.69,2.0,0.0
20190831:0910,24506.0,634.01,43.16,23.95,1.52,0.0
20190831:1010,28349.0,746.01,50.04,25.38,1.38,0.0
20190831:1110,29715.5,799.01,53.52,26.9,0.9,0.0
20190831:1210,28468.5,771.01,52.58,27.79,0.62,0.0
20190831:1310,25846.5,691.01,47.52,27.86,0.9,0.0
20190831:1410,8001.0,220.0,39.63,28.38,1.24,0.0
20190831:1510,12502.0,336.0,30.13,28.32,0.76,0.0
20190831:1610,7010.5,198.0,19.83,26.99,0.34,0.0
20190831:1710,908.0,37.0,9.25,26.5,0.69,0.0
20190831:1810,0.0,0.0,0.0,25.43,0.9,0.0
20190831:1910,0.0,0.0,0.0,25.39,0.21,0.0
20190831:2010,0.0,0.0,0.0,25.01,0.62,0.0
20190831:2110,0.0,0.0,0.0,22.24,1.38,0.0
20190831:2210,0.0,0.0,0.0,21.66,1.31,0.0
20190831:2310,0.0,0.0,0.0,21.03,1.31,0.0
20190901:0010,0.0,0.0,0.0,20.66,1.24,0.0
20190901:0110,0.0,0.0,0.0,20.34,1.24,0.0
20190901:0210,0.0,0.0,0.0,20.88,0.97,0.0
20190901:0310,0.0,0.0,0.0,21.08,0.9,0.0
20190901:0410,0.0,0.0,0.0,20.69,0.9,0.0
20190901:0510,167.0,13.81,2.88,19.6,1.1,0.0
20190901:0610,5227.0,158.0,13.45,19.67,1.03,0.0
20190901:0710,12770.5,340.0,23.96,22.28,0.9,0.0
20190901:0810,19391.0,503.0,33.99,24.16,1.31,0.0
20190901:0910,24679.0,645.01,42.9,25.96,1.52,0.0
20190901:1010,27986.0,747.01,49.74,27.34,1.1,0.0
20190901:1110,29048.5,791.01,53.17,28.47,0.62,0.0
20190901:1210,28261.0,780.01,52.21,29.33,0.14,0.0
20190901:1310,26079.0,711.01,47.16,30.06,0.48,0.0
20190901:1410,21900.0,594.01,39.29,30.5,0.34,0.0
20190901:1510,16323.0,442.0,29.81,29.57,0.41,0.0
20190901:1610,10059.0,289.0,19.52,28.83,1.03,0.0
20190901:1710,2537.0,92.0,8.94,27.41,0.83,0.0
20190901:1810,0.0,0.0,0.0,26.11,0.97,0.0
20190901:1910,0.0,0.0,0.0,24.56,1.66,0.0
20190901:2010,0.0,0.0,0.0,23.51,1.45,0.0
20190901:2110,0.0,0.0,0.0,24.09,0.34,0.0
20190901:2210,0.0,0.0,0.0,21.38,1.38,0.0
20190901:2310,0.0,0.0,0.0,21.62,0.9,0.0
20190902:0010,0.0,0.0,0.0,20.77,1.59,0.0
20190902:0110,0.0,0.0,0.0,20.23,1.17,0.0
20190902:0210,0.0,0.0,0.0,19.74,1.38,0.0
20190902:0310,0.0,0.0,0.0,19.58,1.66,0.0
20190902:0410,0.0,0.0,0.0,19.46,1.93,0.0
20190902:0510,4.0,6.0,2.69,19.35,1.66,0.0
20190902:0610,218.5,15.0,13.26,20.14,1.45,0.0
20190902:0710,759.0,32.0,23.76,21.26,1.24,0.0
20190902:0810,15909.5,413.0,33.76,22.31,0.48,0.0
20190902:0910,25058.0,657.01,42.64,23.83,0.62,0.0
20190902:1010,28281.0,761.01,49.43,24.95,0.14,0.0
20190902:1110,30059.0,801.01,52.82,26.02,1.17,0.0
20190902:1210,29647.0,789.01,51.84,26.94,1.45,0.0
20190902:1310,27219.0,722.01,46.8,27.43,1.38,0.0
20190902:1410,23032.0,607.01,38.95,27.5,1.38,0.0
20190902:1510,16823.5,448.0,29.48,27.71,1.24,0.0
20190902:1610,9448.0,269.0,19.2,27.57,1.24,0.0
20190902:1710,2500.5,93.0,8.62,26.84,1.24,0.0
20190902:1810,0.0,0.0,0.0,25.3,1.45,0.0
20190902:1910,0.0,0.0,0.0,24.11,1.17,0.0
20190902:2010,0.0,0.0,0.0,22.99,1.59,0.0
20190902:2110,0.0,0.0,0.0,22.31,1.72,0.0
20190902:2210,0.0,0.0,0.0,21.38,1.72,0.0
20190902:2310,0.0,0.0,0.0,20.85,1.45,0.0
20190903:0010,0.0,0.0,0.0,21.59,0.97,0.0
20190903:0110,0.0,0.0,0.0,22.23,0.69,0.0
20190903:0210,0.0,0.0,0.0,20.39,1.24,0.0
20190903:0310,0.0,0.0,0.0,18.85,1.72,0.0
20190903:0410,0.0,0.0,0.0,18.2,2.07,0.0
20190903:0510,91.0,10.83,2.49,18.21,2.14,0.0
20190903:0610,5590.0,173.0,13.06,18.92,1.93,0.0
20190903:0710,13280.5,353.0,23.56,21.57,1.1,0.0
20190903:0810,19998.5,515.01,33.54,23.29,1.72,0.0
20190903:0910,25509.0,657.01,42.38,24.27,2.14,0.0
20190903:1010,29087.5,757.01,49.12,25.22,2.21,0.0
20190903:1110,21923.0,572.0,52.46,25.86,2.0,0.0
20190903:1210,28032.0,739.01,51.46,26.55,1.79,0.0
20190903:1310,25322.0,668.01,46.43,27.12,1.52,0.0
20190903:1410,22895.5,602.01,38.6,27.5,1.59,0.0
20190903:1510,16893.5,448.0,29.16,27.61,1.79,0.0
20190903:1610,9542.0,272.0,18.88,27.32,1.86,0.0
20190903:1710,2468.0,94.0,8.3,26.45,1.45,0.0
20190903:1810,0.0,0.0,0.0,24.71,1.17,0.0
20190903:1910,0.0,0.0,0.0,23.07,1.59,0.0
20190903:2010,0.0,0.0,0.0,21.91,1.52,0.0
20190903:2110,0.0,0.0,0.0,21.04,1.52,0.0
20190903:2210,0.0,0.0,0.0,20.57,1.52,0.0
20190903:2310,0.0,0.0,0.0,19.81,1.59,0.0
20190904:0010,0.0,0.0,0.0,19.36,1.59,0.0
20190904:0110,0.0,0.0,0.0,18.73,1.66,0.0
20190904:0210,0.0,0.0,0.0,18.19,1.66,0.0
20190904:0310,0.0,0.0,0.0,17.77,1.72,0.0
20190904:0410,0.0,0.0,0.0,17.38,1.72,0.0
20190904:0510,44.0,8.0,2.29,17.37,1.66,0.0
20190904:0610,5508.0,171.0,12.87,18.08,1.45,0.0
20190904:0710,9958.0,263.0,23.35,20.67,1.59,0.0
20190904:0810,19812.0,506.01,33.31,21.68,1.79,0.0
20190904:0910,20748.5,532.0,42.11,22.7,1.72,0.0
20190904:1010,18017.5,466.0,48.8,23.54,1.59,0.0
20190904:1110,26952.5,704.01,52.1,24.39,1.59,0.0
20190904:1210,24695.0,647.01,51.08,25.04,1.38,0.0
20190904:1310,21690.5,569.0,46.06,25.9,1.24,0.0
20190904:1410,17397.0,457.0,38.26,26.32,1.1,0.0
20190904:1510,14809.5,393.0,28.83,26.33,1.03,0.0
20190904:1610,8092.5,229.0,18.56,26.11,1.1,0.0
20190904:1710,1337.5,50.0,7.99,25.55,1.17,0.0
20190904:1810,0.0,0.0,0.0,24.22,1.38,0.0
20190904:1910,0.0,0.0,0.0,22.63,1.66,0.0
20190904:2010,0.0,0.0,0.0,21.15,1.24,0.0
20190904:2110,0.0,0.0,0.0,20.75,1.03,0.0
20190904:2210,0.0,0.0,0.0,21.13,0.9,0.0
20190904:2310,0.0,0.0,0.0,20.16,1.03,0.0
20190905:0010,0.0,0.0,0.0,19.54,1.03,0.0
20190905:0110,0.0,0.0,0.0,18.75,1.24,0.0
20190905:0210,0.0,0.0,0.0,18.33,1.24,0.0
20190905:0310,0.0,0.0,0.0,18.46,1.03,0.0
20190905:0410,0.0,0.0,0.0,18.37,1.03,0.0
20190905:0510,0.0,0.0,0.0,18.08,1.03,0.0
20190905:0610,1844.0,61.0,12.67,18.73,0.76,0.0
20190905:0710,5009.5,140.0,23.15,20.38,0.62,0.0
20190905:0810,8136.0,217.0,33.08,21.53,0.69,0.0
20190905:0910,10548.5,277.0,41.85,22.18,0.9,0.0
20190905:1010,20458.5,530.0,48.49,22.52,0.9,0.0
20190905:1110,25819.0,675.01,51.74,22.47,0.76,0.0
20190905:1210,28546.0,754.01,50.71,22.86,0.55,0.0
20190905:1310,26556.0,692.01,45.69,22.53,0.83,0.0
20190905:1410,22897.0,588.01,37.91,21.64,1.1,0.0
20190905:1510,1225.5,45.0,28.49,21.1,0.83,0.0
20190905:1610,461.0,23.0,18.24,20.29,0.48,0.0
20190905:1710,43.0,8.0,7.66,19.77,0.62,0.0
20190905:1810,0.0,0.0,0.0,19.05,1.45,0.0
20190905:1910,0.0,0.0,0.0,17.49,4.76,0.0
20190905:2010,0.0,0.0,0.0,16.55,4.34,0.0
20190905:2110,0.0,0.0,0.0,15.9,3.24,0.0
20190905:2210,0.0,0.0,0.0,15.53,2.07,0.0
20190905:2310,0.0,0.0,0.0,15.25,1.17,0.0
20190906:0010,0.0,0.0,0.0,15.26,0.97,0.0
20190906:0110,0.0,0.0,0.0,14.89,0.55,0.0
20190906:0210,0.0,0.0,0.0,15.08,0.14,0.0
20190906:0310,0.0,0.0,0.0,15.0,0.76,0.0
20190906:0410,0.0,0.0,0.0,14.77,1.31,0.0
20190906:0510,0.0,0.0,0.0,14.57,1.45,0.0
20190906:0610,931.0,36.0,12.47,14.75,0.83,0.0
20190906:0710,2610.0,79.0,22.94,15.38,1.31,0.0
20190906:0810,8405.0,218.0,32.85,16.28,1.1,0.0
20190906:0910,2988.0,89.0,41.58,17.35,0.9,0.0
20190906:1010,3844.5,110.0,48.17,18.06,1.86,0.0
20190906:1110,2262.5,71.0,51.38,17.63,2.14,0.0
20190906:1210,7459.0,196.0,50.32,17.69,2.34,0.0
20190906:1310,9943.0,255.0,45.32,17.36,2.14,0.0
20190906:1410,15918.5,399.0,37.55,17.5,1.93,0.0
20190906:1510,16949.0,429.0,28.16,17.55,1.86,0.0
20190906:1610,8802.5,241.0,17.91,17.32,1.86,0.0
20190906:1710,2106.0,81.0,7.34,17.06,1.52,0.0
20190906:1810,0.0,0.0,0.0,16.72,1.31,0.0
20190906:1910,0.0,0.0,0.0,17.65,0.41,0.0
20190906:2010,0.0,0.0,0.0,16.65,0.76,0.0
20190906:2110,0.0,0.0,0.0,15.78,0.97,0.0
20190906:2210,0.0,0.0,0.0,14.89,1.17,0.0
20190906:2310,0.0,0.0,0.0,14.39,1.31,0.0
20190907:0010,0.0,0.0,0.0,13.68,1.45,0.0
20190907:0110,0.0,0.0,0.0,13.45,1.38,0.0
20190907:0210,0.0,0.0,0.0,12.98,1.38,0.0
20190907:0310,0.0,0.0,0.0,12.65,1.31,0.0
20190907:0410,0.0,0.0,0.0,12.31,1.24,0.0
20190907:0510,0.0,0.0,0.0,12.45,1.1,0.0
20190907:0610,4725.5,143.0,12.27,13.99,0.48,0.0
20190907:0710,12359.5,322.0,22.73,16.0,0.62,0.0
20190907:0810,14568.5,371.0,32.62,17.96,0.55,0.0
20190907:0910,12820.5,331.0,41.31,19.57,0.28,0.0
20190907:1010,28076.5,741.01,47.85,20.86,0.0,0.0
20190907:1110,29560.0,784.01,51.01,21.9,0.28,0.0
20190907:1210,26189.0,688.01,49.94,22.68,0.55,0.0
20190907:1310,27161.0,714.01,44.95,23.27,0.62,0.0
20190907:1410,22663.5,591.01,37.2,23.67,0.76,0.0
20190907:1510,16286.5,430.0,27.82,23.46,0.48,0.0
20190907:1610,8074.0,229.0,17.58,23.27,0.62,0.0
20190907:1710,1461.0,56.0,7.02,22.81,0.21,0.0
20190907:1810,0.0,0.0,0.0,20.94,0.69,0.0
20190907:1910,0.0,0.0,0.0,20.79,0.34,0.0
20190907:2010,0.0,0.0,0.0,19.57,0.69,0.0
20190907:2110,0.0,0.0,0.0,17.41,1.17,0.0
20190907:2210,0.0,0.0,0.0,16.4,1.52,0.0
20190907:2310,0.0,0.0,0.0,16.07,1.59,0.0
20190908:0010,0.0,0.0,0.0,15.93,1.31,0.0
20190908:0110,0.0,0.0,0.0,15.92,0.76,0.0
20190908:0210,0.0,0.0,0.0,15.78,0.69,0.0
20190908:0310,0.0,0.0,0.0,15.98,1.17,0.0
20190908:0410,0.0,0.0,0.0,15.62,1.72,0.0
20190908:0510,0.0,0.0,0.0,15.13,2.0,0.0
20190908:0610,4413.5,133.0,12.07,15.03,1.72,0.0
20190908:0710,8845.5,230.0,22.52,15.97,1.79,0.0
20190908:0810,15403.5,387.0,32.38,16.81,1.45,0.0
20190908:0910,25020.5,633.01,41.04,17.7,0.97,0.0
20190908:1010,28979.0,751.01,47.53,18.98,0.48,0.0
20190908:1110,30176.5,786.01,50.65,19.85,0.69,0.0
20190908:1210,30169.5,781.01,49.56,20.55,1.17,0.0
20190908:1310,27517.0,707.01,44.57,21.07,1.38,0.0
20190908:1410,2734.0,84.0,36.84,21.2,1.45,0.0
20190908:1510,10372.0,271.0,27.48,21.11,1.59,0.0
20190908:1610,2955.0,89.0,17.25,19.67,2.0,0.0
20190908:1710,1434.5,55.0,6.69,18.43,0.76,0.0
20190908:1810,0.0,0.0,0.0,16.74,1.03,0.0
20190908:1910,0.0,0.0,0.0,15.59,1.72,0.0
20190908:2010,0.0,0.0,0.0,14.62,1.93,0.0
20190908:2110,0.0,0.0,0.0,13.99,2.0,0.0
20190908:2210,0.0,0.0,0.0,13.14,1.93,0.0
20190908:2310,0.0,0.0,0.0,12.46,1.79,0.0
20190909:0010,0.0,0.0,0.0,11.88,1.72,0.0
20190909:0110,0.0,0.0,0.0,11.49,1.66,0.0
20190909:0210,0.0,0.0,0.0,11.09,1.59,0.0
20190909:0310,0.0,0.0,0.0,10.99,1.31,0.0
20190909:0410,0.0,0.0,0.0,10.97,1.17,0.0
20190909:0510,0.0,0.0,0.0,10.19,1.31,0.0
20190909:0610,5388.5,169.0,11.87,10.44,1.24,0.0
20190909:0710,13855.5,359.0,22.31,13.66,0.83,0.0
20190909:0810,20907.5,525.01,32.15,16.07,1.03,0.0
20190909:0910,26424.0,673.01,40.76,18.14,0.83,0.0
20190909:1010,29409.5,768.01,47.2,19.82,0.41,0.0
20190909:1110,30303.5,803.01,50.28,21.14,0.28,0.0
20190909:1210,29909.0,789.01,49.17,22.07,0.62,0.0
20190909:1310,27384.0,714.01,44.2,22.78,1.03,0.0
20190909:1410,22383.0,576.01,36.48,23.16,1.72,0.0
20190909:1510,15344.0,400.0,27.14,23.15,2.0,0.0
20190909:1610,4749.0,136.0,16.92,22.61,1.79,0.0
20190909:1710,956.0,39.0,6.36,21.34,1.59,0.0
20190909:1810,0.0,0.0,0.0,19.36,1.66,0.0
20190909:1910,0.0,0.0,0.0,17.48,1.45,0.0
20190909:2010,0.0,0.0,0.0,16.98,1.17,0.0
20190909:2110,0.0,0.0,0.0,16.67,1.03,0.0
20190909:2210,0.0,0.0,0.0,16.9,0.9,0.0
20190909:2310,0.0,0.0,0.0,17.14,0.76,0.0
20190910:0010,0.0,0.0,0.0,16.87,0.69,0.0
20190910:0110,0.0,0.0,0.0,15.65,0.97,0.0
20190910:0210,0.0,0.0,0.0,15.0,1.1,0.0
20190910:0310,0.0,0.0,0.0,14.39,1.45,0.0
20190910:0410,0.0,0.0,0.0,14.45,1.45,0.0
20190910:0510,0.0,0.0,0.0,14.68,1.45,0.0
20190910:0610,1114.0,41.0,11.67,15.19,1.31,0.0
20190910:0710,7339.0,193.0,22.1,15.43,1.59,0.0
20190910:0810,2523.5,77.0,31.91,15.88,1.66,0.0
20190910:0910,5137.5,140.0,40.49,16.11,1.66,0.0
20190910:1010,5011.5,137.0,46.88,15.96,1.38,0.0
20190910:1110,5153.5,140.0,49.91,15.58,1.86,0.0
20190910:1210,4865.5,133.0,48.78,15.38,2.14,0.0
20190910:1310,5671.5,152.0,43.82,15.53,2.55,0.0
20190910:1410,10192.5,258.0,36.12,15.32,2.55,0.0
20190910:1510,6436.0,170.0,26.79,15.38,2.41,0.0
20190910:1610,1227.5,44.0,16.59,15.27,2.21,0.0
20190910:1710,768.5,32.0,6.03,15.11,2.21,0.0
20190910:1810,0.0,0.0,0.0,14.91,2.14,0.0
20190910:1910,0.0,0.0,0.0,15.32,1.93,0.0
20190910:2010,0.0,0.0,0.0,15.18,1.72,0.0
20190910:2110,0.0,0.0,0.0,15.04,1.86,0.0
20190910:2210,0.0,0.0,0.0,14.96,2.0,0.0
20190910:2310,0.0,0.0,0.0,14.73,2.14,0.0
20190911:0010,0.0,0.0,0.0,14.58,2.21,0.0
20190911:0110,0.0,0.0,0.0,14.41,2.14,0.0
20190911:0210,0.0,0.0,0.0,14.04,2.07,0.0
20190911:0310,0.0,0.0,0.0,13.6,2.0,0.0
20190911:0410,0.0,0.0,0.0,13.19,1.72,0.0
20190911:0510,0.0,0.0,0.0,12.78,1.52,0.0
20190911:0610,4718.0,150.0,11.47,12.72,1.24,0.0
20190911:0710,12596.5,329.0,21.88,15.05,0.97,0.0
20190911:0810,19486.0,494.01,31.67,17.53,0.76,0.0
20190911:0910,24957.0,640.01,40.21,19.72,0.69,0.0
20190911:1010,28039.5,728.01,46.55,21.17,0.83,0.0
20190911:1110,29099.0,766.01,49.53,22.27,0.62,0.0
20190911:1210,28430.5,755.01,48.39,23.23,0.34,0.0
20190911:1310,25876.5,688.01,43.43,23.91,0.07,0.0
20190911:1410,22519.0,590.01,35.76,24.29,0.69,0.0
20190911:1510,15282.5,406.0,26.45,24.39,0.83,0.0
20190911:1610,7144.5,207.0,16.25,24.11,1.17,0.0
20190911:1710,1066.5,50.03,5.69,22.96,1.38,0.0
20190911:1810,0.0,0.0,0.0,21.08,1.59,0.0
20190911:1910,0.0,0.0,0.0,19.99,1.31,0.0
20190911:2010,0.0,0.0,0.0,19.79,1.1,0.0
20190911:2110,0.0,0.0,0.0,18.76,1.24,0.0
20190911:2210,0.0,0.0,0.0,17.27,1.52,0.0
20190911:2310,0.0,0.0,0.0,16.87,1.31,0.0
20190912:0010,0.0,0.0,0.0,17.04,1.03,0.0
20190912:0110,0.0,0.0,0.0,16.7,0.97,0.0
20190912:0210,0.0,0.0,0.0,16.33,0.9,0.0
20190912:0310,0.0,0.0,0.0,16.24,0.83,0.0
20190912:0410,0.0,0.0,0.0,16.1,0.62,0.0
20190912:0510,0.0,0.0,0.0,16.07,0.41,0.0
20190912:0610,4593.5,151.0,11.26,16.18,0.48,0.0
20190912:0710,12451.5,331.0,21.67,17.53,0.55,0.0
20190912:0810,19169.5,493.01,31.43,20.21,0.69,0.0
20190912:0910,24650.0,639.01,39.93,22.35,0.83,0.0
20190912:1010,27967.0,735.01,46.22,23.8,0.9,0.0
20190912:1110,28910.5,765.01,49.16,24.87,1.03,0.0
20190912:1210,28489.0,754.01,48.0,25.64,1.17,0.0
20190912:1310,26192.0,690.01,43.05,26.12,1.24,0.0
20190912:1410,21565.0,566.01,35.4,26.34,1.31,0.0
20190912:1510,15222.0,407.0,26.1,26.25,1.38,0.0
20190912:1610,7570.5,225.0,15.92,25.81,1.38,0.0
20190912:1710,942.0,47.15,5.36,24.48,1.1,0.0
20190912:1810,0.0,0.0,0.0,23.13,0.9,0.0
20190912:1910,0.0,0.0,0.0,21.23,1.45,0.0
20190912:2010,0.0,0.0,0.0,20.91,1.24,0.0
20190912:2110,0.0,0.0,0.0,21.71,0.83,0.0
20190912:2210,0.0,0.0,0.0,21.58,0.28,0.0
20190912:2310,0.0,0.0,0.0,21.0,0.34,0.0
20190913:0010,0.0,0.0,0.0,20.29,0.76,0.0
20190913:0110,0.0,0.0,0.0,19.5,0.9,0.0
20190913:0210,0.0,0.0,0.0,18.93,0.97,0.0
20190913:0310,0.0,0.0,0.0,18.66,0.97,0.0
20190913:0410,0.0,0.0,0.0,18.51,0.97,0.0
20190913:0510,0.0,0.0,0.0,18.23,0.97,0.0
20190913:0610,4234.0,139.0,11.06,17.71,0.97,0.0
20190913:0710,11719.0,313.0,21.45,18.76,0.69,0.0
20190913:0810,18574.0,478.01,31.19,21.11,1.03,0.0
20190913:0910,23938.0,618.01,39.64,22.68,1.17,0.0
20190913:1010,26994.0,707.01,45.89,23.96,1.03,0.0
20190913:1110,28157.5,748.01,48.78,25.0,0.76,0.0
20190913:1210,27596.0,736.01,47.61,25.85,0.69,0.0
20190913:1310,25066.0,666.01,42.67,26.43,0.69,0.0
20190913:1410,20775.5,550.01,35.03,26.8,0.76,0.0
20190913:1510,14462.5,390.0,25.75,26.81,0.83,0.0
20190913:1610,7133.0,214.0,15.58,26.44,0.9,0.0
20190913:1710,823.5,41.48,5.03,25.14,0.9,0.0
20190913:1810,0.0,0.0,0.0,24.83,0.76,0.0
20190913:1910,0.0,0.0,0.0,22.28,1.17,0.0
20190913:2010,0.0,0.0,0.0,21.86,1.1,0.0
20190913:2110,0.0,0.0,0.0,22.31,0.83,0.0
20190913:2210,0.0,0.0,0.0,21.81,0.76,0.0
20190913:2310,0.0,0.0,0.0,20.85,0.9,0.0
20190914:0010,0.0,0.0,0.0,19.1,1.1,0.0
20190914:0110,0.0,0.0,0.0,18.24,1.1,0.0
20190914:0210,0.0,0.0,0.0,17.71,1.1,0.0
20190914:0310,0.0,0.0,0.0,17.72,0.97,0.0
20190914:0410,0.0,0.0,0.0,18.06,0.9,0.0
20190914:0510,0.0,0.0,0.0,17.89,0.83,0.0
20190914:0610,4057.5,133.0,10.85,17.75,0.62,0.0
20190914:0710,11457.5,308.0,21.23,19.72,0.69,0.0
20190914:0810,17963.5,467.01,30.94,22.21,0.62,0.0
20190914:0910,23199.0,604.01,39.36,23.53,0.83,0.0
20190914:1010,26473.5,692.01,45.55,24.54,1.31,0.0
20190914:1110,27832.0,731.01,48.41,25.21,1.45,0.0
20190914:1210,26811.0,705.01,47.21,25.8,1.45,0.0
20190914:1310,24463.5,643.01,42.28,26.31,1.31,0.0
20190914:1410,19881.0,522.01,34.66,26.5,1.31,0.0
20190914:1510,13386.5,360.0,25.4,26.49,1.03,0.0
20190914:1610,5177.0,153.0,15.24,26.01,0.76,0.0
20190914:1710,601.5,30.02,4.69,24.76,0.83,0.0
20190914:1810,0.0,0.0,0.0,23.23,1.24,0.0
20190914:1910,0.0,0.0,0.0,21.51,1.86,0.0
20190914:2010,0.0,0.0,0.0,20.64,1.52,0.0
20190914:2110,0.0,0.0,0.0,19.8,1.59,0.0
20190914:2210,0.0,0.0,0.0,19.11,1.52,0.0
20190914:2310,0.0,0.0,0.0,18.54,1.45,0.0
20190915:0010,0.0,0.0,0.0,18.07,1.45,0.0
20190915:0110,0.0,0.0,0.0,18.21,1.17,0.0
20190915:0210,0.0,0.0,0.0,18.59,0.9,0.0
20190915:0310,0.0,0.0,0.0,19.15,0.55,0.0
20190915:0410,0.0,0.0,0.0,18.18,0.83,0.0
20190915:0510,0.0,0.0,0.0,17.16,1.17,0.0
20190915:0610,3807.5,125.0,10.65,17.43,1.03,0.0
20190915:0710,10927.5,294.0,21.01,19.77,0.76,0.0
20190915:0810,17498.5,453.01,30.7,21.64,0.76,0.0
20190915:0910,22987.0,598.01,39.07,23.08,0.69,0.0
20190915:1010,25956.0,681.01,45.22,24.28,0.9,0.0
20190915:1110,27677.5,732.01,48.03,25.21,0.97,0.0
20190915:1210,27086.0,720.01,46.82,25.8,0.76,0.0
20190915:1310,24503.5,650.01,41.89,26.38,0.69,0.0
20190915:1410,19963.0,528.01,34.3,26.66,0.76,0.0
20190915:1510,13674.0,370.0,25.05,26.61,0.69,0.0
20190915:1610,6287.5,190.0,14.9,26.29,0.97,0.0
20190915:1710,613.5,32.89,4.35,25.11,0.76,0.0
20190915:1810,0.0,0.0,0.0,25.13,0.41,0.0
20190915:1910,0.0,0.0,0.0,22.48,1.31,0.0
20190915:2010,0.0,0.0,0.0,22.65,0.97,0.0
20190915:2110,0.0,0.0,0.0,22.92,0.55,0.0
20190915:2210,0.0,0.0,0.0,22.55,0.55,0.0
20190915:2310,0.0,0.0,0.0,21.55,0.9,0.0
20190916:0010,0.0,0.0,0.0,20.7,0.83,0.0
20190916:0110,0.0,0.0,0.0,20.19,0.76,0.0
20190916:0210,0.0,0.0,0.0,19.82,0.69,0.0
20190916:0310,0.0,0.0,0.0,19.5,0.76,0.0
20190916:0410,0.0,0.0,0.0,19.21,0.76,0.0
20190916:0510,0.0,0.0,0.0,18.88,0.76,0.0
20190916:0610,3568.5,118.0,10.44,19.15,0.41,0.0
20190916:0710,10606.5,288.0,20.79,20.9,0.48,0.0
20190916:0810,17268.0,453.01,30.45,23.44,0.41,0.0
20190916:0910,22581.5,595.01,38.78,25.03,0.48,0.0
20190916:1010,25527.5,682.01,44.88,26.25,0.41,0.0
20190916:1110,27003.5,725.01,47.65,27.34,0.69,0.0
20190916:1210,26621.0,713.01,46.42,28.29,1.03,0.0
20190916:1310,24129.5,642.01,41.51,28.84,1.31,0.0
20190916:1410,19681.5,524.01,33.93,29.17,1.31,0.0
20190916:1510,13318.5,364.0,24.7,29.05,1.17,0.0
20190916:1610,6039.0,185.0,14.55,28.5,1.72,0.0
20190916:1710,498.5,28.48,4.01,27.1,1.93,0.0
20190916:1810,0.0,0.0,0.0,25.31,2.21,0.0
20190916:1910,0.0,0.0,0.0,23.7,2.21,0.0
20190916:2010,0.0,0.0,0.0,22.54,2.21,0.0
20190916:2110,0.0,0.0,0.0,21.7,2.0,0.0
20190916:2210,0.0,0.0,0.0,20.87,1.86,0.0
20190916:2310,0.0,0.0,0.0,19.96,1.79,0.0
20190917:0010,0.0,0.0,0.0,19.03,1.59,0.0
20190917:0110,0.0,0.0,0.0,18.3,1.38,0.0
20190917:0210,0.0,0.0,0.0,18.03,1.24,0.0
20190917:0310,0.0,0.0,0.0,17.67,1.24,0.0
20190917:0410,0.0,0.0,0.0,17.41,1.24,0.0
20190917:0510,0.0,0.0,0.0,17.59,1.1,0.0
20190917:0610,3576.5,120.0,10.23,18.06,0.9,0.0
20190917:0710,10926.5,295.0,20.57,19.75,1.1,0.0
20190917:0810,17735.5,459.01,30.2,21.88,1.03,0.0
20190917:0910,23061.0,599.01,38.49,23.87,1.1,0.0
20190917:1010,26265.0,688.01,44.54,25.5,1.45,0.0
20190917:1110,27615.0,727.01,47.27,26.8,1.79,0.0
20190917:1210,27143.5,714.01,46.02,27.73,2.14,0.0
20190917:1310,24685.0,646.01,41.12,28.17,2.48,0.0
20190917:1410,20122.5,526.01,33.56,28.06,2.83,0.0
20190917:1510,13724.5,369.0,24.34,27.48,3.1,0.0
20190917:1610,6169.0,189.0,14.21,26.33,2.97,0.0
20190917:1710,463.5,26.67,3.67,24.78,2.9,0.0
20190917:1810,0.0,0.0,0.0,23.16,2.76,0.0
20190917:1910,0.0,0.0,0.0,22.07,2.83,0.0
20190917:2010,0.0,0.0,0.0,21.3,2.41,0.0
20190917:2110,0.0,0.0,0.0,20.65,2.14,0.0
20190917:2210,0.0,0.0,0.0,20.15,2.0,0.0
20190917:2310,0.0,0.0,0.0,19.56,1.86,0.0
20190918:0010,0.0,0.0,0.0,19.12,1.72,0.0
20190918:0110,0.0,0.0,0.0,18.82,1.66,0.0
20190918:0210,0.0,0.0,0.0,18.62,1.59,0.0
20190918:0310,0.0,0.0,0.0,18.23,1.45,0.0
20190918:0410,0.0,0.0,0.0,17.91,1.24,0.0
20190918:0510,0.0,0.0,0.0,17.91,0.97,0.0
20190918:0610,3121.0,103.0,10.02,18.38,0.62,0.0
20190918:0710,10593.0,288.0,20.34,20.21,0.69,0.0
20190918:0810,17250.5,447.01,29.95,21.21,0.62,0.0
20190918:0910,21912.0,572.01,38.2,22.31,0.14,0.0
20190918:1010,25428.0,664.01,44.2,23.64,0.9,0.0
20190918:1110,26847.5,702.01,46.89,24.48,1.31,0.0
20190918:1210,25549.0,667.01,45.62,25.32,1.59,0.0
20190918:1310,23452.5,612.01,40.73,25.59,1.45,0.0
20190918:1410,16992.5,445.0,33.18,25.86,1.38,0.0
20190918:1510,13049.0,353.0,23.99,25.55,0.83,0.0
20190918:1610,5036.0,152.0,13.87,24.24,0.76,0.0
20190918:1710,188.0,14.0,3.33,22.17,1.79,0.0
20190918:1810,0.0,0.0,0.0,21.32,1.31,0.0
20190918:1910,0.0,0.0,0.0,20.99,1.93,0.0
20190918:2010,0.0,0.0,0.0,20.42,2.41,0.0
20190918:2110,0.0,0.0,0.0,19.58,2.28,0.0
20190918:2210,0.0,0.0,0.0,19.1,1.72,0.0
20190918:2310,0.0,0.0,0.0,18.89,1.17,0.0
20190919:0010,0.0,0.0,0.0,18.66,1.17,0.0
20190919:0110,0.0,0.0,0.0,18.37,1.31,0.0
20190919:0210,0.0,0.0,0.0,18.22,1.52,0.0
20190919:0310,0.0,0.0,0.0,17.77,2.0,0.0
20190919:0410,0.0,0.0,0.0,17.32,2.28,0.0
20190919:0510,0.0,0.0,0.0,16.81,2.41,0.0
20190919:0610,2249.5,73.0,9.81,16.31,2.62,0.0
20190919:0710,4611.5,128.0,20.12,16.82,2.55,0.0
20190919:0810,1993.5,64.0,29.7,16.81,2.76,0.0
20190919:0910,2598.0,79.0,37.91,16.78,3.1,0.0
20190919:1010,3094.0,91.0,43.86,16.42,3.03,0.0
20190919:1110,2929.0,87.0,46.51,16.43,2.97,0.0
20190919:1210,6279.5,167.0,45.23,16.61,2.83,0.0
20190919:1310,17936.0,445.0,40.34,16.96,2.69,0.0
20190919:1410,10169.5,260.0,32.81,17.36,2.34,0.0
20190919:1510,11318.0,293.0,23.63,17.92,2.14,0.0
20190919:1610,4299.0,126.0,13.52,18.11,1.86,0.0
20190919:1710,194.0,14.0,2.99,17.78,1.31,0.0
20190919:1810,0.0,0.0,0.0,17.0,1.17,0.0
20190919:1910,0.0,0.0,0.0,17.27,1.86,0.0
20190919:2010,0.0,0.0,0.0,17.16,1.93,0.0
20190919:2110,0.0,0.0,0.0,16.98,2.07,0.0
20190919:2210,0.0,0.0,0.0,16.83,2.0,0.0
20190919:2310,0.0,0.0,0.0,16.65,2.07,0.0
20190920:0010,0.0,0.0,0.0,16.34,2.07,0.0
20190920:0110,0.0,0.0,0.0,16.34,2.21,0.0
20190920:0210,0.0,0.0,0.0,16.25,2.34,0.0
20190920:0310,0.0,0.0,0.0,15.82,2.28,0.0
20190920:0410,0.0,0.0,0.0,15.47,2.07,0.0
20190920:0510,0.0,0.0,0.0,15.17,2.0,0.0
20190920:0610,1798.5,60.0,9.6,15.36,1.93,0.0
20190920:0710,7289.0,194.0,19.89,16.52,2.07,0.0
20190920:0810,14555.0,366.0,29.44,17.22,2.41,0.0
20190920:0910,23927.0,597.01,37.61,17.98,2.21,0.0
20190920:1010,26859.0,674.01,43.52,18.52,2.14,0.0
20190920:1110,28530.0,720.01,46.12,19.14,2.14,0.0
20190920:1210,26285.0,664.01,44.83,19.79,2.14,0.0
20190920:1310,18388.5,465.0,39.95,20.24,2.14,0.0
20190920:1410,5364.5,148.0,32.44,20.55,2.28,0.0
20190920:1510,5322.0,147.0,23.28,20.38,2.28,0.0
20190920:1610,2876.0,88.0,13.18,19.98,2.28,0.0
20190920:1710,88.5,10.0,2.65,19.11,2.0,0.0
20190920:1810,0.0,0.0,0.0,17.84,2.0,0.0
20190920:1910,0.0,0.0,0.0,17.2,2.21,0.0
20190920:2010,0.0,0.0,0.0,16.37,2.0,0.0
20190920:2110,0.0,0.0,0.0,15.68,1.86,0.0
20190920:2210,0.0,0.0,0.0,15.06,1.79,0.0
20190920:2310,0.0,0.0,0.0,14.46,1.72,0.0
20190921:0010,0.0,0.0,0.0,14.01,1.72,0.0
20190921:0110,0.0,0.0,0.0,13.4,1.66,0.0
20190921:0210,0.0,0.0,0.0,12.97,1.59,0.0
20190921:0310,0.0,0.0,0.0,12.49,1.52,0.0
20190921:0410,0.0,0.0,0.0,12.09,1.45,0.0
20190921:0510,0.0,0.0,0.0,11.97,1.24,0.0
20190921:0610,1232.5,44.0,9.38,12.38,1.03,0.0
20190921:0710,3981.0,112.0,19.66,14.6,0.97,0.0
20190921:0810,6062.0,162.0,29.19,15.86,1.1,0.0
20190921:0910,13668.0,345.0,37.32,16.8,1.17,0.0
20190921:1010,25787.5,650.01,43.17,17.66,1.31,0.0
20190921:1110,27085.0,686.01,45.74,18.31,1.38,0.0
20190921:1210,24876.5,631.01,44.43,18.95,1.31,0.0
20190921:1310,18282.5,464.0,39.56,19.24,1.1,0.0
20190921:1410,13872.0,355.0,32.07,19.44,1.03,0.0
20190921:1510,9452.0,250.0,22.92,19.48,0.69,0.0
20190921:1610,4046.0,121.0,12.84,19.15,0.55,0.0
20190921:1710,43.5,8.0,2.31,18.34,1.17,0.0
20190921:1810,0.0,0.0,0.0,17.36,1.45,0.0
20190921:1910,0.0,0.0,0.0,16.19,1.45,0.0
20190921:2010,0.0,0.0,0.0,15.61,1.38,0.0
20190921:2110,0.0,0.0,0.0,14.98,1.17,0.0
20190921:2210,0.0,0.0,0.0,14.64,1.17,0.0
20190921:2310,0.0,0.0,0.0,14.38,0.83,0.0
20190922:0010,0.0,0.0,0.0,14.32,0.55,0.0
20190922:0110,0.0,0.0,0.0,14.03,0.9,0.0
20190922:0210,0.0,0.0,0.0,13.76,1.17,0.0
20190922:0310,0.0,0.0,0.0,13.67,1.31,0.0
20190922:0410,0.0,0.0,0.0,13.63,1.24,0.0
20190922:0510,0.0,0.0,0.0,13.68,1.17,0.0
20190922:0610,413.0,21.0,9.17,13.76,0.83,0.0
20190922:0710,7667.0,203.0,19.43,14.44,1.31,0.0
20190922:0810,7090.5,186.0,28.93,15.11,0.83,0.0
20190922:0910,3136.5,92.0,37.02,15.71,0.97,0.0
20190922:1010,11878.0,301.0,42.83,16.57,1.52,0.0
20190922:1110,6417.5,171.0,45.35,17.06,1.79,0.0
20190922:1210,3605.0,104.0,44.03,17.6,1.86,0.0
20190922:1310,2859.5,86.0,39.16,18.17,2.0,0.0
20190922:1410,2454.5,76.0,31.69,18.32,2.14,0.0
20190922:1510,5366.0,147.0,22.56,18.62,2.34,0.0
20190922:1610,1209.0,44.0,12.49,18.11,2.14,0.0
20190922:1710,0.0,0.0,0.0,17.42,1.72,0.0
20190922:1810,0.0,0.0,0.0,16.72,1.45,0.0
20190922:1910,0.0,0.0,0.0,15.11,1.52,0.0
20190922:2010,0.0,0.0,0.0,15.19,1.31,0.0
20190922:2110,0.0,0.0,0.0,14.89,0.97,0.0
20190922:2210,0.0,0.0,0.0,14.53,0.76,0.0
20190922:2310,0.0,0.0,0.0,14.31,0.48,0.0
20190923:0010,0.0,0.0,0.0,14.34,0.34,0.0
20190923:0110,0.0,0.0,0.0,13.68,0.69,0.0
20190923:0210,0.0,0.0,0.0,13.67,1.24,0.0
20190923:0310,0.0,0.0,0.0,13.71,1.31,0.0
20190923:0410,0.0,0.0,0.0,13.62,1.31,0.0
20190923:0510,0.0,0.0,0.0,13.48,1.31,0.0
20190923:0610,650.5,28.0,8.96,13.35,1.24,0.0
20190923:0710,6728.5,179.0,19.2,13.88,0.83,0.0
20190923:0810,16905.0,428.01,28.67,15.21,0.34,0.0
20190923:0910,21143.0,536.01,36.72,16.86,0.28,0.0
20190923:1010,22589.5,572.01,42.48,18.52,1.1,0.0
20190923:1110,26856.0,688.01,44.97,19.6,1.03,0.0
20190923:1210,26404.5,685.01,43.63,20.95,0.62,0.0
20190923:1310,23795.0,618.01,38.77,21.93,0.55,0.0
20190923:1410,18956.5,493.01,31.32,22.54,0.76,0.0
20190923:1510,12373.0,334.0,22.21,22.7,0.9,0.0
20190923:1610,5093.5,164.0,12.15,22.36,0.83,0.0
20190923:1710,0.0,0.0,0.0,21.02,0.76,0.0
20190923:1810,0.0,0.0,0.0,19.86,0.83,0.0
20190923:1910,0.0,0.0,0.0,19.37,0.07,0.0
20190923:2010,0.0,0.0,0.0,18.4,0.76,0.0
20190923:2110,0.0,0.0,0.0,15.96,1.38,0.0
20190923:2210,0.0,0.0,0.0,15.12,1.38,0.0
20190923:2310,0.0,0.0,0.0,14.79,1.24,0.0
20190924:0010,0.0,0.0,0.0,14.87,1.1,0.0
20190924:0110,0.0,0.0,0.0,15.73,0.83,0.0
20190924:0210,0.0,0.0,0.0,15.65,0.69,0.0
20190924:0310,0.0,0.0,0.0,15.37,0.76,0.0
20190924:0410,0.0,0.0,0.0,15.05,0.69,0.0
20190924:0510,0.0,0.0,0.0,14.65,0.83,0.0
20190924:0610,2860.5,102.0,8.74,14.75,0.41,0.0
20190924:0710,9981.5,269.0,18.97,14.62,0.28,0.0
20190924:0810,15047.5,386.0,28.41,17.33,0.07,0.0
20190924:0910,19713.0,502.01,36.42,18.94,0.62,0.0
20190924:1010,21540.5,552.01,42.13,20.3,0.76,0.0
20190924:1110,22348.5,572.01,44.58,21.13,1.31,0.0
20190924:1210,25435.5,657.01,43.23,21.44,0.9,0.0
20190924:1310,22915.5,595.01,38.38,21.78,0.41,0.0
20190924:1410,17555.5,458.01,30.95,22.13,0.28,0.0
20190924:1510,11873.0,322.0,21.85,22.33,0.41,0.0
20190924:1610,4248.0,134.0,11.8,22.08,0.76,0.0
20190924:1710,0.0,0.0,0.0,20.68,1.1,0.0
20190924:1810,0.0,0.0,0.0,18.69,1.1,0.0
20190924:1910,0.0,0.0,0.0,17.72,1.1,0.0
20190924:2010,0.0,0.0,0.0,17.88,0.83,0.0
20190924:2110,0.0,0.0,0.0,17.3,0.76,0.0
20190924:2210,0.0,0.0,0.0,15.78,0.97,0.0
20190924:2310,0.0,0.0,0.0,15.86,0.83,0.0
20190925:0010,0.0,0.0,0.0,15.29,0.83,0.0
20190925:0110,0.0,0.0,0.0,14.74,0.83,0.0
20190925:0210,0.0,0.0,0.0,14.06,0.97,0.0
20190925:0310,0.0,0.0,0.0,14.22,0.83,0.0
20190925:0410,0.0,0.0,0.0,13.76,0.97,0.0
20190925:0510,0.0,0.0,0.0,13.57,0.97,0.0
20190925:0610,2518.0,87.0,8.52,13.88,0.83,0.0
20190925:0710,10428.0,285.0,18.74,15.48,0.21,0.0
20190925:0810,16606.5,427.01,28.15,18.04,0.34,0.0
20190925:0910,21432.0,550.01,36.12,19.65,0.41,0.0
20190925:1010,22806.5,591.01,41.78,20.83,0.28,0.0
20190925:1110,25903.0,676.01,44.2,21.8,0.48,0.0
20190925:1210,24672.5,643.01,42.83,22.69,0.69,0.0
20190925:1310,20682.0,536.01,37.99,23.07,0.9,0.0
20190925:1410,16209.5,423.01,30.57,23.47,0.9,0.0
20190925:1510,11849.0,323.0,21.5,23.67,1.1,0.0
20190925:1610,4270.5,138.0,11.46,22.98,0.83,0.0
20190925:1710,0.0,0.0,0.0,21.73,0.76,0.0
20190925:1810,0.0,0.0,0.0,20.88,0.55,0.0
20190925:1910,0.0,0.0,0.0,20.31,0.83,0.0
20190925:2010,0.0,0.0,0.0,19.0,0.97,0.0
20190925:2110,0.0,0.0,0.0,18.96,0.76,0.0
20190925:2210,0.0,0.0,0.0,17.92,0.97,0.0
20190925:2310,0.0,0.0,0.0,18.0,0.55,0.0
20190926:0010,0.0,0.0,0.0,17.82,0.34,0.0
20190926:0110,0.0,0.0,0.0,17.42,0.28,0.0
20190926:0210,0.0,0.0,0.0,16.77,0.21,0.0
20190926:0310,0.0,0.0,0.0,16.1,0.28,0.0
20190926:0410,0.0,0.0,0.0,15.79,0.34,0.0
20190926:0510,0.0,0.0,0.0,15.36,0.41,0.0
20190926:0610,1198.0,44.0,8.31,15.25,0.41,0.0
20190926:0710,7165.5,194.0,18.5,16.53,0.62,0.0
20190926:0810,10759.5,278.0,27.88,18.32,0.83,0.0
20190926:0910,11877.0,306.0,35.81,19.83,1.1,0.0
20190926:1010,19069.0,488.0,41.43,21.28,1.24,0.0
20190926:1110,22362.0,577.01,43.81,22.54,1.17,0.0
20190926:1210,21343.0,553.01,42.43,23.4,1.1,0.0
20190926:1310,18072.5,469.0,37.6,23.89,1.1,0.0
20190926:1410,17109.5,447.01,30.2,24.22,1.24,0.0
20190926:1510,10953.0,300.0,21.14,24.23,1.1,0.0
20190926:1610,4115.0,137.0,11.11,23.84,1.03,0.0
20190926:1710,0.0,0.0,0.0,22.42,1.03,0.0
20190926:1810,0.0,0.0,0.0,20.23,1.17,0.0
20190926:1910,0.0,0.0,0.0,19.28,1.17,0.0
20190926:2010,0.0,0.0,0.0,20.11,0.69,0.0
20190926:2110,0.0,0.0,0.0,19.57,0.48,0.0
20190926:2210,0.0,0.0,0.0,19.13,0.55,0.0
20190926:2310,0.0,0.0,0.0,18.64,0.55,0.0
20190927:0010,0.0,0.0,0.0,18.29,0.41,0.0
20190927:0110,0.0,0.0,0.0,17.97,0.34,0.0
20190927:0210,0.0,0.0,0.0,17.8,0.55,0.0
20190927:0310,0.0,0.0,0.0,17.19,0.83,0.0
20190927:0410,0.0,0.0,0.0,16.36,0.97,0.0
20190927:0510,0.0,0.0,0.0,16.05,0.97,0.0
20190927:0610,1267.0,46.0,8.09,16.24,0.83,0.0
20190927:0710,4178.0,119.0,18.27,18.33,0.48,0.0
20190927:0810,8610.5,227.0,27.62,19.33,0.41,0.0
20190927:0910,11655.5,302.0,35.51,20.07,0.55,0.0
20190927:1010,18222.0,470.0,41.08,20.99,0.41,0.0
20190927:1110,14649.5,380.0,43.42,21.4,0.34,0.0
20190927:1210,15002.5,390.0,42.03,21.56,0.14,0.0
20190927:1310,8777.0,234.0,37.21,22.11,0.21,0.0
20190927:1410,7603.0,205.0,29.83,22.41,0.48,0.0
20190927:1510,3947.5,115.0,20.79,22.4,0.34,0.0
20190927:1610,1618.5,56.0,10.77,22.06,0.07,0.0
20190927:1710,0.0,0.0,0.0,21.48,0.07,0.0
20190927:1810,0.0,0.0,0.0,20.79,0.21,0.0
20190927:1910,0.0,0.0,0.0,19.71,0.76,0.0
20190927:2010,0.0,0.0,0.0,19.25,0.69,0.0
20190927:2110,0.0,0.0,0.0,19.17,0.69,0.0
20190927:2210,0.0,0.0,0.0,19.11,0.62,0.0
20190927:2310,0.0,0.0,0.0,19.43,0.28,0.0
20190928:0010,0.0,0.0,0.0,19.29,0.34,0.0
20190928:0110,0.0,0.0,0.0,19.17,0.28,0.0
20190928:0210,0.0,0.0,0.0,18.93,0.41,0.0
20190928:0310,0.0,0.0,0.0,18.9,0.14,0.0
20190928:0410,0.0,0.0,0.0,18.76,0.28,0.0
20190928:0510,0.0,0.0,0.0,18.66,0.0,0.0
20190928:0610,2294.0,85.0,7.87,18.58,0.14,0.0
20190928:0710,8660.5,238.0,18.03,18.74,1.03,0.0
20190928:0810,16190.0,418.01,27.35,19.64,0.97,0.0
20190928:0910,20325.0,524.01,35.2,20.93,0.55,0.0
20190928:1010,23399.0,611.01,40.73,22.05,0.28,0.0
20190928:1110,22121.0,581.01,43.04,23.16,0.21,0.0
20190928:1210,21268.0,560.01,41.63,23.94,0.21,0.0
20190928:1310,20603.5,541.01,36.82,24.81,0.62,0.0
20190928:1410,17057.5,449.01,29.46,24.94,1.03,0.0
20190928:1510,10999.0,304.0,20.43,25.04,1.31,0.0
20190928:1610,3828.5,130.0,10.43,24.34,1.24,0.0
20190928:1710,0.0,0.0,0.0,22.51,0.97,0.0
20190928:1810,0.0,0.0,0.0,21.72,0.69,0.0
20190928:1910,0.0,0.0,0.0,19.02,1.66,0.0
20190928:2010,0.0,0.0,0.0,18.34,1.59,0.0
20190928:2110,0.0,0.0,0.0,17.88,1.31,0.0
20190928:2210,0.0,0.0,0.0,17.8,1.1,0.0
20190928:2310,0.0,0.0,0.0,18.09,0.83,0.0
20190929:0010,0.0,0.0,0.0,18.52,0.48,0.0
20190929:0110,0.0,0.0,0.0,18.23,0.28,0.0
20190929:0210,0.0,0.0,0.0,17.69,0.21,0.0
20190929:0310,0.0,0.0,0.0,17.09,0.28,0.0
20190929:0410,0.0,0.0,0.0,16.87,0.28,0.0
20190929:0510,0.0,0.0,0.0,16.63,0.07,0.0
20190929:0610,1929.5,70.0,7.65,16.48,0.21,0.0
20190929:0710,7969.5,219.0,17.79,17.57,0.41,0.0
20190929:0810,15563.5,402.01,27.08,19.05,0.69,0.0
20190929:0910,20889.5,536.01,34.89,20.52,0.76,0.0
20190929:1010,23228.5,599.01,40.38,21.51,0.83,0.0
20190929:1110,19607.0,506.0,42.65,22.1,0.9,0.0
20190929:1210,19999.5,518.01,41.23,22.9,0.9,0.0
20190929:1310,18369.0,477.01,36.43,23.36,0.83,0.0
20190929:1410,12239.5,322.0,29.08,23.77,0.97,0.0
20190929:1510,9077.0,249.0,20.08,23.37,1.1,0.0
20190929:1610,3440.5,116.0,10.09,22.67,1.03,0.0
20190929:1710,0.0,0.0,0.0,21.48,1.38,0.0
20190929:1810,0.0,0.0,0.0,19.97,1.38,0.0
20190929:1910,0.0,0.0,0.0,18.93,1.72,0.0
20190929:2010,0.0,0.0,0.0,18.03,1.45,0.0
20190929:2110,0.0,0.0,0.0,17.66,1.1,0.0
20190929:2210,0.0,0.0,0.0,18.24,0.55,0.0
20190929:2310,0.0,0.0,0.0,18.02,0.14,0.0
20190930:0010,0.0,0.0,0.0,17.37,0.34,0.0
20190930:0110,0.0,0.0,0.0,16.68,0.48,0.0
20190930:0210,0.0,0.0,0.0,15.9,0.83,0.0
20190930:0310,0.0,0.0,0.0,15.49,0.83,0.0
20190930:0410,0.0,0.0,0.0,15.98,0.62,0.0
20190930:0510,0.0,0.0,0.0,15.94,0.34,0.0
20190930:0610,1771.5,64.0,7.42,15.83,0.21,0.0
20190930:0710,9050.0,251.0,17.55,16.81,0.28,0.0
20190930:0810,16116.5,418.01,26.81,18.81,0.34,0.0
20190930:0910,19895.0,513.01,34.58,20.44,0.34,0.0
20190930:1010,23071.0,602.01,40.02,22.09,0.28,0.0
20190930:1110,24288.5,643.01,42.26,23.61,0.07,0.0
20190930:1210,23845.0,632.01,40.83,24.82,0.28,0.0
20190930:1310,21639.5,571.01,36.04,25.57,0.62,0.0
20190930:1410,17030.0,452.01,28.71,26.01,0.97,0.0
20190930:1510,10608.5,298.01,19.73,25.99,1.1,0.0
20190930:1610,3392.0,119.0,9.75,25.31,0.9,0.0
20190930:1710,0.0,0.0,0.0,23.36,0.83,0.0
20190930:1810,0.0,0.0,0.0,21.45,1.1,0.0
20190930:1910,0.0,0.0,0.0,20.26,2.48,0.0
20190930:2010,0.0,0.0,0.0,19.53,2.21,0.0
20190930:2110,0.0,0.0,0.0,18.88,2.0,0.0
20190930:2210,0.0,0.0,0.0,18.54,2.0,0.0
20190930:2310,0.0,0.0,0.0,18.21,2.0,0.0
20191001:0010,0.0,0.0,0.0,17.59,1.86,0.0
20191001:0110,0.0,0.0,0.0,17.35,1.66,0.0
20191001:0210,0.0,0.0,0.0,16.65,1.24,0.0
20191001:0310,0.0,0.0,0.0,17.46,0.69,0.0
20191001:0410,0.0,0.0,0.0,16.36,0.76,0.0
20191001:0510,0.0,0.0,0.0,15.71,0.9,0.0
20191001:0610,1317.0,49.0,7.2,15.76,0.83,0.0
20191001:0710,5987.5,165.0,17.31,16.9,0.55,0.0
20191001:0810,14374.0,371.01,26.54,18.08,0.41,0.0
20191001:0910,20844.0,533.01,34.27,19.24,0.55,0.0
20191001:1010,20568.0,529.01,39.67,20.32,0.41,0.0
20191001:1110,16741.5,434.0,41.88,21.57,0.28,0.0
20191001:1210,16504.5,430.0,40.44,22.31,0.14,0.0
20191001:1310,11909.0,313.0,35.65,22.86,0.28,0.0
20191001:1410,11738.0,309.0,28.34,23.1,0.76,0.0
20191001:1510,2043.0,67.0,19.37,22.83,0.55,0.0
20191001:1610,1935.5,66.0,9.41,22.45,0.69,0.0
20191001:1710,0.0,0.0,0.0,21.32,0.62,0.0
20191001:1810,0.0,0.0,0.0,20.69,0.41,0.0
20191001:1910,0.0,0.0,0.0,20.28,0.48,0.0
20191001:2010,0.0,0.0,0.0,19.85,0.21,0.0
20191001:2110,0.0,0.0,0.0,19.35,0.34,0.0
20191001:2210,0.0,0.0,0.0,18.93,0.55,0.0
20191001:2310,0.0,0.0,0.0,18.47,0.62,0.0
20191002:0010,0.0,0.0,0.0,17.9,0.76,0.0
20191002:0110,0.0,0.0,0.0,17.19,1.1,0.0
20191002:0210,0.0,0.0,0.0,17.1,1.24,0.0
20191002:0310,0.0,0.0,0.0,17.01,0.97,0.0
20191002:0410,0.0,0.0,0.0,17.14,0.76,0.0
20191002:0510,0.0,0.0,0.0,16.95,0.69,0.0
20191002:0610,1902.5,75.0,6.98,16.1,0.9,0.0
20191002:0710,8738.5,244.0,17.07,16.52,0.41,0.0
20191002:0810,9859.0,257.0,26.27,18.43,0.48,0.0
20191002:0910,10882.0,282.0,33.96,19.95,1.03,0.0
20191002:1010,22557.5,579.01,39.32,21.36,1.1,0.0
20191002:1110,25329.0,656.01,41.49,22.57,1.1,0.0
20191002:1210,24410.0,635.01,40.04,23.48,1.03,0.0
20191002:1310,21727.0,566.01,35.26,24.05,1.03,0.0
20191002:1410,16878.0,443.01,27.98,24.17,1.45,0.0
20191002:1510,10188.0,286.01,19.02,24.07,1.1,0.0
20191002:1610,3118.5,115.0,9.07,23.57,0.28,0.0
20191002:1710,0.0,0.0,0.0,23.09,0.14,0.0
20191002:1810,0.0,0.0,0.0,21.63,0.69,0.0
20191002:1910,0.0,0.0,0.0,17.52,1.86,0.0
20191002:2010,0.0,0.0,0.0,16.48,2.14,0.0
20191002:2110,0.0,0.0,0.0,15.96,2.21,0.0
20191002:2210,0.0,0.0,0.0,15.39,2.07,0.0
20191002:2310,0.0,0.0,0.0,15.0,1.66,0.0
20191003:0010,0.0,0.0,0.0,14.3,1.66,0.0
20191003:0110,0.0,0.0,0.0,13.53,2.0,0.0
20191003:0210,0.0,0.0,0.0,12.94,2.14,0.0
20191003:0310,0.0,0.0,0.0,12.22,1.93,0.0
20191003:0410,0.0,0.0,0.0,11.76,1.72,0.0
20191003:0510,0.0,0.0,0.0,11.14,1.66,0.0
20191003:0610,2005.5,82.0,6.75,11.04,1.45,0.0
20191003:0710,9502.0,261.01,16.83,12.18,1.17,0.0
20191003:0810,17027.0,433.01,26.0,15.77,1.38,0.0
20191003:0910,22446.5,563.01,33.65,17.11,1.59,0.0
20191003:1010,25479.0,642.01,38.96,18.27,1.66,0.0
20191003:1110,26305.5,669.01,41.11,19.2,1.38,0.0
20191003:1210,25299.0,646.01,39.64,19.9,1.24,0.0
20191003:1310,22495.5,576.01,34.88,20.37,1.1,0.0
20191003:1410,17597.5,456.01,27.61,20.57,1.1,0.0
20191003:1510,10491.5,290.01,18.67,20.4,1.17,0.0
20191003:1610,3162.0,117.0,8.74,19.59,0.97,0.0
20191003:1710,0.0,0.0,0.0,17.82,1.03,0.0
20191003:1810,0.0,0.0,0.0,16.17,1.31,0.0
20191003:1910,0.0,0.0,0.0,17.43,0.69,0.0
20191003:2010,0.0,0.0,0.0,16.71,0.41,0.0
20191003:2110,0.0,0.0,0.0,15.74,0.41,0.0
20191003:2210,0.0,0.0,0.0,14.64,0.55,0.0
20191003:2310,0.0,0.0,0.0,13.66,0.62,0.0
20191004:0010,0.0,0.0,0.0,13.02,0.41,0.0
20191004:0110,0.0,0.0,0.0,12.23,0.41,0.0
20191004:0210,0.0,0.0,0.0,11.55,0.62,0.0
20191004:0310,0.0,0.0,0.0,10.6,0.97,0.0
20191004:0410,0.0,0.0,0.0,10.4,0.97,0.0
20191004:0510,0.0,0.0,0.0,10.35,0.9,0.0
20191004:0610,1727.5,68.0,6.53,9.38,0.97,0.0
20191004:0710,8575.5,234.0,16.58,10.59,0.76,0.0
20191004:0810,16121.5,406.01,25.72,12.74,0.9,0.0
20191004:0910,20645.5,511.01,33.34,14.68,1.59,0.0
20191004:1010,23792.5,594.01,38.61,16.15,1.31,0.0
20191004:1110,24755.0,626.01,40.72,17.02,0.76,0.0
20191004:1210,24021.5,611.01,39.25,17.96,0.62,0.0
20191004:1310,16057.0,409.0,34.49,18.74,0.69,0.0
20191004:1410,15474.5,399.01,27.24,19.27,0.9,0.0
20191004:1510,9379.0,259.0,18.33,19.39,0.9,0.0
20191004:1610,2649.0,96.0,8.4,18.93,0.83,0.0
20191004:1710,0.0,0.0,0.0,17.16,0.69,0.0
20191004:1810,0.0,0.0,0.0,16.2,0.62,0.0
20191004:1910,0.0,0.0,0.0,14.71,0.97,0.0
20191004:2010,0.0,0.0,0.0,14.25,0.9,0.0
20191004:2110,0.0,0.0,0.0,13.08,1.1,0.0
20191004:2210,0.0,0.0,0.0,12.09,1.31,0.0
20191004:2310,0.0,0.0,0.0,11.57,1.31,0.0
20191005:0010,0.0,0.0,0.0,11.63,1.03,0.0
20191005:0110,0.0,0.0,0.0,12.34,0.76,0.0
20191005:0210,0.0,0.0,0.0,10.02,1.38,0.0
20191005:0310,0.0,0.0,0.0,9.51,1.31,0.0
20191005:0410,0.0,0.0,0.0,9.13,1.38,0.0
20191005:0510,0.0,0.0,0.0,8.84,1.38,0.0
20191005:0610,1659.5,67.0,6.3,8.83,1.38,0.0
20191005:0710,8610.0,238.0,16.34,11.8,0.48,0.0
20191005:0810,16045.0,410.01,25.45,15.08,0.69,0.0
20191005:0910,21130.0,535.01,33.02,17.11,0.69,0.0
20191005:1010,23151.0,592.01,38.26,18.69,0.48,0.0
20191005:1110,24926.0,642.01,40.34,20.03,0.62,0.0
20191005:1210,19571.0,503.01,38.86,20.97,0.76,0.0
20191005:1310,20634.0,532.01,34.11,21.56,0.9,0.0
20191005:1410,15372.0,401.01,26.88,21.86,1.17,0.0
20191005:1510,9441.0,265.0,17.98,21.83,1.17,0.0
20191005:1610,2517.0,94.0,8.07,21.05,0.9,0.0
20191005:1710,0.0,0.0,0.0,19.03,0.97,0.0
20191005:1810,0.0,0.0,0.0,18.31,0.9,0.0
20191005:1910,0.0,0.0,0.0,18.69,0.76,0.0
20191005:2010,0.0,0.0,0.0,15.81,1.31,0.0
20191005:2110,0.0,0.0,0.0,13.58,1.66,0.0
20191005:2210,0.0,0.0,0.0,12.6,1.72,0.0
20191005:2310,0.0,0.0,0.0,12.69,1.38,0.0
20191006:0010,0.0,0.0,0.0,13.22,1.1,0.0
20191006:0110,0.0,0.0,0.0,13.54,0.9,0.0
20191006:0210,0.0,0.0,0.0,13.48,0.69,0.0
20191006:0310,0.0,0.0,0.0,13.31,0.34,0.0
20191006:0410,0.0,0.0,0.0,13.14,0.34,0.0
20191006:0510,0.0,0.0,0.0,11.05,1.31,0.0
20191006:0610,1387.5,55.0,6.07,10.17,1.45,0.0
20191006:0710,7413.5,203.0,16.09,11.86,0.9,0.0
20191006:0810,11375.5,289.0,25.17,13.72,0.62,0.0
20191006:0910,18267.5,459.01,32.71,16.03,0.76,0.0
20191006:1010,14010.5,355.0,37.9,17.85,1.24,0.0
20191006:1110,17727.0,450.0,39.95,19.39,1.24,0.0
20191006:1210,15117.5,387.0,38.47,20.31,1.1,0.0
20191006:1310,11497.0,298.0,33.73,20.88,1.24,0.0
20191006:1410,9502.0,250.0,26.52,21.04,1.31,0.0
20191006:1510,5616.0,157.0,17.64,20.8,1.17,0.0
20191006:1610,998.0,39.0,7.74,20.14,1.03,0.0
20191006:1710,0.0,0.0,0.0,18.74,1.79,0.0
20191006:1810,0.0,0.0,0.0,17.58,2.28,0.0
20191006:1910,0.0,0.0,0.0,16.53,1.93,0.0
20191006:2010,0.0,0.0,0.0,15.84,1.66,0.0
20191006:2110,0.0,0.0,0.0,15.15,1.38,0.0
20191006:2210,0.0,0.0,0.0,14.53,1.31,0.0
20191006:2310,0.0,0.0,0.0,14.01,1.79,0.0
20191007:0010,0.0,0.0,0.0,13.57,1.86,0.0
20191007:0110,0.0,0.0,0.0,13.1,2.14,0.0
20191007:0210,0.0,0.0,0.0,12.77,2.28,0.0
20191007:0310,0.0,0.0,0.0,12.34,2.76,0.0
20191007:0410,0.0,0.0,0.0,12.15,2.41,0.0
20191007:0510,0.0,0.0,0.0,11.93,2.07,0.0
20191007:0610,1409.0,60.0,5.85,11.73,2.0,0.0
20191007:0710,8294.5,232.0,15.84,13.17,1.86,0.0
20191007:0810,11030.5,280.0,24.9,14.45,1.66,0.0
20191007:0910,19127.5,477.01,32.39,15.71,1.45,0.0
20191007:1010,23648.5,594.01,37.55,17.08,1.24,0.0
20191007:1110,24948.5,634.01,39.57,18.24,0.9,0.0
20191007:1210,23513.0,601.01,38.08,19.11,0.69,0.0
20191007:1310,20838.0,537.01,33.35,19.81,0.34,0.0
20191007:1410,15775.0,414.01,26.16,20.23,0.14,0.0
20191007:1510,9128.5,258.01,17.3,20.22,0.69,0.0
20191007:1610,2238.0,87.0,7.41,19.65,1.1,0.0
20191007:1710,0.0,0.0,0.0,17.83,1.31,0.0
20191007:1810,0.0,0.0,0.0,16.09,1.31,0.0
20191007:1910,0.0,0.0,0.0,17.38,0.97,0.0
20191007:2010,0.0,0.0,0.0,17.05,0.83,0.0
20191007:2110,0.0,0.0,0.0,16.72,0.34,0.0
20191007:2210,0.0,0.0,0.0,16.16,0.76,0.0
20191007:2310,0.0,0.0,0.0,13.47,1.38,0.0
20191008:0010,0.0,0.0,0.0,13.27,1.1,0.0
20191008:0110,0.0,0.0,0.0,12.11,1.17,0.0
20191008:0210,0.0,0.0,0.0,10.57,1.59,0.0
20191008:0310,0.0,0.0,0.0,9.76,1.79,0.0
20191008:0410,0.0,0.0,0.0,9.52,1.72,0.0
20191008:0510,0.0,0.0,0.0,9.65,1.31,0.0
20191008:0610,1100.5,48.44,5.62,9.49,1.17,0.0
20191008:0710,7877.0,220.0,15.59,10.94,0.76,0.0
20191008:0810,15076.0,382.01,24.62,13.32,1.17,0.0
20191008:0910,20306.0,506.01,32.08,14.77,1.1,0.0
20191008:1010,23622.5,591.01,37.19,16.22,1.17,0.0
20191008:1110,24648.0,619.01,39.19,17.4,1.38,0.0
20191008:1210,20462.5,515.01,37.69,18.15,1.38,0.0
20191008:1310,20162.5,511.01,32.97,18.78,1.24,0.0
20191008:1410,15426.5,399.01,25.8,19.21,1.31,0.0
20191008:1510,8575.0,241.0,16.96,19.1,1.59,0.0
20191008:1610,1959.5,76.0,7.08,18.55,1.66,0.0
20191008:1710,0.0,0.0,0.0,17.25,1.86,0.0
20191008:1810,0.0,0.0,0.0,15.91,1.86,0.0
20191008:1910,0.0,0.0,0.0,15.14,1.52,0.0
20191008:2010,0.0,0.0,0.0,13.94,1.52,0.0
20191008:2110,0.0,0.0,0.0,13.19,1.38,0.0
20191008:2210,0.0,0.0,0.0,12.78,1.24,0.0
20191008:2310,0.0,0.0,0.0,12.52,1.1,0.0
20191009:0010,0.0,0.0,0.0,12.14,1.03,0.0
20191009:0110,0.0,0.0,0.0,11.89,0.97,0.0
20191009:0210,0.0,0.0,0.0,11.77,0.9,0.0
20191009:0310,0.0,0.0,0.0,11.57,0.9,0.0
20191009:0410,0.0,0.0,0.0,11.11,1.03,0.0
20191009:0510,0.0,0.0,0.0,10.93,0.97,0.0
20191009:0610,147.0,12.0,5.39,10.94,0.83,0.0
20191009:0710,415.5,21.0,15.34,12.73,0.97,0.0
20191009:0810,7433.5,193.0,24.34,13.52,1.17,0.0
20191009:0910,2334.5,72.0,31.76,14.67,1.38,0.0
20191009:1010,2526.5,77.0,36.84,15.59,1.38,0.0
20191009:1110,2641.0,80.0,38.81,16.17,1.38,0.0
20191009:1210,1598.5,54.0,37.3,16.86,1.66,0.0
20191009:1310,2065.5,66.0,32.6,17.27,1.52,0.0
20191009:1410,1402.5,49.0,25.44,17.45,2.14,0.0
20191009:1510,1952.5,63.0,16.62,17.0,3.03,0.0
20191009:1610,801.5,33.0,6.76,16.11,2.69,0.0
20191009:1710,0.0,0.0,0.0,15.15,2.28,0.0
20191009:1810,0.0,0.0,0.0,14.6,1.66,0.0
20191009:1910,0.0,0.0,0.0,13.37,1.31,0.0
20191009:2010,0.0,0.0,0.0,13.09,0.83,0.0
20191009:2110,0.0,0.0,0.0,12.5,1.03,0.0
20191009:2210,0.0,0.0,0.0,11.92,0.97,0.0
20191009:2310,0.0,0.0,0.0,11.9,0.62,0.0
20191010:0010,0.0,0.0,0.0,11.9,0.55,0.0
20191010:0110,0.0,0.0,0.0,11.73,0.48,0.0
20191010:0210,0.0,0.0,0.0,11.52,0.34,0.0
20191010:0310,0.0,0.0,0.0,11.32,0.55,0.0
20191010:0410,0.0,0.0,0.0,9.86,1.24,0.0
20191010:0510,0.0,0.0,0.0,9.93,1.31,0.0
20191010:0610,678.0,29.55,5.15,10.34,1.45,0.0
20191010:0710,5281.0,145.0,15.09,10.61,0.14,0.0
20191010:0810,7046.5,183.0,24.06,12.06,0.62,0.0
20191010:0910,11612.5,292.0,31.45,13.66,0.76,0.0
20191010:1010,16406.0,412.0,36.49,15.57,0.55,0.0
20191010:1110,22350.0,567.01,38.43,17.25,0.48,0.0
20191010:1210,22194.5,568.01,36.91,18.78,0.41,0.0
20191010:1310,19584.0,503.01,32.22,19.84,0.62,0.0
20191010:1410,13437.0,351.01,25.09,20.31,0.9,0.0
20191010:1510,8301.0,238.01,16.28,20.27,1.03,0.0
20191010:1610,1541.5,60.0,6.44,19.31,0.69,0.0
20191010:1710,0.0,0.0,0.0,18.92,0.48,0.0
20191010:1810,0.0,0.0,0.0,16.03,1.17,0.0
20191010:1910,0.0,0.0,0.0,14.04,1.45,0.0
20191010:2010,0.0,0.0,0.0,12.44,1.72,0.0
20191010:2110,0.0,0.0,0.0,11.9,1.59,0.0
20191010:2210,0.0,0.0,0.0,11.31,1.45,0.0
20191010:2310,0.0,0.0,0.0,12.25,0.97,0.0
20191011:0010,0.0,0.0,0.0,12.18,0.69,0.0
20191011:0110,0.0,0.0,0.0,11.57,0.41,0.0
20191011:0210,0.0,0.0,0.0,11.24,0.0,0.0
20191011:0310,0.0,0.0,0.0,11.02,0.48,0.0
20191011:0410,0.0,0.0,0.0,10.62,0.97,0.0
20191011:0510,0.0,0.0,0.0,9.28,1.1,0.0
20191011:0610,694.5,31.05,4.92,9.35,0.97,0.0
20191011:0710,4119.5,115.0,14.84,10.58,0.76,0.0
20191011:0810,6839.5,179.0,23.78,13.35,0.9,0.0
20191011:0910,11376.0,287.0,31.13,14.75,1.24,0.0
20191011:1010,21471.0,535.01,36.14,15.78,1.31,0.0
20191011:1110,23417.5,587.01,38.05,16.57,1.17,0.0
20191011:1210,16664.5,420.0,36.53,17.45,1.1,0.0
20191011:1310,18481.5,467.01,31.85,17.78,1.17,0.0
20191011:1410,14602.5,378.01,24.74,18.27,1.24,0.0
20191011:1510,7901.0,225.0,15.95,18.25,1.1,0.0
20191011:1610,1532.0,64.0,6.12,17.71,0.9,0.0
20191011:1710,0.0,0.0,0.0,16.54,1.1,0.0
20191011:1810,0.0,0.0,0.0,14.57,1.38,0.0
20191011:1910,0.0,0.0,0.0,12.96,1.59,0.0
20191011:2010,0.0,0.0,0.0,12.09,1.45,0.0
20191011:2110,0.0,0.0,0.0,11.58,1.45,0.0
20191011:2210,0.0,0.0,0.0,10.88,1.52,0.0
20191011:2310,0.0,0.0,0.0,10.42,1.45,0.0
20191012:0010,0.0,0.0,0.0,9.86,1.45,0.0
20191012:0110,0.0,0.0,0.0,9.56,1.38,0.0
20191012:0210,0.0,0.0,0.0,9.15,1.45,0.0
20191012:0310,0.0,0.0,0.0,8.83,1.38,0.0
20191012:0410,0.0,0.0,0.0,8.64,1.31,0.0
20191012:0510,0.0,0.0,0.0,8.25,1.38,0.0
20191012:0610,715.0,33.26,4.69,8.05,1.24,0.0
20191012:0710,5269.5,146.0,14.59,10.82,0.41,0.0
20191012:0810,12476.5,318.01,23.5,12.93,0.55,0.0
20191012:0910,18752.0,470.01,30.81,14.25,0.48,0.0
20191012:1010,21679.5,543.01,35.78,15.15,0.62,0.0
20191012:1110,18044.0,454.0,37.68,16.19,0.55,0.0
20191012:1210,19513.0,493.01,36.15,16.99,0.55,0.0
20191012:1310,17766.5,452.01,31.48,17.48,0.41,0.0
20191012:1410,10307.0,269.0,24.39,17.73,0.14,0.0
20191012:1510,6092.5,172.0,15.62,17.83,0.14,0.0
20191012:1610,1439.5,64.0,5.8,17.57,0.97,0.0
20191012:1710,0.0,0.0,0.0,16.34,1.66,0.0
20191012:1810,0.0,0.0,0.0,15.23,1.59,0.0
20191012:1910,0.0,0.0,0.0,14.0,1.38,0.0
20191012:2010,0.0,0.0,0.0,13.02,1.31,0.0
20191012:2110,0.0,0.0,0.0,12.59,1.17,0.0
20191012:2210,0.0,0.0,0.0,12.0,1.17,0.0
20191012:2310,0.0,0.0,0.0,11.8,1.03,0.0
20191013:0010,0.0,0.0,0.0,12.12,0.83,0.0
20191013:0110,0.0,0.0,0.0,11.66,0.9,0.0
20191013:0210,0.0,0.0,0.0,11.04,0.97,0.0
20191013:0310,0.0,0.0,0.0,10.67,1.03,0.0
20191013:0410,0.0,0.0,0.0,10.2,1.17,0.0
20191013:0510,0.0,0.0,0.0,10.23,1.17,0.0
20191013:0610,174.5,13.0,4.46,10.67,0.97,0.0
20191013:0710,4137.0,117.0,14.34,12.06,0.34,0.0
20191013:0810,12197.0,314.01,23.22,14.18,0.34,0.0
20191013:0910,7598.0,199.0,30.5,15.77,0.34,0.0
20191013:1010,10373.0,267.0,35.43,16.98,0.34,0.0
20191013:1110,8844.5,231.0,37.3,17.76,0.28,0.0
20191013:1210,14946.0,383.0,35.77,18.67,0.14,0.0
20191013:1310,9196.5,241.0,31.12,19.11,0.28,0.0
20191013:1410,3275.5,97.0,24.04,19.46,0.28,0.0
20191013:1510,2826.0,86.0,15.29,19.65,0.69,0.0
20191013:1610,639.0,28.79,5.49,19.23,1.17,0.0
20191013:1710,0.0,0.0,0.0,17.93,1.45,0.0
20191013:1810,0.0,0.0,0.0,16.72,1.24,0.0
20191013:1910,0.0,0.0,0.0,15.59,1.24,0.0
20191013:2010,0.0,0.0,0.0,14.8,1.31,0.0
20191013:2110,0.0,0.0,0.0,14.47,1.31,0.0
20191013:2210,0.0,0.0,0.0,14.02,1.24,0.0
20191013:2310,0.0,0.0,0.0,13.87,1.03,0.0
20191014:0010,0.0,0.0,0.0,13.79,0.97,0.0
20191014:0110,0.0,0.0,0.0,13.68,0.97,0.0
20191014:0210,0.0,0.0,0.0,13.4,1.03,0.0
20191014:0310,0.0,0.0,0.0,13.15,1.1,0.0
20191014:0410,0.0,0.0,0.0,13.09,1.03,0.0
20191014:0510,0.0,0.0,0.0,12.97,1.03,0.0
20191014:0610,319.0,18.0,4.22,13.25,0.9,0.0
20191014:0710,2649.5,80.0,14.08,14.31,0.97,0.0
20191014:0810,3295.0,96.0,22.94,16.11,0.97,0.0
20191014:0910,2345.0,73.0,30.18,17.05,0.83,0.0
20191014:1010,12480.5,319.0,35.08,17.86,0.62,0.0
20191014:1110,9402.5,245.0,36.93,18.62,0.62,0.0
20191014:1210,18728.0,478.01,35.39,19.27,0.62,0.0
20191014:1310,17242.0,444.01,30.75,19.77,0.41,0.0
20191014:1410,7591.0,203.0,23.69,19.71,0.48,0.0
20191014:1510,2272.0,72.0,14.97,19.79,0.62,0.0
20191014:1610,537.0,25.8,5.18,19.51,1.17,0.0
20191014:1710,0.0,0.0,0.0,18.67,1.38,0.0
20191014:1810,0.0,0.0,0.0,18.08,1.45,0.0
20191014:1910,0.0,0.0,0.0,17.75,1.52,0.0
20191014:2010,0.0,0.0,0.0,17.36,1.38,0.0
20191014:2110,0.0,0.0,0.0,16.94,1.03,0.0
20191014:2210,0.0,0.0,0.0,16.55,0.97,0.0
20191014:2310,0.0,0.0,0.0,16.27,1.03,0.0
20191015:0010,0.0,0.0,0.0,15.85,0.9,0.0
20191015:0110,0.0,0.0,0.0,15.63,0.9,0.0
20191015:0210,0.0,0.0,0.0,15.3,1.1,0.0
20191015:0310,0.0,0.0,0.0,15.06,1.03,0.0
20191015:0410,0.0,0.0,0.0,14.8,0.69,0.0
20191015:0510,0.0,0.0,0.0,14.82,0.69,0.0
20191015:0610,0.0,4.0,3.99,14.71,0.83,0.0
20191015:0710,285.5,17.0,13.83,14.75,0.55,0.0
20191015:0810,1152.5,42.0,22.65,14.84,0.34,0.0
20191015:0910,1153.0,42.0,29.86,14.81,0.62,0.0
20191015:1010,2812.5,84.0,34.73,15.19,0.41,0.0
20191015:1110,1802.5,59.0,36.56,15.8,1.24,0.0
20191015:1210,2643.0,80.0,35.02,16.06,1.52,0.0
20191015:1310,1450.0,50.0,30.39,16.05,1.38,0.0
20191015:1410,1565.0,53.0,23.35,16.13,1.03,0.0
20191015:1510,923.5,36.0,14.64,16.22,0.62,0.0
20191015:1610,448.0,22.81,4.87,16.12,0.9,0.0
20191015:1710,0.0,0.0,0.0,15.58,0.62,0.0
20191015:1810,0.0,0.0,0.0,15.0,0.21,0.0
20191015:1910,0.0,0.0,0.0,14.64,1.59,0.0
20191015:2010,0.0,0.0,0.0,14.09,1.38,0.0
20191015:2110,0.0,0.0,0.0,13.03,0.97,0.0
20191015:2210,0.0,0.0,0.0,12.36,0.9,0.0
20191015:2310,0.0,0.0,0.0,11.48,1.1,0.0
20191016:0010,0.0,0.0,0.0,11.19,0.97,0.0
20191016:0110,0.0,0.0,0.0,11.33,0.62,0.0
20191016:0210,0.0,0.0,0.0,11.29,0.41,0.0
20191016:0310,0.0,0.0,0.0,9.98,1.03,0.0
20191016:0410,0.0,0.0,0.0,9.37,1.45,0.0
20191016:0510,0.0,0.0,0.0,8.95,1.45,0.0
20191016:0610,7.0,6.0,3.75,8.69,1.17,0.0
20191016:0710,3816.0,108.0,13.58,9.8,0.97,0.0
20191016:0810,7401.0,192.0,22.37,12.22,0.69,0.0
20191016:0910,8708.0,224.0,29.55,14.48,0.62,0.0
20191016:1010,21878.0,553.01,34.38,16.33,0.48,0.0
20191016:1110,23081.5,590.01,36.19,17.85,0.28,0.0
20191016:1210,21935.0,561.01,34.65,18.9,0.55,0.0
20191016:1310,18892.0,486.01,30.03,19.58,0.69,0.0
20191016:1410,13532.5,358.01,23.01,19.86,0.9,0.0
20191016:1510,6789.0,202.0,14.33,19.74,0.97,0.0
20191016:1610,739.5,42.15,4.57,18.62,0.69,0.0
20191016:1710,0.0,0.0,0.0,16.95,0.76,0.0
20191016:1810,0.0,0.0,0.0,16.28,0.76,0.0
20191016:1910,0.0,0.0,0.0,14.98,0.83,0.0
20191016:2010,0.0,0.0,0.0,14.95,0.69,0.0
20191016:2110,0.0,0.0,0.0,14.62,0.55,0.0
20191016:2210,0.0,0.0,0.0,14.33,0.41,0.0
20191016:2310,0.0,0.0,0.0,14.03,0.55,0.0
20191017:0010,0.0,0.0,0.0,13.46,0.76,0.0
20191017:0110,0.0,0.0,0.0,13.52,0.69,0.0
20191017:0210,0.0,0.0,0.0,13.92,0.48,0.0
20191017:0310,0.0,0.0,0.0,13.09,0.9,0.0
20191017:0410,0.0,0.0,0.0,12.88,0.97,0.0
20191017:0510,0.0,0.0,0.0,12.63,0.97,0.0
20191017:0610,397.0,23.05,3.52,12.6,0.97,0.0
20191017:0710,5515.5,160.0,13.32,12.91,0.9,0.0
20191017:0810,7180.0,188.0,22.09,13.83,0.97,0.0
20191017:0910,17474.5,437.01,29.23,14.75,1.24,0.0
20191017:1010,21276.5,529.01,34.04,14.99,1.24,0.0
20191017:1110,17933.0,447.01,35.82,15.64,1.24,0.0
20191017:1210,17452.0,436.01,34.28,15.94,1.24,0.0
20191017:1310,16674.0,420.01,29.68,16.36,1.17,0.0
20191017:1410,12433.0,323.01,22.68,16.27,1.03,0.0
20191017:1510,6532.0,193.0,14.01,16.22,0.83,0.0
20191017:1610,667.5,36.58,4.27,16.0,0.97,0.0
20191017:1710,0.0,0.0,0.0,15.38,1.24,0.0
20191017:1810,0.0,0.0,0.0,15.0,1.24,0.0
20191017:1910,0.0,0.0,0.0,14.72,1.1,0.0
20191017:2010,0.0,0.0,0.0,14.6,1.03,0.0
20191017:2110,0.0,0.0,0.0,14.6,0.97,0.0
20191017:2210,0.0,0.0,0.0,14.48,0.97,0.0
20191017:2310,0.0,0.0,0.0,14.21,0.97,0.0
20191018:0010,0.0,0.0,0.0,14.1,0.97,0.0
20191018:0110,0.0,0.0,0.0,13.96,0.9,0.0
20191018:0210,0.0,0.0,0.0,13.84,0.97,0.0
20191018:0310,0.0,0.0,0.0,13.73,1.03,0.0
20191018:0410,0.0,0.0,0.0,13.79,1.03,0.0
20191018:0510,0.0,0.0,0.0,13.78,0.97,0.0
20191018:0610,203.0,14.82,3.28,13.73,0.9,0.0
20191018:0710,1428.5,49.0,13.06,13.72,1.03,0.0
20191018:0810,5716.0,153.0,21.8,14.15,1.24,0.0
20191018:0910,10877.5,275.0,28.92,14.43,1.24,0.0
20191018:1010,12792.0,321.0,33.69,14.96,1.24,0.0
20191018:1110,11456.5,290.0,35.46,15.61,1.17,0.0
20191018:1210,10658.0,271.0,33.91,15.84,1.31,0.0
20191018:1310,10890.5,277.0,29.32,15.91,1.31,0.0
20191018:1410,4757.0,131.0,22.35,15.88,1.31,0.0
20191018:1510,2591.0,79.0,13.7,15.72,1.31,0.0
20191018:1610,225.5,15.0,3.97,15.51,1.24,0.0
20191018:1710,0.0,0.0,0.0,15.21,1.17,0.0
20191018:1810,0.0,0.0,0.0,14.71,1.1,0.0
20191018:1910,0.0,0.0,0.0,15.32,1.17,0.0
20191018:2010,0.0,0.0,0.0,15.24,1.17,0.0
20191018:2110,0.0,0.0,0.0,15.25,0.97,0.0
20191018:2210,0.0,0.0,0.0,15.31,1.03,0.0
20191018:2310,0.0,0.0,0.0,15.23,1.1,0.0
20191019:0010,0.0,0.0,0.0,15.07,1.1,0.0
20191019:0110,0.0,0.0,0.0,14.87,1.1,0.0
20191019:0210,0.0,0.0,0.0,14.65,1.1,0.0
20191019:0310,0.0,0.0,0.0,14.47,1.1,0.0
20191019:0410,0.0,0.0,0.0,14.23,1.17,0.0
20191019:0510,0.0,0.0,0.0,14.19,1.17,0.0
20191019:0610,5.5,6.0,3.05,14.05,1.1,0.0
20191019:0710,1937.0,62.0,12.81,14.17,1.31,0.0
20191019:0810,6618.5,175.0,21.52,14.51,1.24,0.0
20191019:0910,3813.5,108.0,28.6,15.02,1.17,0.0
20191019:1010,4513.0,125.0,33.35,15.59,1.1,0.0
20191019:1110,4134.0,116.0,35.09,15.82,1.38,0.0
20191019:1210,1408.0,49.0,33.55,16.48,0.83,0.0
20191019:1310,1869.5,61.0,28.97,16.86,0.48,0.0
20191019:1410,4216.5,119.0,22.02,17.05,0.07,0.0
20191019:1510,343.0,19.0,13.39,16.79,0.55,0.0
20191019:1610,258.5,16.82,3.68,16.22,1.31,0.0
20191019:1710,0.0,0.0,0.0,15.76,1.52,0.0
20191019:1810,0.0,0.0,0.0,15.53,1.31,0.0
20191019:1910,0.0,0.0,0.0,14.7,0.55,0.0
20191019:2010,0.0,0.0,0.0,14.84,0.34,0.0
20191019:2110,0.0,0.0,0.0,14.76,0.41,0.0
20191019:2210,0.0,0.0,0.0,14.16,0.76,0.0
20191019:2310,0.0,0.0,0.0,14.04,0.97,0.0
20191020:0010,0.0,0.0,0.0,13.76,1.1,0.0
20191020:0110,0.0,0.0,0.0,13.89,1.03,0.0
20191020:0210,0.0,0.0,0.0,14.4,0.83,0.0
20191020:0310,0.0,0.0,0.0,14.83,0.69,0.0
20191020:0410,0.0,0.0,0.0,15.02,1.38,0.0
20191020:0510,0.0,0.0,0.0,15.31,1.52,0.0
20191020:0610,45.0,8.0,2.81,15.3,1.59,0.0
20191020:0710,1269.5,45.0,12.55,14.44,1.1,0.0
20191020:0810,821.5,33.0,21.24,14.94,1.1,0.0
20191020:0910,1075.0,40.0,28.29,15.53,1.24,0.0
20191020:1010,2686.0,81.0,33.0,15.81,1.31,0.0
20191020:1110,1997.0,64.0,34.73,16.11,1.1,0.0
20191020:1210,3623.5,104.0,33.19,16.28,1.1,0.0
20191020:1310,1110.0,41.0,28.63,15.93,1.24,0.0
20191020:1410,999.0,38.0,21.69,15.85,1.38,0.0
20191020:1510,441.0,22.0,13.08,15.73,1.66,0.0
20191020:1610,321.5,19.56,3.39,15.43,1.79,0.0
20191020:1710,0.0,0.0,0.0,15.18,1.59,0.0
20191020:1810,0.0,0.0,0.0,15.0,1.45,0.0
20191020:1910,0.0,0.0,0.0,15.13,1.45,0.0
20191020:2010,0.0,0.0,0.0,15.03,1.03,0.0
20191020:2110,0.0,0.0,0.0,14.92,0.55,0.0
20191020:2210,0.0,0.0,0.0,14.94,0.48,0.0
20191020:2310,0.0,0.0,0.0,14.89,0.76,0.0
20191021:0010,0.0,0.0,0.0,14.93,0.97,0.0
20191021:0110,0.0,0.0,0.0,15.03,0.97,0.0
20191021:0210,0.0,0.0,0.0,14.98,1.03,0.0
20191021:0310,0.0,0.0,0.0,14.73,1.03,0.0
20191021:0410,0.0,0.0,0.0,14.63,0.14,0.0
20191021:0510,0.0,0.0,0.0,14.7,1.03,0.0
20191021:0610,91.5,10.0,2.57,14.73,1.31,0.0
20191021:0710,3802.0,113.0,12.3,14.9,0.76,0.0
20191021:0810,892.0,35.0,20.96,15.16,0.28,0.0
20191021:0910,1187.5,43.0,27.97,15.25,0.14,0.0
20191021:1010,2479.5,76.0,32.66,15.75,0.41,0.0
20191021:1110,1839.0,60.0,34.37,16.03,0.83,0.0
20191021:1210,1487.5,51.0,32.83,16.12,0.97,0.0
20191021:1310,2757.0,83.0,28.29,16.5,1.1,0.0
20191021:1410,3813.5,109.0,21.37,17.24,1.17,0.0
20191021:1510,251.0,16.0,12.78,17.67,0.83,0.0
20191021:1610,140.0,12.0,3.1,17.58,0.41,0.0
20191021:1710,0.0,0.0,0.0,17.52,0.14,0.0
20191021:1810,0.0,0.0,0.0,16.92,1.1,0.0
20191021:1910,0.0,0.0,0.0,16.03,0.41,0.0
20191021:2010,0.0,0.0,0.0,16.0,0.83,0.0
20191021:2110,0.0,0.0,0.0,15.84,0.69,0.0
20191021:2210,0.0,0.0,0.0,15.87,0.48,0.0
20191021:2310,0.0,0.0,0.0,15.93,0.34,0.0
20191022:0010,0.0,0.0,0.0,15.91,0.28,0.0
20191022:0110,0.0,0.0,0.0,16.0,0.55,0.0
20191022:0210,0.0,0.0,0.0,16.02,0.69,0.0
20191022:0310,0.0,0.0,0.0,16.02,0.55,0.0
20191022:0410,0.0,0.0,0.0,16.03,0.62,0.0
20191022:0510,0.0,0.0,0.0,16.1,0.76,0.0
20191022:0610,0.0,2.0,2.33,16.03,0.83,0.0
20191022:0710,3797.5,114.0,12.04,16.04,0.97,0.0
20191022:0810,2478.0,76.0,20.67,16.13,1.17,0.0
20191022:0910,3622.0,104.0,27.66,16.36,1.1,0.0
20191022:1010,7542.5,198.0,32.32,16.81,1.03,0.0
20191022:1110,4432.0,124.0,34.02,17.25,0.9,0.0
20191022:1210,4305.0,121.0,32.48,17.36,0.9,0.0
20191022:1310,2824.0,85.0,27.95,17.51,1.03,0.0
20191022:1410,3727.5,107.0,21.05,17.45,1.24,0.0
20191022:1510,2015.5,65.0,12.48,17.49,1.59,0.0
20191022:1610,114.5,11.0,2.82,17.36,1.52,0.0
20191022:1710,0.0,0.0,0.0,16.96,1.59,0.0
20191022:1810,0.0,0.0,0.0,16.69,1.52,0.0
20191022:1910,0.0,0.0,0.0,16.5,1.1,0.0
20191022:2010,0.0,0.0,0.0,15.81,1.24,0.0
20191022:2110,0.0,0.0,0.0,15.25,1.45,0.0
20191022:2210,0.0,0.0,0.0,14.65,1.52,0.0
20191022:2310,0.0,0.0,0.0,14.32,1.52,0.0
20191023:0010,0.0,0.0,0.0,14.02,1.59,0.0
20191023:0110,0.0,0.0,0.0,14.02,1.72,0.0
20191023:0210,0.0,0.0,0.0,13.75,1.72,0.0
20191023:0310,0.0,0.0,0.0,13.36,1.38,0.0
20191023:0410,0.0,0.0,0.0,12.72,1.45,0.0
20191023:0510,0.0,0.0,0.0,12.4,1.52,0.0
20191023:0610,0.0,0.0,0.0,11.95,1.17,0.0
20191023:0710,2206.5,69.0,11.78,13.5,1.1,0.0
20191023:0810,6831.0,182.0,20.39,15.92,1.17,0.0
20191023:0910,7108.5,188.0,27.35,16.95,0.83,0.0
20191023:1010,6733.0,180.0,31.98,18.18,0.69,0.0
20191023:1110,2004.0,65.0,33.66,19.17,0.76,0.0
20191023:1210,3559.0,104.0,32.12,19.88,1.1,0.0
20191023:1310,3843.0,111.0,27.61,19.81,0.76,0.0
20191023:1410,1456.5,51.0,20.74,19.91,0.07,0.0
20191023:1510,247.5,16.0,12.19,19.78,0.21,0.0
20191023:1610,65.0,9.0,2.54,19.09,0.9,0.0
20191023:1710,0.0,0.0,0.0,18.06,1.03,0.0
20191023:1810,0.0,0.0,0.0,16.61,1.17,0.0
20191023:1910,0.0,0.0,0.0,15.53,1.17,0.0
20191023:2010,0.0,0.0,0.0,15.36,0.9,0.0
20191023:2110,0.0,0.0,0.0,15.27,1.03,0.0
20191023:2210,0.0,0.0,0.0,15.38,0.69,0.0
20191023:2310,0.0,0.0,0.0,14.94,0.76,0.0
20191024:0010,0.0,0.0,0.0,14.99,1.03,0.0
20191024:0110,0.0,0.0,0.0,15.09,1.45,0.0
20191024:0210,0.0,0.0,0.0,15.2,2.34,0.0
20191024:0310,0.0,0.0,0.0,15.28,2.28,0.0
20191024:0410,0.0,0.0,0.0,15.09,1.93,0.0
20191024:0510,0.0,0.0,0.0,15.15,2.07,0.0
20191024:0610,0.0,0.0,0.0,15.24,2.55,0.0
20191024:0710,2520.5,78.0,11.53,15.42,1.59,0.0
20191024:0810,3142.5,92.0,20.11,15.54,1.52,0.0
20191024:0910,3224.5,94.0,27.04,15.65,1.79,0.0
20191024:1010,2243.0,70.0,31.65,15.77,2.0,0.0
20191024:1110,4272.5,119.0,33.31,15.5,2.07,0.0
20191024:1210,2410.5,74.0,31.78,15.29,2.07,0.0
20191024:1310,2129.0,67.0,27.28,15.17,1.93,0.0
20191024:1410,2454.0,75.0,20.43,15.0,1.79,0.0
20191024:1510,930.5,36.0,11.9,15.08,2.07,0.0
20191024:1610,24.5,7.0,2.27,15.01,1.72,0.0
20191024:1710,0.0,0.0,0.0,14.78,1.93,0.0
20191024:1810,0.0,0.0,0.0,14.72,1.72,0.0
20191024:1910,0.0,0.0,0.0,14.73,1.86,0.0
20191024:2010,0.0,0.0,0.0,14.77,1.72,0.0
20191024:2110,0.0,0.0,0.0,14.78,1.59,0.0
20191024:2210,0.0,0.0,0.0,14.66,1.31,0.0
20191024:2310,0.0,0.0,0.0,14.53,1.24,0.0
20191025:0010,0.0,0.0,0.0,14.01,1.24,0.0
20191025:0110,0.0,0.0,0.0,13.81,1.03,0.0
20191025:0210,0.0,0.0,0.0,13.53,1.24,0.0
20191025:0310,0.0,0.0,0.0,13.19,1.45,0.0
20191025:0410,0.0,0.0,0.0,13.25,1.59,0.0
20191025:0510,0.0,0.0,0.0,13.3,1.52,0.0
20191025:0610,0.0,0.0,0.0,13.41,1.45,0.0
20191025:0710,3253.5,98.0,11.27,13.19,1.79,0.0
20191025:0810,9069.0,238.0,19.83,14.43,1.52,0.0
20191025:0910,15285.0,387.01,26.73,16.02,1.45,0.0
20191025:1010,19680.5,498.01,31.31,18.1,1.31,0.0
20191025:1110,17972.0,459.01,32.97,19.84,0.97,0.0
20191025:1210,18547.0,479.01,31.43,20.92,0.62,0.0
20191025:1310,15929.5,419.01,26.95,21.51,0.21,0.0
20191025:1410,11022.5,303.01,20.12,21.79,0.55,0.0
20191025:1510,4608.0,149.0,11.62,21.46,0.83,0.0
20191025:1610,0.0,0.0,0.0,20.18,1.17,0.0
20191025:1710,0.0,0.0,0.0,17.95,1.59,0.0
20191025:1810,0.0,0.0,0.0,16.22,1.72,0.0
20191025:1910,0.0,0.0,0.0,15.48,1.38,0.0
20191025:2010,0.0,0.0,0.0,16.32,0.9,0.0
20191025:2110,0.0,0.0,0.0,16.35,0.62,0.0
20191025:2210,0.0,0.0,0.0,15.85,0.76,0.0
20191025:2310,0.0,0.0,0.0,14.77,1.1,0.0
20191026:0010,0.0,0.0,0.0,13.04,1.31,0.0
20191026:0110,0.0,0.0,0.0,12.02,1.45,0.0
20191026:0210,0.0,0.0,0.0,11.26,1.52,0.0
20191026:0310,0.0,0.0,0.0,10.76,1.59,0.0
20191026:0410,0.0,0.0,0.0,10.31,1.52,0.0
20191026:0510,0.0,0.0,0.0,9.92,1.38,0.0
20191026:0610,0.0,0.0,0.0,9.71,1.31,0.0
20191026:0710,4540.5,143.0,11.01,11.04,0.97,0.0
20191026:0810,11313.0,300.01,19.55,13.51,1.1,0.0
20191026:0910,17118.0,436.01,26.42,15.86,1.03,0.0
20191026:1010,20510.0,522.01,30.98,18.19,0.97,0.0
20191026:1110,21212.5,543.01,32.62,19.84,0.97,0.0
20191026:1210,19985.0,516.01,31.09,20.74,0.76,0.0
20191026:1310,16643.5,436.01,26.63,21.2,0.69,0.0
20191026:1410,11162.0,307.01,19.82,21.28,0.69,0.0
20191026:1510,4659.0,154.0,11.33,20.97,0.55,0.0
20191026:1610,0.0,0.0,0.0,20.57,0.14,0.0
20191026:1710,0.0,0.0,0.0,19.52,0.76,0.0
20191026:1810,0.0,0.0,0.0,16.26,1.31,0.0
20191026:1910,0.0,0.0,0.0,14.66,1.59,0.0
20191026:2010,0.0,0.0,0.0,13.26,1.66,0.0
20191026:2110,0.0,0.0,0.0,12.6,1.45,0.0
20191026:2210,0.0,0.0,0.0,12.5,1.24,0.0
20191026:2310,0.0,0.0,0.0,11.86,1.31,0.0
20191027:0010,0.0,0.0,0.0,10.92,1.52,0.0
20191027:0110,0.0,0.0,0.0,10.36,1.66,0.0
20191027:0210,0.0,0.0,0.0,10.15,1.59,0.0
20191027:0310,0.0,0.0,0.0,10.21,1.45,0.0
20191027:0410,0.0,0.0,0.0,10.52,1.31,0.0
20191027:0510,0.0,0.0,0.0,10.48,1.24,0.0
20191027:0610,0.0,0.0,0.0,10.04,1.1,0.0
20191027:0710,4385.5,141.0,10.76,11.69,0.62,0.0
20191027:0810,11089.5,296.01,19.27,13.61,0.62,0.0
20191027:0910,16570.5,425.01,26.12,16.32,0.62,0.0
20191027:1010,20100.0,515.01,30.65,18.27,0.48,0.0
20191027:1110,20626.5,533.01,32.28,19.69,0.21,0.0
20191027:1210,19556.5,509.01,30.75,20.63,0.14,0.0
20191027:1310,16228.0,427.01,26.31,21.17,0.34,0.0
20191027:1410,10661.5,294.01,19.52,21.32,0.48,0.0
20191027:1510,3915.0,125.0,11.06,21.06,0.55,0.0
20191027:1610,0.0,0.0,0.0,19.7,1.17,0.0
20191027:1710,0.0,0.0,0.0,17.32,1.24,0.0
20191027:1810,0.0,0.0,0.0,17.77,0.83,0.0
20191027:1910,0.0,0.0,0.0,16.61,0.28,0.0
20191027:2010,0.0,0.0,0.0,15.3,0.69,0.0
20191027:2110,0.0,0.0,0.0,14.15,0.83,0.0
20191027:2210,0.0,0.0,0.0,13.82,0.76,0.0
20191027:2310,0.0,0.0,0.0,13.63,0.76,0.0
20191028:0010,0.0,0.0,0.0,12.42,1.03,0.0
20191028:0110,0.0,0.0,0.0,11.53,1.17,0.0
20191028:0210,0.0,0.0,0.0,11.31,1.17,0.0
20191028:0310,0.0,0.0,0.0,11.15,1.1,0.0
20191028:0410,0.0,0.0,0.0,10.66,1.24,0.0
20191028:0510,0.0,0.0,0.0,10.75,1.1,0.0
20191028:0610,0.0,0.0,0.0,10.65,1.03,0.0
20191028:0710,3973.5,126.0,10.5,11.32,0.69,0.0
20191028:0810,7617.5,201.0,18.99,12.84,0.69,0.0
20191028:0910,10647.0,272.0,25.81,14.83,0.62,0.0
20191028:1010,16590.0,421.01,30.32,16.36,0.28,0.0
20191028:1110,13916.0,355.0,31.94,17.44,0.28,0.0
20191028:1210,14866.5,381.01,30.42,18.49,0.34,0.0
20191028:1310,10108.0,264.0,25.99,19.03,0.48,0.0
20191028:1410,8524.5,231.0,19.23,19.11,0.76,0.0
20191028:1510,2786.5,88.0,10.79,18.79,0.9,0.0
20191028:1610,0.0,0.0,0.0,17.88,1.31,0.0
20191028:1710,0.0,0.0,0.0,16.67,1.45,0.0
20191028:1810,0.0,0.0,0.0,15.82,1.24,0.0
20191028:1910,0.0,0.0,0.0,15.09,0.76,0.0
20191028:2010,0.0,0.0,0.0,15.08,0.69,0.0
20191028:2110,0.0,0.0,0.0,15.27,0.62,0.0
20191028:2210,0.0,0.0,0.0,14.56,0.76,0.0
20191028:2310,0.0,0.0,0.0,14.47,0.69,0.0
20191029:0010,0.0,0.0,0.0,14.41,0.69,0.0
20191029:0110,0.0,0.0,0.0,14.46,0.62,0.0
20191029:0210,0.0,0.0,0.0,14.32,0.69,0.0
20191029:0310,0.0,0.0,0.0,14.12,0.83,0.0
20191029:0410,0.0,0.0,0.0,14.03,0.9,0.0
20191029:0510,0.0,0.0,0.0,14.01,0.83,0.0
20191029:0610,0.0,0.0,0.0,14.03,0.83,0.0
20191029:0710,2122.5,68.0,10.25,13.73,0.48,0.0
20191029:0810,6456.5,173.0,18.71,14.33,0.62,0.0
20191029:0910,5365.5,145.0,25.51,15.03,1.03,0.0
20191029:1010,3836.5,109.0,30.0,15.96,1.03,0.0
20191029:1110,3863.0,110.0,31.61,16.64,0.83,0.0
20191029:1210,3024.0,90.0,30.09,17.59,0.69,0.0
20191029:1310,2528.0,78.0,25.68,18.33,0.55,0.0
20191029:1410,3291.5,97.0,18.94,18.46,0.62,0.0
20191029:1510,2302.5,74.0,10.52,18.42,0.83,0.0
20191029:1610,0.0,0.0,0.0,17.91,1.1,0.0
20191029:1710,0.0,0.0,0.0,16.94,1.31,0.0
20191029:1810,0.0,0.0,0.0,16.11,1.24,0.0
20191029:1910,0.0,0.0,0.0,15.31,0.9,0.0
20191029:2010,0.0,0.0,0.0,15.14,0.69,0.0
20191029:2110,0.0,0.0,0.0,14.98,0.83,0.0
20191029:2210,0.0,0.0,0.0,14.51,1.17,0.0
20191029:2310,0.0,0.0,0.0,14.24,1.24,0.0
20191030:0010,0.0,0.0,0.0,14.1,1.31,0.0
20191030:0110,0.0,0.0,0.0,14.06,1.31,0.0
20191030:0210,0.0,0.0,0.0,14.05,1.17,0.0
20191030:0310,0.0,0.0,0.0,14.08,1.24,0.0
20191030:0410,0.0,0.0,0.0,14.02,1.24,0.0
20191030:0510,0.0,0.0,0.0,13.93,1.24,0.0
20191030:0610,0.0,0.0,0.0,14.04,1.31,0.0
20191030:0710,1906.5,62.0,9.99,13.65,1.24,0.0
20191030:0810,5261.5,143.0,18.43,14.23,1.31,0.0
20191030:0910,3817.0,108.0,25.21,14.9,1.31,0.0
20191030:1010,8282.5,214.0,29.68,15.2,1.24,0.0
20191030:1110,5358.0,145.0,31.28,15.54,1.31,0.0
20191030:1210,9489.5,243.0,29.77,15.83,1.59,0.0
20191030:1310,4020.5,113.0,25.37,15.46,1.93,0.0
20191030:1410,3314.5,96.0,18.66,15.16,2.34,0.0
20191030:1510,1872.5,61.0,10.25,14.62,2.28,0.0
20191030:1610,0.0,0.0,0.0,14.16,2.28,0.0
20191030:1710,0.0,0.0,0.0,13.76,2.28,0.0
20191030:1810,0.0,0.0,0.0,13.33,2.21,0.0
20191030:1910,0.0,0.0,0.0,13.48,2.21,0.0
20191030:2010,0.0,0.0,0.0,13.15,2.14,0.0
20191030:2110,0.0,0.0,0.0,12.9,2.28,0.0
20191030:2210,0.0,0.0,0.0,12.76,2.34,0.0
20191030:2310,0.0,0.0,0.0,12.49,2.34,0.0
20191031:0010,0.0,0.0,0.0,12.18,2.34,0.0
20191031:0110,0.0,0.0,0.0,11.81,2.28,0.0
20191031:0210,0.0,0.0,0.0,11.59,2.21,0.0
20191031:0310,0.0,0.0,0.0,11.39,2.28,0.0
20191031:0410,0.0,0.0,0.0,11.21,2.21,0.0
20191031:0510,0.0,0.0,0.0,11.01,2.14,0.0
20191031:0610,0.0,0.0,0.0,10.82,2.07,0.0
20191031:0710,1293.0,45.0,9.74,11.11,1.93,0.0
20191031:0810,912.0,35.0,18.16,11.26,2.0,0.0
20191031:0910,2665.0,79.0,24.91,11.42,2.07,0.0
20191031:1010,2952.0,86.0,29.36,11.8,2.14,0.0
20191031:1110,2740.5,81.0,30.95,12.02,2.14,0.0
20191031:1210,2907.0,85.0,29.45,12.1,2.34,0.0
20191031:1310,3496.0,99.0,25.07,12.06,2.28,0.0
20191031:1410,2041.5,64.0,18.38,11.99,2.14,0.0
20191031:1510,322.0,18.0,10.0,11.86,2.07,0.0
20191031:1610,0.0,0.0,0.0,11.6,1.93,0.0
20191031:1710,0.0,0.0,0.0,11.33,1.86,0.0
20191031:1810,0.0,0.0,0.0,11.05,1.86,0.0
20191031:1910,0.0,0.0,0.0,11.38,1.72,0.0
20191031:2010,0.0,0.0,0.0,11.28,1.72,0.0
20191031:2110,0.0,0.0,0.0,11.21,1.72,0.0
20191031:2210,0.0,0.0,0.0,11.13,1.72,0.0
20191031:2310,0.0,0.0,0.0,11.0,1.79,0.0
20191101:0010,0.0,0.0,0.0,11.0,1.72,0.0
20191101:0110,0.0,0.0,0.0,10.96,1.52,0.0
20191101:0210,0.0,0.0,0.0,10.75,1.38,0.0
20191101:0310,0.0,0.0,0.0,10.71,1.31,0.0
20191101:0410,0.0,0.0,0.0,10.71,1.31,0.0
20191101:0510,0.0,0.0,0.0,10.67,1.31,0.0
20191101:0610,0.0,0.0,0.0,10.56,1.24,0.0
20191101:0710,1814.0,59.0,9.48,10.45,1.24,0.0
20191101:0810,3633.0,102.0,17.88,10.97,1.45,0.0
20191101:0910,2996.0,87.0,24.61,11.49,1.52,0.0
20191101:1010,3922.0,109.0,29.04,11.76,1.72,0.0
20191101:1110,5268.0,141.0,30.63,12.66,1.72,0.0
20191101:1210,7783.5,200.0,29.13,12.87,1.45,0.0
20191101:1310,5043.5,136.0,24.77,12.96,1.52,0.0
20191101:1410,3519.5,100.0,18.1,12.72,1.72,0.0
20191101:1510,1544.5,52.0,9.74,12.37,1.38,0.0
20191101:1610,0.0,0.0,0.0,12.0,1.31,0.0
20191101:1710,0.0,0.0,0.0,11.52,1.38,0.0
20191101:1810,0.0,0.0,0.0,11.0,1.17,0.0
20191101:1910,0.0,0.0,0.0,10.53,1.52,0.0
20191101:2010,0.0,0.0,0.0,10.28,1.52,0.0
20191101:2110,0.0,0.0,0.0,9.96,1.31,0.0
20191101:2210,0.0,0.0,0.0,9.77,1.24,0.0
20191101:2310,0.0,0.0,0.0,9.59,1.24,0.0
20191102:0010,0.0,0.0,0.0,9.49,1.31,0.0
20191102:0110,0.0,0.0,0.0,9.32,1.24,0.0
20191102:0210,0.0,0.0,0.0,9.22,1.17,0.0
20191102:0310,0.0,0.0,0.0,9.09,1.24,0.0
20191102:0410,0.0,0.0,0.0,9.04,1.38,0.0
20191102:0510,0.0,0.0,0.0,8.92,1.38,0.0
20191102:0610,0.0,0.0,0.0,8.8,1.1,0.0
20191102:0710,3285.0,109.0,9.23,8.26,1.03,0.0
20191102:0810,4510.5,122.0,17.61,8.61,0.97,0.0
20191102:0910,4313.0,117.0,24.31,9.1,1.17,0.0
20191102:1010,6991.5,179.0,28.73,9.56,1.31,0.0
20191102:1110,6634.5,171.0,30.31,9.83,1.24,0.0
20191102:1210,4117.5,113.0,28.82,10.19,1.03,0.0
20191102:1310,3770.0,105.0,24.48,10.5,1.03,0.0
20191102:1410,2505.5,75.0,17.83,10.6,1.03,0.0
20191102:1510,2276.5,72.0,9.49,10.7,1.1,0.0
20191102:1610,0.0,0.0,0.0,10.66,1.17,0.0
20191102:1710,0.0,0.0,0.0,10.53,1.17,0.0
20191102:1810,0.0,0.0,0.0,10.44,1.24,0.0
20191102:1910,0.0,0.0,0.0,9.66,1.38,0.0
20191102:2010,0.0,0.0,0.0,9.69,1.24,0.0
20191102:2110,0.0,0.0,0.0,9.6,1.17,0.0
20191102:2210,0.0,0.0,0.0,9.55,1.31,0.0
20191102:2310,0.0,0.0,0.0,9.52,1.31,0.0
20191103:0010,0.0,0.0,0.0,9.47,1.31,0.0
20191103:0110,0.0,0.0,0.0,9.22,1.17,0.0
20191103:0210,0.0,0.0,0.0,9.04,0.83,0.0
20191103:0310,0.0,0.0,0.0,8.89,0.9,0.0
20191103:0410,0.0,0.0,0.0,8.83,1.1,0.0
20191103:0510,0.0,0.0,0.0,8.79,1.38,0.0
20191103:0610,0.0,0.0,0.0,8.78,1.38,0.0
20191103:0710,494.5,23.0,8.98,8.03,1.03,0.0
20191103:0810,1271.0,44.0,17.33,8.25,0.55,0.0
20191103:0910,3206.0,91.0,24.02,8.53,0.83,0.0
20191103:1010,3035.0,87.0,28.42,8.8,1.38,0.0
20191103:1110,6352.5,164.0,29.99,9.16,1.31,0.0
20191103:1210,1740.0,56.0,28.51,9.45,1.17,0.0
20191103:1310,2060.5,64.0,24.19,9.95,1.31,0.0
20191103:1410,2018.5,63.0,17.56,10.13,1.52,0.0
20191103:1510,2737.5,87.0,9.25,10.57,1.59,0.0
20191103:1610,0.0,0.0,0.0,10.36,1.59,0.0
20191103:1710,0.0,0.0,0.0,9.77,1.45,0.0
20191103:1810,0.0,0.0,0.0,9.13,1.17,0.0
20191103:1910,0.0,0.0,0.0,8.25,1.1,0.0
20191103:2010,0.0,0.0,0.0,7.09,1.45,0.0
20191103:2110,0.0,0.0,0.0,6.3,1.59,0.0
20191103:2210,0.0,0.0,0.0,5.69,1.38,0.0
20191103:2310,0.0,0.0,0.0,6.0,0.9,0.0
20191104:0010,0.0,0.0,0.0,5.93,0.55,0.0
20191104:0110,0.0,0.0,0.0,6.02,0.48,0.0
20191104:0210,0.0,0.0,0.0,5.71,0.48,0.0
20191104:0310,0.0,0.0,0.0,5.56,0.55,0.0
20191104:0410,0.0,0.0,0.0,5.12,0.69,0.0
20191104:0510,0.0,0.0,0.0,4.85,0.83,0.0
20191104:0610,0.0,0.0,0.0,4.44,0.97,0.0
20191104:0710,2431.0,77.0,8.73,5.58,0.62,0.0
20191104:0810,6389.0,168.0,17.06,7.74,0.41,0.0
20191104:0910,10242.5,258.0,23.73,10.12,0.41,0.0
20191104:1010,15982.0,398.01,28.11,12.18,0.62,0.0
20191104:1110,20285.0,504.01,29.68,13.92,1.59,0.0
20191104:1210,19163.0,478.01,28.21,14.96,2.28,0.0
20191104:1310,15611.5,398.01,23.91,14.89,2.34,0.0
20191104:1410,9857.5,272.01,17.3,14.97,2.07,0.0
20191104:1510,3347.5,121.01,9.01,14.59,1.59,0.0
20191104:1610,0.0,0.0,0.0,13.43,1.24,0.0
20191104:1710,0.0,0.0,0.0,12.28,0.55,0.0
20191104:1810,0.0,0.0,0.0,11.52,0.34,0.0
20191104:1910,0.0,0.0,0.0,11.52,0.62,0.0
20191104:2010,0.0,0.0,0.0,11.23,0.34,0.0
20191104:2110,0.0,0.0,0.0,10.28,0.76,0.0
20191104:2210,0.0,0.0,0.0,8.86,1.17,0.0
20191104:2310,0.0,0.0,0.0,9.11,1.1,0.0
20191105:0010,0.0,0.0,0.0,9.51,0.9,0.0
20191105:0110,0.0,0.0,0.0,10.06,0.62,0.0
20191105:0210,0.0,0.0,0.0,10.21,0.48,0.0
20191105:0310,0.0,0.0,0.0,10.13,0.48,0.0
20191105:0410,0.0,0.0,0.0,10.08,0.55,0.0
20191105:0510,0.0,0.0,0.0,10.03,0.41,0.0
20191105:0610,0.0,0.0,0.0,9.8,0.48,0.0
20191105:0710,3117.5,114.01,8.48,8.55,0.69,0.0
20191105:0810,9689.5,265.01,16.8,9.7,0.34,0.0
20191105:0910,13561.0,344.01,23.44,11.27,0.28,0.0
20191105:1010,18718.5,471.01,27.81,12.8,0.34,0.0
20191105:1110,16678.0,417.01,29.37,14.04,0.83,0.0
20191105:1210,12661.5,319.0,27.91,14.76,1.17,0.0
20191105:1310,14459.5,371.01,23.63,15.01,1.24,0.0
20191105:1410,8819.0,242.01,17.05,15.1,1.1,0.0
20191105:1510,3212.5,118.01,8.78,14.83,0.83,0.0
20191105:1610,0.0,0.0,0.0,13.75,0.69,0.0
20191105:1710,0.0,0.0,0.0,11.78,1.24,0.0
20191105:1810,0.0,0.0,0.0,10.1,1.66,0.0
20191105:1910,0.0,0.0,0.0,10.03,1.86,0.0
20191105:2010,0.0,0.0,0.0,9.64,1.38,0.0
20191105:2110,0.0,0.0,0.0,11.14,0.48,0.0
20191105:2210,0.0,0.0,0.0,10.79,0.62,0.0
20191105:2310,0.0,0.0,0.0,10.1,0.83,0.0
20191106:0010,0.0,0.0,0.0,10.08,0.28,0.0
20191106:0110,0.0,0.0,0.0,9.31,0.14,0.0
20191106:0210,0.0,0.0,0.0,8.02,0.69,0.0
20191106:0310,0.0,0.0,0.0,6.7,1.03,0.0
20191106:0410,0.0,0.0,0.0,6.49,1.1,0.0
20191106:0510,0.0,0.0,0.0,6.3,1.17,0.0
20191106:0610,0.0,0.0,0.0,6.77,0.83,0.0
20191106:0710,1227.0,43.0,8.23,6.9,1.1,0.0
20191106:0810,6097.0,162.0,16.53,9.11,0.97,0.0
20191106:0910,6873.5,178.0,23.15,10.69,0.55,0.0
20191106:1010,12920.0,323.0,27.51,11.94,0.41,0.0
20191106:1110,14899.0,372.01,29.07,13.13,0.62,0.0
20191106:1210,2709.0,81.0,27.62,13.91,0.76,0.0
20191106:1310,4704.5,129.0,23.35,14.28,0.76,0.0
20191106:1410,7325.5,199.0,16.8,14.3,0.69,0.0
20191106:1510,3094.5,117.01,8.55,14.03,0.69,0.0
20191106:1610,0.0,0.0,0.0,12.73,0.9,0.0
20191106:1710,0.0,0.0,0.0,11.87,0.83,0.0
20191106:1810,0.0,0.0,0.0,11.21,0.9,0.0
20191106:1910,0.0,0.0,0.0,8.06,1.24,0.0
20191106:2010,0.0,0.0,0.0,8.32,0.97,0.0
20191106:2110,0.0,0.0,0.0,8.18,0.62,0.0
20191106:2210,0.0,0.0,0.0,7.71,0.41,0.0
20191106:2310,0.0,0.0,0.0,7.26,0.48,0.0
20191107:0010,0.0,0.0,0.0,6.79,0.34,0.0
20191107:0110,0.0,0.0,0.0,6.48,0.28,0.0
20191107:0210,0.0,0.0,0.0,6.28,0.28,0.0
20191107:0310,0.0,0.0,0.0,5.97,0.48,0.0
20191107:0410,0.0,0.0,0.0,5.61,0.69,0.0
20191107:0510,0.0,0.0,0.0,4.97,0.9,0.0
20191107:0610,0.0,0.0,0.0,4.59,1.1,0.0
20191107:0710,73.5,9.0,7.98,5.93,1.31,0.0
20191107:0810,709.5,29.0,16.26,7.16,1.86,0.0
20191107:0910,1595.5,52.0,22.87,7.61,2.07,0.0
20191107:1010,7764.5,195.0,27.21,8.05,2.34,0.0
20191107:1110,9367.5,232.0,28.77,8.45,2.14,0.0
20191107:1210,6423.0,165.0,27.33,8.59,1.86,0.0
20191107:1310,4754.5,127.0,23.08,8.85,1.66,0.0
20191107:1410,4165.0,114.0,16.55,8.87,1.45,0.0
20191107:1510,1152.5,41.0,8.33,8.7,1.38,0.0
20191107:1610,0.0,0.0,0.0,8.54,1.45,0.0
20191107:1710,0.0,0.0,0.0,8.42,1.52,0.0
20191107:1810,0.0,0.0,0.0,8.29,1.52,0.0
20191107:1910,0.0,0.0,0.0,8.13,1.59,0.0
20191107:2010,0.0,0.0,0.0,8.0,2.0,0.0
20191107:2110,0.0,0.0,0.0,7.87,2.21,0.0
20191107:2210,0.0,0.0,0.0,7.78,2.21,0.0
20191107:2310,0.0,0.0,0.0,7.67,2.0,0.0
20191108:0010,0.0,0.0,0.0,7.54,1.59,0.0
20191108:0110,0.0,0.0,0.0,7.52,1.31,0.0
20191108:0210,0.0,0.0,0.0,7.53,1.17,0.0
20191108:0310,0.0,0.0,0.0,7.54,1.31,0.0
20191108:0410,0.0,0.0,0.0,7.56,1.45,0.0
20191108:0510,0.0,0.0,0.0,7.64,1.31,0.0
20191108:0610,0.0,0.0,0.0,7.63,1.03,0.0
20191108:0710,1325.0,46.0,7.74,7.5,1.31,0.0
20191108:0810,3382.0,95.0,16.0,7.92,1.03,0.0
20191108:0910,3969.5,109.0,22.59,8.66,0.41,0.0
20191108:1010,3184.5,91.0,26.92,9.84,0.69,0.0
20191108:1110,6868.0,177.0,28.48,10.58,1.17,0.0
20191108:1210,5905.5,155.0,27.05,11.09,1.31,0.0
20191108:1310,13385.0,338.01,22.82,11.23,1.38,0.0
20191108:1410,9281.5,256.01,16.31,11.24,1.59,0.0
20191108:1510,1370.5,47.0,8.11,11.08,1.72,0.0
20191108:1610,0.0,0.0,0.0,10.55,1.38,0.0
20191108:1710,0.0,0.0,0.0,10.03,0.9,0.0
20191108:1810,0.0,0.0,0.0,9.3,0.83,0.0
20191108:1910,0.0,0.0,0.0,9.2,0.76,0.0
20191108:2010,0.0,0.0,0.0,9.55,0.48,0.0
20191108:2110,0.0,0.0,0.0,8.57,0.83,0.0
20191108:2210,0.0,0.0,0.0,7.28,1.17,0.0
20191108:2310,0.0,0.0,0.0,6.22,1.45,0.0
20191109:0010,0.0,0.0,0.0,6.27,1.38,0.0
20191109:0110,0.0,0.0,0.0,6.19,1.24,0.0
20191109:0210,0.0,0.0,0.0,5.91,1.24,0.0
20191109:0310,0.0,0.0,0.0,4.96,1.38,0.0
20191109:0410,0.0,0.0,0.0,4.27,1.52,0.0
20191109:0510,0.0,0.0,0.0,3.79,1.52,0.0
20191109:0610,0.0,0.0,0.0,3.7,1.24,0.0
20191109:0710,2264.5,77.0,7.5,3.6,1.03,0.0
20191109:0810,5883.5,155.0,15.74,5.66,1.1,0.0
20191109:0910,8770.0,220.0,22.31,7.6,1.03,0.0
20191109:1010,16287.0,402.01,26.63,9.42,0.69,0.0
20191109:1110,19557.0,487.01,28.19,11.08,0.48,0.0
20191109:1210,18298.5,461.01,26.77,12.06,0.28,0.0
20191109:1310,13459.5,345.01,22.56,12.62,0.55,0.0
20191109:1410,9131.5,256.01,16.08,12.79,0.97,0.0
20191109:1510,1282.5,45.0,7.9,12.52,0.97,0.0
20191109:1610,0.0,0.0,0.0,11.23,1.31,0.0
20191109:1710,0.0,0.0,0.0,9.24,1.38,0.0
20191109:1810,0.0,0.0,0.0,7.97,1.24,0.0
20191109:1910,0.0,0.0,0.0,9.79,0.41,0.0
20191109:2010,0.0,0.0,0.0,9.02,0.76,0.0
20191109:2110,0.0,0.0,0.0,7.5,1.1,0.0
20191109:2210,0.0,0.0,0.0,6.99,1.24,0.0
20191109:2310,0.0,0.0,0.0,6.59,1.24,0.0
20191110:0010,0.0,0.0,0.0,6.17,1.24,0.0
20191110:0110,0.0,0.0,0.0,5.9,1.17,0.0
20191110:0210,0.0,0.0,0.0,5.68,1.24,0.0
20191110:0310,0.0,0.0,0.0,5.46,1.38,0.0
20191110:0410,0.0,0.0,0.0,5.54,1.31,0.0
20191110:0510,0.0,0.0,0.0,5.83,1.24,0.0
20191110:0610,0.0,0.0,0.0,5.97,1.24,0.0
20191110:0710,1549.0,53.0,7.25,5.7,1.24,0.0
20191110:0810,5155.0,138.0,15.48,6.97,0.97,0.0
20191110:0910,3262.5,92.0,22.04,7.72,1.03,0.0
20191110:1010,8405.5,211.0,26.35,8.59,1.17,0.0
20191110:1110,8879.5,222.0,27.9,8.99,1.38,0.0
20191110:1210,7509.0,191.0,26.49,9.6,1.38,0.0
20191110:1310,6050.5,158.0,22.31,10.07,1.17,0.0
20191110:1410,6314.5,170.0,15.85,10.24,0.83,0.0
20191110:1510,1455.0,49.0,7.69,10.09,0.69,0.0
20191110:1610,0.0,0.0,0.0,9.32,1.17,0.0
20191110:1710,0.0,0.0,0.0,8.2,1.59,0.0
20191110:1810,0.0,0.0,0.0,7.23,1.72,0.0
20191110:1910,0.0,0.0,0.0,7.55,1.45,0.0
20191110:2010,0.0,0.0,0.0,6.97,1.66,0.0
20191110:2110,0.0,0.0,0.0,6.57,1.66,0.0
20191110:2210,0.0,0.0,0.0,5.98,1.52,0.0
20191110:2310,0.0,0.0,0.0,5.21,1.45,0.0
20191111:0010,0.0,0.0,0.0,5.23,1.31,0.0
20191111:0110,0.0,0.0,0.0,4.81,1.45,0.0
20191111:0210,0.0,0.0,0.0,5.16,1.45,0.0
20191111:0310,0.0,0.0,0.0,5.29,1.38,0.0
20191111:0410,0.0,0.0,0.0,5.27,1.45,0.0
20191111:0510,0.0,0.0,0.0,5.35,1.38,0.0
20191111:0610,0.0,0.0,0.0,5.57,1.24,0.0
20191111:0710,1885.0,66.0,7.01,5.65,1.24,0.0
20191111:0810,2896.5,83.0,15.23,6.12,1.17,0.0
20191111:0910,3922.0,107.0,21.77,7.05,1.24,0.0
20191111:1010,5792.0,150.0,26.07,7.36,1.31,0.0
20191111:1110,8677.5,216.0,27.62,7.55,1.38,0.0
20191111:1210,7755.5,195.0,26.23,7.67,1.52,0.0
20191111:1310,3307.5,93.0,22.06,7.71,1.38,0.0
20191111:1410,0.0,0.0,0.0,7.65,1.03,0.0
20191111:1510,1554.0,51.0,7.49,7.51,0.76,0.0
20191111:1610,0.0,0.0,0.0,7.28,1.03,0.0
20191111:1710,0.0,0.0,0.0,7.03,1.17,0.0
20191111:1810,0.0,0.0,0.0,6.9,1.24,0.0
20191111:1910,0.0,0.0,0.0,6.63,1.1,0.0
20191111:2010,0.0,0.0,0.0,6.47,0.9,0.0
20191111:2110,0.0,0.0,0.0,6.31,0.9,0.0
20191111:2210,0.0,0.0,0.0,6.06,1.1,0.0
20191111:2310,0.0,0.0,0.0,5.8,1.31,0.0
20191112:0010,0.0,0.0,0.0,5.71,1.52,0.0
20191112:0110,0.0,0.0,0.0,5.3,1.45,0.0
20191112:0210,0.0,0.0,0.0,4.92,1.38,0.0
20191112:0310,0.0,0.0,0.0,4.78,1.31,0.0
20191112:0410,0.0,0.0,0.0,4.64,1.24,0.0
20191112:0510,0.0,0.0,0.0,4.5,1.31,0.0
20191112:0610,0.0,0.0,0.0,4.28,1.31,0.0
20191112:0710,1753.0,61.0,6.78,4.63,1.93,0.0
20191112:0810,4124.0,112.0,14.97,5.62,1.59,0.0
20191112:0910,8947.5,224.0,21.5,7.11,1.45,0.0
20191112:1010,14180.0,347.01,25.79,8.36,1.52,0.0
20191112:1110,19002.5,465.01,27.35,9.55,1.79,0.0
20191112:1210,17799.0,442.01,25.96,11.03,1.59,0.0
20191112:1310,14097.0,363.01,21.82,12.03,1.03,0.0
20191112:1410,8567.0,243.01,15.41,12.27,0.9,0.0
20191112:1510,1057.0,39.0,7.3,11.94,0.83,0.0
20191112:1610,0.0,0.0,0.0,10.44,0.9,0.0
20191112:1710,0.0,0.0,0.0,7.86,1.72,0.0
20191112:1810,0.0,0.0,0.0,6.31,2.0,0.0
20191112:1910,0.0,0.0,0.0,5.55,1.52,0.0
20191112:2010,0.0,0.0,0.0,5.0,1.45,0.0
20191112:2110,0.0,0.0,0.0,5.26,1.17,0.0
20191112:2210,0.0,0.0,0.0,5.1,1.1,0.0
20191112:2310,0.0,0.0,0.0,2.44,1.72,0.0
20191113:0010,0.0,0.0,0.0,1.45,1.93,0.0
20191113:0110,0.0,0.0,0.0,1.09,1.79,0.0
20191113:0210,0.0,0.0,0.0,0.61,1.66,0.0
20191113:0310,0.0,0.0,0.0,0.34,1.52,0.0
20191113:0410,0.0,0.0,0.0,1.15,1.17,0.0
20191113:0510,0.0,0.0,0.0,1.74,0.76,0.0
20191113:0610,0.0,0.0,0.0,1.22,0.9,0.0
20191113:0710,2144.5,86.01,6.54,0.59,1.24,0.0
20191113:0810,8702.5,239.01,14.72,2.49,1.52,0.0
20191113:0910,14366.0,360.01,21.24,6.39,1.79,0.0
20191113:1010,18424.0,453.01,25.52,8.84,1.93,0.0
20191113:1110,19269.5,475.01,27.08,10.66,1.72,0.0
20191113:1210,17942.0,449.01,25.71,11.89,1.31,0.0
20191113:1310,14394.5,373.01,21.59,12.51,0.83,0.0
20191113:1410,8781.5,253.01,15.2,12.64,0.34,0.0
20191113:1510,834.5,33.0,7.11,11.89,0.34,0.0
20191113:1610,0.0,0.0,0.0,9.44,1.17,0.0
20191113:1710,0.0,0.0,0.0,8.21,1.24,0.0
20191113:1810,0.0,0.0,0.0,9.0,0.83,0.0
20191113:1910,0.0,0.0,0.0,7.06,1.38,0.0
20191113:2010,0.0,0.0,0.0,8.29,0.97,0.0
20191113:2110,0.0,0.0,0.0,7.27,0.83,0.0
20191113:2210,0.0,0.0,0.0,6.35,0.69,0.0
20191113:2310,0.0,0.0,0.0,5.84,0.41,0.0
20191114:0010,0.0,0.0,0.0,5.26,0.76,0.0
20191114:0110,0.0,0.0,0.0,4.68,0.76,0.0
20191114:0210,0.0,0.0,0.0,4.43,0.55,0.0
20191114:0310,0.0,0.0,0.0,4.01,0.48,0.0
20191114:0410,0.0,0.0,0.0,3.43,0.48,0.0
20191114:0510,0.0,0.0,0.0,2.98,0.62,0.0
20191114:0610,0.0,0.0,0.0,2.64,0.48,0.0
20191114:0710,213.5,14.0,6.31,2.89,0.69,0.0
20191114:0810,1341.5,45.0,14.48,3.64,0.69,0.0
20191114:0910,2280.5,68.0,20.98,4.84,0.83,0.0
20191114:1010,6161.0,157.0,25.25,5.01,1.03,0.0
20191114:1110,2109.5,64.0,26.81,5.22,1.31,0.0
20191114:1210,2616.5,76.0,25.46,5.28,1.52,0.0
20191114:1310,2361.0,70.0,21.36,5.32,1.38,0.0
20191114:1410,1330.5,45.0,14.99,5.35,0.9,0.0
20191114:1510,827.5,32.0,6.93,5.34,1.24,0.0
20191114:1610,0.0,0.0,0.0,4.56,1.59,0.0
20191114:1710,0.0,0.0,0.0,4.33,1.93,0.0
20191114:1810,0.0,0.0,0.0,4.31,1.93,0.0
20191114:1910,0.0,0.0,0.0,4.09,2.41,0.0
20191114:2010,0.0,0.0,0.0,3.88,1.52,0.0
20191114:2110,0.0,0.0,0.0,3.78,0.83,0.0
20191114:2210,0.0,0.0,0.0,3.71,0.83,0.0
20191114:2310,0.0,0.0,0.0,3.62,1.17,0.0
20191115:0010,0.0,0.0,0.0,3.71,1.59,0.0
20191115:0110,0.0,0.0,0.0,3.63,2.28,0.0
20191115:0210,0.0,0.0,0.0,3.54,2.41,0.0
20191115:0310,0.0,0.0,0.0,3.5,2.48,0.0
20191115:0410,0.0,0.0,0.0,3.52,2.41,0.0
20191115:0510,0.0,0.0,0.0,3.59,2.0,0.0
20191115:0610,0.0,0.0,0.0,3.23,1.79,0.0
20191115:0710,856.0,33.0,6.08,3.25,0.9,0.0
20191115:0810,5152.5,138.0,14.23,3.95,0.83,0.0
20191115:0910,3741.0,102.0,20.72,4.69,0.41,0.0
20191115:1010,4465.5,119.0,24.99,5.65,0.55,0.0
20191115:1110,3026.5,86.0,26.56,6.39,1.03,0.0
20191115:1210,4702.0,125.0,25.21,7.3,1.45,0.0
20191115:1310,3481.5,97.0,21.13,7.59,1.38,0.0
20191115:1410,2996.5,86.0,14.8,7.98,1.03,0.0
20191115:1510,1117.5,40.0,6.75,7.97,0.55,0.0
20191115:1610,0.0,0.0,0.0,7.06,1.45,0.0
20191115:1710,0.0,0.0,0.0,6.23,1.72,0.0
20191115:1810,0.0,0.0,0.0,5.75,1.72,0.0
20191115:1910,0.0,0.0,0.0,5.52,2.0,0.0
20191115:2010,0.0,0.0,0.0,5.1,2.07,0.0
20191115:2110,0.0,0.0,0.0,4.66,2.21,0.0
20191115:2210,0.0,0.0,0.0,4.44,2.07,0.0
20191115:2310,0.0,0.0,0.0,4.27,1.66,0.0
20191116:0010,0.0,0.0,0.0,4.1,1.24,0.0
20191116:0110,0.0,0.0,0.0,4.02,1.1,0.0
20191116:0210,0.0,0.0,0.0,4.02,0.9,0.0
20191116:0310,0.0,0.0,0.0,3.94,0.55,0.0
20191116:0410,0.0,0.0,0.0,4.06,0.48,0.0
20191116:0510,0.0,0.0,0.0,4.05,0.62,0.0
20191116:0610,0.0,0.0,0.0,4.39,0.69,0.0
20191116:0710,1500.5,58.0,5.85,4.39,0.83,0.0
20191116:0810,3940.0,108.0,13.99,5.04,0.9,0.0
20191116:0910,3162.0,89.0,20.47,5.91,0.97,0.0
20191116:1010,2974.5,85.0,24.73,7.07,1.24,0.0
20191116:1110,7390.0,187.0,26.3,7.93,1.24,0.0
20191116:1210,4493.5,121.0,24.97,8.51,0.76,0.0
20191116:1310,4400.0,119.0,20.92,8.73,0.76,0.0
20191116:1410,3807.0,106.0,14.6,8.78,1.52,0.0
20191116:1510,426.0,21.0,6.58,8.54,1.03,0.0
20191116:1610,0.0,0.0,0.0,8.03,1.03,0.0
20191116:1710,0.0,0.0,0.0,7.59,1.52,0.0
20191116:1810,0.0,0.0,0.0,7.36,1.72,0.0
20191116:1910,0.0,0.0,0.0,7.02,1.93,0.0
20191116:2010,0.0,0.0,0.0,6.92,1.93,0.0
20191116:2110,0.0,0.0,0.0,6.71,2.07,0.0
20191116:2210,0.0,0.0,0.0,6.42,2.07,0.0
20191116:2310,0.0,0.0,0.0,6.13,2.0,0.0
20191117:0010,0.0,0.0,0.0,5.92,1.86,0.0
20191117:0110,0.0,0.0,0.0,5.87,1.45,0.0
20191117:0210,0.0,0.0,0.0,5.74,1.03,0.0
20191117:0310,0.0,0.0,0.0,5.55,1.1,0.0
20191117:0410,0.0,0.0,0.0,5.37,0.9,0.0
20191117:0510,0.0,0.0,0.0,5.11,0.48,0.0
20191117:0610,0.0,0.0,0.0,4.94,0.69,0.0
20191117:0710,608.5,26.0,5.62,5.09,0.83,0.0
20191117:0810,1132.0,40.0,13.75,5.58,1.24,0.0
20191117:0910,3507.5,97.0,20.22,6.06,1.45,0.0
20191117:1010,4024.5,109.0,24.48,6.28,1.38,0.0
20191117:1110,16450.5,401.01,26.05,6.71,0.97,0.0
20191117:1210,8646.0,216.0,24.74,7.21,0.69,0.0
20191117:1310,13898.5,358.01,20.71,7.85,0.48,0.0
20191117:1410,5086.5,139.0,14.41,8.22,0.21,0.0
20191117:1510,1155.5,41.0,6.41,8.07,0.62,0.0
20191117:1610,0.0,0.0,0.0,7.32,0.83,0.0
20191117:1710,0.0,0.0,0.0,6.05,0.97,0.0
20191117:1810,0.0,0.0,0.0,5.53,1.45,0.0
20191117:1910,0.0,0.0,0.0,5.27,1.45,0.0
20191117:2010,0.0,0.0,0.0,6.27,0.41,0.0
20191117:2110,0.0,0.0,0.0,6.11,0.55,0.0
20191117:2210,0.0,0.0,0.0,5.15,0.76,0.0
20191117:2310,0.0,0.0,0.0,4.86,0.69,0.0
20191118:0010,0.0,0.0,0.0,4.79,0.55,0.0
20191118:0110,0.0,0.0,0.0,4.28,0.83,0.0
20191118:0210,0.0,0.0,0.0,3.16,1.1,0.0
20191118:0310,0.0,0.0,0.0,2.15,1.24,0.0
20191118:0410,0.0,0.0,0.0,1.53,1.1,0.0
20191118:0510,0.0,0.0,0.0,1.3,0.83,0.0
20191118:0610,0.0,0.0,0.0,1.19,0.55,0.0
20191118:0710,1018.0,40.87,5.4,2.85,1.1,0.0
20191118:0810,2328.0,69.0,13.52,4.36,0.9,0.0
20191118:0910,3420.5,95.0,19.98,5.65,0.41,0.0
20191118:1010,7050.0,179.0,24.23,6.66,0.28,0.0
20191118:1110,7224.0,183.0,25.81,7.57,1.1,0.0
20191118:1210,2830.5,82.0,24.51,8.26,1.24,0.0
20191118:1310,2075.5,64.0,20.5,8.53,1.31,0.0
20191118:1410,1231.5,43.0,14.23,8.53,1.59,0.0
20191118:1510,494.5,23.0,6.25,8.17,1.24,0.0
20191118:1610,0.0,0.0,0.0,7.31,0.9,0.0
20191118:1710,0.0,0.0,0.0,6.74,0.76,0.0
20191118:1810,0.0,0.0,0.0,6.69,1.24,0.0
20191118:1910,0.0,0.0,0.0,6.27,2.0,0.0
20191118:2010,0.0,0.0,0.0,6.15,2.07,0.0
20191118:2110,0.0,0.0,0.0,6.14,2.07,0.0
20191118:2210,0.0,0.0,0.0,6.15,2.14,0.0
20191118:2310,0.0,0.0,0.0,6.15,2.28,0.0
20191119:0010,0.0,0.0,0.0,6.07,2.28,0.0
20191119:0110,0.0,0.0,0.0,5.82,2.28,0.0
20191119:0210,0.0,0.0,0.0,5.44,2.41,0.0
20191119:0310,0.0,0.0,0.0,4.96,2.69,0.0
20191119:0410,0.0,0.0,0.0,4.39,2.62,0.0
20191119:0510,0.0,0.0,0.0,4.34,2.48,0.0
20191119:0610,0.0,0.0,0.0,4.28,2.34,0.0
20191119:0710,733.5,30.54,5.18,5.41,2.21,0.0
20191119:0810,940.0,35.0,13.28,5.58,2.14,0.0
20191119:0910,1569.5,51.0,19.74,5.83,2.0,0.0
20191119:1010,2520.0,74.0,23.99,6.26,1.79,0.0
20191119:1110,1047.5,38.0,25.57,6.97,1.59,0.0
20191119:1210,2719.0,79.0,24.29,7.17,1.38,0.0
20191119:1310,1083.0,39.0,20.3,7.4,1.24,0.0
20191119:1410,362.0,19.0,14.06,7.65,1.1,0.0
20191119:1510,27.0,7.0,6.1,7.69,0.97,0.0
20191119:1610,0.0,0.0,0.0,7.63,1.03,0.0
20191119:1710,0.0,0.0,0.0,7.67,1.1,0.0
20191119:1810,0.0,0.0,0.0,7.7,1.03,0.0
20191119:1910,0.0,0.0,0.0,7.72,1.45,0.0
20191119:2010,0.0,0.0,0.0,7.73,1.38,0.0
20191119:2110,0.0,0.0,0.0,7.73,1.24,0.0
20191119:2210,0.0,0.0,0.0,7.69,1.1,0.0
20191119:2310,0.0,0.0,0.0,7.72,1.1,0.0
20191120:0010,0.0,0.0,0.0,7.72,1.1,0.0
20191120:0110,0.0,0.0,0.0,7.75,1.17,0.0
20191120:0210,0.0,0.0,0.0,7.73,1.1,0.0
20191120:0310,0.0,0.0,0.0,7.65,1.03,0.0
20191120:0410,0.0,0.0,0.0,7.56,1.1,0.0
20191120:0510,0.0,0.0,0.0,7.47,1.24,0.0
20191120:0610,0.0,0.0,0.0,7.5,1.31,0.0
20191120:0710,808.5,33.98,4.96,7.64,0.9,0.0
20191120:0810,3248.5,93.0,13.06,8.07,0.9,0.0
20191120:0910,2071.5,64.0,19.5,8.83,1.03,0.0
20191120:1010,1380.5,47.0,23.75,9.56,1.17,0.0
20191120:1110,1259.0,44.0,25.34,10.25,1.31,0.0
20191120:1210,4321.5,118.0,24.07,10.78,1.24,0.0
20191120:1310,4727.0,128.0,20.11,11.22,0.9,0.0
20191120:1410,5778.0,163.0,13.89,11.5,0.62,0.0
20191120:1510,291.5,17.0,5.95,11.32,0.76,0.0
20191120:1610,0.0,0.0,0.0,10.36,1.38,0.0
20191120:1710,0.0,0.0,0.0,9.13,1.66,0.0
20191120:1810,0.0,0.0,0.0,8.15,1.52,0.0
20191120:1910,0.0,0.0,0.0,9.42,0.48,0.0
20191120:2010,0.0,0.0,0.0,8.56,0.76,0.0
20191120:2110,0.0,0.0,0.0,6.86,1.31,0.0
20191120:2210,0.0,0.0,0.0,6.39,1.24,0.0
20191120:2310,0.0,0.0,0.0,6.37,1.03,0.0
20191121:0010,0.0,0.0,0.0,6.7,0.83,0.0
20191121:0110,0.0,0.0,0.0,6.82,0.69,0.0
20191121:0210,0.0,0.0,0.0,7.31,0.48,0.0
20191121:0310,0.0,0.0,0.0,7.64,0.34,0.0
20191121:0410,0.0,0.0,0.0,7.3,0.48,0.0
20191121:0510,0.0,0.0,0.0,7.17,0.28,0.0
20191121:0610,0.0,0.0,0.0,6.96,0.21,0.0
20191121:0710,836.0,37.59,4.74,7.36,0.21,0.0
20191121:0810,2770.5,81.0,12.83,7.43,0.62,0.0
20191121:0910,5412.0,143.0,19.27,8.91,0.9,0.0
20191121:1010,2351.5,71.0,23.52,9.62,1.03,0.0
20191121:1110,2054.5,64.0,25.11,10.52,1.17,0.0
20191121:1210,5907.5,155.0,23.86,10.89,1.31,0.0
20191121:1310,4527.0,123.0,19.92,11.06,1.59,0.0
20191121:1410,1176.0,42.0,13.73,11.21,1.52,0.0
20191121:1510,625.5,27.0,5.81,10.53,1.17,0.0
20191121:1610,0.0,0.0,0.0,9.87,1.17,0.0
20191121:1710,0.0,0.0,0.0,9.37,1.38,0.0
20191121:1810,0.0,0.0,0.0,9.09,1.38,0.0
20191121:1910,0.0,0.0,0.0,9.22,1.31,0.0
20191121:2010,0.0,0.0,0.0,9.08,1.24,0.0
20191121:2110,0.0,0.0,0.0,8.91,1.31,0.0
20191121:2210,0.0,0.0,0.0,8.79,1.17,0.0
20191121:2310,0.0,0.0,0.0,8.63,1.1,0.0
20191122:0010,0.0,0.0,0.0,8.43,1.1,0.0
20191122:0110,0.0,0.0,0.0,8.32,1.1,0.0
20191122:0210,0.0,0.0,0.0,8.32,1.24,0.0
20191122:0310,0.0,0.0,0.0,8.28,1.03,0.0
20191122:0410,0.0,0.0,0.0,8.29,1.03,0.0
20191122:0510,0.0,0.0,0.0,8.31,0.97,0.0
20191122:0610,0.0,0.0,0.0,8.34,0.83,0.0
20191122:0710,236.5,15.0,4.53,7.87,1.72,0.0
20191122:0810,2164.5,66.0,12.61,7.96,1.52,0.0
20191122:0910,6239.0,162.0,19.04,8.05,1.38,0.0
20191122:1010,2876.0,83.0,23.29,8.12,1.52,0.0
20191122:1110,3430.0,96.0,24.89,8.2,1.66,0.0
20191122:1210,5684.5,148.0,23.66,8.25,1.72,0.0
20191122:1310,2493.0,74.0,19.74,8.4,1.59,0.0
20191122:1410,360.5,19.0,13.57,8.34,1.24,0.0
20191122:1510,850.5,33.0,5.68,8.5,0.9,0.0
20191122:1610,0.0,0.0,0.0,8.48,0.97,0.0
20191122:1710,0.0,0.0,0.0,8.48,0.97,0.0
20191122:1810,0.0,0.0,0.0,8.36,0.83,0.0
20191122:1910,0.0,0.0,0.0,7.76,1.31,0.0
20191122:2010,0.0,0.0,0.0,7.73,1.31,0.0
20191122:2110,0.0,0.0,0.0,7.77,1.45,0.0
20191122:2210,0.0,0.0,0.0,7.74,1.45,0.0
20191122:2310,0.0,0.0,0.0,7.76,1.52,0.0
20191123:0010,0.0,0.0,0.0,7.76,0.9,0.0
20191123:0110,0.0,0.0,0.0,7.7,0.9,0.0
20191123:0210,0.0,0.0,0.0,7.65,0.9,0.0
20191123:0310,0.0,0.0,0.0,7.58,0.76,0.0
20191123:0410,0.0,0.0,0.0,7.53,0.62,0.0
20191123:0510,0.0,0.0,0.0,7.52,0.34,0.0
20191123:0610,0.0,0.0,0.0,7.55,0.28,0.0
20191123:0710,7.0,6.0,4.32,8.19,0.55,0.0
20191123:0810,776.5,31.0,12.39,8.47,0.34,0.0
20191123:0910,1585.5,52.0,18.82,8.49,0.34,0.0
20191123:1010,3290.0,93.0,23.07,8.53,0.69,0.0
20191123:1110,2485.0,74.0,24.68,8.75,0.62,0.0
20191123:1210,1989.0,62.0,23.46,8.77,0.76,0.0
20191123:1310,2692.0,79.0,19.57,9.02,0.9,0.0
20191123:1410,3242.0,93.0,13.42,9.14,0.9,0.0
20191123:1510,234.5,15.0,5.55,9.26,1.24,0.0
20191123:1610,0.0,0.0,0.0,9.32,1.45,0.0
20191123:1710,0.0,0.0,0.0,9.47,2.34,0.0
20191123:1810,0.0,0.0,0.0,9.86,3.1,0.0
20191123:1910,0.0,0.0,0.0,10.23,3.59,0.0
20191123:2010,0.0,0.0,0.0,10.45,4.14,0.0
20191123:2110,0.0,0.0,0.0,10.5,3.45,0.0
20191123:2210,0.0,0.0,0.0,10.43,2.55,0.0
20191123:2310,0.0,0.0,0.0,10.38,2.14,0.0
20191124:0010,0.0,0.0,0.0,10.33,1.86,0.0
20191124:0110,0.0,0.0,0.0,10.34,1.52,0.0
20191124:0210,0.0,0.0,0.0,10.27,1.31,0.0
20191124:0310,0.0,0.0,0.0,10.27,1.66,0.0
20191124:0410,0.0,0.0,0.0,10.47,2.69,0.0
20191124:0510,0.0,0.0,0.0,10.59,3.45,0.0
20191124:0610,0.0,0.0,0.0,10.6,3.59,0.0
20191124:0710,203.5,14.0,4.12,10.54,4.0,0.0
20191124:0810,916.5,35.0,12.18,10.55,3.86,0.0
20191124:0910,1977.0,62.0,18.6,10.57,3.45,0.0
20191124:1010,2469.0,74.0,22.85,10.69,3.03,0.0
20191124:1110,1931.5,61.0,24.47,10.92,2.69,0.0
20191124:1210,1294.0,45.0,23.27,10.99,2.41,0.0
20191124:1310,1293.0,45.0,19.4,11.16,2.28,0.0
20191124:1410,875.5,34.0,13.28,11.2,2.34,0.0
20191124:1510,94.5,10.0,5.43,11.16,2.07,0.0
20191124:1610,0.0,0.0,0.0,11.07,1.93,0.0
20191124:1710,0.0,0.0,0.0,10.99,2.0,0.0
20191124:1810,0.0,0.0,0.0,10.97,2.0,0.0
20191124:1910,0.0,0.0,0.0,10.88,1.59,0.0
20191124:2010,0.0,0.0,0.0,10.84,1.59,0.0
20191124:2110,0.0,0.0,0.0,10.87,1.72,0.0
20191124:2210,0.0,0.0,0.0,10.89,1.79,0.0
20191124:2310,0.0,0.0,0.0,10.98,1.86,0.0
20191125:0010,0.0,0.0,0.0,11.09,2.0,0.0
20191125:0110,0.0,0.0,0.0,11.21,2.07,0.0
20191125:0210,0.0,0.0,0.0,11.23,2.21,0.0
20191125:0310,0.0,0.0,0.0,11.13,2.07,0.0
20191125:0410,0.0,0.0,0.0,11.08,1.86,0.0
20191125:0510,0.0,0.0,0.0,11.05,1.66,0.0
20191125:0610,0.0,0.0,0.0,11.02,1.59,0.0
20191125:0710,120.0,11.0,3.92,10.98,1.17,0.0
20191125:0810,730.0,30.0,11.97,11.15,1.31,0.0
20191125:0910,3662.5,103.0,18.39,11.71,1.45,0.0
20191125:1010,2897.5,85.0,22.64,12.54,1.59,0.0
20191125:1110,3393.5,97.0,24.27,12.96,1.79,0.0
20191125:1210,6723.5,176.0,23.09,13.65,1.93,0.0
20191125:1310,4882.5,133.0,19.24,13.85,1.86,0.0
20191125:1410,3235.0,95.0,13.14,14.0,1.59,0.0
20191125:1510,900.5,35.0,5.32,13.64,1.72,0.0
20191125:1610,0.0,0.0,0.0,12.4,2.07,0.0
20191125:1710,0.0,0.0,0.0,11.37,2.0,0.0
20191125:1810,0.0,0.0,0.0,10.45,1.86,0.0
20191125:1910,0.0,0.0,0.0,9.92,1.52,0.0
20191125:2010,0.0,0.0,0.0,8.96,1.45,0.0
20191125:2110,0.0,0.0,0.0,8.27,1.52,0.0
20191125:2210,0.0,0.0,0.0,7.67,1.52,0.0
20191125:2310,0.0,0.0,0.0,7.29,1.52,0.0
20191126:0010,0.0,0.0,0.0,7.17,1.38,0.0
20191126:0110,0.0,0.0,0.0,7.4,1.1,0.0
20191126:0210,0.0,0.0,0.0,8.15,0.9,0.0
20191126:0310,0.0,0.0,0.0,7.69,0.83,0.0
20191126:0410,0.0,0.0,0.0,6.54,0.97,0.0
20191126:0510,0.0,0.0,0.0,6.18,0.83,0.0
20191126:0610,0.0,0.0,0.0,6.2,0.83,0.0
20191126:0710,406.5,21.56,3.72,6.47,0.83,0.0
20191126:0810,4346.5,126.0,11.77,7.78,0.48,0.0
20191126:0910,8079.5,211.0,18.18,9.62,0.55,0.0
20191126:1010,8026.0,206.0,22.43,11.2,0.62,0.0
20191126:1110,9229.0,235.0,24.08,12.16,0.76,0.0
20191126:1210,8378.5,216.0,22.91,12.97,0.62,0.0
20191126:1310,7148.0,189.0,19.09,13.41,0.55,0.0
20191126:1410,5917.0,176.01,13.01,13.6,0.48,0.0
20191126:1510,829.0,33.0,5.21,13.27,0.83,0.0
20191126:1610,0.0,0.0,0.0,12.12,1.17,0.0
20191126:1710,0.0,0.0,0.0,10.64,1.1,0.0
20191126:1810,0.0,0.0,0.0,11.3,0.55,0.0
20191126:1910,0.0,0.0,0.0,9.86,0.69,0.0
20191126:2010,0.0,0.0,0.0,9.57,0.69,0.0
20191126:2110,0.0,0.0,0.0,9.51,0.76,0.0
20191126:2210,0.0,0.0,0.0,9.17,1.03,0.0
20191126:2310,0.0,0.0,0.0,9.42,1.1,0.0
20191127:0010,0.0,0.0,0.0,9.85,1.24,0.0
20191127:0110,0.0,0.0,0.0,9.97,1.31,0.0
20191127:0210,0.0,0.0,0.0,9.92,1.45,0.0
20191127:0310,0.0,0.0,0.0,9.76,1.31,0.0
20191127:0410,0.0,0.0,0.0,9.59,1.17,0.0
20191127:0510,0.0,0.0,0.0,9.51,0.97,0.0
20191127:0610,0.0,0.0,0.0,9.53,0.97,0.0
20191127:0710,7.0,6.0,3.52,8.71,1.79,0.0
20191127:0810,925.0,35.0,11.57,8.61,2.14,0.0
20191127:0910,887.5,34.0,17.98,8.69,2.28,0.0
20191127:1010,9096.5,228.0,22.23,8.7,2.28,0.0
20191127:1110,2695.5,79.0,23.89,8.88,1.24,0.0
20191127:1210,2515.0,75.0,22.74,9.79,0.9,0.0
20191127:1310,2381.0,72.0,18.94,10.61,0.9,0.0
20191127:1410,1409.5,48.0,12.89,11.02,1.38,0.0
20191127:1510,292.5,17.0,5.1,10.81,1.17,0.0
20191127:1610,0.0,0.0,0.0,10.3,0.9,0.0
20191127:1710,0.0,0.0,0.0,9.72,0.55,0.0
20191127:1810,0.0,0.0,0.0,9.54,0.62,0.0
20191127:1910,0.0,0.0,0.0,8.95,0.41,0.0
20191127:2010,0.0,0.0,0.0,8.56,0.62,0.0
20191127:2110,0.0,0.0,0.0,8.23,0.55,0.0
20191127:2210,0.0,0.0,0.0,8.02,0.55,0.0
20191127:2310,0.0,0.0,0.0,7.32,0.69,0.0
20191128:0010,0.0,0.0,0.0,7.07,0.76,0.0
20191128:0110,0.0,0.0,0.0,7.06,0.62,0.0
20191128:0210,0.0,0.0,0.0,7.09,0.34,0.0
20191128:0310,0.0,0.0,0.0,6.8,0.34,0.0
20191128:0410,0.0,0.0,0.0,6.55,0.34,0.0
20191128:0510,0.0,0.0,0.0,6.28,0.34,0.0
20191128:0610,0.0,0.0,0.0,6.02,0.28,0.0
20191128:0710,340.5,19.56,3.33,5.65,0.69,0.0
20191128:0810,1362.0,46.0,11.37,6.39,0.21,0.0
20191128:0910,5197.0,138.0,17.78,7.87,0.41,0.0
20191128:1010,8043.0,205.0,22.04,9.48,0.69,0.0
20191128:1110,11309.0,284.0,23.71,10.62,0.83,0.0
20191128:1210,7810.0,201.0,22.58,11.55,0.69,0.0
20191128:1310,2569.0,77.0,18.8,11.98,0.62,0.0
20191128:1410,6000.5,180.01,12.77,12.22,0.69,0.0
20191128:1510,763.5,31.0,5.01,11.66,0.97,0.0
20191128:1610,0.0,0.0,0.0,10.07,1.1,0.0
20191128:1710,0.0,0.0,0.0,8.53,0.9,0.0
20191128:1810,0.0,0.0,0.0,8.37,0.48,0.0
20191128:1910,0.0,0.0,0.0,6.83,1.03,0.0
20191128:2010,0.0,0.0,0.0,4.88,1.59,0.0
20191128:2110,0.0,0.0,0.0,4.59,1.66,0.0
20191128:2210,0.0,0.0,0.0,4.65,1.31,0.0
20191128:2310,0.0,0.0,0.0,5.69,0.9,0.0
20191129:0010,0.0,0.0,0.0,5.48,0.76,0.0
20191129:0110,0.0,0.0,0.0,5.43,0.41,0.0
20191129:0210,0.0,0.0,0.0,4.72,0.83,0.0
20191129:0310,0.0,0.0,0.0,4.35,0.76,0.0
20191129:0410,0.0,0.0,0.0,3.97,0.28,0.0
20191129:0510,0.0,0.0,0.0,3.83,0.14,0.0
20191129:0610,0.0,0.0,0.0,3.71,0.55,0.0
20191129:0710,343.0,19.53,3.15,3.68,0.48,0.0
20191129:0810,4150.0,120.0,11.18,4.65,0.28,0.0
20191129:0910,6138.0,160.0,17.59,6.44,0.14,0.0
20191129:1010,7738.0,197.0,21.85,8.18,0.21,0.0
20191129:1110,6435.5,167.0,23.53,9.67,0.34,0.0
20191129:1210,7528.5,194.0,22.42,11.02,0.48,0.0
20191129:1310,9724.0,256.01,18.66,11.9,0.62,0.0
20191129:1410,5966.5,178.01,12.66,12.01,0.97,0.0
20191129:1510,838.5,33.0,4.92,11.15,1.1,0.0
20191129:1610,0.0,0.0,0.0,9.26,0.9,0.0
20191129:1710,0.0,0.0,0.0,8.41,0.62,0.0
20191129:1810,0.0,0.0,0.0,7.31,0.9,0.0
20191129:1910,0.0,0.0,0.0,8.09,0.55,0.0
20191129:2010,0.0,0.0,0.0,7.74,0.76,0.0
20191129:2110,0.0,0.0,0.0,7.57,0.76,0.0
20191129:2210,0.0,0.0,0.0,7.16,0.83,0.0
20191129:2310,0.0,0.0,0.0,6.49,1.03,0.0
20191130:0010,0.0,0.0,0.0,5.62,1.24,0.0
20191130:0110,0.0,0.0,0.0,4.44,1.38,0.0
20191130:0210,0.0,0.0,0.0,3.81,1.45,0.0
20191130:0310,0.0,0.0,0.0,3.06,1.52,0.0
20191130:0410,0.0,0.0,0.0,2.7,1.52,0.0
20191130:0510,0.0,0.0,0.0,2.78,1.38,0.0
20191130:0610,0.0,0.0,0.0,2.77,1.38,0.0
20191130:0710,349.5,22.51,2.96,2.73,1.31,0.0
20191130:0810,5235.5,162.01,11.0,3.72,1.1,0.0
20191130:0910,10764.0,285.01,17.4,6.45,1.1,0.0
20191130:1010,14517.0,368.01,21.67,8.57,1.1,0.0
20191130:1110,15628.5,394.01,23.36,10.36,1.03,0.0
20191130:1210,14842.5,380.01,22.27,11.56,0.97,0.0
20191130:1310,11019.0,293.01,18.54,12.17,1.03,0.0
20191130:1410,6101.0,184.01,12.56,12.11,1.03,0.0
20191130:1510,802.0,32.0,4.84,11.21,1.1,0.0
20191130:1610,0.0,0.0,0.0,9.17,1.38,0.0
20191130:1710,0.0,0.0,0.0,7.38,1.45,0.0
20191130:1810,0.0,0.0,0.0,6.67,1.31,0.0
20191130:1910,0.0,0.0,0.0,6.17,1.31,0.0
20191130:2010,0.0,0.0,0.0,6.34,1.1,0.0
20191130:2110,0.0,0.0,0.0,5.65,1.17,0.0
20191130:2210,0.0,0.0,0.0,5.58,1.1,0.0
20191130:2310,0.0,0.0,0.0,5.63,1.03,0.0
20191201:0010,0.0,0.0,0.0,5.71,1.03,0.0
20191201:0110,0.0,0.0,0.0,5.63,1.03,0.0
20191201:0210,0.0,0.0,0.0,6.04,0.9,0.0
20191201:0310,0.0,0.0,0.0,6.19,0.97,0.0
20191201:0410,0.0,0.0,0.0,6.41,1.03,0.0
20191201:0510,0.0,0.0,0.0,6.42,0.9,0.0
20191201:0610,0.0,0.0,0.0,6.53,0.83,0.0
20191201:0710,0.0,5.0,2.78,6.2,1.52,0.0
20191201:0810,209.0,14.0,10.82,6.32,1.79,0.0
20191201:0910,2392.0,71.0,17.22,6.42,2.0,0.0
20191201:1010,823.0,32.0,21.5,6.42,2.28,0.0
20191201:1110,935.5,35.0,23.2,6.51,2.14,0.0
20191201:1210,3501.5,97.0,22.13,6.65,2.07,0.0
20191201:1310,2642.5,77.0,18.42,6.69,1.93,0.0
20191201:1410,1363.5,46.0,12.46,6.52,2.28,0.0
20191201:1510,0.0,5.0,4.76,6.4,2.21,0.0
20191201:1610,0.0,0.0,0.0,6.29,2.07,0.0
20191201:1710,0.0,0.0,0.0,6.19,2.14,0.0
20191201:1810,0.0,0.0,0.0,5.98,1.93,0.0
20191201:1910,0.0,0.0,0.0,5.58,2.0,0.0
20191201:2010,0.0,0.0,0.0,5.52,1.72,0.0
20191201:2110,0.0,0.0,0.0,5.28,1.59,0.0
20191201:2210,0.0,0.0,0.0,5.2,1.66,0.0
20191201:2310,0.0,0.0,0.0,5.22,1.52,0.0
20191202:0010,0.0,0.0,0.0,5.18,1.45,0.0
20191202:0110,0.0,0.0,0.0,5.04,1.45,0.0
20191202:0210,0.0,0.0,0.0,4.88,1.38,0.0
20191202:0310,0.0,0.0,0.0,4.73,1.17,0.0
20191202:0410,0.0,0.0,0.0,4.6,1.03,0.0
20191202:0510,0.0,0.0,0.0,4.29,0.97,0.0
20191202:0610,0.0,0.0,0.0,3.86,1.1,0.0
20191202:0710,225.5,21.03,2.61,3.51,1.1,0.0
20191202:0810,3727.0,109.0,10.64,4.27,1.03,0.0
20191202:0910,9546.0,251.01,17.05,5.97,1.31,0.0
20191202:1010,13342.5,336.01,21.33,7.44,1.31,0.0
20191202:1110,15718.0,395.02,23.04,8.8,1.17,0.0
20191202:1210,14524.5,371.01,22.0,10.0,0.83,0.0
20191202:1310,11051.5,296.01,18.31,10.64,0.41,0.0
20191202:1410,6009.5,186.01,12.37,10.81,0.07,0.0
20191202:1510,661.0,28.0,4.69,10.44,0.69,0.0
20191202:1610,0.0,0.0,0.0,8.78,1.38,0.0
20191202:1710,0.0,0.0,0.0,7.1,1.17,0.0
20191202:1810,0.0,0.0,0.0,7.9,0.76,0.0
20191202:1910,0.0,0.0,0.0,7.57,0.34,0.0
20191202:2010,0.0,0.0,0.0,7.42,0.41,0.0
20191202:2110,0.0,0.0,0.0,6.42,1.17,0.0
20191202:2210,0.0,0.0,0.0,4.17,1.72,0.0
20191202:2310,0.0,0.0,0.0,4.75,2.0,0.0
20191203:0010,0.0,0.0,0.0,5.58,2.21,0.0
20191203:0110,0.0,0.0,0.0,6.63,2.34,0.0
20191203:0210,0.0,0.0,0.0,6.82,2.55,0.0
20191203:0310,0.0,0.0,0.0,6.88,2.62,0.0
20191203:0410,0.0,0.0,0.0,6.97,2.48,0.0
20191203:0510,0.0,0.0,0.0,6.92,2.21,0.0
20191203:0610,0.0,0.0,0.0,6.77,1.93,0.0
20191203:0710,0.0,4.0,2.44,7.14,1.52,0.0
20191203:0810,2301.5,70.0,10.47,7.47,1.45,0.0
20191203:0910,3510.0,98.0,16.88,8.11,1.31,0.0
20191203:1010,3421.0,96.0,21.16,8.74,1.66,0.0
20191203:1110,5789.5,151.0,22.9,9.08,1.66,0.0
20191203:1210,7020.0,180.0,21.87,9.36,1.66,0.0
20191203:1310,2816.5,82.0,18.2,9.46,1.86,0.0
20191203:1410,2506.0,75.0,12.29,9.34,1.86,0.0
20191203:1510,631.5,27.0,4.63,8.88,1.66,0.0
20191203:1610,0.0,0.0,0.0,8.09,1.79,0.0
20191203:1710,0.0,0.0,0.0,7.32,1.86,0.0
20191203:1810,0.0,0.0,0.0,6.8,1.72,0.0
20191203:1910,0.0,0.0,0.0,6.76,1.72,0.0
20191203:2010,0.0,0.0,0.0,6.4,1.93,0.0
20191203:2110,0.0,0.0,0.0,6.26,2.0,0.0
20191203:2210,0.0,0.0,0.0,5.88,1.93,0.0
20191203:2310,0.0,0.0,0.0,5.72,1.72,0.0
20191204:0010,0.0,0.0,0.0,5.24,1.66,0.0
20191204:0110,0.0,0.0,0.0,4.72,1.66,0.0
20191204:0210,0.0,0.0,0.0,4.53,1.59,0.0
20191204:0310,0.0,0.0,0.0,4.33,1.45,0.0
20191204:0410,0.0,0.0,0.0,3.94,1.31,0.0
20191204:0510,0.0,0.0,0.0,3.42,1.31,0.0
20191204:0610,0.0,0.0,0.0,3.07,1.31,0.0
20191204:0710,0.0,5.0,2.27,2.52,1.31,0.0
20191204:0810,2830.5,83.0,10.3,3.35,0.97,0.0
20191204:0910,3688.0,101.0,16.71,5.34,1.31,0.0
20191204:1010,7161.0,181.0,21.01,6.01,1.52,0.0
20191204:1110,9231.0,229.0,22.75,6.52,1.52,0.0
20191204:1210,14402.5,360.01,21.75,6.86,1.66,0.0
20191204:1310,10303.5,267.01,18.1,7.19,1.59,0.0
20191204:1410,5138.0,147.0,12.21,7.1,1.52,0.0
20191204:1510,603.5,26.0,4.57,6.69,1.24,0.0
20191204:1610,0.0,0.0,0.0,5.71,1.24,0.0
20191204:1710,0.0,0.0,0.0,4.31,1.1,0.0
20191204:1810,0.0,0.0,0.0,4.48,0.76,0.0
20191204:1910,0.0,0.0,0.0,3.94,0.55,0.0
20191204:2010,0.0,0.0,0.0,3.54,0.55,0.0
20191204:2110,0.0,0.0,0.0,3.1,0.76,0.0
20191204:2210,0.0,0.0,0.0,2.82,0.76,0.0
20191204:2310,0.0,0.0,0.0,2.57,0.76,0.0
20191205:0010,0.0,0.0,0.0,2.4,0.55,0.0
20191205:0110,0.0,0.0,0.0,2.25,0.21,0.0
20191205:0210,0.0,0.0,0.0,2.24,0.28,0.0
20191205:0310,0.0,0.0,0.0,2.39,0.28,0.0
20191205:0410,0.0,0.0,0.0,2.18,0.76,0.0
20191205:0510,0.0,0.0,0.0,0.94,1.03,0.0
20191205:0610,0.0,0.0,0.0,1.49,0.55,0.0
20191205:0710,0.0,0.0,0.0,-0.48,0.69,0.0
20191205:0810,4372.0,135.01,10.14,0.34,0.28,0.0
20191205:0910,9034.0,235.01,16.56,2.5,0.34,0.0
20191205:1010,12923.5,323.01,20.86,4.61,0.69,0.0
20191205:1110,15691.5,391.02,22.62,6.33,1.1,0.0
20191205:1210,14830.5,374.01,21.63,7.04,1.17,0.0
20191205:1310,10295.0,268.01,18.01,7.39,1.24,0.0
20191205:1410,6021.0,182.01,12.14,7.34,1.24,0.0
20191205:1510,675.0,28.0,4.52,6.65,1.03,0.0
20191205:1610,0.0,0.0,0.0,5.41,1.1,0.0
20191205:1710,0.0,0.0,0.0,4.6,0.76,0.0
20191205:1810,0.0,0.0,0.0,4.33,0.48,0.0
20191205:1910,0.0,0.0,0.0,3.1,0.62,0.0
20191205:2010,0.0,0.0,0.0,3.01,0.69,0.0
20191205:2110,0.0,0.0,0.0,2.5,0.76,0.0
20191205:2210,0.0,0.0,0.0,2.0,0.62,0.0
20191205:2310,0.0,0.0,0.0,1.58,0.34,0.0
20191206:0010,0.0,0.0,0.0,1.04,0.21,0.0
20191206:0110,0.0,0.0,0.0,0.62,0.14,0.0
20191206:0210,0.0,0.0,0.0,0.55,0.21,0.0
20191206:0310,0.0,0.0,0.0,0.46,0.14,0.0
20191206:0410,0.0,0.0,0.0,0.27,0.28,0.0
20191206:0510,0.0,0.0,0.0,0.05,0.41,0.0
20191206:0610,0.0,0.0,0.0,-0.25,0.34,0.0
20191206:0710,0.0,0.0,0.0,0.14,0.07,0.0
20191206:0810,3556.5,105.0,9.99,0.46,0.34,0.0
20191206:0910,7726.5,199.0,16.4,2.01,0.48,0.0
20191206:1010,7978.0,199.0,20.72,3.6,0.62,0.0
20191206:1110,10498.0,259.0,22.49,4.98,0.48,0.0
20191206:1210,14354.0,363.01,21.52,6.14,0.34,0.0
20191206:1310,10903.5,288.01,17.93,6.9,0.62,0.0
20191206:1410,5865.0,179.01,12.08,6.94,0.9,0.0
20191206:1510,640.0,27.0,4.48,6.34,0.9,0.0
20191206:1610,0.0,0.0,0.0,5.35,1.1,0.0
20191206:1710,0.0,0.0,0.0,4.05,0.83,0.0
20191206:1810,0.0,0.0,0.0,3.78,0.76,0.0
20191206:1910,0.0,0.0,0.0,2.63,0.62,0.0
20191206:2010,0.0,0.0,0.0,2.23,0.83,0.0
20191206:2110,0.0,0.0,0.0,1.96,0.9,0.0
20191206:2210,0.0,0.0,0.0,1.72,0.9,0.0
20191206:2310,0.0,0.0,0.0,0.69,1.03,0.0
20191207:0010,0.0,0.0,0.0,1.46,0.76,0.0
20191207:0110,0.0,0.0,0.0,1.72,0.55,0.0
20191207:0210,0.0,0.0,0.0,1.75,0.48,0.0
20191207:0310,0.0,0.0,0.0,1.47,0.62,0.0
20191207:0410,0.0,0.0,0.0,1.08,0.41,0.0
20191207:0510,0.0,0.0,0.0,0.99,0.34,0.0
20191207:0610,0.0,0.0,0.0,0.65,0.48,0.0
20191207:0710,0.0,0.0,0.0,0.8,0.28,0.0
20191207:0810,3316.5,98.0,9.84,1.51,0.34,0.0
20191207:0910,9725.0,260.01,16.26,3.4,0.55,0.0
20191207:1010,10768.0,269.01,20.58,5.23,0.62,0.0
20191207:1110,9252.0,231.0,22.37,6.81,0.62,0.0
20191207:1210,10013.0,252.0,21.42,8.06,0.55,0.0
20191207:1310,10843.5,290.01,17.85,8.8,0.28,0.0
20191207:1410,5889.5,183.01,12.03,8.98,0.21,0.0
20191207:1510,633.0,27.0,4.44,8.32,0.97,0.0
20191207:1610,0.0,0.0,0.0,6.55,1.17,0.0
20191207:1710,0.0,0.0,0.0,5.42,0.9,0.0
20191207:1810,0.0,0.0,0.0,5.67,0.55,0.0
20191207:1910,0.0,0.0,0.0,5.74,0.28,0.0
20191207:2010,0.0,0.0,0.0,4.93,0.28,0.0
20191207:2110,0.0,0.0,0.0,3.79,0.48,0.0
20191207:2210,0.0,0.0,0.0,3.78,0.14,0.0
20191207:2310,0.0,0.0,0.0,3.59,0.41,0.0
20191208:0010,0.0,0.0,0.0,2.84,0.48,0.0
20191208:0110,0.0,0.0,0.0,2.71,0.48,0.0
20191208:0210,0.0,0.0,0.0,2.51,0.62,0.0
20191208:0310,0.0,0.0,0.0,2.21,0.69,0.0
20191208:0410,0.0,0.0,0.0,1.94,0.69,0.0
20191208:0510,0.0,0.0,0.0,1.63,0.69,0.0
20191208:0610,0.0,0.0,0.0,1.41,0.62,0.0
20191208:0710,0.0,0.0,0.0,1.28,0.55,0.0
20191208:0810,2337.0,70.0,9.69,1.5,0.55,0.0
20191208:0910,4017.5,108.0,16.12,3.15,0.62,0.0
20191208:1010,4440.5,118.0,20.45,4.72,0.69,0.0
20191208:1110,5895.5,152.0,22.26,6.08,0.62,0.0
20191208:1210,8948.5,225.0,21.33,7.05,0.55,0.0
20191208:1310,9765.0,256.01,17.78,7.52,0.55,0.0
20191208:1410,3671.5,105.0,11.98,7.75,0.83,0.0
20191208:1510,496.5,23.0,4.41,7.34,1.1,0.0
20191208:1610,0.0,0.0,0.0,6.59,1.24,0.0
20191208:1710,0.0,0.0,0.0,6.11,1.03,0.0
20191208:1810,0.0,0.0,0.0,5.98,1.03,0.0
20191208:1910,0.0,0.0,0.0,6.57,1.24,0.0
20191208:2010,0.0,0.0,0.0,6.62,1.1,0.0
20191208:2110,0.0,0.0,0.0,6.53,0.97,0.0
20191208:2210,0.0,0.0,0.0,6.38,1.03,0.0
20191208:2310,0.0,0.0,0.0,6.22,0.97,0.0
20191209:0010,0.0,0.0,0.0,6.09,0.9,0.0
20191209:0110,0.0,0.0,0.0,6.02,0.69,0.0
20191209:0210,0.0,0.0,0.0,5.92,0.83,0.0
20191209:0310,0.0,0.0,0.0,5.89,0.9,0.0
20191209:0410,0.0,0.0,0.0,5.76,0.83,0.0
20191209:0510,0.0,0.0,0.0,5.53,0.83,0.0
20191209:0610,0.0,0.0,0.0,5.15,0.55,0.0
20191209:0710,0.0,0.0,0.0,5.28,0.07,0.0
20191209:0810,3741.0,120.01,9.55,5.17,0.48,0.0
20191209:0910,9402.5,257.01,15.99,6.39,0.28,0.0
20191209:1010,13286.0,342.01,20.33,7.46,0.28,0.0
20191209:1110,14846.0,378.01,22.15,8.84,0.34,0.0
20191209:1210,13997.0,361.01,21.25,9.83,0.34,0.0
20191209:1310,9706.0,258.01,17.72,10.5,0.69,0.0
20191209:1410,5835.0,183.01,11.94,10.5,0.83,0.0
20191209:1510,558.0,25.0,4.39,9.93,1.03,0.0
20191209:1610,0.0,0.0,0.0,8.27,1.24,0.0
20191209:1710,0.0,0.0,0.0,7.46,0.83,0.0
20191209:1810,0.0,0.0,0.0,7.3,0.83,0.0
20191209:1910,0.0,0.0,0.0,6.7,0.9,0.0
20191209:2010,0.0,0.0,0.0,5.34,1.1,0.0
20191209:2110,0.0,0.0,0.0,5.31,1.03,0.0
20191209:2210,0.0,0.0,0.0,3.42,1.45,0.0
20191209:2310,0.0,0.0,0.0,1.93,1.79,0.0
20191210:0010,0.0,0.0,0.0,1.24,1.93,0.0
20191210:0110,0.0,0.0,0.0,0.86,2.0,0.0
20191210:0210,0.0,0.0,0.0,0.53,1.86,0.0
20191210:0310,0.0,0.0,0.0,0.07,1.86,0.0
20191210:0410,0.0,0.0,0.0,-0.38,1.86,0.0
20191210:0510,0.0,0.0,0.0,-0.64,1.86,0.0
20191210:0610,0.0,0.0,0.0,-0.87,1.79,0.0
20191210:0710,0.0,0.0,0.0,0.43,1.38,0.0
20191210:0810,4164.5,140.01,9.42,1.57,1.17,0.0
20191210:0910,9948.0,269.01,15.86,3.43,1.03,0.0
20191210:1010,13838.5,354.01,20.22,6.9,1.1,0.0
20191210:1110,15319.0,388.02,22.06,8.88,1.1,0.0
20191210:1210,14427.0,371.01,21.17,10.13,0.97,0.0
20191210:1310,11120.0,300.01,17.66,10.55,0.83,0.0
20191210:1410,6038.0,190.01,11.9,10.29,0.83,0.0
20191210:1510,595.5,26.0,4.37,9.09,0.97,0.0
20191210:1610,0.0,0.0,0.0,7.74,0.97,0.0
20191210:1710,0.0,0.0,0.0,7.53,0.41,0.0
20191210:1810,0.0,0.0,0.0,6.33,0.48,0.0
20191210:1910,0.0,0.0,0.0,7.06,0.48,0.0
20191210:2010,0.0,0.0,0.0,6.29,0.76,0.0
20191210:2110,0.0,0.0,0.0,5.21,0.97,0.0
20191210:2210,0.0,0.0,0.0,4.46,0.97,0.0
20191210:2310,0.0,0.0,0.0,4.28,0.55,0.0
20191211:0010,0.0,0.0,0.0,3.79,0.34,0.0
20191211:0110,0.0,0.0,0.0,2.75,0.62,0.0
20191211:0210,0.0,0.0,0.0,2.11,0.62,0.0
20191211:0310,0.0,0.0,0.0,1.04,0.83,0.0
20191211:0410,0.0,0.0,0.0,0.32,0.76,0.0
20191211:0510,0.0,0.0,0.0,-0.16,0.76,0.0
20191211:0610,0.0,0.0,0.0,-0.6,0.9,0.0
20191211:0710,0.0,0.0,0.0,-0.1,0.48,0.0
20191211:0810,516.0,23.0,9.29,0.39,0.28,0.0
20191211:0910,4299.0,114.0,15.74,1.22,0.34,0.0
20191211:1010,9634.0,240.0,20.11,3.55,0.28,0.0
20191211:1110,7414.5,186.0,21.96,4.7,0.76,0.0
20191211:1210,6568.5,167.0,21.1,5.38,1.1,0.0
20191211:1310,4630.5,123.0,17.61,5.41,1.1,0.0
20191211:1410,2952.0,85.0,11.87,5.13,1.03,0.0
20191211:1510,211.5,14.0,4.36,4.59,0.76,0.0
20191211:1610,0.0,0.0,0.0,3.74,0.9,0.0
20191211:1710,0.0,0.0,0.0,2.92,1.03,0.0
20191211:1810,0.0,0.0,0.0,2.47,0.9,0.0
20191211:1910,0.0,0.0,0.0,2.45,0.55,0.0
20191211:2010,0.0,0.0,0.0,2.07,0.69,0.0
20191211:2110,0.0,0.0,0.0,1.75,0.83,0.0
20191211:2210,0.0,0.0,0.0,1.55,0.97,0.0
20191211:2310,0.0,0.0,0.0,1.34,1.03,0.0
20191212:0010,0.0,0.0,0.0,1.08,1.03,0.0
20191212:0110,0.0,0.0,0.0,0.79,0.9,0.0
20191212:0210,0.0,0.0,0.0,0.33,0.97,0.0
20191212:0310,0.0,0.0,0.0,0.59,0.76,0.0
20191212:0410,0.0,0.0,0.0,0.32,0.83,0.0
20191212:0510,0.0,0.0,0.0,-0.11,0.9,0.0
20191212:0610,0.0,0.0,0.0,-0.73,0.97,0.0
20191212:0710,0.0,0.0,0.0,-0.52,0.69,0.0
20191212:0810,3048.5,92.0,9.17,-0.06,0.14,0.0
20191212:0910,4586.0,121.0,15.63,1.65,0.14,0.0
20191212:1010,3242.5,90.0,20.01,3.37,0.62,0.0
20191212:1110,2539.5,74.0,21.88,4.49,1.03,0.0
20191212:1210,3261.0,91.0,21.04,5.2,1.24,0.0
20191212:1310,2910.0,83.0,17.57,5.65,1.31,0.0
20191212:1410,2506.5,74.0,11.85,5.69,1.52,0.0
20191212:1510,538.0,24.0,4.36,5.1,1.38,0.0
20191212:1610,0.0,0.0,0.0,3.68,1.45,0.0
20191212:1710,0.0,0.0,0.0,2.22,0.97,0.0
20191212:1810,0.0,0.0,0.0,2.26,0.48,0.0
20191212:1910,0.0,0.0,0.0,1.37,0.83,0.0
20191212:2010,0.0,0.0,0.0,1.01,0.83,0.0
20191212:2110,0.0,0.0,0.0,0.41,1.03,0.0
20191212:2210,0.0,0.0,0.0,0.75,0.76,0.0
20191212:2310,0.0,0.0,0.0,0.51,0.97,0.0
20191213:0010,0.0,0.0,0.0,0.7,1.17,0.0
20191213:0110,0.0,0.0,0.0,0.68,1.03,0.0
20191213:0210,0.0,0.0,0.0,0.51,0.97,0.0
20191213:0310,0.0,0.0,0.0,0.39,0.76,0.0
20191213:0410,0.0,0.0,0.0,0.43,0.76,0.0
20191213:0510,0.0,0.0,0.0,0.45,0.55,0.0
20191213:0610,0.0,0.0,0.0,0.48,1.03,0.0
20191213:0710,0.0,0.0,0.0,-0.08,1.31,0.0
20191213:0810,187.5,13.0,9.05,0.16,1.45,0.0
20191213:0910,516.0,23.0,15.52,0.54,1.66,0.0
20191213:1010,9794.5,240.0,19.91,1.15,1.52,0.0
20191213:1110,3846.0,103.0,21.81,1.92,1.79,0.0
20191213:1210,6107.5,154.0,20.98,2.44,2.21,0.0
20191213:1310,5862.5,150.0,17.54,2.57,1.72,0.0
20191213:1410,5783.5,171.01,11.84,2.36,0.9,0.0
20191213:1510,583.0,25.0,4.36,1.95,0.48,0.0
20191213:1610,0.0,0.0,0.0,1.08,0.21,0.0
20191213:1710,0.0,0.0,0.0,0.12,0.41,0.0
20191213:1810,0.0,0.0,0.0,-0.98,0.97,0.0
20191213:1910,0.0,0.0,0.0,0.14,2.76,0.0
20191213:2010,0.0,0.0,0.0,1.63,3.17,0.0
20191213:2110,0.0,0.0,0.0,2.7,3.38,0.0
20191213:2210,0.0,0.0,0.0,3.34,3.31,0.0
20191213:2310,0.0,0.0,0.0,3.71,3.38,0.0
20191214:0010,0.0,0.0,0.0,3.96,2.97,0.0
20191214:0110,0.0,0.0,0.0,3.57,2.41,0.0
20191214:0210,0.0,0.0,0.0,2.6,1.45,0.0
20191214:0310,0.0,0.0,0.0,3.6,0.83,0.0
20191214:0410,0.0,0.0,0.0,0.57,1.31,0.0
20191214:0510,0.0,0.0,0.0,-0.07,1.1,0.0
20191214:0610,0.0,0.0,0.0,0.34,0.62,0.0
20191214:0710,0.0,0.0,0.0,0.68,0.69,0.0
20191214:0810,3682.0,128.01,8.94,1.28,0.28,0.0
20191214:0910,9262.0,255.01,15.42,3.35,0.62,0.0
20191214:1010,13080.5,337.01,19.82,5.95,0.34,0.0
20191214:1110,14589.5,372.01,21.74,7.8,0.14,0.0
20191214:1210,13979.5,360.01,20.94,9.53,1.03,0.0
20191214:1310,10595.5,287.01,17.51,10.76,1.03,0.0
20191214:1410,5766.5,185.01,11.83,10.92,0.55,0.0
20191214:1510,456.0,22.0,4.37,9.75,0.34,0.0
20191214:1610,0.0,0.0,0.0,8.06,0.07,0.0
20191214:1710,0.0,0.0,0.0,6.34,0.34,0.0
20191214:1810,0.0,0.0,0.0,4.94,0.48,0.0
20191214:1910,0.0,0.0,0.0,5.81,0.62,0.0
20191214:2010,0.0,0.0,0.0,5.15,0.21,0.0
20191214:2110,0.0,0.0,0.0,4.22,0.28,0.0
20191214:2210,0.0,0.0,0.0,3.99,0.48,0.0
20191214:2310,0.0,0.0,0.0,4.0,0.41,0.0
20191215:0010,0.0,0.0,0.0,3.46,0.76,0.0
20191215:0110,0.0,0.0,0.0,2.94,0.21,0.0
20191215:0210,0.0,0.0,0.0,2.15,0.69,0.0
20191215:0310,0.0,0.0,0.0,0.99,1.17,0.0
20191215:0410,0.0,0.0,0.0,1.34,1.1,0.0
20191215:0510,0.0,0.0,0.0,1.51,1.03,0.0
20191215:0610,0.0,0.0,0.0,1.7,0.9,0.0
20191215:0710,0.0,0.0,0.0,1.56,1.17,0.0
20191215:0810,1998.0,62.0,8.84,2.19,0.97,0.0
20191215:0910,1952.5,60.0,15.32,4.13,0.97,0.0
20191215:1010,2108.5,64.0,19.74,5.21,0.83,0.0
20191215:1110,3548.5,98.0,21.68,6.02,0.97,0.0
20191215:1210,3363.0,94.0,20.9,6.77,0.9,0.0
20191215:1310,2423.0,72.0,17.5,6.98,0.69,0.0
20191215:1410,1007.5,37.0,11.84,7.09,0.62,0.0
20191215:1510,464.0,22.0,4.39,6.77,0.9,0.0
20191215:1610,0.0,0.0,0.0,6.39,1.03,0.0
20191215:1710,0.0,0.0,0.0,5.77,0.9,0.0
20191215:1810,0.0,0.0,0.0,5.5,0.69,0.0
20191215:1910,0.0,0.0,0.0,4.14,0.34,0.0
20191215:2010,0.0,0.0,0.0,4.41,0.62,0.0
20191215:2110,0.0,0.0,0.0,4.68,0.69,0.0
20191215:2210,0.0,0.0,0.0,4.82,0.76,0.0
20191215:2310,0.0,0.0,0.0,4.9,0.9,0.0
20191216:0010,0.0,0.0,0.0,4.96,1.03,0.0
20191216:0110,0.0,0.0,0.0,5.02,0.97,0.0
20191216:0210,0.0,0.0,0.0,5.03,0.9,0.0
20191216:0310,0.0,0.0,0.0,5.02,0.9,0.0
20191216:0410,0.0,0.0,0.0,4.92,0.9,0.0
20191216:0510,0.0,0.0,0.0,5.12,0.9,0.0
20191216:0610,0.0,0.0,0.0,5.0,1.03,0.0
20191216:0710,0.0,0.0,0.0,4.48,0.55,0.0
20191216:0810,1629.5,53.0,8.74,4.75,0.83,0.0
20191216:0910,754.0,30.0,15.24,5.11,1.03,0.0
20191216:1010,1815.0,57.0,19.67,5.61,1.24,0.0
20191216:1110,823.5,32.0,21.62,6.31,1.38,0.0
20191216:1210,2429.5,72.0,20.86,6.57,1.1,0.0
20191216:1310,2512.5,74.0,17.49,6.59,0.83,0.0
20191216:1410,1928.0,60.0,11.84,6.63,0.83,0.0
20191216:1510,332.0,18.0,4.41,6.55,0.9,0.0
20191216:1610,0.0,0.0,0.0,6.46,1.03,0.0
20191216:1710,0.0,0.0,0.0,6.42,1.03,0.0
20191216:1810,0.0,0.0,0.0,6.29,0.97,0.0
20191216:1910,0.0,0.0,0.0,5.34,0.83,0.0
20191216:2010,0.0,0.0,0.0,5.44,1.17,0.0
20191216:2110,0.0,0.0,0.0,5.53,1.31,0.0
20191216:2210,0.0,0.0,0.0,5.63,0.97,0.0
20191216:2310,0.0,0.0,0.0,5.76,1.03,0.0
20191217:0010,0.0,0.0,0.0,5.87,1.17,0.0
20191217:0110,0.0,0.0,0.0,5.93,1.31,0.0
20191217:0210,0.0,0.0,0.0,6.12,1.24,0.0
20191217:0310,0.0,0.0,0.0,6.27,1.1,0.0
20191217:0410,0.0,0.0,0.0,6.33,1.03,0.0
20191217:0510,0.0,0.0,0.0,6.37,0.97,0.0
20191217:0610,0.0,0.0,0.0,6.42,0.97,0.0
20191217:0710,0.0,0.0,0.0,6.38,1.24,0.0
20191217:0810,533.0,24.0,8.65,6.61,1.17,0.0
20191217:0910,1280.5,44.0,15.16,6.9,1.03,0.0
20191217:1010,2381.5,71.0,19.61,7.03,0.97,0.0
20191217:1110,2375.5,71.0,21.58,7.54,0.97,0.0
20191217:1210,1633.0,53.0,20.84,7.79,0.97,0.0
20191217:1310,4486.5,121.0,17.48,7.97,1.1,0.0
20191217:1410,1511.0,50.0,11.86,8.01,1.17,0.0
20191217:1510,460.5,22.0,4.44,8.03,1.24,0.0
20191217:1610,0.0,0.0,0.0,7.91,1.31,0.0
20191217:1710,0.0,0.0,0.0,7.92,1.24,0.0
20191217:1810,0.0,0.0,0.0,7.92,1.24,0.0
20191217:1910,0.0,0.0,0.0,7.21,1.17,0.0
20191217:2010,0.0,0.0,0.0,7.17,1.24,0.0
20191217:2110,0.0,0.0,0.0,7.13,1.38,0.0
20191217:2210,0.0,0.0,0.0,7.17,1.31,0.0
20191217:2310,0.0,0.0,0.0,7.21,1.17,0.0
20191218:0010,0.0,0.0,0.0,7.15,1.24,0.0
20191218:0110,0.0,0.0,0.0,7.17,1.31,0.0
20191218:0210,0.0,0.0,0.0,7.15,1.31,0.0
20191218:0310,0.0,0.0,0.0,7.09,1.31,0.0
20191218:0410,0.0,0.0,0.0,6.86,1.24,0.0
20191218:0510,0.0,0.0,0.0,6.67,1.17,0.0
20191218:0610,0.0,0.0,0.0,6.39,1.31,0.0
20191218:0710,0.0,0.0,0.0,7.14,0.62,0.0
20191218:0810,331.5,18.0,8.56,6.97,0.9,0.0
20191218:0910,462.5,22.0,15.08,7.34,1.1,0.0
20191218:1010,1236.5,43.0,19.55,7.63,1.03,0.0
20191218:1110,1713.0,55.0,21.54,7.9,1.1,0.0
20191218:1210,3169.5,90.0,20.82,8.18,0.97,0.0
20191218:1310,3246.5,92.0,17.49,8.62,0.76,0.0
20191218:1410,2225.5,68.0,11.88,8.8,0.55,0.0
20191218:1510,0.0,4.0,4.48,8.71,0.69,0.0
20191218:1610,0.0,0.0,0.0,8.48,0.62,0.0
20191218:1710,0.0,0.0,0.0,8.37,0.62,0.0
20191218:1810,0.0,0.0,0.0,8.42,0.55,0.0
20191218:1910,0.0,0.0,0.0,8.29,1.24,0.0
20191218:2010,0.0,0.0,0.0,8.3,0.97,0.0
20191218:2110,0.0,0.0,0.0,8.22,0.9,0.0
20191218:2210,0.0,0.0,0.0,8.29,0.76,0.0
20191218:2310,0.0,0.0,0.0,8.1,0.97,0.0
20191219:0010,0.0,0.0,0.0,8.19,1.17,0.0
20191219:0110,0.0,0.0,0.0,8.06,1.17,0.0
20191219:0210,0.0,0.0,0.0,7.92,1.17,0.0
20191219:0310,0.0,0.0,0.0,7.82,1.24,0.0
20191219:0410,0.0,0.0,0.0,7.98,1.1,0.0
20191219:0510,0.0,0.0,0.0,8.05,0.97,0.0
20191219:0610,0.0,0.0,0.0,8.23,0.76,0.0
20191219:0710,0.0,0.0,0.0,8.32,0.76,0.0
20191219:0810,2135.5,69.0,8.49,8.28,0.9,0.0
20191219:0910,885.0,34.0,15.02,9.02,0.9,0.0
20191219:1010,1497.5,50.0,19.5,9.73,0.9,0.0
20191219:1110,2018.5,63.0,21.51,9.96,0.97,0.0
20191219:1210,2681.5,79.0,20.81,9.92,1.17,0.0
20191219:1310,3940.5,109.0,17.5,9.96,0.9,0.0
20191219:1410,263.5,16.0,11.91,9.9,0.83,0.0
20191219:1510,48.0,8.0,4.52,9.76,0.9,0.0
20191219:1610,0.0,0.0,0.0,9.52,0.97,0.0
20191219:1710,0.0,0.0,0.0,9.4,1.1,0.0
20191219:1810,0.0,0.0,0.0,9.28,1.38,0.0
20191219:1910,0.0,0.0,0.0,8.98,0.69,0.0
20191219:2010,0.0,0.0,0.0,8.99,0.55,0.0
20191219:2110,0.0,0.0,0.0,8.83,0.69,0.0
20191219:2210,0.0,0.0,0.0,8.84,0.55,0.0
20191219:2310,0.0,0.0,0.0,8.69,0.69,0.0
20191220:0010,0.0,0.0,0.0,8.69,1.03,0.0
20191220:0110,0.0,0.0,0.0,8.66,0.9,0.0
20191220:0210,0.0,0.0,0.0,8.53,1.03,0.0
20191220:0310,0.0,0.0,0.0,8.48,1.03,0.0
20191220:0410,0.0,0.0,0.0,8.57,1.45,0.0
20191220:0510,0.0,0.0,0.0,8.59,1.31,0.0
20191220:0610,0.0,0.0,0.0,8.63,1.31,0.0
20191220:0710,0.0,0.0,0.0,8.98,1.59,0.0
20191220:0810,491.5,23.0,8.41,9.15,0.62,0.0
20191220:0910,2309.5,70.0,14.96,9.54,0.55,0.0
20191220:1010,993.5,37.0,19.46,9.71,0.55,0.0
20191220:1110,2634.5,78.0,21.48,10.01,0.34,0.0
20191220:1210,1574.5,52.0,20.81,9.9,0.41,0.0
20191220:1310,1935.0,61.0,17.51,10.0,0.34,0.0
20191220:1410,917.0,35.0,11.94,9.96,0.07,0.0
20191220:1510,175.5,13.0,4.57,9.79,0.76,0.0
20191220:1610,0.0,0.0,0.0,9.32,1.59,0.0
20191220:1710,0.0,0.0,0.0,8.78,2.14,0.0
20191220:1810,0.0,0.0,0.0,8.31,3.03,0.0
20191220:1910,0.0,0.0,0.0,8.42,1.72,0.0
20191220:2010,0.0,0.0,0.0,8.17,1.17,0.0
20191220:2110,0.0,0.0,0.0,7.72,0.97,0.0
20191220:2210,0.0,0.0,0.0,7.4,0.83,0.0
20191220:2310,0.0,0.0,0.0,7.48,0.55,0.0
20191221:0010,0.0,0.0,0.0,7.55,0.28,0.0
20191221:0110,0.0,0.0,0.0,7.46,0.21,0.0
20191221:0210,0.0,0.0,0.0,6.74,0.83,0.0
20191221:0310,0.0,0.0,0.0,6.89,0.9,0.0
20191221:0410,0.0,0.0,0.0,7.13,1.17,0.0
20191221:0510,0.0,0.0,0.0,7.09,1.59,0.0
20191221:0610,0.0,0.0,0.0,7.11,1.72,0.0
20191221:0710,0.0,0.0,0.0,6.76,0.9,0.0
20191221:0810,2646.0,87.0,8.35,6.82,1.31,0.0
20191221:0910,8063.0,224.01,14.9,7.68,1.38,0.0
20191221:1010,12621.5,329.01,19.42,8.86,1.45,0.0
20191221:1110,14462.0,371.02,21.47,10.01,1.1,0.0
20191221:1210,13898.0,361.02,20.82,10.91,1.1,0.0
20191221:1310,10782.5,294.01,17.54,11.69,1.17,0.0
20191221:1410,5881.0,188.01,11.99,12.07,1.03,0.0
20191221:1510,354.0,19.0,4.63,11.38,1.1,0.0
20191221:1610,0.0,0.0,0.0,9.71,1.66,0.0
20191221:1710,0.0,0.0,0.0,7.9,1.52,0.0
20191221:1810,0.0,0.0,0.0,7.19,1.1,0.0
20191221:1910,0.0,0.0,0.0,6.58,1.17,0.0
20191221:2010,0.0,0.0,0.0,5.33,1.59,0.0
20191221:2110,0.0,0.0,0.0,4.93,1.59,0.0
20191221:2210,0.0,0.0,0.0,4.93,1.79,0.0
20191221:2310,0.0,0.0,0.0,5.25,1.66,0.0
20191222:0010,0.0,0.0,0.0,6.23,2.14,0.0
20191222:0110,0.0,0.0,0.0,6.86,2.69,0.0
20191222:0210,0.0,0.0,0.0,7.21,1.93,0.0
20191222:0310,0.0,0.0,0.0,7.15,1.03,0.0
20191222:0410,0.0,0.0,0.0,6.88,0.62,0.0
20191222:0510,0.0,0.0,0.0,6.87,0.48,0.0
20191222:0610,0.0,0.0,0.0,5.82,0.9,0.0
20191222:0710,0.0,0.0,0.0,5.86,1.38,0.0
20191222:0810,3148.0,124.01,8.29,6.34,1.17,0.0
20191222:0910,8640.5,246.01,14.86,7.9,1.03,0.0
20191222:1010,12719.5,333.01,19.39,9.69,1.52,0.0
20191222:1110,14473.5,371.02,21.46,11.04,1.93,0.0
20191222:1210,13854.5,359.01,20.83,12.49,2.48,0.0
20191222:1310,10750.5,293.01,17.57,13.57,2.9,0.0
20191222:1410,5912.0,189.01,12.04,14.02,3.45,0.0
20191222:1510,447.0,22.0,4.69,13.42,3.66,0.0
20191222:1610,0.0,0.0,0.0,11.84,3.66,0.0
20191222:1710,0.0,0.0,0.0,11.02,4.34,0.0
20191222:1810,0.0,0.0,0.0,10.94,5.1,0.0
20191222:1910,0.0,0.0,0.0,10.67,4.55,0.0
20191222:2010,0.0,0.0,0.0,10.28,4.34,0.0
20191222:2110,0.0,0.0,0.0,9.58,3.79,0.0
20191222:2210,0.0,0.0,0.0,8.98,3.45,0.0
20191222:2310,0.0,0.0,0.0,8.4,2.9,0.0
20191223:0010,0.0,0.0,0.0,7.65,2.48,0.0
20191223:0110,0.0,0.0,0.0,7.07,2.34,0.0
20191223:0210,0.0,0.0,0.0,6.49,2.9,0.0
20191223:0310,0.0,0.0,0.0,6.86,3.38,0.0
20191223:0410,0.0,0.0,0.0,7.25,3.45,0.0
20191223:0510,0.0,0.0,0.0,7.46,3.59,0.0
20191223:0610,0.0,0.0,0.0,7.74,4.0,0.0
20191223:0710,0.0,0.0,0.0,8.16,3.72,0.0
20191223:0810,3137.0,118.01,8.23,9.02,4.41,0.0
20191223:0910,8596.5,245.01,14.82,11.07,4.97,0.0
20191223:1010,12616.5,330.01,19.37,12.53,4.55,0.0
20191223:1110,14509.5,373.02,21.46,13.49,3.52,0.0
20191223:1210,13876.5,360.01,20.85,14.13,3.72,0.0
20191223:1310,10852.0,295.01,17.61,14.39,4.07,0.0
20191223:1410,6016.0,191.01,12.09,14.18,4.69,0.0
20191223:1510,447.5,22.0,4.76,13.3,4.62,0.0
20191223:1610,0.0,0.0,0.0,12.01,4.34,0.0
20191223:1710,0.0,0.0,0.0,11.14,4.21,0.0
20191223:1810,0.0,0.0,0.0,10.44,3.86,0.0
20191223:1910,0.0,0.0,0.0,10.04,2.76,0.0
20191223:2010,0.0,0.0,0.0,8.69,2.14,0.0
20191223:2110,0.0,0.0,0.0,7.44,1.59,0.0
20191223:2210,0.0,0.0,0.0,7.1,1.52,0.0
20191223:2310,0.0,0.0,0.0,4.88,2.07,0.0
20191224:0010,0.0,0.0,0.0,3.42,2.14,0.0
20191224:0110,0.0,0.0,0.0,2.62,1.86,0.0
20191224:0210,0.0,0.0,0.0,2.43,1.66,0.0
20191224:0310,0.0,0.0,0.0,2.3,1.45,0.0
20191224:0410,0.0,0.0,0.0,2.78,1.17,0.0
20191224:0510,0.0,0.0,0.0,2.55,1.1,0.0
20191224:0610,0.0,0.0,0.0,1.38,1.38,0.0
20191224:0710,0.0,0.0,0.0,3.5,0.69,0.0
20191224:0810,2983.0,109.01,8.19,3.77,0.9,0.0
20191224:0910,8151.0,227.01,14.79,4.96,0.9,0.0
20191224:1010,12222.0,318.01,19.36,7.64,0.76,0.0
20191224:1110,13965.0,358.01,21.47,9.52,0.69,0.0
20191224:1210,10602.0,272.01,20.88,10.88,0.48,0.0
20191224:1310,10288.5,279.01,17.66,11.53,0.62,0.0
20191224:1410,5789.0,182.01,12.15,11.53,0.76,0.0
20191224:1510,421.0,21.0,4.83,10.55,0.69,0.0
20191224:1610,0.0,0.0,0.0,9.35,0.41,0.0
20191224:1710,0.0,0.0,0.0,7.22,0.83,0.0
20191224:1810,0.0,0.0,0.0,5.96,0.76,0.0
20191224:1910,0.0,0.0,0.0,3.85,1.72,0.0
20191224:2010,0.0,0.0,0.0,3.25,2.0,0.0
20191224:2110,0.0,0.0,0.0,3.65,1.86,0.0
20191224:2210,0.0,0.0,0.0,4.43,1.52,0.0
20191224:2310,0.0,0.0,0.0,3.93,1.52,0.0
20191225:0010,0.0,0.0,0.0,4.0,1.38,0.0
20191225:0110,0.0,0.0,0.0,5.82,0.83,0.0
20191225:0210,0.0,0.0,0.0,6.07,0.41,0.0
20191225:0310,0.0,0.0,0.0,5.22,0.9,0.0
20191225:0410,0.0,0.0,0.0,2.56,1.31,0.0
20191225:0510,0.0,0.0,0.0,0.92,1.86,0.0
20191225:0610,0.0,0.0,0.0,0.53,2.21,0.0
20191225:0710,0.0,0.0,0.0,0.89,2.41,0.0
20191225:0810,3182.0,115.01,8.15,1.5,2.28,0.0
20191225:0910,8780.5,245.01,14.76,4.34,1.45,0.0
20191225:1010,12721.0,331.01,19.35,8.16,0.97,0.0
20191225:1110,14570.5,374.02,21.48,9.92,0.76,0.0
20191225:1210,13924.0,361.01,20.92,11.19,0.9,0.0
20191225:1310,11034.5,300.01,17.72,11.75,0.69,0.0
20191225:1410,6185.0,194.01,12.22,11.67,0.62,0.0
20191225:1510,521.0,24.0,4.91,10.66,0.83,0.0
20191225:1610,0.0,0.0,0.0,9.27,0.83,0.0
20191225:1710,0.0,0.0,0.0,7.65,1.03,0.0
20191225:1810,0.0,0.0,0.0,5.05,1.52,0.0
20191225:1910,0.0,0.0,0.0,8.54,1.17,0.0
20191225:2010,0.0,0.0,0.0,4.23,1.93,0.0
20191225:2110,0.0,0.0,0.0,2.67,1.93,0.0
20191225:2210,0.0,0.0,0.0,2.05,1.93,0.0
20191225:2310,0.0,0.0,0.0,1.99,1.86,0.0
20191226:0010,0.0,0.0,0.0,2.45,1.59,0.0
20191226:0110,0.0,0.0,0.0,4.34,1.1,0.0
20191226:0210,0.0,0.0,0.0,4.36,0.83,0.0
20191226:0310,0.0,0.0,0.0,3.65,0.9,0.0
20191226:0410,0.0,0.0,0.0,2.96,1.03,0.0
20191226:0510,0.0,0.0,0.0,2.58,1.03,0.0
20191226:0610,0.0,0.0,0.0,2.34,0.9,0.0
20191226:0710,0.0,0.0,0.0,2.56,0.76,0.0
20191226:0810,3052.5,114.01,8.11,3.01,0.48,0.0
20191226:0910,8505.0,239.01,14.74,4.73,0.41,0.0
20191226:1010,12541.5,326.01,19.35,7.07,0.48,0.0
20191226:1110,5769.0,151.0,21.51,8.83,0.48,0.0
20191226:1210,11635.0,297.01,20.96,9.86,0.55,0.0
20191226:1310,4892.5,132.0,17.78,10.4,0.62,0.0
20191226:1410,4522.5,130.0,12.3,10.29,0.76,0.0
20191226:1510,559.5,25.0,5.0,9.45,0.97,0.0
20191226:1610,0.0,0.0,0.0,7.47,1.24,0.0
20191226:1710,0.0,0.0,0.0,5.18,1.52,0.0
20191226:1810,0.0,0.0,0.0,5.74,0.97,0.0
20191226:1910,0.0,0.0,0.0,4.67,0.97,0.0
20191226:2010,0.0,0.0,0.0,3.23,1.03,0.0
20191226:2110,0.0,0.0,0.0,3.27,0.62,0.0
20191226:2210,0.0,0.0,0.0,3.2,0.69,0.0
20191226:2310,0.0,0.0,0.0,2.25,1.03,0.0
20191227:0010,0.0,0.0,0.0,0.58,1.24,0.0
20191227:0110,0.0,0.0,0.0,-0.13,1.38,0.0
20191227:0210,0.0,0.0,0.0,0.1,1.31,0.0
20191227:0310,0.0,0.0,0.0,0.68,1.03,0.0
20191227:0410,0.0,0.0,0.0,0.71,0.62,0.0
20191227:0510,0.0,0.0,0.0,0.38,0.41,0.0
20191227:0610,0.0,0.0,0.0,0.35,0.34,0.0
20191227:0710,0.0,0.0,0.0,0.54,0.21,0.0
20191227:0810,3066.5,119.01,8.09,0.9,0.28,0.0
20191227:0910,3126.0,87.0,14.73,1.9,0.41,0.0
20191227:1010,13019.5,336.01,19.36,4.6,0.55,0.0
20191227:1110,14395.5,363.01,21.54,6.17,0.62,0.0
20191227:1210,13883.0,354.01,21.01,7.31,0.62,0.0
20191227:1310,10961.5,292.01,17.85,8.09,0.76,0.0
20191227:1410,6206.5,191.01,12.38,8.38,0.9,0.0
20191227:1510,495.0,23.0,5.09,7.82,0.41,0.0
20191227:1610,0.0,0.0,0.0,6.97,0.62,0.0
20191227:1710,0.0,0.0,0.0,3.36,1.93,0.0
20191227:1810,0.0,0.0,0.0,2.24,2.14,0.0
20191227:1910,0.0,0.0,0.0,3.1,1.31,0.0
20191227:2010,0.0,0.0,0.0,3.8,0.69,0.0
20191227:2110,0.0,0.0,0.0,3.1,0.34,0.0
20191227:2210,0.0,0.0,0.0,3.17,0.14,0.0
20191227:2310,0.0,0.0,0.0,3.57,0.34,0.0
20191228:0010,0.0,0.0,0.0,3.38,0.97,0.0
20191228:0110,0.0,0.0,0.0,2.3,1.17,0.0
20191228:0210,0.0,0.0,0.0,1.37,1.31,0.0
20191228:0310,0.0,0.0,0.0,0.32,1.45,0.0
20191228:0410,0.0,0.0,0.0,0.09,1.24,0.0
20191228:0510,0.0,0.0,0.0,0.13,1.1,0.0
20191228:0610,0.0,0.0,0.0,-0.03,1.1,0.0
20191228:0710,0.0,0.0,0.0,0.94,0.83,0.0
20191228:0810,3020.0,107.01,8.07,0.86,0.83,0.0
20191228:0910,8559.5,236.01,14.73,2.18,0.69,0.0
20191228:1010,12670.5,324.01,19.38,4.77,0.97,0.0
20191228:1110,14623.5,368.01,21.58,6.35,0.9,0.0
20191228:1210,14159.5,362.01,21.07,7.38,0.28,0.0
20191228:1310,11156.5,296.01,17.93,7.94,0.76,0.0
20191228:1410,6389.5,194.01,12.47,8.09,1.31,0.0
20191228:1510,531.5,24.0,5.19,7.21,1.24,0.0
20191228:1610,0.0,0.0,0.0,5.64,1.45,0.0
20191228:1710,0.0,0.0,0.0,3.78,1.24,0.0
20191228:1810,0.0,0.0,0.0,2.61,1.24,0.0
20191228:1910,0.0,0.0,0.0,3.16,0.83,0.0
20191228:2010,0.0,0.0,0.0,2.99,0.69,0.0
20191228:2110,0.0,0.0,0.0,2.3,0.76,0.0
20191228:2210,0.0,0.0,0.0,1.79,0.41,0.0
20191228:2310,0.0,0.0,0.0,1.31,0.34,0.0
20191229:0010,0.0,0.0,0.0,0.74,0.48,0.0
20191229:0110,0.0,0.0,0.0,-0.03,0.62,0.0
20191229:0210,0.0,0.0,0.0,0.04,0.48,0.0
20191229:0310,0.0,0.0,0.0,0.0,0.55,0.0
20191229:0410,0.0,0.0,0.0,-0.01,0.55,0.0
20191229:0510,0.0,0.0,0.0,-0.11,0.41,0.0
20191229:0610,0.0,0.0,0.0,-0.18,0.41,0.0
20191229:0710,0.0,0.0,0.0,0.77,0.55,0.0
20191229:0810,1826.5,58.0,8.05,0.19,0.9,0.0
20191229:0910,4889.5,129.0,14.73,1.39,0.41,0.0
20191229:1010,6305.5,160.0,19.4,2.5,0.14,0.0
20191229:1110,13994.0,348.01,21.62,3.56,0.28,0.0
20191229:1210,13441.0,336.01,21.14,4.65,0.69,0.0
20191229:1310,10725.5,279.01,18.01,5.44,0.83,0.0
20191229:1410,6215.0,183.01,12.57,5.63,1.1,0.0
20191229:1510,790.5,31.0,5.29,5.27,1.24,0.0
20191229:1610,0.0,0.0,0.0,4.28,1.24,0.0
20191229:1710,0.0,0.0,0.0,2.82,0.9,0.0
20191229:1810,0.0,0.0,0.0,1.59,1.17,0.0
20191229:1910,0.0,0.0,0.0,1.29,0.9,0.0
20191229:2010,0.0,0.0,0.0,1.63,0.69,0.0
20191229:2110,0.0,0.0,0.0,-0.09,1.24,0.0
20191229:2210,0.0,0.0,0.0,0.05,0.9,0.0
20191229:2310,0.0,0.0,0.0,-0.44,0.97,0.0
20191230:0010,0.0,0.0,0.0,-1.21,1.59,0.0
20191230:0110,0.0,0.0,0.0,-0.86,1.59,0.0
20191230:0210,0.0,0.0,0.0,-0.89,1.45,0.0
20191230:0310,0.0,0.0,0.0,-0.94,1.24,0.0
20191230:0410,0.0,0.0,0.0,-0.84,1.03,0.0
20191230:0510,0.0,0.0,0.0,-0.83,0.9,0.0
20191230:0610,0.0,0.0,0.0,-0.51,0.69,0.0
20191230:0710,0.0,0.0,0.0,-0.75,0.62,0.0
20191230:0810,1312.5,44.0,8.05,-0.35,0.55,0.0
20191230:0910,2417.0,70.0,14.74,0.3,0.69,0.0
20191230:1010,2364.0,69.0,19.44,1.18,0.69,0.0
20191230:1110,2827.5,80.0,21.68,1.96,0.41,0.0
20191230:1210,3510.5,96.0,21.21,2.97,0.62,0.0
20191230:1310,3066.5,86.0,18.1,3.69,1.03,0.0
20191230:1410,2657.5,77.0,12.67,3.94,1.17,0.0
20191230:1510,797.0,31.0,5.4,3.67,1.17,0.0
20191230:1610,0.0,0.0,0.0,3.06,1.03,0.0
20191230:1710,0.0,0.0,0.0,2.02,0.9,0.0
20191230:1810,0.0,0.0,0.0,1.73,0.55,0.0
20191230:1910,0.0,0.0,0.0,0.58,0.69,0.0
20191230:2010,0.0,0.0,0.0,0.09,0.83,0.0
20191230:2110,0.0,0.0,0.0,-0.85,1.1,0.0
20191230:2210,0.0,0.0,0.0,-0.88,1.03,0.0
20191230:2310,0.0,0.0,0.0,-0.29,0.9,0.0
20191231:0010,0.0,0.0,0.0,-0.32,0.69,0.0
20191231:0110,0.0,0.0,0.0,-0.44,0.62,0.0
20191231:0210,0.0,0.0,0.0,-0.76,0.62,0.0
20191231:0310,0.0,0.0,0.0,-1.19,0.69,0.0
20191231:0410,0.0,0.0,0.0,-1.15,0.76,0.0
20191231:0510,0.0,0.0,0.0,-1.86,0.83,0.0
20191231:0610,0.0,0.0,0.0,-1.96,0.9,0.0
20191231:0710,0.0,0.0,0.0,-1.63,0.97,0.0
20191231:0810,2580.5,83.0,8.05,-0.5,0.62,0.0
20191231:0910,6447.0,170.0,14.76,1.78,0.34,0.0
20191231:1010,9241.5,233.0,19.48,4.65,0.14,0.0
20191231:1110,13209.0,333.01,21.74,6.9,0.07,0.0
20191231:1210,13545.0,346.01,21.29,8.48,0.34,0.0
20191231:1310,10926.5,291.01,18.2,9.41,0.28,0.0
20191231:1410,6307.5,190.01,12.78,9.69,0.14,0.0
20191231:1510,527.0,24.0,5.52,8.68,0.48,0.0
20191231:1610,0.0,0.0,0.0,7.54,0.76,0.0
20191231:1710,0.0,0.0,0.0,6.98,0.62,0.0
20191231:1810,0.0,0.0,0.0,5.89,0.41,0.0
20191231:1910,0.0,0.0,0.0,4.92,0.9,0.0
20191231:2010,0.0,0.0,0.0,4.51,0.55,0.0
20191231:2110,0.0,0.0,0.0,3.97,0.48,0.0
20191231:2210,0.0,0.0,0.0,3.11,0.62,0.0
20191231:2310,0.0,0.0,0.0,2.34,0.83,0.0
20200101:0010,0.0,0.0,0.0,1.8,0.9,0.0
20200101:0110,0.0,0.0,0.0,1.26,0.83,0.0
20200101:0210,0.0,0.0,0.0,0.9,0.76,0.0
20200101:0310,0.0,0.0,0.0,0.69,0.69,0.0
20200101:0410,0.0,0.0,0.0,0.46,0.62,0.0
20200101:0510,0.0,0.0,0.0,0.1,0.69,0.0
20200101:0610,0.0,0.0,0.0,-0.01,0.62,0.0
20200101:0710,0.0,0.0,0.0,-1.34,0.69,0.0
20200101:0810,3105.5,114.01,8.06,-1.12,0.62,0.0
20200101:0910,8856.0,245.01,14.8,1.34,0.41,0.0
20200101:1010,13058.0,335.01,19.54,4.21,0.21,0.0
20200101:1110,15051.5,381.02,21.82,6.73,0.34,0.0
20200101:1210,14603.0,373.02,21.41,8.46,0.69,0.0
20200101:1310,11704.0,312.01,18.33,9.59,0.9,0.0
20200101:1410,6821.5,208.01,12.93,9.69,1.17,0.0
20200101:1510,459.0,22.0,5.68,8.66,1.52,0.0
20200101:1610,0.0,0.0,0.0,6.73,2.0,0.0
20200101:1710,0.0,0.0,0.0,5.04,1.79,0.0
20200101:1810,0.0,0.0,0.0,3.67,1.59,0.0
20200101:1910,0.0,0.0,0.0,3.51,0.97,0.0
20200101:2010,0.0,0.0,0.0,3.0,0.97,0.0
20200101:2110,0.0,0.0,0.0,2.04,1.1,0.0
20200101:2210,0.0,0.0,0.0,1.22,1.17,0.0
20200101:2310,0.0,0.0,0.0,0.76,0.9,0.0
20200102:0010,0.0,0.0,0.0,0.23,0.41,0.0
20200102:0110,0.0,0.0,0.0,-0.51,0.41,0.0
20200102:0210,0.0,0.0,0.0,-0.96,0.28,0.0
20200102:0310,0.0,0.0,0.0,-1.19,0.28,0.0
20200102:0410,0.0,0.0,0.0,-0.79,0.41,0.0
20200102:0510,0.0,0.0,0.0,-1.08,0.48,0.0
20200102:0610,0.0,0.0,0.0,-1.07,0.69,0.0
20200102:0710,0.0,0.0,0.0,-0.26,0.97,0.0
20200102:0810,3026.5,114.01,8.07,0.07,1.1,0.0
20200102:0910,8582.5,236.01,14.83,1.6,0.97,0.0
20200102:1010,12913.5,328.01,19.59,3.56,0.97,0.0
20200102:1110,14917.5,373.01,21.9,5.36,0.9,0.0
20200102:1210,14567.0,369.01,21.51,6.77,0.69,0.0
20200102:1310,11543.5,305.01,18.44,7.82,0.48,0.0
20200102:1410,6824.0,206.01,13.05,8.11,0.41,0.0
20200102:1510,461.5,22.0,5.8,7.61,0.41,0.0
20200102:1610,0.0,0.0,0.0,6.53,0.55,0.0
20200102:1710,0.0,0.0,0.0,5.61,0.76,0.0
20200102:1810,0.0,0.0,0.0,3.43,1.17,0.0
20200102:1910,0.0,0.0,0.0,2.38,0.9,0.0
20200102:2010,0.0,0.0,0.0,1.88,0.83,0.0
20200102:2110,0.0,0.0,0.0,1.14,1.03,0.0
20200102:2210,0.0,0.0,0.0,0.5,1.17,0.0
20200102:2310,0.0,0.0,0.0,-0.05,1.45,0.0
20200103:0010,0.0,0.0,0.0,-0.28,1.52,0.0
20200103:0110,0.0,0.0,0.0,-0.27,1.38,0.0
20200103:0210,0.0,0.0,0.0,-0.3,1.31,0.0
20200103:0310,0.0,0.0,0.0,-0.3,1.24,0.0
20200103:0410,0.0,0.0,0.0,-0.16,1.17,0.0
20200103:0510,0.0,0.0,0.0,0.6,0.9,0.0
20200103:0610,0.0,0.0,0.0,1.13,0.62,0.0
20200103:0710,0.0,0.0,0.0,0.58,0.28,0.0
20200103:0810,1841.5,59.0,8.09,1.3,0.28,0.0
20200103:0910,3583.5,98.0,14.87,2.47,0.28,0.0
20200103:1010,5916.0,152.0,19.65,4.5,0.48,0.0
20200103:1110,10219.0,254.0,21.99,6.15,0.69,0.0
20200103:1210,7363.5,187.0,21.61,7.21,0.69,0.0
20200103:1310,4279.5,116.0,18.56,7.96,0.62,0.0
20200103:1410,1913.5,60.0,13.18,8.14,0.83,0.0
20200103:1510,1006.5,37.0,5.94,7.39,1.24,0.0
20200103:1610,0.0,0.0,0.0,6.04,1.52,0.0
20200103:1710,0.0,0.0,0.0,4.99,1.31,0.0
20200103:1810,0.0,0.0,0.0,3.79,1.1,0.0
20200103:1910,0.0,0.0,0.0,3.27,0.83,0.0
20200103:2010,0.0,0.0,0.0,3.15,0.69,0.0
20200103:2110,0.0,0.0,0.0,2.87,0.34,0.0
20200103:2210,0.0,0.0,0.0,2.3,0.76,0.0
20200103:2310,0.0,0.0,0.0,1.75,0.83,0.0
20200104:0010,0.0,0.0,0.0,1.91,0.69,0.0
20200104:0110,0.0,0.0,0.0,2.32,0.41,0.0
20200104:0210,0.0,0.0,0.0,2.11,0.28,0.0
20200104:0310,0.0,0.0,0.0,1.76,0.21,0.0
20200104:0410,0.0,0.0,0.0,1.57,0.48,0.0
20200104:0510,0.0,0.0,0.0,1.8,0.76,0.0
20200104:0610,0.0,0.0,0.0,1.57,0.9,0.0
20200104:0710,0.0,0.0,0.0,0.17,0.97,0.0
20200104:0810,2936.0,104.01,8.12,1.36,0.55,0.0
20200104:0910,8752.0,243.01,14.92,2.43,0.41,0.0
20200104:1010,12543.5,320.01,19.73,5.11,0.62,0.0
20200104:1110,14655.0,370.01,22.08,7.68,0.69,0.0
20200104:1210,14405.0,369.01,21.72,9.52,0.55,0.0
20200104:1310,11729.0,314.01,18.69,10.71,0.41,0.0
20200104:1410,6878.0,208.01,13.32,11.07,0.41,0.0
20200104:1510,556.0,25.0,6.08,10.48,0.69,0.0
20200104:1610,0.0,0.0,0.0,8.08,1.31,0.0
20200104:1710,0.0,0.0,0.0,6.13,1.52,0.0
20200104:1810,0.0,0.0,0.0,4.57,1.72,0.0
20200104:1910,0.0,0.0,0.0,3.83,1.93,0.0
20200104:2010,0.0,0.0,0.0,6.77,0.55,0.0
20200104:2110,0.0,0.0,0.0,5.6,0.34,0.0
20200104:2210,0.0,0.0,0.0,5.23,0.48,0.0
20200104:2310,0.0,0.0,0.0,4.84,0.97,0.0
20200105:0010,0.0,0.0,0.0,4.13,1.17,0.0
20200105:0110,0.0,0.0,0.0,1.58,1.59,0.0
20200105:0210,0.0,0.0,0.0,0.5,1.52,0.0
20200105:0310,0.0,0.0,0.0,1.98,0.97,0.0
20200105:0410,0.0,0.0,0.0,1.55,0.9,0.0
20200105:0510,0.0,0.0,0.0,1.31,0.83,0.0
20200105:0610,0.0,0.0,0.0,1.09,0.69,0.0
20200105:0710,0.0,0.0,0.0,2.23,0.41,0.0
20200105:0810,3052.0,112.01,8.16,2.07,0.69,0.0
20200105:0910,8763.0,245.01,14.98,3.98,0.62,0.0
20200105:1010,12912.5,333.01,19.8,6.92,0.76,0.0
20200105:1110,14978.0,380.02,22.18,8.86,0.9,0.0
20200105:1210,14568.5,373.01,21.84,10.03,0.83,0.0
20200105:1310,11767.5,313.01,18.83,10.66,0.83,0.0
20200105:1410,7111.0,215.01,13.46,10.71,0.97,0.0
20200105:1510,422.5,21.0,6.23,9.87,1.31,0.0
20200105:1610,0.0,0.0,0.0,7.88,1.38,0.0
20200105:1710,0.0,0.0,0.0,6.51,1.17,0.0
20200105:1810,0.0,0.0,0.0,5.89,1.1,0.0
20200105:1910,0.0,0.0,0.0,5.61,1.24,0.0
20200105:2010,0.0,0.0,0.0,5.5,0.9,0.0
20200105:2110,0.0,0.0,0.0,5.14,0.34,0.0
20200105:2210,0.0,0.0,0.0,4.66,0.41,0.0
20200105:2310,0.0,0.0,0.0,4.02,0.48,0.0
20200106:0010,0.0,0.0,0.0,3.11,0.69,0.0
20200106:0110,0.0,0.0,0.0,2.05,0.76,0.0
20200106:0210,0.0,0.0,0.0,1.3,0.83,0.0
20200106:0310,0.0,0.0,0.0,0.71,0.83,0.0
20200106:0410,0.0,0.0,0.0,0.04,0.9,0.0
20200106:0510,0.0,0.0,0.0,-0.69,1.03,0.0
20200106:0610,0.0,0.0,0.0,-0.76,0.97,0.0
20200106:0710,0.0,0.0,0.0,-0.61,0.41,0.0
20200106:0810,2546.0,81.0,8.2,-0.23,0.55,0.0
20200106:0910,5381.5,141.0,15.04,1.64,0.62,0.0
20200106:1010,7000.5,177.0,19.89,4.1,0.55,0.0
20200106:1110,7853.5,197.0,22.29,5.63,0.55,0.0
20200106:1210,11248.5,280.01,21.97,6.65,0.69,0.0
20200106:1310,11349.0,294.01,18.97,7.26,0.9,0.0
20200106:1410,7281.0,214.01,13.61,7.32,1.17,0.0
20200106:1510,533.0,24.0,6.38,6.7,1.17,0.0
20200106:1610,0.0,0.0,0.0,5.19,1.72,0.0
20200106:1710,0.0,0.0,0.0,3.52,1.59,0.0
20200106:1810,0.0,0.0,0.0,2.14,1.24,0.0
20200106:1910,0.0,0.0,0.0,1.12,1.24,0.0
20200106:2010,0.0,0.0,0.0,0.5,0.97,0.0
20200106:2110,0.0,0.0,0.0,0.56,0.55,0.0
20200106:2210,0.0,0.0,0.0,0.41,0.41,0.0
20200106:2310,0.0,0.0,0.0,-0.01,0.69,0.0
20200107:0010,0.0,0.0,0.0,-0.55,0.69,0.0
20200107:0110,0.0,0.0,0.0,-1.09,0.48,0.0
20200107:0210,0.0,0.0,0.0,-1.51,0.34,0.0
20200107:0310,0.0,0.0,0.0,-1.84,0.41,0.0
20200107:0410,0.0,0.0,0.0,-1.9,0.0,0.0
20200107:0510,0.0,0.0,0.0,-2.12,0.34,0.0
20200107:0610,0.0,0.0,0.0,-2.22,0.34,0.0
20200107:0710,0.0,0.0,0.0,-1.85,0.34,0.0
20200107:0810,1443.0,47.0,8.25,-1.44,0.34,0.0
20200107:0910,6865.5,178.0,15.11,-0.62,0.55,0.0
20200107:1010,11634.0,287.01,19.98,0.54,0.69,0.0
20200107:1110,15159.5,372.01,22.41,2.37,0.69,0.0
20200107:1210,14704.0,365.01,22.11,4.15,0.62,0.0
20200107:1310,12027.5,310.01,19.11,5.18,0.48,0.0
20200107:1410,7425.0,216.01,13.76,5.85,0.41,0.0
20200107:1510,606.0,26.0,6.53,5.76,0.28,0.0
20200107:1610,0.0,0.0,0.0,5.07,0.07,0.0
20200107:1710,0.0,0.0,0.0,4.15,0.41,0.0
20200107:1810,0.0,0.0,0.0,2.76,0.55,0.0
20200107:1910,0.0,0.0,0.0,0.7,1.03,0.0
20200107:2010,0.0,0.0,0.0,0.59,1.03,0.0
20200107:2110,0.0,0.0,0.0,0.13,1.03,0.0
20200107:2210,0.0,0.0,0.0,0.76,0.48,0.0
20200107:2310,0.0,0.0,0.0,0.36,0.34,0.0
20200108:0010,0.0,0.0,0.0,0.04,0.83,0.0
20200108:0110,0.0,0.0,0.0,-0.51,1.03,0.0
20200108:0210,0.0,0.0,0.0,-1.24,1.24,0.0
20200108:0310,0.0,0.0,0.0,-1.85,1.31,0.0
20200108:0410,0.0,0.0,0.0,-1.72,1.17,0.0
20200108:0510,0.0,0.0,0.0,-1.45,1.03,0.0
20200108:0610,0.0,0.0,0.0,-1.34,0.97,0.0
20200108:0710,0.0,0.0,0.0,-1.63,1.24,0.0
20200108:0810,2501.5,78.0,8.3,-0.22,0.9,0.0
20200108:0910,6206.0,162.0,15.19,1.96,0.41,0.0
20200108:1010,9394.5,236.0,20.08,5.4,0.41,0.0
20200108:1110,11768.0,294.01,22.53,7.66,0.28,0.0
20200108:1210,12342.0,312.01,22.25,9.25,0.14,0.0
20200108:1310,10460.5,272.01,19.27,10.13,0.41,0.0
20200108:1410,7184.5,208.01,13.92,10.17,0.69,0.0
20200108:1510,847.5,33.0,6.7,9.17,1.31,0.0
20200108:1610,0.0,0.0,0.0,7.01,1.72,0.0
20200108:1710,0.0,0.0,0.0,4.71,1.59,0.0
20200108:1810,0.0,0.0,0.0,3.74,1.17,0.0
20200108:1910,0.0,0.0,0.0,4.12,0.69,0.0
20200108:2010,0.0,0.0,0.0,3.35,0.41,0.0
20200108:2110,0.0,0.0,0.0,2.73,0.28,0.0
20200108:2210,0.0,0.0,0.0,1.71,0.28,0.0
20200108:2310,0.0,0.0,0.0,0.75,0.28,0.0
20200109:0010,0.0,0.0,0.0,0.32,0.21,0.0
20200109:0110,0.0,0.0,0.0,0.22,0.07,0.0
20200109:0210,0.0,0.0,0.0,-0.06,0.0,0.0
20200109:0310,0.0,0.0,0.0,-1.13,0.14,0.0
20200109:0410,0.0,0.0,0.0,-1.73,0.21,0.0
20200109:0510,0.0,0.0,0.0,-1.99,0.34,0.0
20200109:0610,0.0,0.0,0.0,-2.2,0.28,0.0
20200109:0710,0.0,0.0,0.0,-1.14,0.0,0.0
20200109:0810,3189.5,111.01,8.37,-0.76,0.21,0.0
20200109:0910,8968.5,244.01,15.27,1.59,0.21,0.0
20200109:1010,13432.0,342.01,20.19,4.2,0.07,0.0
20200109:1110,15733.0,395.02,22.66,6.26,0.28,0.0
20200109:1210,15079.0,381.01,22.39,7.81,0.41,0.0
20200109:1310,12461.5,326.01,19.43,8.76,0.55,0.0
20200109:1410,7742.5,227.01,14.09,9.18,0.83,0.0
20200109:1510,562.0,25.0,6.86,8.55,1.31,0.0
20200109:1610,0.0,0.0,0.0,6.65,1.79,0.0
20200109:1710,0.0,0.0,0.0,4.8,1.66,0.0
20200109:1810,0.0,0.0,0.0,3.58,1.31,0.0
20200109:1910,0.0,0.0,0.0,3.25,1.31,0.0
20200109:2010,0.0,0.0,0.0,2.91,1.24,0.0
20200109:2110,0.0,0.0,0.0,2.46,1.17,0.0
20200109:2210,0.0,0.0,0.0,2.16,1.03,0.0
20200109:2310,0.0,0.0,0.0,2.1,0.97,0.0
20200110:0010,0.0,0.0,0.0,2.23,0.9,0.0
20200110:0110,0.0,0.0,0.0,2.46,0.9,0.0
20200110:0210,0.0,0.0,0.0,2.65,0.83,0.0
20200110:0310,0.0,0.0,0.0,2.51,0.76,0.0
20200110:0410,0.0,0.0,0.0,2.9,0.55,0.0
20200110:0510,0.0,0.0,0.0,3.01,0.62,0.0
20200110:0610,0.0,0.0,0.0,2.74,0.76,0.0
20200110:0710,0.0,0.0,0.0,2.82,0.62,0.0
20200110:0810,3182.0,116.01,8.44,3.44,0.48,0.0
20200110:0910,8495.5,231.01,15.36,4.01,0.55,0.0
20200110:1010,13295.0,338.01,20.31,5.22,0.83,0.0
20200110:1110,15440.5,385.01,22.8,6.38,0.9,0.0
20200110:1210,15286.0,384.01,22.55,7.25,0.83,0.0
20200110:1310,12435.0,324.01,19.59,8.17,0.55,0.0
20200110:1410,7723.0,225.01,14.26,8.46,0.28,0.0
20200110:1510,598.0,26.0,7.04,8.22,0.34,0.0
20200110:1610,0.0,0.0,0.0,7.02,0.69,0.0
20200110:1710,0.0,0.0,0.0,6.61,0.62,0.0
20200110:1810,0.0,0.0,0.0,5.73,0.76,0.0
20200110:1910,0.0,0.0,0.0,5.45,1.03,0.0
20200110:2010,0.0,0.0,0.0,4.07,1.1,0.0
20200110:2110,0.0,0.0,0.0,2.46,1.17,0.0
20200110:2210,0.0,0.0,0.0,1.68,1.24,0.0
20200110:2310,0.0,0.0,0.0,1.24,1.31,0.0
20200111:0010,0.0,0.0,0.0,1.15,1.1,0.0
20200111:0110,0.0,0.0,0.0,0.94,0.9,0.0
20200111:0210,0.0,0.0,0.0,0.62,0.76,0.0
20200111:0310,0.0,0.0,0.0,0.03,0.41,0.0
20200111:0410,0.0,0.0,0.0,-0.41,0.41,0.0
20200111:0510,0.0,0.0,0.0,-0.63,0.41,0.0
20200111:0610,0.0,0.0,0.0,-0.46,0.48,0.0
20200111:0710,0.0,0.0,0.0,0.27,0.41,0.0
20200111:0810,3367.0,122.01,8.51,0.96,0.14,0.0
20200111:0910,9406.0,259.01,15.46,2.89,0.07,0.0
20200111:1010,13766.5,352.01,20.43,5.37,0.07,0.0
20200111:1110,15905.0,401.02,22.94,7.83,0.34,0.0
20200111:1210,15521.5,394.02,22.71,9.4,0.55,0.0
20200111:1310,12869.5,338.01,19.77,10.39,0.69,0.0
20200111:1410,8107.5,237.01,14.44,10.62,0.9,0.0
20200111:1510,523.5,24.0,7.21,9.94,1.17,0.0
20200111:1610,0.0,0.0,0.0,8.26,1.38,0.0
20200111:1710,0.0,0.0,0.0,6.26,1.03,0.0
20200111:1810,0.0,0.0,0.0,6.4,0.62,0.0
20200111:1910,0.0,0.0,0.0,6.78,0.48,0.0
20200111:2010,0.0,0.0,0.0,5.37,0.76,0.0
20200111:2110,0.0,0.0,0.0,4.49,0.55,0.0
20200111:2210,0.0,0.0,0.0,3.81,0.28,0.0
20200111:2310,0.0,0.0,0.0,3.19,0.14,0.0
20200112:0010,0.0,0.0,0.0,2.65,0.34,0.0
20200112:0110,0.0,0.0,0.0,2.09,0.34,0.0
20200112:0210,0.0,0.0,0.0,1.83,0.28,0.0
20200112:0310,0.0,0.0,0.0,1.5,0.48,0.0
20200112:0410,0.0,0.0,0.0,1.32,0.48,0.0
20200112:0510,0.0,0.0,0.0,1.25,0.21,0.0
20200112:0610,0.0,0.0,0.0,0.89,0.07,0.0
20200112:0710,0.0,0.0,0.0,0.06,0.14,0.0
20200112:0810,3453.0,123.01,8.6,0.19,0.14,0.0
20200112:0910,9511.0,260.01,15.57,2.32,0.14,0.0
20200112:1010,13854.5,353.01,20.56,5.03,0.07,0.0
20200112:1110,16122.0,404.02,23.09,6.77,0.34,0.0
20200112:1210,15787.5,397.02,22.88,7.81,0.62,0.0
20200112:1310,13042.5,338.01,19.94,8.43,0.76,0.0
20200112:1410,8308.5,239.01,14.62,8.55,0.9,0.0
20200112:1510,634.5,27.0,7.39,7.89,0.97,0.0
20200112:1610,0.0,0.0,0.0,6.24,1.45,0.0
20200112:1710,0.0,0.0,0.0,4.05,1.38,0.0
20200112:1810,0.0,0.0,0.0,2.65,1.24,0.0
20200112:1910,0.0,0.0,0.0,2.78,0.97,0.0
20200112:2010,0.0,0.0,0.0,2.15,1.03,0.0
20200112:2110,0.0,0.0,0.0,1.46,1.03,0.0
20200112:2210,0.0,0.0,0.0,1.21,0.97,0.0
20200112:2310,0.0,0.0,0.0,1.17,0.69,0.0
20200113:0010,0.0,0.0,0.0,0.63,0.34,0.0
20200113:0110,0.0,0.0,0.0,-0.59,0.07,0.0
20200113:0210,0.0,0.0,0.0,-1.22,0.07,0.0
20200113:0310,0.0,0.0,0.0,-1.37,0.0,0.0
20200113:0410,0.0,0.0,0.0,-1.57,0.07,0.0
20200113:0510,0.0,0.0,0.0,-1.67,0.14,0.0
20200113:0610,0.0,0.0,0.0,-1.73,0.34,0.0
20200113:0710,0.0,0.0,0.0,-2.19,0.41,0.0
20200113:0810,3370.5,111.01,8.69,-1.74,0.34,0.0
20200113:0910,9006.5,239.01,15.68,0.0,0.21,0.0
20200113:1010,12508.0,310.01,20.69,2.03,0.28,0.0
20200113:1110,15210.5,373.01,23.25,3.74,0.48,0.0
20200113:1210,15344.0,379.01,23.06,4.88,0.62,0.0
20200113:1310,12935.0,329.01,20.13,5.57,0.76,0.0
20200113:1410,8219.0,229.01,14.81,5.57,0.9,0.0
20200113:1510,1333.5,45.0,7.58,4.91,0.83,0.0
20200113:1610,0.0,0.0,0.0,3.64,0.97,0.0
20200113:1710,0.0,0.0,0.0,2.08,0.9,0.0
20200113:1810,0.0,0.0,0.0,1.81,0.41,0.0
20200113:1910,0.0,0.0,0.0,0.64,0.28,0.0
20200113:2010,0.0,0.0,0.0,0.05,0.48,0.0
20200113:2110,0.0,0.0,0.0,-0.19,0.62,0.0
20200113:2210,0.0,0.0,0.0,0.15,0.55,0.0
20200113:2310,0.0,0.0,0.0,-0.21,0.69,0.0
20200114:0010,0.0,0.0,0.0,-0.27,0.76,0.0
20200114:0110,0.0,0.0,0.0,0.2,0.62,0.0
20200114:0210,0.0,0.0,0.0,0.12,0.62,0.0
20200114:0310,0.0,0.0,0.0,0.34,0.55,0.0
20200114:0410,0.0,0.0,0.0,0.14,0.62,0.0
20200114:0510,0.0,0.0,0.0,0.05,0.76,0.0
20200114:0610,0.0,0.0,0.0,0.12,0.83,0.0
20200114:0710,0.0,0.0,0.0,-0.58,0.83,0.0
20200114:0810,3364.5,112.01,8.78,-0.53,0.9,0.0
20200114:0910,9321.5,251.01,15.8,1.97,0.9,0.0
20200114:1010,12829.0,319.01,20.84,3.49,0.97,0.0
20200114:1110,14246.0,348.01,23.42,4.39,0.97,0.0
20200114:1210,11916.0,292.01,23.24,5.31,1.03,0.0
20200114:1310,12870.0,327.01,20.32,5.61,0.69,0.0
20200114:1410,8347.0,233.01,15.0,5.59,0.62,0.0
20200114:1510,940.0,35.0,7.77,5.46,0.9,0.0
20200114:1610,0.0,0.0,0.0,4.83,1.17,0.0
20200114:1710,0.0,0.0,0.0,4.13,1.17,0.0
20200114:1810,0.0,0.0,0.0,3.55,1.24,0.0
20200114:1910,0.0,0.0,0.0,3.06,1.1,0.0
20200114:2010,0.0,0.0,0.0,2.68,1.03,0.0
20200114:2110,0.0,0.0,0.0,2.27,0.97,0.0
20200114:2210,0.0,0.0,0.0,1.93,0.97,0.0
20200114:2310,0.0,0.0,0.0,1.89,1.03,0.0
20200115:0010,0.0,0.0,0.0,1.84,1.03,0.0
20200115:0110,0.0,0.0,0.0,2.0,0.9,0.0
20200115:0210,0.0,0.0,0.0,2.19,0.9,0.0
20200115:0310,0.0,0.0,0.0,2.3,0.9,0.0
20200115:0410,0.0,0.0,0.0,2.5,0.83,0.0
20200115:0510,0.0,0.0,0.0,2.62,0.76,0.0
20200115:0610,0.0,0.0,0.0,2.69,0.83,0.0
20200115:0710,0.0,0.0,0.0,1.97,0.83,0.0
20200115:0810,3020.5,95.0,8.88,2.21,0.9,0.0
20200115:0910,9342.5,251.01,15.92,2.97,0.97,0.0
20200115:1010,12467.0,309.01,20.99,3.83,1.03,0.0
20200115:1110,8972.5,221.0,23.59,4.48,1.03,0.0
20200115:1210,15753.0,387.01,23.43,4.77,0.97,0.0
20200115:1310,13316.5,337.01,20.52,5.25,0.83,0.0
20200115:1410,8831.0,247.01,15.2,5.37,0.69,0.0
20200115:1510,1490.5,49.0,7.97,5.32,0.69,0.0
20200115:1610,0.0,0.0,0.0,4.89,0.76,0.0
20200115:1710,0.0,0.0,0.0,4.44,0.83,0.0
20200115:1810,0.0,0.0,0.0,3.96,0.9,0.0
20200115:1910,0.0,0.0,0.0,3.75,0.9,0.0
20200115:2010,0.0,0.0,0.0,3.41,0.83,0.0
20200115:2110,0.0,0.0,0.0,3.0,0.9,0.0
20200115:2210,0.0,0.0,0.0,2.9,0.9,0.0
20200115:2310,0.0,0.0,0.0,2.72,0.9,0.0
20200116:0010,0.0,0.0,0.0,2.41,0.9,0.0
20200116:0110,0.0,0.0,0.0,2.49,0.83,0.0
20200116:0210,0.0,0.0,0.0,2.52,0.76,0.0
20200116:0310,0.0,0.0,0.0,2.4,0.62,0.0
20200116:0410,0.0,0.0,0.0,2.56,0.41,0.0
20200116:0510,0.0,0.0,0.0,2.5,0.34,0.0
20200116:0610,0.0,0.0,0.0,2.33,0.34,0.0
20200116:0710,0.0,0.0,0.0,3.12,0.69,0.0
20200116:0810,3609.0,126.01,8.99,3.42,0.28,0.0
20200116:0910,9554.0,260.01,16.05,4.24,0.07,0.0
20200116:1010,13877.5,351.01,21.14,5.37,0.14,0.0
20200116:1110,16111.0,402.01,23.77,6.9,0.21,0.0
20200116:1210,15958.5,401.01,23.62,7.96,0.14,0.0
20200116:1310,13507.0,349.01,20.72,8.48,0.14,0.0
20200116:1410,8734.5,247.01,15.4,8.79,0.0,0.0
20200116:1510,703.0,29.0,8.17,8.63,0.14,0.0
20200116:1610,0.0,0.0,0.0,7.95,0.55,0.0
20200116:1710,0.0,0.0,0.0,6.83,0.9,0.0
20200116:1810,0.0,0.0,0.0,5.71,1.17,0.0
20200116:1910,0.0,0.0,0.0,4.03,1.1,0.0
20200116:2010,0.0,0.0,0.0,3.35,1.17,0.0
20200116:2110,0.0,0.0,0.0,3.05,1.31,0.0
20200116:2210,0.0,0.0,0.0,2.86,1.38,0.0
20200116:2310,0.0,0.0,0.0,2.87,1.45,0.0
20200117:0010,0.0,0.0,0.0,2.57,1.38,0.0
20200117:0110,0.0,0.0,0.0,2.48,1.38,0.0
20200117:0210,0.0,0.0,0.0,2.4,1.31,0.0
20200117:0310,0.0,0.0,0.0,2.2,1.38,0.0
20200117:0410,0.0,0.0,0.0,2.27,1.24,0.0
20200117:0510,0.0,0.0,0.0,2.15,1.24,0.0
20200117:0610,0.0,0.0,0.0,2.22,1.17,0.0
20200117:0710,0.0,0.0,0.0,2.19,0.28,0.0
20200117:0810,3642.5,128.01,9.11,2.63,0.41,0.0
20200117:0910,9651.0,262.01,16.19,4.46,0.48,0.0
20200117:1010,13195.5,333.01,21.31,6.63,0.55,0.0
20200117:1110,5941.0,154.0,23.95,7.77,0.69,0.0
20200117:1210,8800.0,221.0,23.82,8.55,0.9,0.0
20200117:1310,13508.5,346.01,20.93,8.85,1.17,0.0
20200117:1410,8890.5,249.01,15.61,9.0,1.38,0.0
20200117:1510,597.0,26.0,8.37,8.62,1.45,0.0
20200117:1610,0.0,0.0,0.0,7.39,1.72,0.0
20200117:1710,0.0,0.0,0.0,6.51,1.66,0.0
20200117:1810,0.0,0.0,0.0,5.89,1.52,0.0
20200117:1910,0.0,0.0,0.0,6.64,1.86,0.0
20200117:2010,0.0,0.0,0.0,6.01,1.52,0.0
20200117:2110,0.0,0.0,0.0,5.69,1.45,0.0
20200117:2210,0.0,0.0,0.0,5.54,1.72,0.0
20200117:2310,0.0,0.0,0.0,5.34,2.0,0.0
20200118:0010,0.0,0.0,0.0,5.22,2.14,0.0
20200118:0110,0.0,0.0,0.0,4.92,2.0,0.0
20200118:0210,0.0,0.0,0.0,4.65,1.52,0.0
20200118:0310,0.0,0.0,0.0,4.32,1.17,0.0
20200118:0410,0.0,0.0,0.0,3.97,1.45,0.0
20200118:0510,0.0,0.0,0.0,3.3,1.1,0.0
20200118:0610,0.0,0.0,0.0,2.37,1.1,0.0
20200118:0710,0.0,0.0,0.0,2.25,0.9,0.0
20200118:0810,3782.5,130.01,9.23,2.6,0.76,0.0
20200118:0910,9463.0,253.01,16.34,4.9,0.83,0.0
20200118:1010,14540.5,368.01,21.48,7.37,1.1,0.0
20200118:1110,16902.5,421.02,24.15,9.05,1.45,0.0
20200118:1210,16684.0,418.02,24.03,10.22,1.52,0.0
20200118:1310,13997.5,362.01,21.14,10.9,0.97,0.0
20200118:1410,9261.5,262.01,15.82,11.09,0.69,0.0
20200118:1510,3195.0,128.01,8.58,10.72,0.62,0.0
20200118:1610,0.0,0.0,0.0,9.13,0.83,0.0
20200118:1710,0.0,0.0,0.0,8.71,0.62,0.0
20200118:1810,0.0,0.0,0.0,7.72,0.21,0.0
20200118:1910,0.0,0.0,0.0,7.58,0.55,0.0
20200118:2010,0.0,0.0,0.0,6.69,0.55,0.0
20200118:2110,0.0,0.0,0.0,5.61,0.34,0.0
20200118:2210,0.0,0.0,0.0,4.45,0.0,0.0
20200118:2310,0.0,0.0,0.0,3.39,0.34,0.0
20200119:0010,0.0,0.0,0.0,2.27,0.55,0.0
20200119:0110,0.0,0.0,0.0,1.56,0.83,0.0
20200119:0210,0.0,0.0,0.0,0.37,1.1,0.0
20200119:0310,0.0,0.0,0.0,-0.26,1.24,0.0
20200119:0410,0.0,0.0,0.0,-0.51,1.24,0.0
20200119:0510,0.0,0.0,0.0,-0.31,0.97,0.0
20200119:0610,0.0,0.0,0.0,0.01,0.76,0.0
20200119:0710,0.0,0.0,0.0,0.86,0.48,0.0
20200119:0810,3205.5,97.0,9.36,1.12,0.62,0.0
20200119:0910,6095.0,157.0,16.49,2.5,0.76,0.0
20200119:1010,9595.5,237.0,21.66,4.13,0.62,0.0
20200119:1110,15511.5,379.01,24.35,5.48,0.97,0.0
20200119:1210,16795.5,413.01,24.24,6.38,1.24,0.0
20200119:1310,13984.5,352.01,21.36,7.11,1.52,0.0
20200119:1410,7519.0,199.0,16.04,7.33,1.86,0.0
20200119:1510,3361.0,125.01,8.79,7.13,1.38,0.0
20200119:1610,0.0,0.0,0.0,6.61,1.24,0.0
20200119:1710,0.0,0.0,0.0,5.64,1.45,0.0
20200119:1810,0.0,0.0,0.0,4.84,1.66,0.0
20200119:1910,0.0,0.0,0.0,4.62,0.83,0.0
20200119:2010,0.0,0.0,0.0,4.05,0.97,0.0
20200119:2110,0.0,0.0,0.0,3.54,0.97,0.0
20200119:2210,0.0,0.0,0.0,1.99,1.31,0.0
20200119:2310,0.0,0.0,0.0,1.48,1.66,0.0
20200120:0010,0.0,0.0,0.0,1.28,1.79,0.0
20200120:0110,0.0,0.0,0.0,1.57,1.86,0.0
20200120:0210,0.0,0.0,0.0,1.25,1.86,0.0
20200120:0310,0.0,0.0,0.0,1.01,1.79,0.0
20200120:0410,0.0,0.0,0.0,0.84,1.79,0.0
20200120:0510,0.0,0.0,0.0,0.33,1.72,0.0
20200120:0610,0.0,0.0,0.0,0.14,1.79,0.0
20200120:0710,0.0,0.0,0.0,1.7,1.03,0.0
20200120:0810,2978.0,89.0,9.5,1.79,1.03,0.0
20200120:0910,5643.0,146.0,16.65,2.86,0.97,0.0
20200120:1010,13093.5,324.01,21.84,5.69,1.59,0.0
20200120:1110,16603.0,406.01,24.55,7.15,2.14,0.0
20200120:1210,16793.0,412.01,24.46,7.9,2.41,0.0
20200120:1310,14490.5,365.01,21.59,8.28,2.34,0.0
20200120:1410,9799.0,269.01,16.26,8.42,2.41,0.0
20200120:1510,3203.5,107.0,9.01,8.0,2.07,0.0
20200120:1610,0.0,0.0,0.0,6.63,2.0,0.0
20200120:1710,0.0,0.0,0.0,5.0,2.07,0.0
20200120:1810,0.0,0.0,0.0,3.86,2.0,0.0
20200120:1910,0.0,0.0,0.0,2.3,1.86,0.0
20200120:2010,0.0,0.0,0.0,1.25,2.07,0.0
20200120:2110,0.0,0.0,0.0,0.53,2.14,0.0
20200120:2210,0.0,0.0,0.0,0.0,1.93,0.0
20200120:2310,0.0,0.0,0.0,-0.25,1.72,0.0
20200121:0010,0.0,0.0,0.0,-0.33,1.52,0.0
20200121:0110,0.0,0.0,0.0,-0.79,1.52,0.0
20200121:0210,0.0,0.0,0.0,-0.86,1.38,0.0
20200121:0310,0.0,0.0,0.0,-0.8,1.24,0.0
20200121:0410,0.0,0.0,0.0,-1.07,1.24,0.0
20200121:0510,0.0,0.0,0.0,-1.03,1.17,0.0
20200121:0610,0.0,0.0,0.0,-0.8,1.1,0.0
20200121:0710,0.0,0.0,0.0,0.58,0.83,0.0
20200121:0810,4145.5,138.01,9.64,-0.21,0.97,0.0
20200121:0910,9952.5,261.01,16.82,2.3,0.62,0.0
20200121:1010,8975.5,223.0,22.03,4.96,0.48,0.0
20200121:1110,11408.0,281.0,24.76,6.54,0.28,0.0
20200121:1210,5810.0,151.0,24.69,7.45,0.21,0.0
20200121:1310,9452.0,238.0,21.82,7.96,0.34,0.0
20200121:1410,7036.5,186.0,16.49,7.97,0.48,0.0
20200121:1510,2394.0,75.0,9.23,7.44,0.83,0.0
20200121:1610,0.0,0.0,0.0,5.96,1.24,0.0
20200121:1710,0.0,0.0,0.0,4.17,1.17,0.0
20200121:1810,0.0,0.0,0.0,4.45,0.83,0.0
20200121:1910,0.0,0.0,0.0,4.21,0.21,0.0
20200121:2010,0.0,0.0,0.0,3.84,0.41,0.0
20200121:2110,0.0,0.0,0.0,3.52,0.62,0.0
20200121:2210,0.0,0.0,0.0,2.84,0.9,0.0
20200121:2310,0.0,0.0,0.0,1.92,0.97,0.0
20200122:0010,0.0,0.0,0.0,1.54,0.9,0.0
20200122:0110,0.0,0.0,0.0,0.94,0.76,0.0
20200122:0210,0.0,0.0,0.0,0.34,0.83,0.0
20200122:0310,0.0,0.0,0.0,0.01,0.83,0.0
20200122:0410,0.0,0.0,0.0,-0.29,0.9,0.0
20200122:0510,0.0,0.0,0.0,-0.17,0.83,0.0
20200122:0610,0.0,0.0,0.0,0.0,0.76,0.0
20200122:0710,0.0,0.0,0.0,-1.15,1.17,0.0
20200122:0810,4012.0,127.01,9.79,-0.04,0.83,0.0
20200122:0910,10277.0,271.01,16.99,2.86,0.62,0.0
20200122:1010,13585.0,338.01,22.23,5.96,0.69,0.0
20200122:1110,16264.0,403.01,24.98,8.19,0.62,0.0
20200122:1210,16912.5,423.01,24.92,9.77,0.69,0.0
20200122:1310,14529.5,373.01,22.05,10.73,0.62,0.0
20200122:1410,8963.5,244.01,16.72,11.12,0.69,0.0
20200122:1510,3730.5,133.01,9.45,10.65,0.76,0.0
20200122:1610,0.0,0.0,0.0,9.12,0.9,0.0
20200122:1710,0.0,0.0,0.0,7.99,1.1,0.0
20200122:1810,0.0,0.0,0.0,7.61,0.9,0.0
20200122:1910,0.0,0.0,0.0,6.12,0.69,0.0
20200122:2010,0.0,0.0,0.0,5.08,0.55,0.0
20200122:2110,0.0,0.0,0.0,4.28,0.55,0.0
20200122:2210,0.0,0.0,0.0,3.56,0.62,0.0
20200122:2310,0.0,0.0,0.0,2.19,0.83,0.0
20200123:0010,0.0,0.0,0.0,0.93,1.1,0.0
20200123:0110,0.0,0.0,0.0,0.15,1.24,0.0
20200123:0210,0.0,0.0,0.0,0.33,1.17,0.0
20200123:0310,0.0,0.0,0.0,0.31,1.1,0.0
20200123:0410,0.0,0.0,0.0,0.08,1.17,0.0
20200123:0510,0.0,0.0,0.0,0.04,1.17,0.0
20200123:0610,0.0,0.0,0.0,0.05,1.24,0.0
20200123:0710,0.0,0.0,0.0,-0.32,0.9,0.0
20200123:0810,3698.0,111.0,9.94,0.2,0.97,0.0
20200123:0910,8119.0,207.0,17.17,2.51,1.1,0.0
20200123:1010,14606.5,360.01,22.43,4.27,1.1,0.0
20200123:1110,17367.5,426.01,25.21,5.99,0.69,0.0
20200123:1210,14458.5,355.01,25.16,7.21,0.69,0.0
20200123:1310,14352.5,362.01,22.29,8.28,0.83,0.0
20200123:1410,10036.0,273.01,16.96,8.79,0.97,0.0
20200123:1510,3940.5,142.01,9.68,8.58,0.9,0.0
20200123:1610,0.0,0.0,0.0,7.5,1.45,0.0
20200123:1710,0.0,0.0,0.0,5.42,1.66,0.0
20200123:1810,0.0,0.0,0.0,3.49,1.59,0.0
20200123:1910,0.0,0.0,0.0,3.37,0.21,0.0
20200123:2010,0.0,0.0,0.0,3.0,0.21,0.0
20200123:2110,0.0,0.0,0.0,2.55,0.21,0.0
20200123:2210,0.0,0.0,0.0,1.97,0.14,0.0
20200123:2310,0.0,0.0,0.0,1.12,0.34,0.0
20200124:0010,0.0,0.0,0.0,0.25,0.41,0.0
20200124:0110,0.0,0.0,0.0,-0.09,0.41,0.0
20200124:0210,0.0,0.0,0.0,-0.24,0.34,0.0
20200124:0310,0.0,0.0,0.0,-0.31,0.41,0.0
20200124:0410,0.0,0.0,0.0,-0.32,0.48,0.0
20200124:0510,0.0,0.0,0.0,-0.61,0.62,0.0
20200124:0610,0.0,0.0,0.0,-0.58,0.69,0.0
20200124:0710,0.0,0.0,0.0,0.01,0.97,0.0
20200124:0810,4454.5,148.01,10.1,1.12,0.62,0.0
20200124:0910,5976.0,154.0,17.35,3.13,0.41,0.0
20200124:1010,11098.0,275.0,22.64,5.96,0.34,0.0
20200124:1110,15011.5,371.01,25.44,7.57,0.07,0.0
20200124:1210,14842.5,368.01,25.4,8.66,0.28,0.0
20200124:1310,10799.0,271.0,22.54,9.05,0.76,0.0
20200124:1410,10286.0,279.01,17.2,9.1,1.1,0.0
20200124:1510,4020.0,138.01,9.91,8.51,1.17,0.0
20200124:1610,0.0,0.0,0.0,7.32,1.52,0.0
20200124:1710,0.0,0.0,0.0,5.85,1.38,0.0
20200124:1810,0.0,0.0,0.0,4.9,0.9,0.0
20200124:1910,0.0,0.0,0.0,5.08,0.69,0.0
20200124:2010,0.0,0.0,0.0,3.64,1.1,0.0
20200124:2110,0.0,0.0,0.0,2.98,1.31,0.0
20200124:2210,0.0,0.0,0.0,3.07,1.17,0.0
20200124:2310,0.0,0.0,0.0,3.93,0.76,0.0
20200125:0010,0.0,0.0,0.0,4.37,0.55,0.0
20200125:0110,0.0,0.0,0.0,4.34,0.34,0.0
20200125:0210,0.0,0.0,0.0,3.61,0.83,0.0
20200125:0310,0.0,0.0,0.0,2.3,1.31,0.0
20200125:0410,0.0,0.0,0.0,2.22,1.45,0.0
20200125:0510,0.0,0.0,0.0,2.43,1.1,0.0
20200125:0610,0.0,0.0,0.0,2.84,0.97,0.0
20200125:0710,0.0,0.0,0.0,2.32,0.69,0.0
20200125:0810,3775.0,113.0,10.27,2.63,0.62,0.0
20200125:0910,6779.0,174.0,17.54,4.35,0.76,0.0
20200125:1010,13838.5,342.01,22.86,5.73,0.83,0.0
20200125:1110,6533.5,167.0,25.67,6.99,0.69,0.0
20200125:1210,5976.0,155.0,25.65,8.05,0.55,0.0
20200125:1310,5049.5,134.0,22.79,8.54,0.48,0.0
20200125:1410,3830.0,106.0,17.44,8.71,0.34,0.0
20200125:1510,3295.5,101.0,10.14,8.57,0.48,0.0
20200125:1610,0.0,0.0,0.0,7.94,0.76,0.0
20200125:1710,0.0,0.0,0.0,6.3,0.9,0.0
20200125:1810,0.0,0.0,0.0,6.45,0.55,0.0
20200125:1910,0.0,0.0,0.0,6.07,0.41,0.0
20200125:2010,0.0,0.0,0.0,5.82,0.21,0.0
20200125:2110,0.0,0.0,0.0,5.37,0.83,0.0
20200125:2210,0.0,0.0,0.0,4.48,1.03,0.0
20200125:2310,0.0,0.0,0.0,3.15,1.24,0.0
20200126:0010,0.0,0.0,0.0,3.25,1.1,0.0
20200126:0110,0.0,0.0,0.0,3.53,0.76,0.0
20200126:0210,0.0,0.0,0.0,3.27,0.41,0.0
20200126:0310,0.0,0.0,0.0,3.01,0.41,0.0
20200126:0410,0.0,0.0,0.0,2.83,0.41,0.0
20200126:0510,0.0,0.0,0.0,2.39,0.48,0.0
20200126:0610,0.0,0.0,0.0,1.99,0.48,0.0
20200126:0710,0.0,0.0,0.0,2.2,0.41,0.0
20200126:0810,4082.0,123.0,10.44,2.32,0.34,0.0
20200126:0910,9437.0,243.01,17.74,3.65,0.34,0.0
20200126:1010,13909.5,345.01,23.08,6.25,0.48,0.0
20200126:1110,15168.5,373.01,25.92,7.49,0.34,0.0
20200126:1210,16742.5,415.01,25.91,8.59,0.34,0.0
20200126:1310,13715.0,345.01,23.05,9.33,0.62,0.0
20200126:1410,10512.0,284.01,17.69,9.64,0.48,0.0
20200126:1510,4440.5,156.01,10.38,9.42,0.48,0.0
20200126:1610,0.0,0.0,0.0,8.61,0.76,0.0
20200126:1710,0.0,0.0,0.0,6.42,1.1,0.0
20200126:1810,0.0,0.0,0.0,6.83,0.76,0.0
20200126:1910,0.0,0.0,0.0,6.87,0.34,0.0
20200126:2010,0.0,0.0,0.0,6.4,0.14,0.0
20200126:2110,0.0,0.0,0.0,5.84,0.21,0.0
20200126:2210,0.0,0.0,0.0,5.25,0.07,0.0
20200126:2310,0.0,0.0,0.0,4.75,0.21,0.0
20200127:0010,0.0,0.0,0.0,4.21,0.41,0.0
20200127:0110,0.0,0.0,0.0,3.31,0.62,0.0
20200127:0210,0.0,0.0,0.0,2.67,0.62,0.0
20200127:0310,0.0,0.0,0.0,1.77,0.62,0.0
20200127:0410,0.0,0.0,0.0,1.03,0.62,0.0
20200127:0510,0.0,0.0,0.0,0.8,0.55,0.0
20200127:0610,0.0,0.0,0.0,0.65,0.55,0.0
20200127:0710,0.0,0.0,0.0,1.68,0.41,0.0
20200127:0810,4742.5,152.01,10.62,2.33,0.41,0.0
20200127:0910,10749.5,280.01,17.94,3.88,0.41,0.0
20200127:1010,15716.0,392.01,23.31,6.11,0.28,0.0
20200127:1110,17122.5,423.01,26.16,7.74,0.21,0.0
20200127:1210,16796.0,416.01,26.16,9.02,0.48,0.0
20200127:1310,15154.5,382.01,23.31,9.55,0.76,0.0
20200127:1410,3433.5,97.0,17.94,10.08,1.1,0.0
20200127:1510,4097.5,128.0,10.62,9.77,1.72,0.0
20200127:1610,0.0,0.0,0.0,8.51,1.93,0.0
20200127:1710,0.0,0.0,0.0,7.68,1.79,0.0
20200127:1810,0.0,0.0,0.0,7.38,1.86,0.0
20200127:1910,0.0,0.0,0.0,7.09,1.93,0.0
20200127:2010,0.0,0.0,0.0,6.83,1.93,0.0
20200127:2110,0.0,0.0,0.0,6.52,1.93,0.0
20200127:2210,0.0,0.0,0.0,6.23,1.79,0.0
20200127:2310,0.0,0.0,0.0,5.97,1.1,0.0
20200128:0010,0.0,0.0,0.0,5.8,0.69,0.0
20200128:0110,0.0,0.0,0.0,5.41,0.34,0.0
20200128:0210,0.0,0.0,0.0,5.05,0.48,0.0
20200128:0310,0.0,0.0,0.0,4.73,0.14,0.0
20200128:0410,0.0,0.0,0.0,4.11,0.14,0.0
20200128:0510,0.0,0.0,0.0,3.38,0.62,0.0
20200128:0610,0.0,0.0,0.0,3.24,0.62,0.0
20200128:0710,0.0,0.0,0.0,2.36,0.14,0.0
20200128:0810,4702.5,145.01,10.81,3.02,0.21,0.0
20200128:0910,11207.5,292.01,18.15,4.44,0.55,0.0
20200128:1010,15941.5,394.01,23.54,5.79,0.83,0.0
20200128:1110,18399.0,452.01,26.42,7.3,0.62,0.0
20200128:1210,17233.0,427.01,26.43,8.8,0.28,0.0
20200128:1310,15417.0,391.01,23.57,10.0,0.14,0.0
20200128:1410,10824.0,291.01,18.2,11.27,0.62,0.0
20200128:1510,4869.0,168.01,10.86,11.54,0.83,0.0
20200128:1610,0.0,0.0,0.0,10.54,1.52,0.0
20200128:1710,0.0,0.0,0.0,8.59,1.72,0.0
20200128:1810,0.0,0.0,0.0,7.0,1.52,0.0
20200128:1910,0.0,0.0,0.0,7.78,1.1,0.0
20200128:2010,0.0,0.0,0.0,4.64,1.38,0.0
20200128:2110,0.0,0.0,0.0,5.09,0.83,0.0
20200128:2210,0.0,0.0,0.0,4.42,0.76,0.0
20200128:2310,0.0,0.0,0.0,1.74,1.17,0.0
20200129:0010,0.0,0.0,0.0,1.07,1.59,0.0
20200129:0110,0.0,0.0,0.0,1.24,1.79,0.0
20200129:0210,0.0,0.0,0.0,1.55,1.59,0.0
20200129:0310,0.0,0.0,0.0,4.09,0.83,0.0
20200129:0410,0.0,0.0,0.0,3.5,0.69,0.0
20200129:0510,0.0,0.0,0.0,2.14,0.76,0.0
20200129:0610,0.0,0.0,0.0,1.32,0.69,0.0
20200129:0710,0.0,0.0,0.0,1.15,0.28,0.0
20200129:0810,5312.0,174.01,11.0,1.97,0.14,0.0
20200129:0910,12118.0,319.01,18.37,4.53,0.14,0.0
20200129:1010,16739.5,420.01,23.78,7.59,0.28,0.0
20200129:1110,18955.5,473.02,26.68,10.02,0.41,0.0
20200129:1210,18874.5,474.02,26.7,11.7,0.55,0.0
20200129:1310,16627.0,427.02,23.84,12.75,0.48,0.0
20200129:1410,11598.0,317.01,18.46,13.15,0.34,0.0
20200129:1510,5096.5,175.01,11.11,12.77,0.62,0.0
20200129:1610,0.0,0.0,0.0,10.89,1.17,0.0
20200129:1710,0.0,0.0,0.0,8.19,1.03,0.0
20200129:1810,0.0,0.0,0.0,7.34,0.83,0.0
20200129:1910,0.0,0.0,0.0,10.09,0.83,0.0
20200129:2010,0.0,0.0,0.0,5.21,2.0,0.0
20200129:2110,0.0,0.0,0.0,3.32,2.21,0.0
20200129:2210,0.0,0.0,0.0,2.98,1.93,0.0
20200129:2310,0.0,0.0,0.0,2.67,1.72,0.0
20200130:0010,0.0,0.0,0.0,3.36,1.24,0.0
20200130:0110,0.0,0.0,0.0,4.04,0.55,0.0
20200130:0210,0.0,0.0,0.0,3.88,0.28,0.0
20200130:0310,0.0,0.0,0.0,3.84,0.34,0.0
20200130:0410,0.0,0.0,0.0,3.22,0.34,0.0
20200130:0510,0.0,0.0,0.0,2.19,0.62,0.0
20200130:0610,0.0,0.0,0.0,1.3,0.76,0.0
20200130:0710,76.0,9.0,2.38,1.72,0.48,0.0
20200130:0810,5121.0,158.01,11.19,2.28,0.28,0.0
20200130:0910,10563.0,271.01,18.59,4.38,0.28,0.0
20200130:1010,15972.5,398.01,24.03,6.95,0.14,0.0
20200130:1110,18568.0,461.01,26.94,8.63,0.07,0.0
20200130:1210,17539.0,436.01,26.97,9.73,0.21,0.0
20200130:1310,15783.0,398.01,24.11,10.29,0.48,0.0
20200130:1410,8362.5,218.0,18.72,10.6,0.69,0.0
20200130:1510,5120.0,165.01,11.36,10.44,0.83,0.0
20200130:1610,6.5,6.0,2.57,9.5,1.59,0.0
20200130:1710,0.0,0.0,0.0,7.9,1.38,0.0
20200130:1810,0.0,0.0,0.0,6.07,1.38,0.0
20200130:1910,0.0,0.0,0.0,6.53,1.1,0.0
20200130:2010,0.0,0.0,0.0,5.64,1.1,0.0
20200130:2110,0.0,0.0,0.0,5.6,0.9,0.0
20200130:2210,0.0,0.0,0.0,4.97,0.69,0.0
20200130:2310,0.0,0.0,0.0,4.47,0.69,0.0
20200131:0010,0.0,0.0,0.0,2.88,0.76,0.0
20200131:0110,0.0,0.0,0.0,1.87,0.76,0.0
20200131:0210,0.0,0.0,0.0,1.78,0.69,0.0
20200131:0310,0.0,0.0,0.0,2.19,0.69,0.0
20200131:0410,0.0,0.0,0.0,2.15,0.48,0.0
20200131:0510,0.0,0.0,0.0,2.43,0.41,0.0
20200131:0610,0.0,0.0,0.0,2.23,0.69,0.0
20200131:0710,104.5,10.84,2.56,1.96,0.41,0.0
20200131:0810,5247.0,164.01,11.4,3.04,0.34,0.0
20200131:0910,11542.5,300.01,18.82,5.19,0.28,0.0
20200131:1010,15217.5,379.01,24.28,8.0,0.34,0.0
20200131:1110,14139.0,350.01,27.22,9.59,0.21,0.0
20200131:1210,11418.0,286.0,27.25,11.13,0.21,0.0
20200131:1310,10243.5,260.0,24.39,12.2,0.41,0.0
20200131:1410,7670.5,202.0,18.99,12.85,0.69,0.0
20200131:1510,4054.0,122.0,11.61,12.98,0.69,0.0
20200131:1610,69.5,9.0,2.81,11.99,0.97,0.0
20200131:1710,0.0,0.0,0.0,9.56,1.31,0.0
20200131:1810,0.0,0.0,0.0,7.63,1.38,0.0
20200131:1910,0.0,0.0,0.0,7.22,1.52,0.0
20200131:2010,0.0,0.0,0.0,6.47,1.45,0.0
20200131:2110,0.0,0.0,0.0,5.84,1.45,0.0
20200131:2210,0.0,0.0,0.0,5.84,1.24,0.0
20200131:2310,0.0,0.0,0.0,6.75,0.9,0.0
20200201:0010,0.0,0.0,0.0,5.83,1.03,0.0
20200201:0110,0.0,0.0,0.0,5.51,1.03,0.0
20200201:0210,0.0,0.0,0.0,4.94,1.17,0.0
20200201:0310,0.0,0.0,0.0,4.72,1.1,0.0
20200201:0410,0.0,0.0,0.0,4.61,1.17,0.0
20200201:0510,0.0,0.0,0.0,4.68,1.17,0.0
20200201:0610,0.0,0.0,0.0,5.19,0.9,0.0
20200201:0710,0.0,4.0,2.75,5.68,0.9,0.0
20200201:0810,2722.0,80.0,11.6,6.11,0.76,0.0
20200201:0910,3774.5,104.0,19.05,7.63,0.83,0.0
20200201:1010,2863.0,83.0,24.54,8.81,0.9,0.0
20200201:1110,2307.5,70.0,27.49,9.89,1.17,0.0
20200201:1210,4367.0,119.0,27.54,10.62,1.17,0.0
20200201:1310,5730.0,151.0,24.67,11.14,1.31,0.0
20200201:1410,3756.0,105.0,19.26,11.21,1.38,0.0
20200201:1510,2965.5,88.0,11.86,11.07,1.38,0.0
20200201:1610,0.0,4.0,3.05,10.52,1.38,0.0
20200201:1710,0.0,0.0,0.0,9.31,1.79,0.0
20200201:1810,0.0,0.0,0.0,8.34,1.59,0.0
20200201:1910,0.0,0.0,0.0,7.44,1.45,0.0
20200201:2010,0.0,0.0,0.0,6.38,1.17,0.0
20200201:2110,0.0,0.0,0.0,6.15,0.41,0.0
20200201:2210,0.0,0.0,0.0,6.43,0.62,0.0
20200201:2310,0.0,0.0,0.0,5.79,0.69,0.0
20200202:0010,0.0,0.0,0.0,5.68,0.21,0.0
20200202:0110,0.0,0.0,0.0,4.85,0.62,0.0
20200202:0210,0.0,0.0,0.0,4.51,0.62,0.0
20200202:0310,0.0,0.0,0.0,3.51,0.76,0.0
20200202:0410,0.0,0.0,0.0,3.71,0.76,0.0
20200202:0510,0.0,0.0,0.0,3.82,0.62,0.0
20200202:0610,0.0,0.0,0.0,3.86,0.55,0.0
20200202:0710,8.0,6.0,2.94,4.52,0.83,0.0
20200202:0810,3901.5,112.0,11.82,5.87,0.48,0.0
20200202:0910,5899.5,154.0,19.29,7.25,0.14,0.0
20200202:1010,6988.0,180.0,24.8,9.82,0.28,0.0
20200202:1110,8194.0,209.0,27.77,11.72,0.97,0.0
20200202:1210,12593.5,316.0,27.83,13.33,0.83,0.0
20200202:1310,13722.0,349.01,24.96,14.04,0.55,0.0
20200202:1410,11041.0,295.01,19.53,14.37,0.55,0.0
20200202:1510,5354.5,169.01,12.12,14.0,0.83,0.0
20200202:1610,200.0,14.0,3.29,12.89,0.97,0.0
20200202:1710,0.0,0.0,0.0,10.89,1.1,0.0
20200202:1810,0.0,0.0,0.0,9.25,0.83,0.0
20200202:1910,0.0,0.0,0.0,8.82,0.9,0.0
20200202:2010,0.0,0.0,0.0,8.27,0.48,0.0
20200202:2110,0.0,0.0,0.0,7.52,0.55,0.0
20200202:2210,0.0,0.0,0.0,6.45,0.83,0.0
20200202:2310,0.0,0.0,0.0,5.67,0.76,0.0
20200203:0010,0.0,0.0,0.0,5.5,0.69,0.0
20200203:0110,0.0,0.0,0.0,5.82,0.83,0.0
20200203:0210,0.0,0.0,0.0,5.54,0.97,0.0
20200203:0310,0.0,0.0,0.0,6.42,0.62,0.0
20200203:0410,0.0,0.0,0.0,6.21,0.62,0.0
20200203:0510,0.0,0.0,0.0,5.36,0.97,0.0
20200203:0610,0.0,0.0,0.0,5.18,1.03,0.0
20200203:0710,214.5,14.82,3.14,4.99,1.59,0.0
20200203:0810,5374.5,159.01,12.04,6.5,1.17,0.0
20200203:0910,11596.5,302.01,19.53,10.04,1.17,0.0
20200203:1010,16161.5,406.01,25.07,12.28,1.31,0.0
20200203:1110,17571.5,440.01,28.06,14.62,1.45,0.0
20200203:1210,19014.0,482.01,28.12,16.71,1.38,0.0
20200203:1310,15633.0,406.01,25.24,18.58,0.83,0.0
20200203:1410,12075.0,333.01,19.81,19.63,0.41,0.0
20200203:1510,5661.5,184.01,12.38,19.37,0.28,0.0
20200203:1610,278.0,17.0,3.53,18.88,0.21,0.0
20200203:1710,0.0,0.0,0.0,17.31,0.34,0.0
20200203:1810,0.0,0.0,0.0,15.3,1.03,0.0
20200203:1910,0.0,0.0,0.0,11.52,1.52,0.0
20200203:2010,0.0,0.0,0.0,11.67,1.31,0.0
20200203:2110,0.0,0.0,0.0,9.64,1.52,0.0
20200203:2210,0.0,0.0,0.0,8.86,1.52,0.0
20200203:2310,0.0,0.0,0.0,7.86,1.66,0.0
20200204:0010,0.0,0.0,0.0,7.32,1.66,0.0
20200204:0110,0.0,0.0,0.0,7.17,1.66,0.0
20200204:0210,0.0,0.0,0.0,7.05,1.38,0.0
20200204:0310,0.0,0.0,0.0,6.55,1.45,0.0
20200204:0410,0.0,0.0,0.0,6.28,1.66,0.0
20200204:0510,0.0,0.0,0.0,8.77,2.97,0.0
20200204:0610,0.0,0.0,0.0,10.26,3.03,0.0
20200204:0710,338.0,20.34,3.35,8.89,2.34,0.0
20200204:0810,6346.0,196.01,12.26,8.85,2.21,0.0
20200204:0910,13372.0,350.01,19.78,12.11,3.24,0.0
20200204:1010,17962.0,448.01,25.34,14.31,4.21,0.0
20200204:1110,20618.0,504.02,28.35,14.32,5.52,0.0
20200204:1210,20667.0,502.01,28.42,13.76,6.48,0.0
20200204:1310,18591.5,458.01,25.54,13.0,5.66,0.0
20200204:1410,13683.5,355.01,20.08,12.46,5.17,0.0
20200204:1510,6606.5,205.01,12.64,11.67,4.62,0.0
20200204:1610,389.0,20.0,3.78,10.39,3.66,0.0
20200204:1710,0.0,0.0,0.0,9.04,3.38,0.0
20200204:1810,0.0,0.0,0.0,8.08,3.24,0.0
20200204:1910,0.0,0.0,0.0,7.66,3.24,0.0
20200204:2010,0.0,0.0,0.0,6.84,3.1,0.0
20200204:2110,0.0,0.0,0.0,5.82,2.55,0.0
20200204:2210,0.0,0.0,0.0,4.81,2.14,0.0
20200204:2310,0.0,0.0,0.0,3.45,2.28,0.0
20200205:0010,0.0,0.0,0.0,2.31,2.07,0.0
20200205:0110,0.0,0.0,0.0,1.4,1.93,0.0
20200205:0210,0.0,0.0,0.0,1.14,1.72,0.0
20200205:0310,0.0,0.0,0.0,1.18,1.66,0.0
20200205:0410,0.0,0.0,0.0,0.8,1.72,0.0
20200205:0510,0.0,0.0,0.0,0.28,1.79,0.0
20200205:0610,0.0,0.0,0.0,-0.32,1.93,0.0
20200205:0710,428.5,23.08,3.56,0.08,2.14,0.0
20200205:0810,6922.0,207.01,12.49,1.81,1.79,0.0
20200205:0910,14051.5,360.01,20.04,6.55,1.59,0.0
20200205:1010,18639.0,461.01,25.62,10.13,1.93,0.0
20200205:1110,20873.5,514.02,28.65,12.14,2.14,0.0
20200205:1210,20959.5,518.02,28.72,13.26,2.34,0.0
20200205:1310,18736.5,469.01,25.83,13.69,2.55,0.0
20200205:1410,13689.0,359.01,20.36,13.56,2.21,0.0
20200205:1510,6853.0,213.01,12.9,12.84,1.66,0.0
20200205:1610,486.5,23.0,4.02,11.09,1.93,0.0
20200205:1710,0.0,0.0,0.0,8.51,2.41,0.0
20200205:1810,0.0,0.0,0.0,6.64,2.55,0.0
20200205:1910,0.0,0.0,0.0,5.37,2.07,0.0
20200205:2010,0.0,0.0,0.0,3.99,1.59,0.0
20200205:2110,0.0,0.0,0.0,4.15,1.31,0.0
20200205:2210,0.0,0.0,0.0,4.54,1.1,0.0
20200205:2310,0.0,0.0,0.0,4.83,0.69,0.0
20200206:0010,0.0,0.0,0.0,2.71,1.24,0.0
20200206:0110,0.0,0.0,0.0,0.71,1.52,0.0
20200206:0210,0.0,0.0,0.0,0.68,1.31,0.0
20200206:0310,0.0,0.0,0.0,1.54,1.1,0.0
20200206:0410,0.0,0.0,0.0,1.6,0.69,0.0
20200206:0510,0.0,0.0,0.0,1.5,0.41,0.0
20200206:0610,0.0,0.0,0.0,1.42,0.21,0.0
20200206:0710,216.5,14.0,3.77,0.9,0.76,0.0
20200206:0810,5467.0,151.0,12.73,1.41,0.34,0.0
20200206:0910,13155.0,331.01,20.3,3.5,0.55,0.0
20200206:1010,17510.0,426.01,25.9,5.73,0.9,0.0
20200206:1110,19450.0,472.01,28.95,7.38,0.9,0.0
20200206:1210,19376.5,474.01,29.03,8.65,0.69,0.0
20200206:1310,18150.5,451.01,26.13,9.43,0.62,0.0
20200206:1410,13720.0,355.01,20.65,9.8,1.03,0.0
20200206:1510,6958.0,211.01,13.17,9.69,1.31,0.0
20200206:1610,562.0,25.0,4.27,8.69,1.45,0.0
20200206:1710,0.0,0.0,0.0,6.72,1.79,0.0
20200206:1810,0.0,0.0,0.0,4.72,1.52,0.0
20200206:1910,0.0,0.0,0.0,4.81,0.62,0.0
20200206:2010,0.0,0.0,0.0,3.9,0.97,0.0
20200206:2110,0.0,0.0,0.0,2.09,1.17,0.0
20200206:2210,0.0,0.0,0.0,2.53,0.83,0.0
20200206:2310,0.0,0.0,0.0,1.99,0.55,0.0
20200207:0010,0.0,0.0,0.0,1.17,0.34,0.0
20200207:0110,0.0,0.0,0.0,0.47,0.28,0.0
20200207:0210,0.0,0.0,0.0,0.12,0.14,0.0
20200207:0310,0.0,0.0,0.0,-0.01,0.14,0.0
20200207:0410,0.0,0.0,0.0,0.0,0.21,0.0
20200207:0510,0.0,0.0,0.0,0.05,0.14,0.0
20200207:0610,0.0,0.0,0.0,0.07,0.07,0.0
20200207:0710,540.5,26.06,3.99,-0.98,0.28,0.0
20200207:0810,7081.0,208.01,12.97,0.36,0.14,0.0
20200207:0910,14046.5,356.01,20.56,3.31,0.0,0.0
20200207:1010,18681.5,460.01,26.19,6.25,0.14,0.0
20200207:1110,20753.5,511.01,29.26,8.44,0.21,0.0
20200207:1210,20680.0,512.01,29.34,10.02,0.34,0.0
20200207:1310,18664.5,467.01,26.44,11.09,0.69,0.0
20200207:1410,13715.5,357.01,20.93,11.66,0.83,0.0
20200207:1510,7072.5,214.01,13.43,11.56,0.9,0.0
20200207:1610,626.5,27.0,4.52,10.25,1.38,0.0
20200207:1710,0.0,0.0,0.0,7.94,1.79,0.0
20200207:1810,0.0,0.0,0.0,5.87,1.59,0.0
20200207:1910,0.0,0.0,0.0,4.8,1.31,0.0
20200207:2010,0.0,0.0,0.0,4.12,1.17,0.0
20200207:2110,0.0,0.0,0.0,3.8,0.97,0.0
20200207:2210,0.0,0.0,0.0,3.48,0.76,0.0
20200207:2310,0.0,0.0,0.0,2.76,0.69,0.0
20200208:0010,0.0,0.0,0.0,2.28,0.62,0.0
20200208:0110,0.0,0.0,0.0,2.17,0.55,0.0
20200208:0210,0.0,0.0,0.0,2.06,0.55,0.0
20200208:0310,0.0,0.0,0.0,2.02,0.55,0.0
20200208:0410,0.0,0.0,0.0,1.78,0.69,0.0
20200208:0510,0.0,0.0,0.0,1.5,0.76,0.0
20200208:0610,0.0,0.0,0.0,1.28,0.83,0.0
20200208:0710,571.0,26.3,4.22,-0.15,0.28,0.0
20200208:0810,4802.0,130.0,13.22,0.99,0.21,0.0
20200208:0910,7710.5,193.0,20.84,3.63,0.34,0.0
20200208:1010,16725.0,408.01,26.49,6.28,0.48,0.0
20200208:1110,17009.0,414.01,29.57,7.94,0.55,0.0
20200208:1210,15631.0,383.01,29.66,9.05,0.41,0.0
20200208:1310,17030.0,422.01,26.74,9.66,0.48,0.0
20200208:1410,13206.5,339.01,21.22,9.87,0.69,0.0
20200208:1510,6245.5,178.0,13.7,9.77,1.03,0.0
20200208:1610,666.5,28.0,4.77,9.01,1.24,0.0
20200208:1710,0.0,0.0,0.0,7.58,1.45,0.0
20200208:1810,0.0,0.0,0.0,5.99,1.45,0.0
20200208:1910,0.0,0.0,0.0,4.37,1.52,0.0
20200208:2010,0.0,0.0,0.0,3.77,1.31,0.0
20200208:2110,0.0,0.0,0.0,3.7,1.03,0.0
20200208:2210,0.0,0.0,0.0,3.34,0.97,0.0
20200208:2310,0.0,0.0,0.0,2.53,1.03,0.0
20200209:0010,0.0,0.0,0.0,2.4,0.62,0.0
20200209:0110,0.0,0.0,0.0,2.03,0.48,0.0
20200209:0210,0.0,0.0,0.0,1.65,0.48,0.0
20200209:0310,0.0,0.0,0.0,1.46,0.62,0.0
20200209:0410,0.0,0.0,0.0,1.54,0.62,0.0
20200209:0510,0.0,0.0,0.0,1.58,0.48,0.0
20200209:0610,0.0,0.0,0.0,1.28,0.55,0.0
20200209:0710,694.0,40.37,4.45,1.57,0.28,0.0
20200209:0810,5063.0,137.0,13.47,2.3,0.48,0.0
20200209:0910,6130.5,157.0,21.11,5.0,0.55,0.0
20200209:1010,4749.5,126.0,26.79,6.81,0.83,0.0
20200209:1110,3632.5,101.0,29.88,8.58,0.9,0.0
20200209:1210,2851.5,83.0,29.98,9.55,0.62,0.0
20200209:1310,9403.0,236.0,27.05,10.07,0.76,0.0
20200209:1410,3093.5,89.0,21.51,10.5,1.24,0.0
20200209:1510,3674.0,104.0,13.97,10.43,1.66,0.0
20200209:1610,663.5,28.0,5.02,9.81,1.31,0.0
20200209:1710,0.0,0.0,0.0,8.26,1.66,0.0
20200209:1810,0.0,0.0,0.0,7.18,1.52,0.0
20200209:1910,0.0,0.0,0.0,6.56,1.72,0.0
20200209:2010,0.0,0.0,0.0,6.52,1.72,0.0
20200209:2110,0.0,0.0,0.0,6.32,1.31,0.0
20200209:2210,0.0,0.0,0.0,6.15,1.66,0.0
20200209:2310,0.0,0.0,0.0,5.87,1.66,0.0
20200210:0010,0.0,0.0,0.0,5.6,1.52,0.0
20200210:0110,0.0,0.0,0.0,5.24,1.38,0.0
20200210:0210,0.0,0.0,0.0,4.91,1.38,0.0
20200210:0310,0.0,0.0,0.0,4.63,1.17,0.0
20200210:0410,0.0,0.0,0.0,4.34,0.97,0.0
20200210:0510,0.0,0.0,0.0,4.14,0.62,0.0
20200210:0610,0.0,0.0,0.0,3.86,0.62,0.0
20200210:0710,687.0,30.82,4.69,2.98,1.03,0.0
20200210:0810,4065.5,111.0,13.73,3.51,0.76,0.0
20200210:0910,5323.0,138.0,21.39,4.2,0.28,0.0
20200210:1010,16538.5,401.01,27.09,5.29,0.34,0.0
20200210:1110,21174.0,514.01,30.2,7.16,0.62,0.0
20200210:1210,21293.5,521.01,30.3,9.14,0.76,0.0
20200210:1310,18955.5,472.01,27.36,11.56,0.97,0.0
20200210:1410,13856.5,360.01,21.81,13.47,0.97,0.0
20200210:1510,7315.0,217.01,14.24,14.19,0.69,0.0
20200210:1610,480.0,23.0,5.27,13.25,0.69,0.0
20200210:1710,0.0,0.0,0.0,10.87,1.38,0.0
20200210:1810,0.0,0.0,0.0,8.63,1.66,0.0
20200210:1910,0.0,0.0,0.0,7.28,1.52,0.0
20200210:2010,0.0,0.0,0.0,6.78,2.14,0.0
20200210:2110,0.0,0.0,0.0,7.17,2.55,0.0
20200210:2210,0.0,0.0,0.0,7.63,2.55,0.0
20200210:2310,0.0,0.0,0.0,7.11,2.0,0.0
20200211:0010,0.0,0.0,0.0,6.57,1.93,0.0
20200211:0110,0.0,0.0,0.0,6.71,2.28,0.0
20200211:0210,0.0,0.0,0.0,7.0,2.69,0.0
20200211:0310,0.0,0.0,0.0,8.02,3.1,0.0
20200211:0410,0.0,0.0,0.0,9.3,3.45,0.0
20200211:0510,0.0,0.0,0.0,9.81,3.72,0.0
20200211:0610,0.0,0.0,0.0,9.8,3.66,0.0
20200211:0710,785.0,52.38,4.93,9.24,2.48,0.0
20200211:0810,7660.5,226.01,13.99,9.6,1.17,0.0
20200211:0910,14345.5,375.01,21.68,12.8,0.28,0.0
20200211:1010,18742.0,479.01,27.4,15.16,0.21,0.0
20200211:1110,21093.0,533.01,30.53,16.91,1.24,0.0
20200211:1210,21331.5,531.01,30.63,17.2,3.17,0.0
20200211:1310,19351.0,484.01,27.68,17.15,4.0,0.0
20200211:1410,14409.0,374.01,22.1,16.96,3.86,0.0
20200211:1510,7807.5,232.01,14.52,16.34,2.97,0.0
20200211:1610,680.0,29.0,5.53,15.02,2.48,0.0
20200211:1710,0.0,0.0,0.0,13.23,2.48,0.0
20200211:1810,0.0,0.0,0.0,11.73,2.41,0.0
20200211:1910,0.0,0.0,0.0,11.36,3.38,0.0
20200211:2010,0.0,0.0,0.0,10.92,3.17,0.0
20200211:2110,0.0,0.0,0.0,10.23,3.03,0.0
20200211:2210,0.0,0.0,0.0,9.35,2.9,0.0
20200211:2310,0.0,0.0,0.0,8.47,2.97,0.0
20200212:0010,0.0,0.0,0.0,7.66,2.83,0.0
20200212:0110,0.0,0.0,0.0,6.36,2.55,0.0
20200212:0210,0.0,0.0,0.0,4.76,2.21,0.0
20200212:0310,0.0,0.0,0.0,3.98,1.93,0.0
20200212:0410,0.0,0.0,0.0,4.01,1.52,0.0
20200212:0510,0.0,0.0,0.0,5.34,1.03,0.0
20200212:0610,0.0,0.0,0.0,4.63,0.69,0.0
20200212:0710,928.5,56.54,5.17,3.59,0.97,0.0
20200212:0810,8315.5,237.01,14.25,4.04,0.76,0.0
20200212:0910,15507.5,389.01,21.97,6.51,1.24,0.0
20200212:1010,20422.0,500.01,27.71,8.61,1.24,0.0
20200212:1110,22641.0,555.02,30.86,10.47,1.24,0.0
20200212:1210,22167.5,547.01,30.96,11.84,1.17,0.0
20200212:1310,20279.0,505.01,28.0,12.65,1.38,0.0
20200212:1410,15151.0,390.01,22.4,12.92,1.17,0.0
20200212:1510,8362.0,244.01,14.79,12.73,0.76,0.0
20200212:1610,621.5,27.0,5.78,11.67,0.97,0.0
20200212:1710,0.0,0.0,0.0,9.08,1.17,0.0
20200212:1810,0.0,0.0,0.0,9.01,0.9,0.0
20200212:1910,0.0,0.0,0.0,8.37,1.31,0.0
20200212:2010,0.0,0.0,0.0,7.35,1.31,0.0
20200212:2110,0.0,0.0,0.0,6.64,1.24,0.0
20200212:2210,0.0,0.0,0.0,5.56,1.24,0.0
20200212:2310,0.0,0.0,0.0,4.35,1.31,0.0
20200213:0010,0.0,0.0,0.0,3.73,1.24,0.0
20200213:0110,0.0,0.0,0.0,4.17,0.9,0.0
20200213:0210,0.0,0.0,0.0,3.77,0.76,0.0
20200213:0310,0.0,0.0,0.0,3.07,0.83,0.0
20200213:0410,0.0,0.0,0.0,2.4,0.83,0.0
20200213:0510,0.0,0.0,0.0,2.0,0.83,0.0
20200213:0610,0.0,0.0,0.0,1.71,0.83,0.0
20200213:0710,1057.0,45.89,5.42,1.65,0.21,0.0
20200213:0810,8295.0,234.01,14.52,2.58,0.14,0.0
20200213:0910,15004.0,377.01,22.26,5.76,0.21,0.0
20200213:1010,19659.0,484.01,28.03,8.06,0.28,0.0
20200213:1110,22045.5,540.01,31.19,9.42,0.69,0.0
20200213:1210,21570.5,530.01,31.29,10.4,0.76,0.0
20200213:1310,18954.5,470.01,28.32,11.17,0.76,0.0
20200213:1410,8858.5,226.0,22.7,11.45,0.9,0.0
20200213:1510,7682.0,216.01,15.07,11.31,1.03,0.0
20200213:1610,1405.5,57.0,6.04,10.43,1.24,0.0
20200213:1710,0.0,0.0,0.0,8.58,1.52,0.0
20200213:1810,0.0,0.0,0.0,7.05,1.52,0.0
20200213:1910,0.0,0.0,0.0,6.0,1.86,0.0
20200213:2010,0.0,0.0,0.0,5.96,2.62,0.0
20200213:2110,0.0,0.0,0.0,5.92,2.76,0.0
20200213:2210,0.0,0.0,0.0,5.61,1.66,0.0
20200213:2310,0.0,0.0,0.0,5.2,0.55,0.0
20200214:0010,0.0,0.0,0.0,4.77,0.28,0.0
20200214:0110,0.0,0.0,0.0,3.68,0.55,0.0
20200214:0210,0.0,0.0,0.0,2.66,0.55,0.0
20200214:0310,0.0,0.0,0.0,2.0,0.34,0.0
20200214:0410,0.0,0.0,0.0,1.43,0.21,0.0
20200214:0510,0.0,0.0,0.0,0.89,0.14,0.0
20200214:0610,0.0,0.0,0.0,0.59,0.34,0.0
20200214:0710,1151.5,59.05,5.68,0.93,1.1,0.0
20200214:0810,8241.5,227.01,14.8,3.36,0.69,0.0
20200214:0910,15214.5,381.01,22.56,6.59,0.62,0.0
20200214:1010,20092.5,496.01,28.35,9.25,0.48,0.0
20200214:1110,22438.5,555.01,31.53,11.02,0.55,0.0
20200214:1210,22018.0,548.01,31.63,12.63,0.62,0.0
20200214:1310,20141.0,506.01,28.64,13.67,0.76,0.0
20200214:1410,15163.0,391.01,23.0,14.09,1.03,0.0
20200214:1510,8030.0,228.01,15.34,13.99,0.97,0.0
20200214:1610,1696.5,75.0,6.29,13.07,0.48,0.0
20200214:1710,0.0,0.0,0.0,12.37,0.21,0.0
20200214:1810,0.0,0.0,0.0,10.99,0.62,0.0
20200214:1910,0.0,0.0,0.0,11.3,0.14,0.0
20200214:2010,0.0,0.0,0.0,10.22,0.28,0.0
20200214:2110,0.0,0.0,0.0,9.08,0.41,0.0
20200214:2210,0.0,0.0,0.0,7.82,0.48,0.0
20200214:2310,0.0,0.0,0.0,6.47,0.55,0.0
20200215:0010,0.0,0.0,0.0,5.36,0.55,0.0
20200215:0110,0.0,0.0,0.0,4.69,0.62,0.0
20200215:0210,0.0,0.0,0.0,4.12,0.69,0.0
20200215:0310,0.0,0.0,0.0,3.72,0.62,0.0
20200215:0410,0.0,0.0,0.0,3.5,0.48,0.0
20200215:0510,0.0,0.0,0.0,3.08,0.34,0.0
20200215:0610,0.0,0.0,0.0,2.51,0.21,0.0
20200215:0710,1610.5,72.0,5.94,2.37,0.34,0.0
20200215:0810,8329.0,229.01,15.08,3.69,0.14,0.0
20200215:0910,13798.5,344.01,22.86,6.61,0.21,0.0
20200215:1010,19988.5,494.01,28.68,9.25,0.28,0.0
20200215:1110,22447.0,556.01,31.87,11.09,0.41,0.0
20200215:1210,22117.0,549.01,31.97,12.42,0.69,0.0
20200215:1310,20258.5,507.01,28.96,13.28,0.83,0.0
20200215:1410,15171.0,390.01,23.3,13.65,0.83,0.0
20200215:1510,8013.0,225.01,15.62,13.61,1.03,0.0
20200215:1610,1675.0,66.0,6.55,12.73,1.31,0.0
20200215:1710,0.0,0.0,0.0,10.77,1.93,0.0
20200215:1810,0.0,0.0,0.0,8.84,1.72,0.0
20200215:1910,0.0,0.0,0.0,6.92,1.79,0.0
20200215:2010,0.0,0.0,0.0,7.17,0.97,0.0
20200215:2110,0.0,0.0,0.0,7.09,0.9,0.0
20200215:2210,0.0,0.0,0.0,5.85,0.83,0.0
20200215:2310,0.0,0.0,0.0,5.1,0.83,0.0
20200216:0010,0.0,0.0,0.0,4.68,0.76,0.0
20200216:0110,0.0,0.0,0.0,3.93,0.97,0.0
20200216:0210,0.0,0.0,0.0,4.5,0.55,0.0
20200216:0310,0.0,0.0,0.0,4.4,0.28,0.0
20200216:0410,0.0,0.0,0.0,3.89,0.69,0.0
20200216:0510,0.0,0.0,0.0,3.44,0.62,0.0
20200216:0610,0.0,0.0,0.0,3.32,0.69,0.0
20200216:0710,1690.5,70.0,6.2,2.51,0.14,0.0
20200216:0810,8396.0,229.01,15.36,3.67,0.41,0.0
20200216:0910,15096.5,375.01,23.17,5.96,0.55,0.0
20200216:1010,19245.0,470.01,29.01,8.01,0.55,0.0
20200216:1110,18803.5,459.01,32.21,9.34,0.55,0.0
20200216:1210,17675.0,434.01,32.31,10.31,0.41,0.0
20200216:1310,14922.5,370.01,29.29,10.94,0.21,0.0
20200216:1410,7516.5,194.0,23.6,11.3,0.14,0.0
20200216:1510,5082.5,139.0,15.9,11.42,0.21,0.0
20200216:1610,1577.0,58.0,6.8,10.94,0.62,0.0
20200216:1710,0.0,0.0,0.0,9.82,1.1,0.0
20200216:1810,0.0,0.0,0.0,8.94,1.1,0.0
20200216:1910,0.0,0.0,0.0,8.28,1.59,0.0
20200216:2010,0.0,0.0,0.0,7.99,1.52,0.0
20200216:2110,0.0,0.0,0.0,7.49,1.59,0.0
20200216:2210,0.0,0.0,0.0,7.35,1.52,0.0
20200216:2310,0.0,0.0,0.0,7.2,1.38,0.0
20200217:0010,0.0,0.0,0.0,6.95,1.24,0.0
20200217:0110,0.0,0.0,0.0,6.84,1.17,0.0
20200217:0210,0.0,0.0,0.0,6.78,1.1,0.0
20200217:0310,0.0,0.0,0.0,6.6,1.03,0.0
20200217:0410,0.0,0.0,0.0,6.57,0.9,0.0
20200217:0510,0.0,0.0,0.0,6.49,0.83,0.0
20200217:0610,0.0,0.0,0.0,6.42,0.83,0.0
20200217:0710,768.5,31.0,6.47,6.51,1.24,0.0
20200217:0810,3354.5,94.0,15.65,6.68,1.24,0.0
20200217:0910,2593.0,76.0,23.48,7.1,1.38,0.0
20200217:1010,3176.0,90.0,29.34,7.94,1.45,0.0
20200217:1110,3471.5,97.0,32.56,8.26,1.59,0.0
20200217:1210,4374.5,118.0,32.66,8.47,1.72,0.0
20200217:1310,7769.5,196.0,29.62,8.76,1.66,0.0
20200217:1410,3718.5,103.0,23.91,8.89,1.66,0.0
20200217:1510,3201.0,91.0,16.18,8.84,1.72,0.0
20200217:1610,1784.0,65.0,7.06,8.65,1.66,0.0
20200217:1710,0.0,0.0,0.0,8.18,1.31,0.0
20200217:1810,0.0,0.0,0.0,7.76,1.1,0.0
20200217:1910,0.0,0.0,0.0,8.11,1.24,0.0
20200217:2010,0.0,0.0,0.0,8.02,1.31,0.0
20200217:2110,0.0,0.0,0.0,7.82,1.03,0.0
20200217:2210,0.0,0.0,0.0,7.49,0.62,0.0
20200217:2310,0.0,0.0,0.0,7.11,0.55,0.0
20200218:0010,0.0,0.0,0.0,6.73,0.83,0.0
20200218:0110,0.0,0.0,0.0,6.54,0.76,0.0
20200218:0210,0.0,0.0,0.0,6.72,0.48,0.0
20200218:0310,0.0,0.0,0.0,6.56,0.34,0.0
20200218:0410,0.0,0.0,0.0,6.33,0.48,0.0
20200218:0510,0.0,0.0,0.0,5.88,0.62,0.0
20200218:0610,0.0,0.0,0.0,5.31,0.9,0.0
20200218:0710,2012.5,81.0,6.74,4.32,1.45,0.0
20200218:0810,7128.5,188.0,15.94,5.96,1.17,0.0
20200218:0910,14379.5,358.01,23.8,9.44,1.31,0.0
20200218:1010,21186.0,522.01,29.68,11.56,1.38,0.0
20200218:1110,23474.0,581.01,32.91,13.21,1.24,0.0
20200218:1210,22890.5,571.01,33.0,14.26,0.97,0.0
20200218:1310,21037.5,529.01,29.95,14.83,0.9,0.0
20200218:1410,15944.5,410.01,24.21,14.96,0.83,0.0
20200218:1510,9351.0,264.01,16.45,14.81,0.76,0.0
20200218:1610,2271.0,96.0,7.32,14.07,0.34,0.0
20200218:1710,0.0,0.0,0.0,13.02,0.62,0.0
20200218:1810,0.0,0.0,0.0,10.82,1.03,0.0
20200218:1910,0.0,0.0,0.0,7.7,2.0,0.0
20200218:2010,0.0,0.0,0.0,6.67,1.86,0.0
20200218:2110,0.0,0.0,0.0,6.2,1.66,0.0
20200218:2210,0.0,0.0,0.0,6.16,1.38,0.0
20200218:2310,0.0,0.0,0.0,7.36,0.9,0.0
20200219:0010,0.0,0.0,0.0,6.89,0.55,0.0
20200219:0110,0.0,0.0,0.0,6.65,0.21,0.0
20200219:0210,0.0,0.0,0.0,6.07,0.21,0.0
20200219:0310,0.0,0.0,0.0,4.61,0.83,0.0
20200219:0410,0.0,0.0,0.0,4.28,0.76,0.0
20200219:0510,0.0,0.0,0.0,3.22,0.9,0.0
20200219:0610,0.0,0.0,0.0,2.93,0.83,0.0
20200219:0710,2204.0,91.0,7.02,4.35,0.34,0.0
20200219:0810,8344.5,220.0,16.24,4.52,0.69,0.0
20200219:0910,8946.0,223.0,24.12,7.32,1.03,0.0
20200219:1010,20497.5,500.01,30.02,9.45,1.17,0.0
20200219:1110,23860.0,585.01,33.26,11.8,1.45,0.0
20200219:1210,23481.5,578.01,33.36,13.43,1.79,0.0
20200219:1310,21392.5,530.01,30.28,14.57,2.21,0.0
20200219:1410,16512.0,419.01,24.52,15.19,2.62,0.0
20200219:1510,9698.0,271.01,16.73,15.08,2.34,0.0
20200219:1610,2415.0,101.0,7.58,13.91,1.38,0.0
20200219:1710,0.0,0.0,0.0,11.36,1.38,0.0
20200219:1810,0.0,0.0,0.0,8.81,2.07,0.0
20200219:1910,0.0,0.0,0.0,8.13,1.72,0.0
20200219:2010,0.0,0.0,0.0,7.13,1.66,0.0
20200219:2110,0.0,0.0,0.0,6.81,1.38,0.0
20200219:2210,0.0,0.0,0.0,7.09,1.24,0.0
20200219:2310,0.0,0.0,0.0,6.79,1.24,0.0
20200220:0010,0.0,0.0,0.0,4.82,1.59,0.0
20200220:0110,0.0,0.0,0.0,3.42,1.72,0.0
20200220:0210,0.0,0.0,0.0,2.79,1.66,0.0
20200220:0310,0.0,0.0,0.0,2.66,1.45,0.0
20200220:0410,0.0,0.0,0.0,2.91,1.24,0.0
20200220:0510,0.0,0.0,0.0,3.35,0.97,0.0
20200220:0610,0.0,0.0,0.0,2.56,1.03,0.0
20200220:0710,2102.5,73.0,7.3,3.49,0.41,0.0
20200220:0810,9243.0,246.01,16.54,4.84,0.28,0.0
20200220:0910,16769.0,417.01,24.44,7.63,0.55,0.0
20200220:1010,20579.5,505.01,30.37,9.76,0.69,0.0
20200220:1110,23500.0,578.01,33.62,11.27,0.9,0.0
20200220:1210,21730.0,536.01,33.71,12.39,0.97,0.0
20200220:1310,21311.5,530.01,30.62,13.08,0.97,0.0
20200220:1410,16618.0,422.01,24.82,13.48,1.03,0.0
20200220:1510,10179.5,284.01,17.01,13.5,1.03,0.0
20200220:1610,2560.5,101.0,7.83,12.66,1.17,0.0
20200220:1710,0.0,0.0,0.0,10.43,1.59,0.0
20200220:1810,0.0,0.0,0.0,8.0,1.31,0.0
20200220:1910,0.0,0.0,0.0,6.81,1.24,0.0
20200220:2010,0.0,0.0,0.0,6.64,0.9,0.0
20200220:2110,0.0,0.0,0.0,5.81,0.76,0.0
20200220:2210,0.0,0.0,0.0,5.01,0.62,0.0
20200220:2310,0.0,0.0,0.0,4.42,0.62,0.0
20200221:0010,0.0,0.0,0.0,4.26,0.21,0.0
20200221:0110,0.0,0.0,0.0,3.52,0.28,0.0
20200221:0210,0.0,0.0,0.0,3.16,0.41,0.0
20200221:0310,0.0,0.0,0.0,3.16,0.34,0.0
20200221:0410,0.0,0.0,0.0,2.82,0.76,0.0
20200221:0510,0.0,0.0,0.0,2.39,0.9,0.0
20200221:0610,0.0,0.0,0.0,0.89,1.1,0.0
20200221:0710,2582.0,103.0,7.59,1.49,0.41,0.0
20200221:0810,10215.5,272.01,16.85,3.41,0.34,0.0
20200221:0910,16750.0,415.01,24.77,7.3,0.48,0.0
20200221:1010,19757.0,484.01,30.72,10.08,0.83,0.0
20200221:1110,17148.5,422.01,33.98,12.16,1.03,0.0
20200221:1210,19844.0,492.01,34.07,13.73,0.97,0.0
20200221:1310,18044.0,451.01,30.96,14.65,0.9,0.0
20200221:1410,16000.0,409.01,25.13,15.17,0.83,0.0
20200221:1510,9878.5,274.01,17.29,15.13,0.9,0.0
20200221:1610,2743.0,112.0,8.09,14.25,0.83,0.0
20200221:1710,0.0,0.0,0.0,12.0,1.03,0.0
20200221:1810,0.0,0.0,0.0,10.65,1.1,0.0
20200221:1910,0.0,0.0,0.0,11.54,0.48,0.0
20200221:2010,0.0,0.0,0.0,10.1,0.21,0.0
20200221:2110,0.0,0.0,0.0,8.66,0.07,0.0
20200221:2210,0.0,0.0,0.0,7.24,0.62,0.0
20200221:2310,0.0,0.0,0.0,5.36,1.03,0.0
20200222:0010,0.0,0.0,0.0,4.46,0.9,0.0
20200222:0110,0.0,0.0,0.0,2.85,1.31,0.0
20200222:0210,0.0,0.0,0.0,2.16,1.66,0.0
20200222:0310,0.0,0.0,0.0,2.14,1.31,0.0
20200222:0410,0.0,0.0,0.0,2.03,1.03,0.0
20200222:0510,0.0,0.0,0.0,1.89,0.83,0.0
20200222:0610,0.0,0.0,0.0,2.2,0.41,0.0
20200222:0710,2675.0,99.0,7.88,2.28,0.14,0.0
20200222:0810,10042.0,265.01,17.15,3.85,0.34,0.0
20200222:0910,16886.5,416.01,25.1,6.5,0.48,0.0
20200222:1010,22093.5,541.01,31.07,8.57,0.41,0.0
20200222:1110,23891.5,588.01,34.35,10.38,0.48,0.0
20200222:1210,23475.0,580.01,34.43,11.69,0.62,0.0
20200222:1310,21718.5,539.01,31.29,12.6,0.83,0.0
20200222:1410,16867.0,426.01,25.44,13.07,1.03,0.0
20200222:1510,10093.0,276.01,17.58,13.1,1.03,0.0
20200222:1610,2845.5,106.0,8.35,12.53,1.03,0.0
20200222:1710,0.0,0.0,0.0,10.8,1.79,0.0
20200222:1810,0.0,0.0,0.0,9.05,1.66,0.0
20200222:1910,0.0,0.0,0.0,7.46,1.31,0.0
20200222:2010,0.0,0.0,0.0,6.94,0.97,0.0
20200222:2110,0.0,0.0,0.0,6.83,0.83,0.0
20200222:2210,0.0,0.0,0.0,6.36,0.48,0.0
20200222:2310,0.0,0.0,0.0,5.79,0.55,0.0
20200223:0010,0.0,0.0,0.0,5.32,0.41,0.0
20200223:0110,0.0,0.0,0.0,4.93,0.07,0.0
20200223:0210,0.0,0.0,0.0,4.86,0.34,0.0
20200223:0310,0.0,0.0,0.0,4.77,0.48,0.0
20200223:0410,0.0,0.0,0.0,4.7,0.48,0.0
20200223:0510,0.0,0.0,0.0,4.72,0.55,0.0
20200223:0610,0.0,0.0,0.0,4.89,0.21,0.0
20200223:0710,1865.5,61.0,8.17,4.51,0.34,0.0
20200223:0810,5605.0,147.0,17.47,5.96,0.41,0.0
20200223:0910,15062.5,372.01,25.44,8.7,0.83,0.0
20200223:1010,18665.0,455.01,31.42,10.91,1.59,0.0
20200223:1110,19544.5,479.01,34.71,12.73,1.59,0.0
20200223:1210,22154.0,546.01,34.79,14.17,1.72,0.0
20200223:1310,11355.0,286.0,31.63,15.31,2.14,0.0
20200223:1410,11024.5,280.0,25.75,15.71,2.34,0.0
20200223:1510,5469.5,149.0,17.86,15.53,2.28,0.0
20200223:1610,1902.0,64.0,8.61,14.53,1.79,0.0
20200223:1710,0.0,0.0,0.0,13.0,2.21,0.0
20200223:1810,0.0,0.0,0.0,11.53,2.41,0.0
20200223:1910,0.0,0.0,0.0,9.98,2.48,0.0
20200223:2010,0.0,0.0,0.0,9.2,2.48,0.0
20200223:2110,0.0,0.0,0.0,8.69,2.41,0.0
20200223:2210,0.0,0.0,0.0,8.32,2.14,0.0
20200223:2310,0.0,0.0,0.0,8.03,1.86,0.0
20200224:0010,0.0,0.0,0.0,7.72,1.72,0.0
20200224:0110,0.0,0.0,0.0,7.52,1.59,0.0
20200224:0210,0.0,0.0,0.0,6.92,1.38,0.0
20200224:0310,0.0,0.0,0.0,6.43,1.24,0.0
20200224:0410,0.0,0.0,0.0,6.31,1.17,0.0
20200224:0510,0.0,0.0,0.0,6.32,1.03,0.0
20200224:0610,0.0,0.0,0.0,6.02,1.24,0.0
20200224:0710,3148.5,119.0,8.46,5.57,1.31,0.0
20200224:0810,10874.0,290.01,17.78,8.07,1.17,0.0
20200224:0910,17747.0,441.01,25.77,10.51,1.38,0.0
20200224:1010,22361.5,553.01,31.78,12.74,1.17,0.0
20200224:1110,24272.0,606.01,35.08,15.18,1.17,0.0
20200224:1210,23378.0,587.01,35.15,16.68,1.24,0.0
20200224:1310,21687.0,547.01,31.97,17.71,1.52,0.0
20200224:1410,17269.0,443.01,26.06,18.15,1.79,0.0
20200224:1510,10690.0,296.01,18.14,17.9,1.86,0.0
20200224:1610,3167.5,121.0,8.86,16.67,1.59,0.0
20200224:1710,0.0,0.0,0.0,14.9,1.66,0.0
20200224:1810,0.0,0.0,0.0,12.76,2.0,0.0
20200224:1910,0.0,0.0,0.0,10.8,1.66,0.0
20200224:2010,0.0,0.0,0.0,10.01,1.52,0.0
20200224:2110,0.0,0.0,0.0,9.07,1.31,0.0
20200224:2210,0.0,0.0,0.0,8.56,0.9,0.0
20200224:2310,0.0,0.0,0.0,8.98,0.55,0.0
20200225:0010,0.0,0.0,0.0,8.82,0.34,0.0
20200225:0110,0.0,0.0,0.0,8.59,0.41,0.0
20200225:0210,0.0,0.0,0.0,8.08,0.62,0.0
20200225:0310,0.0,0.0,0.0,7.51,0.69,0.0
20200225:0410,0.0,0.0,0.0,6.82,0.97,0.0
20200225:0510,0.0,0.0,0.0,6.5,1.1,0.0
20200225:0610,0.0,0.0,0.0,6.64,1.17,0.0
20200225:0710,123.5,11.0,8.76,7.09,1.24,0.0
20200225:0810,1471.5,49.0,18.1,7.9,1.03,0.0
20200225:0910,5488.0,144.0,26.11,8.84,1.17,0.0
20200225:1010,8883.5,223.0,32.14,9.77,1.03,0.0
20200225:1110,13107.0,323.0,35.45,10.62,0.83,0.0
20200225:1210,4042.5,112.0,35.52,11.71,0.83,0.0
20200225:1310,5338.0,143.0,32.32,12.61,0.62,0.0
20200225:1410,5552.0,148.0,26.37,12.91,1.17,0.0
20200225:1510,8682.5,229.0,18.42,12.76,2.0,0.0
20200225:1610,1827.0,60.0,9.12,11.92,1.79,0.0
20200225:1710,0.0,0.0,0.0,11.03,1.52,0.0
20200225:1810,0.0,0.0,0.0,9.99,1.17,0.0
20200225:1910,0.0,0.0,0.0,10.52,0.41,0.0
20200225:2010,0.0,0.0,0.0,10.12,0.41,0.0
20200225:2110,0.0,0.0,0.0,9.3,0.76,0.0
20200225:2210,0.0,0.0,0.0,8.91,0.62,0.0
20200225:2310,0.0,0.0,0.0,8.27,0.62,0.0
20200226:0010,0.0,0.0,0.0,7.1,0.9,0.0
20200226:0110,0.0,0.0,0.0,5.17,1.52,0.0
20200226:0210,0.0,0.0,0.0,4.5,2.28,0.0
20200226:0310,0.0,0.0,0.0,4.99,2.69,0.0
20200226:0410,0.0,0.0,0.0,5.23,2.69,0.0
20200226:0510,0.0,0.0,0.0,5.15,2.83,0.0
20200226:0610,0.0,0.0,0.0,5.22,2.9,0.0
20200226:0710,3679.5,134.0,9.07,6.1,3.03,0.0
20200226:0810,11995.5,316.01,18.42,8.28,2.41,0.0
20200226:0910,18908.5,466.01,26.46,11.78,3.03,0.0
20200226:1010,24410.0,587.01,32.51,12.94,5.03,0.0
20200226:1110,26253.0,624.01,35.83,12.13,5.79,0.0
20200226:1210,25480.0,604.01,35.88,11.86,6.21,0.0
20200226:1310,24070.0,571.01,32.66,11.85,7.1,0.0
20200226:1410,19257.0,465.01,26.68,11.2,7.24,0.0
20200226:1510,11784.5,307.01,18.7,10.63,6.9,0.0
20200226:1610,2951.5,93.0,9.38,9.7,5.86,0.0
20200226:1710,0.0,0.0,0.0,8.39,4.97,0.0
20200226:1810,0.0,0.0,0.0,7.33,4.21,0.0
20200226:1910,0.0,0.0,0.0,7.07,3.93,0.0
20200226:2010,0.0,0.0,0.0,6.21,3.03,0.0
20200226:2110,0.0,0.0,0.0,5.17,2.55,0.0
20200226:2210,0.0,0.0,0.0,4.35,2.55,0.0
20200226:2310,0.0,0.0,0.0,3.76,2.69,0.0
20200227:0010,0.0,0.0,0.0,3.37,2.69,0.0
20200227:0110,0.0,0.0,0.0,2.8,2.48,0.0
20200227:0210,0.0,0.0,0.0,1.58,1.93,0.0
20200227:0310,0.0,0.0,0.0,0.42,1.72,0.0
20200227:0410,0.0,0.0,0.0,-0.4,1.79,0.0
20200227:0510,0.0,0.0,0.0,-0.33,1.45,0.0
20200227:0610,0.0,0.0,0.0,0.82,1.1,0.0
20200227:0710,3855.5,135.0,9.37,1.63,0.34,0.0
20200227:0810,11450.0,293.01,18.75,2.97,0.48,0.0
20200227:0910,17426.5,423.01,26.81,6.67,1.17,0.0
20200227:1010,24360.5,587.01,32.88,8.39,1.59,0.0
20200227:1110,24972.5,604.01,36.21,9.9,1.66,0.0
20200227:1210,24499.5,597.01,36.25,11.05,1.45,0.0
20200227:1310,18358.0,449.01,33.0,11.54,1.38,0.0
20200227:1410,7923.0,202.0,26.99,11.21,1.31,0.0
20200227:1510,10989.0,287.01,18.98,10.5,2.14,0.0
20200227:1610,3878.5,137.0,9.63,9.21,2.83,0.0
20200227:1710,0.0,0.0,0.0,7.45,2.76,0.0
20200227:1810,0.0,0.0,0.0,5.71,2.48,0.0
20200227:1910,0.0,0.0,0.0,4.74,1.86,0.0
20200227:2010,0.0,0.0,0.0,3.27,1.38,0.0
20200227:2110,0.0,0.0,0.0,3.3,0.62,0.0
20200227:2210,0.0,0.0,0.0,2.35,0.48,0.0
20200227:2310,0.0,0.0,0.0,1.48,0.48,0.0
20200228:0010,0.0,0.0,0.0,1.13,0.62,0.0
20200228:0110,0.0,0.0,0.0,0.6,1.31,0.0
20200228:0210,0.0,0.0,0.0,0.79,1.72,0.0
20200228:0310,0.0,0.0,0.0,2.04,1.52,0.0
20200228:0410,0.0,0.0,0.0,4.07,0.97,0.0
20200228:0510,0.0,0.0,0.0,4.71,0.41,0.0
20200228:0610,0.0,0.0,0.0,4.43,0.69,0.0
20200228:0710,4117.0,137.0,9.68,1.57,1.24,0.0
20200228:0810,12531.5,326.01,19.07,5.45,0.34,0.0
20200228:0910,19356.0,480.01,27.16,8.62,0.21,0.0
20200228:1010,24527.5,599.01,33.25,10.14,1.17,0.0
20200228:1110,26369.0,643.01,36.59,11.09,1.59,0.0
20200228:1210,25098.5,612.01,36.62,11.77,1.79,0.0
20200228:1310,23796.0,582.01,33.35,12.31,1.93,0.0
20200228:1410,19082.0,473.01,27.31,12.68,2.14,0.0
20200228:1510,12164.5,322.01,19.26,12.66,2.28,0.0
20200228:1610,4065.0,140.0,9.89,11.96,1.66,0.0
20200228:1710,0.0,0.0,0.0,9.99,1.93,0.0
20200228:1810,0.0,0.0,0.0,7.91,1.86,0.0
20200228:1910,0.0,0.0,0.0,6.64,1.93,0.0
20200228:2010,0.0,0.0,0.0,5.67,1.52,0.0
20200228:2110,0.0,0.0,0.0,5.36,1.24,0.0
20200228:2210,0.0,0.0,0.0,5.41,1.1,0.0
20200228:2310,0.0,0.0,0.0,5.47,0.9,0.0
20200229:0010,0.0,0.0,0.0,4.84,0.69,0.0
20200229:0110,0.0,0.0,0.0,4.32,0.62,0.0
20200229:0210,0.0,0.0,0.0,4.25,0.62,0.0
20200229:0310,0.0,0.0,0.0,4.11,0.69,0.0
20200229:0410,0.0,0.0,0.0,3.99,0.69,0.0
20200229:0510,0.0,0.0,0.0,3.97,0.62,0.0
20200229:0610,0.0,0.0,0.0,3.85,0.62,0.0
20200229:0710,3180.5,96.0,9.68,3.53,0.69,0.0
20200229:0810,5330.5,139.0,19.07,5.04,0.41,0.0
20200229:0910,9812.0,243.0,27.16,7.85,0.9,0.0
20200229:1010,20915.0,506.01,33.25,9.02,1.24,0.0
20200229:1110,11837.0,292.0,36.59,9.87,0.9,0.0
20200229:1210,8295.0,210.0,36.62,10.27,0.9,0.0
20200229:1310,2301.5,70.0,33.35,10.43,1.17,0.0
20200229:1410,2017.0,63.0,27.31,10.23,1.38,0.0
20200229:1510,6858.5,178.0,19.26,9.82,1.66,0.0
20200229:1610,595.5,26.0,9.89,9.18,1.79,0.0
20200229:1710,0.0,0.0,0.0,8.22,2.0,0.0
20200229:1810,0.0,0.0,0.0,7.34,1.93,0.0
20200229:1910,0.0,0.0,0.0,6.22,2.21,0.0
20200229:2010,0.0,0.0,0.0,5.59,2.41,0.0
20200229:2110,0.0,0.0,0.0,5.14,2.28,0.0
20200229:2210,0.0,0.0,0.0,4.75,1.66,0.0
20200229:2310,0.0,0.0,0.0,4.54,1.17,0.0
20200301:0010,0.0,0.0,0.0,4.4,1.03,0.0
20200301:0110,0.0,0.0,0.0,3.92,1.45,0.0
20200301:0210,0.0,0.0,0.0,3.75,1.24,0.0
20200301:0310,0.0,0.0,0.0,3.61,1.24,0.0
20200301:0410,0.0,0.0,0.0,3.38,1.17,0.0
20200301:0510,0.0,0.0,0.0,3.22,1.1,0.0
20200301:0610,0.0,0.0,0.0,3.09,1.1,0.0
20200301:0710,766.5,30.0,10.0,1.92,0.62,0.0
20200301:0810,9468.0,236.0,19.4,2.61,0.83,0.0
20200301:0910,15000.0,358.0,27.51,3.39,0.97,0.0
20200301:1010,14398.5,344.0,33.62,4.52,0.83,0.0
20200301:1110,6585.5,167.0,36.97,5.4,0.69,0.0
20200301:1210,13478.0,326.0,36.99,6.51,0.69,0.0
20200301:1310,18521.5,447.01,33.69,7.32,0.62,0.0
20200301:1410,10891.0,268.0,27.62,7.82,0.9,0.0
20200301:1510,10840.0,278.01,19.54,8.13,1.1,0.0
20200301:1610,2112.5,66.0,10.15,8.19,0.9,0.0
20200301:1710,0.0,0.0,0.0,7.75,0.41,0.0
20200301:1810,0.0,0.0,0.0,7.22,0.14,0.0
20200301:1910,0.0,0.0,0.0,5.65,0.9,0.0
20200301:2010,0.0,0.0,0.0,5.46,0.69,0.0
20200301:2110,0.0,0.0,0.0,4.99,0.21,0.0
20200301:2210,0.0,0.0,0.0,4.36,0.07,0.0
20200301:2310,0.0,0.0,0.0,3.63,0.21,0.0
20200302:0010,0.0,0.0,0.0,2.81,0.28,0.0
20200302:0110,0.0,0.0,0.0,2.19,0.48,0.0
20200302:0210,0.0,0.0,0.0,1.92,0.76,0.0
20200302:0310,0.0,0.0,0.0,1.21,0.83,0.0
20200302:0410,0.0,0.0,0.0,1.15,0.69,0.0
20200302:0510,0.0,0.0,0.0,0.92,0.9,0.0
20200302:0610,0.0,0.0,0.0,1.14,1.59,0.0
20200302:0710,1150.0,40.0,10.31,2.61,1.66,0.0
20200302:0810,3072.0,86.0,19.74,3.59,1.86,0.0
20200302:0910,2462.5,72.0,27.86,4.18,2.41,0.0
20200302:1010,3280.5,91.0,33.99,4.3,2.28,0.0
20200302:1110,4378.0,116.0,37.35,4.32,2.21,0.0
20200302:1210,4069.0,109.0,37.37,4.44,2.62,0.0
20200302:1310,1742.5,55.0,34.04,4.83,2.76,0.0
20200302:1410,2279.5,68.0,27.93,5.36,2.76,0.0
20200302:1510,643.0,27.0,19.82,5.71,2.76,0.0
20200302:1610,1408.5,47.0,10.4,5.79,2.07,0.0
20200302:1710,0.0,0.0,0.0,5.52,2.0,0.0
20200302:1810,0.0,0.0,0.0,5.14,2.07,0.0
20200302:1910,0.0,0.0,0.0,4.04,1.79,0.0
20200302:2010,0.0,0.0,0.0,3.85,1.66,0.0
20200302:2110,0.0,0.0,0.0,3.32,1.24,0.0
20200302:2210,0.0,0.0,0.0,2.7,1.17,0.0
20200302:2310,0.0,0.0,0.0,2.13,1.17,0.0
20200303:0010,0.0,0.0,0.0,2.05,0.83,0.0
20200303:0110,0.0,0.0,0.0,2.3,0.69,0.0
20200303:0210,0.0,0.0,0.0,1.74,0.83,0.0
20200303:0310,0.0,0.0,0.0,1.46,1.38,0.0
20200303:0410,0.0,0.0,0.0,2.32,2.41,0.0
20200303:0510,0.0,0.0,0.0,3.34,2.9,0.0
20200303:0610,0.0,0.0,0.0,3.52,3.03,0.0
20200303:0710,4673.0,142.0,10.63,4.01,2.69,0.0
20200303:0810,13419.0,340.01,20.07,6.25,2.34,0.0
20200303:0910,20926.5,508.01,28.22,9.25,2.41,0.0
20200303:1010,22709.0,548.01,34.37,11.62,3.03,0.0
20200303:1110,27890.0,680.01,37.74,12.8,2.48,0.0
20200303:1210,26245.0,649.01,37.74,13.55,1.45,0.0
20200303:1310,24573.0,612.01,34.38,13.94,1.03,0.0
20200303:1410,14420.5,361.0,28.24,13.98,1.03,0.0
20200303:1510,11650.5,305.01,20.1,13.84,1.31,0.0
20200303:1610,4311.5,136.0,10.65,13.11,1.24,0.0
20200303:1710,0.0,0.0,0.0,11.5,1.66,0.0
20200303:1810,0.0,0.0,0.0,9.59,1.86,0.0
20200303:1910,0.0,0.0,0.0,8.28,1.38,0.0
20200303:2010,0.0,0.0,0.0,8.0,1.17,0.0
20200303:2110,0.0,0.0,0.0,7.96,1.03,0.0
20200303:2210,0.0,0.0,0.0,7.0,0.9,0.0
20200303:2310,0.0,0.0,0.0,6.11,1.1,0.0
20200304:0010,0.0,0.0,0.0,4.49,1.24,0.0
20200304:0110,0.0,0.0,0.0,3.71,1.24,0.0
20200304:0210,0.0,0.0,0.0,2.61,1.31,0.0
20200304:0310,0.0,0.0,0.0,2.82,1.03,0.0
20200304:0410,0.0,0.0,0.0,1.61,1.24,0.0
20200304:0510,0.0,0.0,0.0,0.3,1.31,0.0
20200304:0610,0.0,0.0,0.0,0.3,1.24,0.0
20200304:0710,5197.5,161.0,10.95,2.43,0.69,0.0
20200304:0810,13793.5,349.01,20.41,4.39,0.76,0.0
20200304:0910,20512.0,502.01,28.58,8.05,0.69,0.0
20200304:1010,25126.0,617.01,34.75,10.3,0.76,0.0
20200304:1110,26806.5,666.01,38.13,11.82,0.55,0.0
20200304:1210,25838.5,641.01,38.12,12.67,0.83,0.0
20200304:1310,22821.0,564.01,34.73,13.05,1.1,0.0
20200304:1410,18646.0,464.01,28.55,13.15,1.24,0.0
20200304:1510,12880.0,337.01,20.37,13.09,1.52,0.0
20200304:1610,4832.5,157.0,10.91,12.43,1.45,0.0
20200304:1710,0.0,0.0,0.0,10.64,1.79,0.0
20200304:1810,0.0,0.0,0.0,8.63,1.93,0.0
20200304:1910,0.0,0.0,0.0,7.12,1.66,0.0
20200304:2010,0.0,0.0,0.0,6.07,1.45,0.0
20200304:2110,0.0,0.0,0.0,5.79,1.17,0.0
20200304:2210,0.0,0.0,0.0,5.48,1.03,0.0
20200304:2310,0.0,0.0,0.0,5.23,0.9,0.0
20200305:0010,0.0,0.0,0.0,4.57,0.76,0.0
20200305:0110,0.0,0.0,0.0,3.74,0.76,0.0
20200305:0210,0.0,0.0,0.0,3.46,0.69,0.0
20200305:0310,0.0,0.0,0.0,2.96,0.83,0.0
20200305:0410,0.0,0.0,0.0,2.42,0.97,0.0
20200305:0510,0.0,0.0,0.0,2.54,0.97,0.0
20200305:0610,0.0,0.0,0.0,2.11,1.17,0.0
20200305:0710,2708.0,79.0,11.27,3.1,1.24,0.0
20200305:0810,5141.5,134.0,20.75,5.11,1.72,0.0
20200305:0910,16208.5,387.01,28.94,5.77,1.93,0.0
20200305:1010,4383.0,117.0,35.13,6.23,2.34,0.0
20200305:1110,5440.5,141.0,38.52,6.45,2.83,0.0
20200305:1210,3291.5,92.0,38.5,6.47,2.83,0.0
20200305:1310,3467.0,96.0,35.08,6.31,2.76,0.0
20200305:1410,1937.5,60.0,28.86,6.03,2.48,0.0
20200305:1510,2064.0,63.0,20.65,5.83,2.28,0.0
20200305:1610,400.0,20.0,11.16,5.44,2.21,0.0
20200305:1710,0.0,0.0,0.0,4.97,2.21,0.0
20200305:1810,0.0,0.0,0.0,4.47,2.28,0.0
20200305:1910,0.0,0.0,0.0,4.01,2.55,0.0
20200305:2010,0.0,0.0,0.0,3.44,2.76,0.0
20200305:2110,0.0,0.0,0.0,2.97,2.41,0.0
20200305:2210,0.0,0.0,0.0,2.93,2.14,0.0
20200305:2310,0.0,0.0,0.0,2.89,1.93,0.0
20200306:0010,0.0,0.0,0.0,2.77,1.52,0.0
20200306:0110,0.0,0.0,0.0,2.57,1.1,0.0
20200306:0210,0.0,0.0,0.0,2.28,0.9,0.0
20200306:0310,0.0,0.0,0.0,2.04,0.69,0.0
20200306:0410,0.0,0.0,0.0,1.71,0.62,0.0
20200306:0510,0.0,0.0,0.0,1.46,0.62,0.0
20200306:0610,0.0,0.0,0.0,1.4,0.41,0.0
20200306:0710,2701.0,78.0,11.6,1.8,0.34,0.0
20200306:0810,3509.5,96.0,21.1,2.8,0.14,0.0
20200306:0910,7243.0,181.0,29.31,4.11,0.55,0.0
20200306:1010,12678.5,307.0,35.52,5.87,0.48,0.0
20200306:1110,27097.5,661.01,38.91,8.13,0.55,0.0
20200306:1210,27470.0,675.01,38.87,9.94,0.69,0.0
20200306:1310,25600.5,631.01,35.43,11.29,0.83,0.0
20200306:1410,20336.0,506.01,29.17,12.24,0.83,0.0
20200306:1510,13535.5,354.01,20.93,12.73,0.83,0.0
20200306:1610,5307.5,172.0,11.41,12.72,0.83,0.0
20200306:1710,0.0,0.0,0.0,11.63,1.03,0.0
20200306:1810,0.0,0.0,0.0,9.02,1.59,0.0
20200306:1910,0.0,0.0,0.0,6.69,2.21,0.0
20200306:2010,0.0,0.0,0.0,5.29,2.14,0.0
20200306:2110,0.0,0.0,0.0,4.27,1.93,0.0
20200306:2210,0.0,0.0,0.0,3.62,1.86,0.0
20200306:2310,0.0,0.0,0.0,2.9,1.86,0.0
20200307:0010,0.0,0.0,0.0,2.38,1.72,0.0
20200307:0110,0.0,0.0,0.0,2.61,1.52,0.0
20200307:0210,0.0,0.0,0.0,2.84,1.24,0.0
20200307:0310,0.0,0.0,0.0,2.22,1.24,0.0
20200307:0410,0.0,0.0,0.0,0.73,1.45,0.0
20200307:0510,0.0,0.0,0.0,-0.24,1.66,0.0
20200307:0610,0.0,0.0,0.0,-0.76,1.72,0.0
20200307:0710,6055.5,181.0,11.93,3.07,0.76,0.0
20200307:0810,14829.5,372.01,21.44,5.54,1.17,0.0
20200307:0910,21643.0,525.01,29.67,8.9,1.72,0.0
20200307:1010,26319.0,640.01,35.9,11.31,2.0,0.0
20200307:1110,28630.0,703.01,39.3,13.09,2.0,0.0
20200307:1210,27309.0,677.01,39.25,14.04,1.52,0.0
20200307:1310,25755.5,643.01,35.77,14.55,1.1,0.0
20200307:1410,21049.0,530.01,29.48,14.75,0.9,0.0
20200307:1510,13686.0,360.01,21.2,14.71,0.76,0.0
20200307:1610,5446.0,174.0,11.67,14.32,0.48,0.0
20200307:1710,0.0,0.0,0.0,13.7,0.07,0.0
20200307:1810,0.0,0.0,0.0,12.57,0.41,0.0
20200307:1910,0.0,0.0,0.0,8.41,1.72,0.0
20200307:2010,0.0,0.0,0.0,5.72,2.28,0.0
20200307:2110,0.0,0.0,0.0,4.13,2.55,0.0
20200307:2210,0.0,0.0,0.0,3.02,2.28,0.0
20200307:2310,0.0,0.0,0.0,2.99,1.86,0.0
20200308:0010,0.0,0.0,0.0,3.62,1.52,0.0
20200308:0110,0.0,0.0,0.0,4.78,1.1,0.0
20200308:0210,0.0,0.0,0.0,4.13,1.03,0.0
20200308:0310,0.0,0.0,0.0,3.15,0.97,0.0
20200308:0410,0.0,0.0,0.0,2.61,0.76,0.0
20200308:0510,0.0,0.0,0.0,1.89,0.69,0.0
20200308:0610,0.0,0.0,0.0,1.21,0.76,0.0
20200308:0710,4634.0,129.0,12.26,2.4,0.28,0.0
20200308:0810,14047.0,351.01,21.79,5.13,0.48,0.0
20200308:0910,18544.0,452.01,30.04,8.15,0.48,0.0
20200308:1010,24154.5,593.01,36.29,10.0,0.48,0.0
20200308:1110,27501.0,682.01,39.7,11.37,0.55,0.0
20200308:1210,26469.5,658.01,39.63,12.41,0.62,0.0
20200308:1310,18946.5,469.01,36.12,13.13,0.76,0.0
20200308:1410,12622.5,316.0,29.79,13.55,0.97,0.0
20200308:1510,12721.0,329.01,21.48,13.57,1.31,0.0
20200308:1610,939.5,36.0,11.92,13.11,1.38,0.0
20200308:1710,0.0,0.0,0.0,11.59,1.72,0.0
20200308:1810,0.0,0.0,0.0,9.53,1.79,0.0
20200308:1910,0.0,0.0,0.0,7.88,1.31,0.0
20200308:2010,0.0,0.0,0.0,7.32,0.97,0.0
20200308:2110,0.0,0.0,0.0,7.19,0.69,0.0
20200308:2210,0.0,0.0,0.0,6.61,0.48,0.0
20200308:2310,0.0,0.0,0.0,6.21,0.34,0.0
20200309:0010,0.0,0.0,0.0,5.75,0.41,0.0
20200309:0110,0.0,0.0,0.0,5.16,0.55,0.0
20200309:0210,0.0,0.0,0.0,4.81,0.69,0.0
20200309:0310,0.0,0.0,0.0,4.68,0.69,0.0
20200309:0410,0.0,0.0,0.0,3.98,0.97,0.0
20200309:0510,0.0,0.0,0.0,3.14,1.31,0.0
20200309:0610,0.0,3.0,2.32,3.09,1.31,0.0
20200309:0710,402.0,20.0,12.59,4.49,0.97,0.0
20200309:0810,2099.0,64.0,22.14,6.27,1.38,0.0
20200309:0910,4105.5,111.0,30.41,6.61,1.38,0.0
20200309:1010,15614.0,375.0,36.68,6.72,1.1,0.0
20200309:1110,9328.5,231.0,40.09,7.46,1.03,0.0
20200309:1210,23025.5,555.01,40.01,8.05,1.03,0.0
20200309:1310,15046.0,365.0,36.47,8.58,1.03,0.0
20200309:1410,15301.0,373.0,30.1,9.36,1.17,0.0
20200309:1510,12289.5,312.0,21.75,9.78,0.69,0.0
20200309:1610,4343.0,126.0,12.17,9.78,0.48,0.0
20200309:1710,0.0,0.0,0.0,9.19,0.69,0.0
20200309:1810,0.0,0.0,0.0,7.66,0.76,0.0
20200309:1910,0.0,0.0,0.0,5.3,1.79,0.0
20200309:2010,0.0,0.0,0.0,4.21,1.79,0.0
20200309:2110,0.0,0.0,0.0,3.41,1.66,0.0
20200309:2210,0.0,0.0,0.0,3.07,1.38,0.0
20200309:2310,0.0,0.0,0.0,3.5,1.17,0.0
20200310:0010,0.0,0.0,0.0,3.78,1.1,0.0
20200310:0110,0.0,0.0,0.0,2.86,1.24,0.0
20200310:0210,0.0,0.0,0.0,2.66,1.17,0.0
20200310:0310,0.0,0.0,0.0,2.86,1.03,0.0
20200310:0410,0.0,0.0,0.0,2.59,0.83,0.0
20200310:0510,0.0,0.0,0.0,2.53,0.69,0.0
20200310:0610,8.5,6.0,2.64,2.57,0.34,0.0
20200310:0710,4018.0,111.0,12.92,3.5,0.62,0.0
20200310:0810,14653.5,366.01,22.49,5.79,0.41,0.0
20200310:0910,20439.5,499.01,30.78,7.92,0.28,0.0
20200310:1010,21610.0,529.01,37.07,10.23,0.55,0.0
20200310:1110,26154.0,646.01,40.49,11.93,0.83,0.0
20200310:1210,27151.5,673.01,40.39,12.82,0.97,0.0
20200310:1310,24967.0,620.01,36.81,13.86,1.03,0.0
20200310:1410,20546.5,513.01,30.4,14.45,1.17,0.0
20200310:1510,13586.0,352.01,22.03,14.44,1.45,0.0
20200310:1610,5388.5,163.0,12.41,13.98,1.45,0.0
20200310:1710,0.0,0.0,0.0,12.27,1.59,0.0
20200310:1810,0.0,0.0,0.0,10.1,1.45,0.0
20200310:1910,0.0,0.0,0.0,8.68,1.52,0.0
20200310:2010,0.0,0.0,0.0,8.47,1.03,0.0
20200310:2110,0.0,0.0,0.0,8.39,0.76,0.0
20200310:2210,0.0,0.0,0.0,7.91,0.55,0.0
20200310:2310,0.0,0.0,0.0,7.15,0.69,0.0
20200311:0010,0.0,0.0,0.0,6.46,0.83,0.0
20200311:0110,0.0,0.0,0.0,5.27,0.76,0.0
20200311:0210,0.0,0.0,0.0,4.83,0.62,0.0
20200311:0310,0.0,0.0,0.0,4.4,0.34,0.0
20200311:0410,0.0,0.0,0.0,3.94,0.34,0.0
20200311:0510,0.0,0.0,0.0,3.56,0.55,0.0
20200311:0610,246.0,15.79,2.97,3.38,0.62,0.0
20200311:0710,6724.5,195.0,13.26,5.49,0.69,0.0
20200311:0810,14785.0,372.01,22.84,8.86,0.97,0.0
20200311:0910,21496.0,530.01,31.16,11.91,1.1,0.0
20200311:1010,25386.5,631.01,37.46,14.56,1.24,0.0
20200311:1110,27447.0,688.01,40.88,16.36,1.45,0.0
20200311:1210,26978.5,678.01,40.78,17.7,1.72,0.0
20200311:1310,25296.5,635.01,37.16,18.52,2.07,0.0
20200311:1410,20728.5,523.01,30.71,18.79,2.28,0.0
20200311:1510,13801.5,362.01,22.3,18.33,2.34,0.0
20200311:1610,5853.5,182.0,12.66,17.3,2.07,0.0
20200311:1710,67.5,9.0,2.34,15.4,2.21,0.0
20200311:1810,0.0,0.0,0.0,12.9,2.55,0.0
20200311:1910,0.0,0.0,0.0,11.4,2.48,0.0
20200311:2010,0.0,0.0,0.0,10.58,2.21,0.0
20200311:2110,0.0,0.0,0.0,9.98,2.07,0.0
20200311:2210,0.0,0.0,0.0,9.43,1.86,0.0
20200311:2310,0.0,0.0,0.0,9.08,1.79,0.0
20200312:0010,0.0,0.0,0.0,8.79,1.79,0.0
20200312:0110,0.0,0.0,0.0,8.34,1.52,0.0
20200312:0210,0.0,0.0,0.0,8.01,1.17,0.0
20200312:0310,0.0,0.0,0.0,7.74,1.03,0.0
20200312:0410,0.0,0.0,0.0,7.54,0.9,0.0
20200312:0510,0.0,0.0,0.0,7.77,0.69,0.0
20200312:0610,72.0,9.0,3.3,7.82,0.62,0.0
20200312:0710,3419.0,97.0,13.6,7.7,0.62,0.0
20200312:0810,5637.5,148.0,23.19,9.11,0.55,0.0
20200312:0910,9086.0,229.0,31.53,10.65,0.62,0.0
20200312:1010,13325.5,330.0,37.86,12.14,1.03,0.0
20200312:1110,11026.0,277.0,41.28,13.32,1.17,0.0
20200312:1210,12395.0,311.0,41.16,14.5,1.24,0.0
20200312:1310,7824.0,203.0,37.51,15.26,1.52,0.0
20200312:1410,5197.5,141.0,31.02,15.37,1.59,0.0
20200312:1510,2491.5,76.0,22.57,15.19,1.66,0.0
20200312:1610,3247.5,96.0,12.91,14.63,1.59,0.0
20200312:1710,0.0,5.0,2.58,13.61,0.97,0.0
20200312:1810,0.0,0.0,0.0,12.24,0.97,0.0
20200312:1910,0.0,0.0,0.0,11.34,1.31,0.0
20200312:2010,0.0,0.0,0.0,10.6,0.83,0.0
20200312:2110,0.0,0.0,0.0,10.34,0.55,0.0
20200312:2210,0.0,0.0,0.0,10.21,0.48,0.0
20200312:2310,0.0,0.0,0.0,9.76,0.55,0.0
20200313:0010,0.0,0.0,0.0,9.38,0.55,0.0
20200313:0110,0.0,0.0,0.0,9.4,0.48,0.0
20200313:0210,0.0,0.0,0.0,9.29,0.28,0.0
20200313:0310,0.0,0.0,0.0,9.08,0.34,0.0
20200313:0410,0.0,0.0,0.0,8.75,0.62,0.0
20200313:0510,0.0,0.0,0.0,8.96,0.76,0.0
20200313:0610,0.0,3.0,3.62,8.48,1.45,0.0
20200313:0710,6723.5,191.0,13.93,8.85,0.76,0.0
20200313:0810,7259.5,187.0,23.55,10.5,0.41,0.0
20200313:0910,19884.5,493.01,31.91,11.81,0.34,0.0
20200313:1010,10979.0,277.0,38.25,13.39,0.48,0.0
20200313:1110,16991.5,426.0,41.68,14.98,0.48,0.0
20200313:1210,23467.5,591.01,41.54,16.17,0.76,0.0
20200313:1310,23182.5,583.01,37.85,16.96,1.1,0.0
20200313:1410,20465.0,515.01,31.32,17.35,1.59,0.0
20200313:1510,13920.0,361.01,22.84,17.13,2.21,0.0
20200313:1610,6154.5,186.0,13.16,16.39,2.55,0.0
20200313:1710,142.5,12.0,2.81,15.02,2.34,0.0
20200313:1810,0.0,0.0,0.0,13.45,2.28,0.0
20200313:1910,0.0,0.0,0.0,12.51,1.86,0.0
20200313:2010,0.0,0.0,0.0,11.84,1.66,0.0
20200313:2110,0.0,0.0,0.0,11.38,1.66,0.0
20200313:2210,0.0,0.0,0.0,10.86,1.38,0.0
20200313:2310,0.0,0.0,0.0,10.35,1.03,0.0
20200314:0010,0.0,0.0,0.0,9.94,0.9,0.0
20200314:0110,0.0,0.0,0.0,9.74,0.83,0.0
20200314:0210,0.0,0.0,0.0,9.71,0.9,0.0
20200314:0310,0.0,0.0,0.0,9.96,1.17,0.0
20200314:0410,0.0,0.0,0.0,9.84,1.59,0.0
20200314:0510,0.0,0.0,0.0,9.89,1.72,0.0
20200314:0610,95.5,10.0,3.95,9.92,1.79,0.0
20200314:0710,1107.5,40.0,14.27,9.98,2.48,0.0
20200314:0810,2896.5,84.0,23.9,10.05,2.97,0.0
20200314:0910,1697.5,55.0,32.28,10.03,2.9,0.0
20200314:1010,1941.0,61.0,38.65,10.03,3.17,0.0
20200314:1110,2561.0,76.0,42.08,10.13,3.79,0.0
20200314:1210,1979.0,62.0,41.92,10.4,3.93,0.0
20200314:1310,2349.0,71.0,38.2,10.4,3.59,0.0
20200314:1410,4820.0,129.0,31.63,10.47,3.31,0.0
20200314:1510,4551.5,123.0,23.11,10.63,2.83,0.0
20200314:1610,1651.0,54.0,13.4,10.69,2.21,0.0
20200314:1710,47.5,8.0,3.04,10.28,1.59,0.0
20200314:1810,0.0,0.0,0.0,9.45,1.66,0.0
20200314:1910,0.0,0.0,0.0,9.22,2.14,0.0
20200314:2010,0.0,0.0,0.0,8.87,2.14,0.0
20200314:2110,0.0,0.0,0.0,8.63,1.93,0.0
20200314:2210,0.0,0.0,0.0,8.26,1.72,0.0
20200314:2310,0.0,0.0,0.0,7.77,1.52,0.0
20200315:0010,0.0,0.0,0.0,7.28,1.52,0.0
20200315:0110,0.0,0.0,0.0,6.74,1.52,0.0
20200315:0210,0.0,0.0,0.0,6.14,1.59,0.0
20200315:0310,0.0,0.0,0.0,5.7,1.52,0.0
20200315:0410,0.0,0.0,0.0,5.35,1.52,0.0
20200315:0510,0.0,0.0,0.0,5.06,1.59,0.0
20200315:0610,631.0,28.99,4.29,4.8,1.52,0.0
20200315:0710,7816.0,218.0,14.61,6.24,1.24,0.0
20200315:0810,10243.5,254.0,24.26,8.36,1.66,0.0
20200315:0910,9377.5,233.0,32.66,9.29,2.07,0.0
20200315:1010,9004.5,225.0,39.04,10.0,2.34,0.0
20200315:1110,7803.0,198.0,42.48,10.6,2.28,0.0
20200315:1210,7262.0,186.0,42.3,11.17,2.28,0.0
20200315:1310,10113.0,252.0,38.54,11.23,2.14,0.0
20200315:1410,11087.0,275.0,31.93,11.65,2.21,0.0
20200315:1510,9125.5,231.0,23.38,11.59,2.21,0.0
20200315:1610,4630.0,130.0,13.64,11.27,2.07,0.0
20200315:1710,147.0,12.0,3.27,10.74,1.79,0.0
20200315:1810,0.0,0.0,0.0,9.55,1.86,0.0
20200315:1910,0.0,0.0,0.0,8.92,1.93,0.0
20200315:2010,0.0,0.0,0.0,8.09,1.86,0.0
20200315:2110,0.0,0.0,0.0,7.28,1.86,0.0
20200315:2210,0.0,0.0,0.0,6.67,1.79,0.0
20200315:2310,0.0,0.0,0.0,5.85,1.79,0.0
20200316:0010,0.0,0.0,0.0,5.31,1.72,0.0
20200316:0110,0.0,0.0,0.0,4.74,1.72,0.0
20200316:0210,0.0,0.0,0.0,4.26,1.72,0.0
20200316:0310,0.0,0.0,0.0,3.86,1.66,0.0
20200316:0410,0.0,0.0,0.0,3.54,1.66,0.0
20200316:0510,0.0,0.0,0.0,3.18,1.52,0.0
20200316:0610,756.0,32.7,4.62,2.94,1.45,0.0
20200316:0710,7474.5,204.0,14.95,6.18,0.97,0.0
20200316:0810,15984.0,396.01,24.62,8.55,1.1,0.0
20200316:0910,21462.0,521.01,33.04,10.24,1.52,0.0
20200316:1010,16438.5,401.0,39.44,11.11,1.59,0.0
20200316:1110,12344.5,306.0,42.88,11.97,1.45,0.0
20200316:1210,8392.5,214.0,42.69,12.59,1.45,0.0
20200316:1310,15582.5,385.0,38.89,13.15,1.31,0.0
20200316:1410,12454.5,311.0,32.23,13.44,1.17,0.0
20200316:1510,8502.0,219.0,23.64,13.55,0.9,0.0
20200316:1610,5653.0,161.0,13.89,13.3,0.76,0.0
20200316:1710,332.0,20.36,3.51,12.66,0.34,0.0
20200316:1810,0.0,0.0,0.0,12.05,0.48,0.0
20200316:1910,0.0,0.0,0.0,8.14,1.66,0.0
20200316:2010,0.0,0.0,0.0,7.1,1.72,0.0
20200316:2110,0.0,0.0,0.0,6.49,1.59,0.0
20200316:2210,0.0,0.0,0.0,6.73,1.24,0.0
20200316:2310,0.0,0.0,0.0,6.33,1.17,0.0
20200317:0010,0.0,0.0,0.0,5.5,1.31,0.0
20200317:0110,0.0,0.0,0.0,4.94,1.31,0.0
20200317:0210,0.0,0.0,0.0,5.15,1.1,0.0
20200317:0310,0.0,0.0,0.0,4.85,1.1,0.0
20200317:0410,0.0,0.0,0.0,4.47,1.1,0.0
20200317:0510,0.0,0.0,0.0,4.69,1.03,0.0
20200317:0610,705.0,30.3,4.95,4.8,0.9,0.0
20200317:0710,5902.0,158.0,15.3,6.75,0.41,0.0
20200317:0810,13183.5,329.0,24.97,9.65,0.21,0.0
20200317:0910,20434.5,508.01,33.42,12.06,0.14,0.0
20200317:1010,22674.5,567.01,39.83,13.58,0.28,0.0
20200317:1110,25442.0,641.01,43.29,14.82,0.48,0.0
20200317:1210,23640.5,596.01,43.07,15.86,0.62,0.0
20200317:1310,21872.5,551.01,39.23,16.44,0.69,0.0
20200317:1410,19046.5,481.01,32.53,16.89,0.76,0.0
20200317:1510,12070.5,312.0,23.91,16.99,0.9,0.0
20200317:1610,6876.5,204.0,14.13,16.64,1.03,0.0
20200317:1710,390.0,22.33,3.74,15.5,1.45,0.0
20200317:1810,0.0,0.0,0.0,13.35,1.66,0.0
20200317:1910,0.0,0.0,0.0,12.0,1.1,0.0
20200317:2010,0.0,0.0,0.0,12.1,0.76,0.0
20200317:2110,0.0,0.0,0.0,11.14,0.83,0.0
20200317:2210,0.0,0.0,0.0,8.94,1.03,0.0
20200317:2310,0.0,0.0,0.0,8.39,0.83,0.0
20200318:0010,0.0,0.0,0.0,7.34,0.41,0.0
20200318:0110,0.0,0.0,0.0,6.7,0.21,0.0
20200318:0210,0.0,0.0,0.0,6.15,0.0,0.0
20200318:0310,0.0,0.0,0.0,5.56,0.14,0.0
20200318:0410,0.0,0.0,0.0,5.11,0.21,0.0
20200318:0510,0.0,0.0,0.0,4.88,0.07,0.0
20200318:0610,1020.5,51.42,5.28,5.03,0.21,0.0
20200318:0710,8439.5,231.0,15.64,6.8,0.41,0.0
20200318:0810,16426.5,410.01,25.33,10.0,0.62,0.0
20200318:0910,22752.0,562.01,33.8,12.61,0.97,0.0
20200318:1010,27076.0,673.01,40.23,14.42,1.31,0.0
20200318:1110,29379.5,736.01,43.69,15.8,1.52,0.0
20200318:1210,29926.0,754.01,43.45,16.83,1.52,0.0
20200318:1310,26835.5,676.01,39.57,17.54,1.45,0.0
20200318:1410,22135.5,559.01,32.83,17.92,1.38,0.0
20200318:1510,15073.5,391.01,24.17,17.9,1.38,0.0
20200318:1610,7080.5,210.0,14.37,17.46,1.24,0.0
20200318:1710,422.5,23.34,3.96,16.19,0.97,0.0
20200318:1810,0.0,0.0,0.0,15.7,0.55,0.0
20200318:1910,0.0,0.0,0.0,14.89,0.48,0.0
20200318:2010,0.0,0.0,0.0,12.72,1.24,0.0
20200318:2110,0.0,0.0,0.0,10.72,1.31,0.0
20200318:2210,0.0,0.0,0.0,10.99,1.03,0.0
20200318:2310,0.0,0.0,0.0,10.47,0.69,0.0
20200319:0010,0.0,0.0,0.0,9.71,0.48,0.0
20200319:0110,0.0,0.0,0.0,9.17,0.41,0.0
20200319:0210,0.0,0.0,0.0,8.39,0.48,0.0
20200319:0310,0.0,0.0,0.0,7.65,0.55,0.0
20200319:0410,0.0,0.0,0.0,6.98,0.55,0.0
20200319:0510,0.0,0.0,0.0,6.4,0.69,0.0
20200319:0610,1151.5,57.95,5.62,6.21,0.76,0.0
20200319:0710,8836.5,242.0,15.98,8.16,0.55,0.0
20200319:0810,16855.5,422.01,25.69,11.34,0.83,0.0
20200319:0910,22880.5,570.01,34.17,14.34,0.97,0.0
20200319:1010,26931.5,681.01,40.63,16.34,0.83,0.0
20200319:1110,29129.5,751.01,44.09,17.61,0.41,0.0
20200319:1210,29382.0,765.01,43.83,18.53,0.21,0.0
20200319:1310,26360.0,683.01,39.91,19.11,0.21,0.0
20200319:1410,21807.5,562.01,33.13,19.42,0.34,0.0
20200319:1510,15333.5,403.01,24.44,19.38,0.55,0.0
20200319:1610,7315.0,218.0,14.61,19.03,0.76,0.0
20200319:1710,490.0,26.09,4.19,17.52,0.76,0.0
20200319:1810,0.0,0.0,0.0,16.54,0.76,0.0
20200319:1910,0.0,0.0,0.0,15.89,0.48,0.0
20200319:2010,0.0,0.0,0.0,14.72,0.48,0.0
20200319:2110,0.0,0.0,0.0,13.55,0.76,0.0
20200319:2210,0.0,0.0,0.0,11.92,0.83,0.0
20200319:2310,0.0,0.0,0.0,10.3,0.76,0.0
20200320:0010,0.0,0.0,0.0,9.33,0.69,0.0
20200320:0110,0.0,0.0,0.0,8.73,0.62,0.0
20200320:0210,0.0,0.0,0.0,8.12,0.48,0.0
20200320:0310,0.0,0.0,0.0,7.58,0.41,0.0
20200320:0410,0.0,0.0,0.0,7.03,0.69,0.0
20200320:0510,0.0,0.0,0.0,6.39,0.83,0.0
20200320:0610,1554.5,63.0,5.95,6.24,0.76,0.0
20200320:0710,9091.5,249.0,16.32,9.06,0.55,0.0
20200320:0810,8572.0,217.0,26.05,10.83,1.24,0.0
20200320:0910,11809.0,294.0,34.55,12.52,1.38,0.0
20200320:1010,22655.0,559.01,41.03,13.44,1.24,0.0
20200320:1110,28380.5,713.01,44.49,14.22,0.76,0.0
20200320:1210,9803.5,251.0,44.21,15.32,0.69,0.0
20200320:1310,21066.0,530.01,40.25,16.1,0.62,0.0
20200320:1410,21801.0,555.01,33.42,16.71,0.21,0.0
20200320:1510,14935.5,387.01,24.7,16.85,0.41,0.0
20200320:1610,7696.0,227.0,14.85,16.32,0.69,0.0
20200320:1710,531.5,27.1,4.42,15.58,0.55,0.0
20200320:1810,0.0,0.0,0.0,13.6,0.97,0.0
20200320:1910,0.0,0.0,0.0,12.12,1.38,0.0
20200320:2010,0.0,0.0,0.0,9.88,1.79,0.0
20200320:2110,0.0,0.0,0.0,8.64,1.86,0.0
20200320:2210,0.0,0.0,0.0,7.65,1.86,0.0
20200320:2310,0.0,0.0,0.0,7.2,1.66,0.0
20200321:0010,0.0,0.0,0.0,7.71,1.24,0.0
20200321:0110,0.0,0.0,0.0,8.39,0.83,0.0
20200321:0210,0.0,0.0,0.0,7.67,0.76,0.0
20200321:0310,0.0,0.0,0.0,7.04,0.69,0.0
20200321:0410,0.0,0.0,0.0,6.44,0.69,0.0
20200321:0510,0.0,0.0,0.0,5.84,0.69,0.0
20200321:0610,1785.0,75.0,6.29,5.17,0.62,0.0
20200321:0710,9299.5,251.0,16.67,8.17,0.69,0.0
20200321:0810,17229.0,431.01,26.41,11.56,0.69,0.0
20200321:0910,23327.5,582.01,34.93,14.18,0.76,0.0
20200321:1010,27422.0,692.01,41.43,15.84,0.83,0.0
20200321:1110,29845.5,762.01,44.89,17.05,0.83,0.0
20200321:1210,30130.0,772.01,44.59,17.91,0.9,0.0
20200321:1310,27171.0,692.01,40.59,18.44,1.03,0.0
20200321:1410,22287.5,565.01,33.72,18.61,1.24,0.0
20200321:1510,15616.5,405.01,24.96,18.69,1.31,0.0
20200321:1610,7647.5,224.0,15.08,18.31,1.38,0.0
20200321:1710,628.5,30.03,4.65,17.13,1.59,0.0
20200321:1810,0.0,0.0,0.0,15.17,2.07,0.0
20200321:1910,0.0,0.0,0.0,13.19,2.21,0.0
20200321:2010,0.0,0.0,0.0,11.42,1.93,0.0
20200321:2110,0.0,0.0,0.0,9.88,1.52,0.0
20200321:2210,0.0,0.0,0.0,9.78,1.03,0.0
20200321:2310,0.0,0.0,0.0,9.55,0.83,0.0
20200322:0010,0.0,0.0,0.0,9.02,0.69,0.0
20200322:0110,0.0,0.0,0.0,8.49,0.83,0.0
20200322:0210,0.0,0.0,0.0,7.85,1.24,0.0
20200322:0310,0.0,0.0,0.0,7.27,1.66,0.0
20200322:0410,0.0,0.0,0.0,7.47,1.79,0.0
20200322:0510,0.0,0.0,0.0,7.83,1.79,0.0
20200322:0610,1531.5,56.0,6.62,8.47,1.66,0.0
20200322:0710,3103.5,89.0,17.01,9.76,1.93,0.0
20200322:0810,3738.0,104.0,26.77,10.4,2.34,0.0
20200322:0910,3265.0,93.0,35.31,10.86,3.03,0.0
20200322:1010,2884.0,84.0,41.82,11.07,3.79,0.0
20200322:1110,6104.0,159.0,45.29,11.55,4.28,0.0
20200322:1210,6222.5,162.0,44.97,11.89,4.07,0.0
20200322:1310,8762.0,221.0,40.93,12.27,3.45,0.0
20200322:1410,10107.0,253.0,34.01,13.03,3.1,0.0
20200322:1510,5431.5,145.0,25.22,13.28,2.55,0.0
20200322:1610,4523.5,126.0,15.32,13.24,1.86,0.0
20200322:1710,565.5,26.57,4.87,12.44,0.83,0.0
20200322:1810,0.0,0.0,0.0,10.84,0.9,0.0
20200322:1910,0.0,0.0,0.0,9.99,1.31,0.0
20200322:2010,0.0,0.0,0.0,9.5,1.1,0.0
20200322:2110,0.0,0.0,0.0,8.91,1.17,0.0
20200322:2210,0.0,0.0,0.0,7.89,1.72,0.0
20200322:2310,0.0,0.0,0.0,8.09,2.55,0.0
20200323:0010,0.0,0.0,0.0,8.19,3.17,0.0
20200323:0110,0.0,0.0,0.0,7.99,3.93,0.0
20200323:0210,0.0,0.0,0.0,7.53,4.62,0.0
20200323:0310,0.0,0.0,0.0,7.07,4.76,0.0
20200323:0410,0.0,0.0,0.0,6.56,4.28,0.0
20200323:0510,0.0,0.0,0.0,6.1,3.72,0.0
20200323:0610,790.0,31.0,6.96,5.59,3.31,0.0
20200323:0710,2610.5,76.0,17.36,6.24,3.72,0.0
20200323:0810,5902.0,151.0,27.13,6.14,3.86,0.0
20200323:0910,5406.0,140.0,35.69,6.41,3.86,0.0
20200323:1010,6859.0,173.0,42.22,6.83,3.66,0.0
20200323:1110,12331.5,297.0,45.69,7.14,3.31,0.0
20200323:1210,16774.0,400.0,45.35,7.47,2.76,0.0
20200323:1310,15909.0,381.0,41.26,7.76,2.34,0.0
20200323:1410,12571.0,305.0,34.3,8.28,2.14,0.0
20200323:1510,9645.5,239.0,25.47,8.34,2.0,0.0
20200323:1610,6252.0,167.0,15.55,8.2,1.72,0.0
20200323:1710,652.0,28.56,5.1,7.73,1.38,0.0
20200323:1810,0.0,0.0,0.0,6.64,1.38,0.0
20200323:1910,0.0,0.0,0.0,4.67,1.52,0.0
20200323:2010,0.0,0.0,0.0,3.24,1.72,0.0
20200323:2110,0.0,0.0,0.0,2.23,1.93,0.0
20200323:2210,0.0,0.0,0.0,1.63,1.93,0.0
20200323:2310,0.0,0.0,0.0,1.0,1.93,0.0
20200324:0010,0.0,0.0,0.0,0.67,1.86,0.0
20200324:0110,0.0,0.0,0.0,0.34,1.72,0.0
20200324:0210,0.0,0.0,0.0,0.38,1.59,0.0
20200324:0310,0.0,0.0,0.0,0.45,1.45,0.0
20200324:0410,0.0,0.0,0.0,0.38,1.31,0.0
20200324:0510,0.0,0.0,0.0,0.39,1.1,0.0
20200324:0610,1996.5,66.0,7.29,0.5,1.1,0.0
20200324:0710,11053.0,285.0,17.7,1.99,1.03,0.0
20200324:0810,19603.5,469.01,27.48,4.28,1.45,0.0
20200324:0910,25899.0,614.01,36.07,5.6,1.72,0.0
20200324:1010,30531.0,730.01,42.62,6.7,1.79,0.0
20200324:1110,21517.0,516.0,46.1,7.75,1.59,0.0
20200324:1210,31092.5,756.01,45.72,8.48,1.38,0.0
20200324:1310,22308.0,538.0,41.6,8.96,1.45,0.0
20200324:1410,22373.0,538.01,34.59,9.06,1.86,0.0
20200324:1510,17566.5,430.01,25.73,8.93,2.28,0.0
20200324:1610,9132.5,251.0,15.79,8.56,2.48,0.0
20200324:1710,987.5,54.54,5.32,7.88,2.0,0.0
20200324:1810,0.0,0.0,0.0,6.55,1.59,0.0
20200324:1910,0.0,0.0,0.0,5.65,1.31,0.0
20200324:2010,0.0,0.0,0.0,6.67,0.83,0.0
20200324:2110,0.0,0.0,0.0,6.11,0.76,0.0
20200324:2210,0.0,0.0,0.0,3.63,1.24,0.0
20200324:2310,0.0,0.0,0.0,1.24,1.72,0.0
20200325:0010,0.0,0.0,0.0,-0.05,2.07,0.0
20200325:0110,0.0,0.0,0.0,-0.63,2.07,0.0
20200325:0210,0.0,0.0,0.0,-0.76,2.34,0.0
20200325:0310,0.0,0.0,0.0,-0.54,2.41,0.0
20200325:0410,0.0,0.0,0.0,-0.47,2.21,0.0
20200325:0510,0.0,0.0,0.0,-0.42,1.93,0.0
20200325:0610,379.0,19.0,7.63,-0.16,1.66,0.0
20200325:0710,2308.0,68.0,18.04,2.48,1.24,0.0
20200325:0810,4507.0,119.0,27.84,4.31,1.72,0.0
20200325:0910,5515.0,142.0,36.45,4.83,1.79,0.0
20200325:1010,18115.0,429.0,43.01,5.49,1.93,0.0
20200325:1110,9139.5,225.0,46.5,6.5,1.93,0.0
20200325:1210,17526.5,419.0,46.1,7.33,2.0,0.0
20200325:1310,5177.0,136.0,41.93,7.88,2.14,0.0
20200325:1410,17909.5,427.0,34.88,7.92,2.55,0.0
20200325:1510,5665.5,147.0,25.98,7.84,2.62,0.0
20200325:1610,7502.5,199.0,16.02,7.68,2.55,0.0
20200325:1710,1067.5,44.75,5.54,7.34,2.21,0.0
20200325:1810,0.0,0.0,0.0,6.16,1.93,0.0
20200325:1910,0.0,0.0,0.0,5.52,2.55,0.0
20200325:2010,0.0,0.0,0.0,4.86,2.48,0.0
20200325:2110,0.0,0.0,0.0,4.11,2.48,0.0
20200325:2210,0.0,0.0,0.0,3.45,2.76,0.0
20200325:2310,0.0,0.0,0.0,2.84,2.76,0.0
20200326:0010,0.0,0.0,0.0,2.4,2.62,0.0
20200326:0110,0.0,0.0,0.0,1.97,2.41,0.0
20200326:0210,0.0,0.0,0.0,1.61,2.07,0.0
20200326:0310,0.0,0.0,0.0,1.02,1.93,0.0
20200326:0410,0.0,0.0,0.0,0.25,1.72,0.0
20200326:0510,0.0,0.0,0.0,-0.64,1.66,0.0
20200326:0610,2919.0,107.0,7.96,-0.98,1.52,0.0
20200326:0710,9034.5,227.0,18.38,2.28,1.38,0.0
20200326:0810,13712.0,327.0,28.2,4.26,1.86,0.0
20200326:0910,15893.5,377.0,36.83,5.05,1.72,0.0
20200326:1010,7094.5,178.0,43.41,5.5,1.79,0.0
20200326:1110,4211.0,113.0,46.89,5.83,1.72,0.0
20200326:1210,5217.0,136.0,46.48,6.0,1.59,0.0
20200326:1310,10694.0,260.0,42.26,6.08,1.72,0.0
20200326:1410,5436.5,141.0,35.17,6.18,1.86,0.0
20200326:1510,2692.0,78.0,26.23,6.14,1.86,0.0
20200326:1610,1091.5,39.0,16.25,5.99,1.66,0.0
20200326:1710,536.0,24.0,5.77,5.65,1.24,0.0
20200326:1810,0.0,0.0,0.0,5.22,0.97,0.0
20200326:1910,0.0,0.0,0.0,3.8,1.66,0.0
20200326:2010,0.0,0.0,0.0,3.46,2.07,0.0
20200326:2110,0.0,0.0,0.0,3.18,2.41,0.0
20200326:2210,0.0,0.0,0.0,3.15,2.55,0.0
20200326:2310,0.0,0.0,0.0,3.36,2.55,0.0
20200327:0010,0.0,0.0,0.0,3.69,2.48,0.0
20200327:0110,0.0,0.0,0.0,3.89,2.34,0.0
20200327:0210,0.0,0.0,0.0,4.12,2.14,0.0
20200327:0310,0.0,0.0,0.0,4.3,2.0,0.0
20200327:0410,0.0,0.0,0.0,4.44,1.93,0.0
20200327:0510,0.0,0.0,0.0,4.63,1.86,0.0
20200327:0610,982.0,36.0,8.3,4.85,1.79,0.0
20200327:0710,2194.0,66.0,18.72,5.45,2.48,0.0
20200327:0810,7139.0,179.0,28.56,5.84,2.41,0.0
20200327:0910,6009.5,154.0,37.2,6.53,2.48,0.0
20200327:1010,6998.5,177.0,43.81,7.55,2.69,0.0
20200327:1110,12230.5,297.0,47.29,8.35,2.62,0.0
20200327:1210,14778.5,358.0,46.85,9.07,1.93,0.0
20200327:1310,17495.5,424.0,42.59,9.61,1.38,0.0
20200327:1410,8928.5,224.0,35.45,9.75,1.03,0.0
20200327:1510,10257.5,256.0,26.49,10.09,1.03,0.0
20200327:1610,3264.0,93.0,16.48,9.91,0.9,0.0
20200327:1710,1230.5,48.0,5.99,9.38,1.31,0.0
20200327:1810,0.0,0.0,0.0,8.53,1.72,0.0
20200327:1910,0.0,0.0,0.0,8.01,1.17,0.0
20200327:2010,0.0,0.0,0.0,7.41,1.24,0.0
20200327:2110,0.0,0.0,0.0,7.25,1.38,0.0
20200327:2210,0.0,0.0,0.0,7.44,1.72,0.0
20200327:2310,0.0,0.0,0.0,7.5,1.72,0.0
20200328:0010,0.0,0.0,0.0,7.39,1.66,0.0
20200328:0110,0.0,0.0,0.0,7.27,1.52,0.0
20200328:0210,0.0,0.0,0.0,7.15,1.45,0.0
20200328:0310,0.0,0.0,0.0,6.99,1.45,0.0
20200328:0410,0.0,0.0,0.0,6.87,1.52,0.0
20200328:0510,0.0,0.0,0.0,6.52,1.66,0.0
20200328:0610,2463.0,79.0,8.63,6.28,1.52,0.0
20200328:0710,11032.5,287.0,19.06,8.36,0.9,0.0
20200328:0810,18834.5,466.01,28.91,11.48,0.9,0.0
20200328:0910,24347.5,606.01,37.58,13.4,0.62,0.0
20200328:1010,28560.0,725.01,44.2,14.74,0.34,0.0
20200328:1110,30514.5,784.01,47.69,15.86,0.34,0.0
20200328:1210,31235.0,805.01,47.22,16.79,0.48,0.0
20200328:1310,27710.0,708.01,42.92,17.47,0.62,0.0
20200328:1410,23398.0,594.01,35.74,17.65,0.69,0.0
20200328:1510,16977.5,437.01,26.74,17.68,0.69,0.0
20200328:1610,8898.0,252.0,16.71,17.43,0.69,0.0
20200328:1710,1603.0,74.0,6.21,16.48,0.83,0.0
20200328:1810,0.0,0.0,0.0,14.05,1.17,0.0
20200328:1910,0.0,0.0,0.0,13.09,1.24,0.0
20200328:2010,0.0,0.0,0.0,12.3,1.17,0.0
20200328:2110,0.0,0.0,0.0,12.05,1.1,0.0
20200328:2210,0.0,0.0,0.0,9.94,1.31,0.0
20200328:2310,0.0,0.0,0.0,10.0,0.9,0.0
20200329:0010,0.0,0.0,0.0,9.1,0.41,0.0
20200329:0110,0.0,0.0,0.0,8.0,0.14,0.0
20200329:0210,0.0,0.0,0.0,7.14,0.07,0.0
20200329:0310,0.0,0.0,0.0,6.5,0.21,0.0
20200329:0410,0.0,0.0,0.0,5.9,0.41,0.0
20200329:0510,0.0,0.0,0.0,5.53,0.41,0.0
20200329:0610,2382.0,75.0,8.96,5.41,0.21,0.0
20200329:0710,8654.5,223.0,19.4,8.67,0.28,0.0
20200329:0810,15169.5,378.0,29.26,11.56,0.0,0.0
20200329:0910,21599.0,540.01,37.95,13.88,0.28,0.0
20200329:1010,28451.0,724.01,44.59,15.53,0.41,0.0
20200329:1110,26093.5,666.01,48.09,16.58,0.41,0.0
20200329:1210,28779.5,741.01,47.59,17.6,0.48,0.0
20200329:1310,27109.0,695.01,43.25,18.08,0.55,0.0
20200329:1410,19744.0,501.01,36.02,18.36,0.76,0.0
20200329:1510,10294.5,264.0,26.98,17.11,1.86,0.0
20200329:1610,2002.5,64.0,16.94,15.95,2.76,0.0
20200329:1710,860.0,35.0,6.43,15.14,2.0,0.0
20200329:1810,0.0,0.0,0.0,13.84,1.38,0.0
20200329:1910,0.0,0.0,0.0,12.39,1.17,0.0
20200329:2010,0.0,0.0,0.0,10.47,1.38,0.0
20200329:2110,0.0,0.0,0.0,9.42,1.38,0.0
20200329:2210,0.0,0.0,0.0,9.62,1.1,0.0
20200329:2310,0.0,0.0,0.0,9.18,1.31,0.0
20200330:0010,0.0,0.0,0.0,9.34,1.52,0.0
20200330:0110,0.0,0.0,0.0,9.53,1.79,0.0
20200330:0210,0.0,0.0,0.0,9.25,1.86,0.0
20200330:0310,0.0,0.0,0.0,8.83,1.79,0.0
20200330:0410,0.0,0.0,0.0,8.49,1.79,0.0
20200330:0510,0.0,0.0,0.0,8.27,1.93,0.0
20200330:0610,1835.5,59.0,9.3,8.14,1.93,0.0
20200330:0710,2663.0,78.0,19.74,8.49,2.48,0.0
20200330:0810,2872.5,83.0,29.62,8.68,2.69,0.0
20200330:0910,5108.0,135.0,38.32,8.96,2.28,0.0
20200330:1010,10194.5,252.0,44.99,9.46,2.14,0.0
20200330:1110,5256.5,139.0,48.48,9.85,2.0,0.0
20200330:1210,3999.5,110.0,47.96,10.09,2.14,0.0
20200330:1310,9668.5,241.0,43.57,10.57,2.21,0.0
20200330:1410,7676.0,195.0,36.3,10.54,2.28,0.0
20200330:1510,4290.0,117.0,27.23,10.68,2.34,0.0
20200330:1610,2220.0,68.0,17.16,10.64,2.41,0.0
20200330:1710,389.0,20.0,6.65,10.4,2.28,0.0
20200330:1810,0.0,0.0,0.0,10.08,2.14,0.0
20200330:1910,0.0,0.0,0.0,10.15,1.79,0.0
20200330:2010,0.0,0.0,0.0,9.65,2.07,0.0
20200330:2110,0.0,0.0,0.0,9.29,2.41,0.0
20200330:2210,0.0,0.0,0.0,8.9,2.83,0.0
20200330:2310,0.0,0.0,0.0,8.23,3.52,0.0
20200331:0010,0.0,0.0,0.0,7.27,4.21,0.0
20200331:0110,0.0,0.0,0.0,6.11,4.34,0.0
20200331:0210,0.0,0.0,0.0,5.13,4.34,0.0
20200331:0310,0.0,0.0,0.0,4.4,4.28,0.0
20200331:0410,0.0,0.0,0.0,3.97,3.93,0.0
20200331:0510,0.0,0.0,0.0,3.8,3.72,0.0
20200331:0610,1424.5,47.0,9.63,3.77,3.52,0.0
20200331:0710,3361.5,93.0,20.08,5.08,3.93,0.0
20200331:0810,4062.5,109.0,29.97,5.13,3.93,0.0
20200331:0910,5345.5,138.0,38.7,5.34,4.0,0.0
20200331:1010,4702.0,124.0,45.38,6.21,3.79,0.0
20200331:1110,5076.5,133.0,48.88,7.13,3.59,0.0
20200331:1210,13035.0,315.0,48.33,8.61,3.38,0.0
20200331:1310,21629.5,516.0,43.89,9.3,3.03,0.0
20200331:1410,19336.5,464.0,36.58,9.71,2.48,0.0
20200331:1510,11566.5,285.0,27.47,9.83,1.93,0.0
20200331:1610,4033.5,111.0,17.39,9.6,1.45,0.0
20200331:1710,1380.5,50.0,6.86,9.19,1.03,0.0
20200331:1810,0.0,0.0,0.0,7.71,0.97,0.0
20200331:1910,0.0,0.0,0.0,6.07,1.17,0.0
20200331:2010,0.0,0.0,0.0,5.19,1.24,0.0
20200331:2110,0.0,0.0,0.0,4.53,1.31,0.0
20200331:2210,0.0,0.0,0.0,3.93,1.45,0.0
20200331:2310,0.0,0.0,0.0,3.4,1.52,0.0
20200401:0010,0.0,0.0,0.0,2.9,1.59,0.0
20200401:0110,0.0,0.0,0.0,2.81,1.38,0.0
20200401:0210,0.0,0.0,0.0,2.76,1.24,0.0
20200401:0310,0.0,0.0,0.0,2.79,1.17,0.0
20200401:0410,0.0,0.0,0.0,2.44,1.24,0.0
20200401:0510,0.0,0.0,0.0,2.26,1.24,0.0
20200401:0610,2057.5,63.0,9.95,2.5,1.03,0.0
20200401:0710,4453.5,118.0,20.41,4.29,1.03,0.0
20200401:0810,6984.0,176.0,30.32,5.74,1.17,0.0
20200401:0910,10152.0,249.0,39.07,6.95,1.31,0.0
20200401:1010,11643.0,285.0,45.77,8.11,1.17,0.0
20200401:1110,19775.0,480.0,49.27,8.91,0.97,0.0
20200401:1210,26055.0,638.01,48.7,9.7,0.9,0.0
20200401:1310,24777.0,605.01,44.22,10.38,1.1,0.0
20200401:1410,17120.0,417.0,36.85,10.83,1.45,0.0
20200401:1510,17735.0,436.0,27.72,10.86,1.66,0.0
20200401:1610,10320.5,277.0,17.61,10.66,1.86,0.0
20200401:1710,2207.0,91.0,7.08,10.05,1.79,0.0
20200401:1810,0.0,0.0,0.0,8.63,1.72,0.0
20200401:1910,0.0,0.0,0.0,6.76,1.45,0.0
20200401:2010,0.0,0.0,0.0,5.15,1.45,0.0
20200401:2110,0.0,0.0,0.0,4.28,1.45,0.0
20200401:2210,0.0,0.0,0.0,3.55,1.45,0.0
20200401:2310,0.0,0.0,0.0,3.38,1.24,0.0
20200402:0010,0.0,0.0,0.0,3.9,0.97,0.0
20200402:0110,0.0,0.0,0.0,3.51,0.9,0.0
20200402:0210,0.0,0.0,0.0,3.21,0.83,0.0
20200402:0310,0.0,0.0,0.0,2.78,0.83,0.0
20200402:0410,0.0,0.0,0.0,2.48,0.76,0.0
20200402:0510,0.0,0.0,0.0,2.25,0.62,0.0
20200402:0610,3166.5,93.0,10.28,2.16,0.34,0.0
20200402:0710,10786.5,268.0,20.75,4.01,0.62,0.0
20200402:0810,21333.5,517.01,30.67,6.27,0.34,0.0
20200402:0910,27007.0,662.01,39.43,7.76,0.14,0.0
20200402:1010,30958.0,768.01,46.15,9.19,0.41,0.0
20200402:1110,33381.0,836.01,49.66,10.43,0.62,0.0
20200402:1210,33695.5,847.01,49.07,11.4,0.69,0.0
20200402:1310,30101.0,750.01,44.53,12.15,0.83,0.0
20200402:1410,25567.0,632.01,37.13,12.58,0.97,0.0
20200402:1510,18890.0,471.01,27.96,12.86,1.17,0.0
20200402:1610,10273.5,278.0,17.84,12.68,1.17,0.0
20200402:1710,2278.5,94.0,7.3,12.13,0.97,0.0
20200402:1810,0.0,0.0,0.0,10.51,1.31,0.0
20200402:1910,0.0,0.0,0.0,11.09,0.48,0.0
20200402:2010,0.0,0.0,0.0,9.81,0.76,0.0
20200402:2110,0.0,0.0,0.0,8.75,0.69,0.0
20200402:2210,0.0,0.0,0.0,7.77,0.41,0.0
20200402:2310,0.0,0.0,0.0,6.79,0.41,0.0
20200403:0010,0.0,0.0,0.0,5.87,0.48,0.0
20200403:0110,0.0,0.0,0.0,5.04,0.48,0.0
20200403:0210,0.0,0.0,0.0,4.16,0.41,0.0
20200403:0310,0.0,0.0,0.0,3.56,0.28,0.0
20200403:0410,0.0,0.0,0.0,3.13,0.21,0.0
20200403:0510,0.0,0.0,0.0,2.67,0.28,0.0
20200403:0610,4574.5,141.0,10.61,2.96,0.21,0.0
20200403:0710,13146.5,332.0,21.08,5.7,0.28,0.0
20200403:0810,20923.0,514.01,31.01,9.34,0.34,0.0
20200403:0910,26812.0,663.01,39.8,11.34,0.62,0.0
20200403:1010,30873.5,772.01,46.54,12.65,0.9,0.0
20200403:1110,32769.5,826.01,50.05,13.83,1.1,0.0
20200403:1210,33312.5,843.01,49.43,14.75,1.17,0.0
20200403:1310,29702.0,749.01,44.85,15.38,1.03,0.0
20200403:1410,25050.0,628.01,37.4,15.79,1.03,0.0
20200403:1510,18635.0,471.01,28.2,15.88,1.17,0.0
20200403:1610,10267.5,281.0,18.06,15.6,1.17,0.0
20200403:1710,2348.5,93.0,7.51,14.72,0.9,0.0
20200403:1810,0.0,0.0,0.0,12.77,1.03,0.0
20200403:1910,0.0,0.0,0.0,12.61,0.76,0.0
20200403:2010,0.0,0.0,0.0,11.69,0.83,0.0
20200403:2110,0.0,0.0,0.0,10.72,1.03,0.0
20200403:2210,0.0,0.0,0.0,8.28,1.45,0.0
20200403:2310,0.0,0.0,0.0,7.69,1.31,0.0
20200404:0010,0.0,0.0,0.0,7.42,1.1,0.0
20200404:0110,0.0,0.0,0.0,6.99,1.03,0.0
20200404:0210,0.0,0.0,0.0,6.4,0.9,0.0
20200404:0310,0.0,0.0,0.0,5.9,0.62,0.0
20200404:0410,0.0,0.0,0.0,5.59,0.21,0.0
20200404:0510,0.0,0.0,0.0,5.16,0.21,0.0
20200404:0610,4817.5,149.0,10.93,4.97,0.34,0.0
20200404:0710,13494.0,342.0,21.41,7.06,0.34,0.0
20200404:0810,21060.0,520.01,31.36,11.04,0.55,0.0
20200404:0910,26866.0,669.01,40.17,13.16,0.76,0.0
20200404:1010,31217.0,786.01,46.93,14.56,1.1,0.0
20200404:1110,33027.0,837.01,50.44,15.67,1.38,0.0
20200404:1210,32671.5,831.01,49.79,16.61,1.38,0.0
20200404:1310,29956.5,758.01,45.17,17.25,1.45,0.0
20200404:1410,25330.0,637.01,37.67,17.62,1.52,0.0
20200404:1510,18778.5,476.01,28.44,17.63,1.72,0.0
20200404:1610,10371.0,284.0,18.28,17.26,1.86,0.0
20200404:1710,2443.0,96.0,7.73,16.21,1.24,0.0
20200404:1810,0.0,0.0,0.0,13.98,1.24,0.0
20200404:1910,0.0,0.0,0.0,12.42,1.45,0.0
20200404:2010,0.0,0.0,0.0,11.6,1.31,0.0
20200404:2110,0.0,0.0,0.0,11.45,1.17,0.0
20200404:2210,0.0,0.0,0.0,11.15,1.1,0.0
20200404:2310,0.0,0.0,0.0,10.19,1.1,0.0
20200405:0010,0.0,0.0,0.0,8.61,1.24,0.0
20200405:0110,0.0,0.0,0.0,7.13,1.45,0.0
20200405:0210,0.0,0.0,0.0,6.66,1.31,0.0
20200405:0310,0.0,0.0,0.0,7.05,1.1,0.0
20200405:0410,0.0,0.0,0.0,7.11,0.83,0.0
20200405:0510,0.0,0.0,0.0,6.96,0.69,0.0
20200405:0610,4966.0,153.0,11.25,6.98,0.48,0.0
20200405:0710,13294.0,338.0,21.74,8.59,0.28,0.0
20200405:0810,17357.5,429.0,31.7,12.27,0.76,0.0
20200405:0910,27156.5,674.01,40.53,14.07,1.31,0.0
20200405:1010,31377.0,787.01,47.31,15.48,1.66,0.0
20200405:1110,32959.0,832.01,50.83,16.43,1.86,0.0
20200405:1210,32834.0,831.01,50.15,17.08,1.86,0.0
20200405:1310,29977.5,754.01,45.48,17.57,2.0,0.0
20200405:1410,25507.0,637.01,37.94,17.76,2.21,0.0
20200405:1510,18831.5,475.01,28.67,17.68,2.28,0.0
20200405:1610,10501.0,286.0,18.5,17.24,2.21,0.0
20200405:1710,2580.5,100.0,7.94,16.33,1.59,0.0
20200405:1810,0.0,0.0,0.0,14.53,1.45,0.0
20200405:1910,0.0,0.0,0.0,13.67,0.9,0.0
20200405:2010,0.0,0.0,0.0,12.83,1.1,0.0
20200405:2110,0.0,0.0,0.0,10.45,1.45,0.0
20200405:2210,0.0,0.0,0.0,9.29,1.52,0.0
20200405:2310,0.0,0.0,0.0,9.21,1.38,0.0
20200406:0010,0.0,0.0,0.0,9.28,1.24,0.0
20200406:0110,0.0,0.0,0.0,8.02,1.31,0.0
20200406:0210,0.0,0.0,0.0,6.61,1.38,0.0
20200406:0310,0.0,0.0,0.0,5.3,1.45,0.0
20200406:0410,0.0,0.0,0.0,4.48,1.45,0.0
20200406:0510,0.0,0.0,0.0,4.2,1.38,0.0
20200406:0610,5328.5,163.0,11.58,5.58,1.03,0.0
20200406:0710,13953.0,354.0,22.06,9.22,0.83,0.0
20200406:0810,21452.0,531.01,32.04,12.78,0.97,0.0
20200406:0910,27133.5,680.01,40.89,15.24,1.03,0.0
20200406:1010,30859.0,784.01,47.69,16.85,1.24,0.0
20200406:1110,32386.5,829.01,51.21,17.77,1.38,0.0
20200406:1210,31592.0,810.01,50.51,18.46,1.38,0.0
20200406:1310,29591.5,755.01,45.79,18.95,1.45,0.0
20200406:1410,25144.0,638.01,38.2,19.17,1.38,0.0
20200406:1510,18611.5,476.01,28.91,19.08,1.31,0.0
20200406:1610,10574.0,291.0,18.71,18.79,1.24,0.0
20200406:1710,2679.0,105.0,8.15,17.66,0.76,0.0
20200406:1810,0.0,0.0,0.0,17.25,0.55,0.0
20200406:1910,0.0,0.0,0.0,15.78,0.97,0.0
20200406:2010,0.0,0.0,0.0,12.7,1.45,0.0
20200406:2110,0.0,0.0,0.0,10.1,1.79,0.0
20200406:2210,0.0,0.0,0.0,8.73,1.72,0.0
20200406:2310,0.0,0.0,0.0,7.76,1.66,0.0
20200407:0010,0.0,0.0,0.0,7.2,1.59,0.0
20200407:0110,0.0,0.0,0.0,6.65,1.59,0.0
20200407:0210,0.0,0.0,0.0,6.24,1.52,0.0
20200407:0310,0.0,0.0,0.0,5.98,1.52,0.0
20200407:0410,0.0,0.0,0.0,5.69,1.45,0.0
20200407:0510,0.0,0.0,0.0,5.34,1.52,0.0
20200407:0610,5723.0,175.0,11.89,6.34,1.31,0.0
20200407:0710,14639.5,373.0,22.39,10.71,1.1,0.0
20200407:0810,21995.0,548.01,32.38,14.72,1.24,0.0
20200407:0910,27721.5,700.01,41.25,17.29,1.31,0.0
20200407:1010,31055.0,805.01,48.07,18.75,0.76,0.0
20200407:1110,32397.5,859.01,51.59,19.75,0.28,0.0
20200407:1210,32023.0,848.01,50.86,20.48,0.41,0.0
20200407:1310,29739.0,778.01,46.1,21.02,0.69,0.0
20200407:1410,25376.0,655.01,38.47,21.3,0.97,0.0
20200407:1510,19120.5,495.01,29.14,21.28,1.17,0.0
20200407:1610,10919.0,303.0,18.93,20.87,1.31,0.0
20200407:1710,2808.5,110.0,8.36,19.42,0.9,0.0
20200407:1810,0.0,0.0,0.0,17.38,0.97,0.0
20200407:1910,0.0,0.0,0.0,17.23,0.9,0.0
20200407:2010,0.0,0.0,0.0,16.0,0.97,0.0
20200407:2110,0.0,0.0,0.0,12.98,1.45,0.0
20200407:2210,0.0,0.0,0.0,10.64,1.86,0.0
20200407:2310,0.0,0.0,0.0,10.31,1.72,0.0
20200408:0010,0.0,0.0,0.0,10.94,1.45,0.0
20200408:0110,0.0,0.0,0.0,11.07,1.31,0.0
20200408:0210,0.0,0.0,0.0,10.54,1.17,0.0
20200408:0310,0.0,0.0,0.0,9.63,1.1,0.0
20200408:0410,0.0,0.0,0.0,8.98,0.9,0.0
20200408:0510,0.0,0.0,0.0,8.65,0.62,0.0
20200408:0610,5934.0,182.0,12.21,8.62,0.21,0.0
20200408:0710,14796.0,377.0,22.71,10.74,0.69,0.0
20200408:0810,22044.0,553.01,32.71,15.02,0.76,0.0
20200408:0910,27503.5,704.01,41.6,17.28,0.48,0.0
20200408:1010,30902.0,805.01,48.44,18.53,0.48,0.0
20200408:1110,32295.0,849.01,51.97,19.41,0.55,0.0
20200408:1210,31864.0,838.01,51.22,20.1,0.62,0.0
20200408:1310,29608.0,774.01,46.41,20.56,0.62,0.0
20200408:1410,25302.5,655.01,38.73,20.78,0.62,0.0
20200408:1510,19033.5,494.01,29.37,20.73,0.62,0.0
20200408:1610,10930.5,302.0,19.14,20.38,0.76,0.0
20200408:1710,2998.5,115.0,8.58,19.01,0.76,0.0
20200408:1810,0.0,0.0,0.0,16.5,1.24,0.0
20200408:1910,0.0,0.0,0.0,17.31,0.62,0.0
20200408:2010,0.0,0.0,0.0,15.86,0.97,0.0
20200408:2110,0.0,0.0,0.0,14.83,0.97,0.0
20200408:2210,0.0,0.0,0.0,13.78,1.1,0.0
20200408:2310,0.0,0.0,0.0,12.75,0.9,0.0
20200409:0010,0.0,0.0,0.0,11.65,0.41,0.0
20200409:0110,0.0,0.0,0.0,10.59,0.14,0.0
20200409:0210,0.0,0.0,0.0,9.77,0.21,0.0
20200409:0310,0.0,0.0,0.0,9.2,0.21,0.0
20200409:0410,0.0,0.0,0.0,8.41,0.28,0.0
20200409:0510,0.0,0.0,0.0,7.2,0.41,0.0
20200409:0610,6133.5,185.0,12.52,7.03,0.28,0.0
20200409:0710,14837.5,378.0,23.03,10.96,0.55,0.0
20200409:0810,22041.5,553.01,33.04,15.0,0.69,0.0
20200409:0910,27558.0,702.01,41.95,17.38,0.76,0.0
20200409:1010,30946.0,806.01,48.82,19.12,0.62,0.0
20200409:1110,32148.5,850.01,52.35,20.29,0.48,0.0
20200409:1210,31738.0,843.01,51.57,21.15,0.41,0.0
20200409:1310,29235.0,774.01,46.71,21.77,0.28,0.0
20200409:1410,24791.0,652.01,38.99,22.13,0.07,0.0
20200409:1510,18769.5,492.0,29.6,22.23,0.34,0.0
20200409:1610,10918.5,304.0,19.36,22.0,0.48,0.0
20200409:1710,3041.0,116.0,8.79,21.28,0.28,0.0
20200409:1810,0.0,0.0,0.0,19.79,0.55,0.0
20200409:1910,0.0,0.0,0.0,18.62,0.62,0.0
20200409:2010,0.0,0.0,0.0,17.33,0.69,0.0
20200409:2110,0.0,0.0,0.0,15.99,0.83,0.0
20200409:2210,0.0,0.0,0.0,14.42,0.9,0.0
20200409:2310,0.0,0.0,0.0,12.73,0.69,0.0
20200410:0010,0.0,0.0,0.0,11.25,0.48,0.0
20200410:0110,0.0,0.0,0.0,10.0,0.48,0.0
20200410:0210,0.0,0.0,0.0,9.0,0.62,0.0
20200410:0310,0.0,0.0,0.0,8.38,0.69,0.0
20200410:0410,0.0,0.0,0.0,7.96,0.76,0.0
20200410:0510,49.0,8.0,2.26,7.69,0.69,0.0
20200410:0610,6342.0,189.0,12.83,8.54,0.48,0.0
20200410:0710,15227.0,389.0,23.34,12.11,0.62,0.0
20200410:0810,22553.5,569.01,33.37,16.02,0.69,0.0
20200410:0910,28154.5,724.01,42.3,18.63,0.69,0.0
20200410:1010,31289.0,825.01,49.19,20.5,0.48,0.0
20200410:1110,32325.5,869.01,52.73,21.73,0.21,0.0
20200410:1210,31892.0,858.01,51.92,22.55,0.28,0.0
20200410:1310,29335.0,783.01,47.01,23.07,0.28,0.0
20200410:1410,25302.5,668.01,39.25,23.34,0.28,0.0
20200410:1510,19122.0,505.0,29.83,23.31,0.21,0.0
20200410:1610,11291.5,316.0,19.57,23.06,0.28,0.0
20200410:1710,3206.0,122.0,8.99,21.74,0.41,0.0
20200410:1810,0.0,0.0,0.0,19.07,1.03,0.0
20200410:1910,0.0,0.0,0.0,16.46,1.72,0.0
20200410:2010,0.0,0.0,0.0,13.57,2.0,0.0
20200410:2110,0.0,0.0,0.0,12.09,1.86,0.0
20200410:2210,0.0,0.0,0.0,11.19,1.66,0.0
20200410:2310,0.0,0.0,0.0,10.09,1.66,0.0
20200411:0010,0.0,0.0,0.0,9.14,1.59,0.0
20200411:0110,0.0,0.0,0.0,8.57,1.45,0.0
20200411:0210,0.0,0.0,0.0,7.94,1.38,0.0
20200411:0310,0.0,0.0,0.0,7.28,1.45,0.0
20200411:0410,0.0,0.0,0.0,6.8,1.38,0.0
20200411:0510,98.0,10.0,2.57,6.66,1.31,0.0
20200411:0610,6629.5,196.0,13.14,8.45,0.97,0.0
20200411:0710,15462.0,394.0,23.66,12.76,1.03,0.0
20200411:0810,22675.5,570.01,33.7,16.77,1.24,0.0
20200411:0910,28101.5,717.01,42.65,19.7,1.52,0.0
20200411:1010,31411.0,816.01,49.56,21.68,1.59,0.0
20200411:1110,32833.5,863.01,53.1,22.94,1.59,0.0
20200411:1210,32434.5,856.01,52.26,23.75,1.52,0.0
20200411:1310,29860.0,782.01,47.31,24.23,1.66,0.0
20200411:1410,25766.0,668.01,39.5,24.4,1.86,0.0
20200411:1510,19483.0,506.0,30.06,24.19,2.14,0.0
20200411:1610,11389.0,314.0,19.78,23.49,2.48,0.0
20200411:1710,3326.5,124.0,9.2,21.79,2.69,0.0
20200411:1810,0.0,0.0,0.0,19.06,3.03,0.0
20200411:1910,0.0,0.0,0.0,17.23,2.76,0.0
20200411:2010,0.0,0.0,0.0,15.26,2.34,0.0
20200411:2110,0.0,0.0,0.0,13.29,2.07,0.0
20200411:2210,0.0,0.0,0.0,11.21,2.0,0.0
20200411:2310,0.0,0.0,0.0,9.55,1.86,0.0
20200412:0010,0.0,0.0,0.0,8.58,1.72,0.0
20200412:0110,0.0,0.0,0.0,8.04,1.59,0.0
20200412:0210,0.0,0.0,0.0,7.87,1.38,0.0
20200412:0310,0.0,0.0,0.0,7.76,1.24,0.0
20200412:0410,0.0,0.0,0.0,7.71,1.1,0.0
20200412:0510,150.5,12.0,2.88,7.58,1.03,0.0
20200412:0610,6742.0,197.0,13.45,8.39,0.83,0.0
20200412:0710,15506.0,393.0,23.97,11.73,0.83,0.0
20200412:0810,22608.0,567.01,34.02,15.62,0.9,0.0
20200412:0910,27769.0,711.01,43.0,18.27,0.76,0.0
20200412:1010,31132.5,817.01,49.92,20.09,0.55,0.0
20200412:1110,30588.0,800.01,53.47,21.34,1.1,0.0
20200412:1210,32739.0,853.01,52.61,22.23,1.79,0.0
20200412:1310,28081.0,720.01,47.61,22.59,2.41,0.0
20200412:1410,26247.0,665.01,39.76,22.3,3.03,0.0
20200412:1510,10459.0,271.0,30.28,21.46,3.59,0.0
20200412:1610,6731.5,182.0,19.99,20.14,3.86,0.0
20200412:1710,2153.5,71.0,9.41,18.5,3.31,0.0
20200412:1810,0.0,0.0,0.0,16.63,2.9,0.0
20200412:1910,0.0,0.0,0.0,15.4,2.55,0.0
20200412:2010,0.0,0.0,0.0,14.36,2.28,0.0
20200412:2110,0.0,0.0,0.0,13.61,2.0,0.0
20200412:2210,0.0,0.0,0.0,12.85,1.93,0.0
20200412:2310,0.0,0.0,0.0,12.18,1.79,0.0
20200413:0010,0.0,0.0,0.0,11.29,1.59,0.0
20200413:0110,0.0,0.0,0.0,10.67,1.24,0.0
20200413:0210,0.0,0.0,0.0,10.52,1.03,0.0
20200413:0310,0.0,0.0,0.0,10.59,0.9,0.0
20200413:0410,0.0,0.0,0.0,10.38,0.9,0.0
20200413:0510,147.5,12.0,3.19,10.26,0.83,0.0
20200413:0610,6817.5,200.0,13.75,10.67,0.55,0.0
20200413:0710,14876.0,379.0,24.27,13.37,0.69,0.0
20200413:0810,17226.0,432.0,34.34,15.9,0.83,0.0
20200413:0910,23856.0,605.01,43.34,17.68,0.83,0.0
20200413:1010,26585.0,682.01,50.29,18.99,0.97,0.0
20200413:1110,31290.5,813.01,53.84,20.09,1.17,0.0
20200413:1210,30647.0,793.01,52.95,20.77,1.52,0.0
20200413:1310,20764.0,528.0,47.9,21.17,2.21,0.0
20200413:1410,13118.0,335.0,40.01,20.93,3.1,0.0
20200413:1510,14269.5,361.0,30.5,20.02,3.86,0.0
20200413:1610,5282.5,145.0,20.2,18.63,4.07,0.0
20200413:1710,1253.0,45.0,9.62,17.32,3.52,0.0
20200413:1810,0.0,0.0,0.0,16.0,3.1,0.0
20200413:1910,0.0,0.0,0.0,14.73,3.1,0.0
20200413:2010,0.0,0.0,0.0,14.08,2.97,0.0
20200413:2110,0.0,0.0,0.0,13.53,3.03,0.0
20200413:2210,0.0,0.0,0.0,13.05,3.1,0.0
20200413:2310,0.0,0.0,0.0,12.59,2.76,0.0
20200414:0010,0.0,0.0,0.0,12.18,2.48,0.0
20200414:0110,0.0,0.0,0.0,11.93,2.34,0.0
20200414:0210,0.0,0.0,0.0,11.49,2.14,0.0
20200414:0310,0.0,0.0,0.0,11.0,1.93,0.0
20200414:0410,0.0,0.0,0.0,10.15,1.52,0.0
20200414:0510,269.0,16.81,3.49,9.43,1.1,0.0
20200414:0610,7161.0,208.0,14.05,10.96,0.48,0.0
20200414:0710,16026.0,408.0,24.58,12.9,0.55,0.0
20200414:0810,23009.0,582.01,34.66,15.74,0.34,0.0
20200414:0910,28028.0,727.01,43.67,18.16,0.14,0.0
20200414:1010,31543.0,833.01,50.65,19.97,0.34,0.0
20200414:1110,33176.5,876.01,54.21,21.33,0.97,0.0
20200414:1210,33007.0,868.01,53.29,22.34,1.38,0.0
20200414:1310,30628.0,797.01,48.19,22.97,1.72,0.0
20200414:1410,26072.0,671.01,40.26,23.28,2.0,0.0
20200414:1510,19720.0,508.0,30.73,23.23,2.34,0.0
20200414:1610,11862.5,323.0,20.41,22.79,2.9,0.0
20200414:1710,3702.0,133.0,9.82,21.61,3.38,0.0
20200414:1810,0.0,0.0,0.0,18.46,4.55,0.0
20200414:1910,0.0,0.0,0.0,17.3,4.83,0.0
20200414:2010,0.0,0.0,0.0,14.73,4.69,0.0
20200414:2110,0.0,0.0,0.0,12.94,4.69,0.0
20200414:2210,0.0,0.0,0.0,11.97,4.55,0.0
20200414:2310,0.0,0.0,0.0,11.37,4.28,0.0
20200415:0010,0.0,0.0,0.0,10.94,4.0,0.0
20200415:0110,0.0,0.0,0.0,10.37,3.59,0.0
20200415:0210,0.0,0.0,0.0,9.88,3.17,0.0
20200415:0310,0.0,0.0,0.0,9.67,2.97,0.0
20200415:0410,0.0,0.0,0.0,9.27,2.69,0.0
20200415:0510,176.5,13.0,3.79,9.09,2.41,0.0
20200415:0610,3664.5,103.0,14.34,9.35,2.34,0.0
20200415:0710,8540.0,215.0,24.88,9.96,2.21,0.0
20200415:0810,16084.5,391.0,34.97,11.14,2.21,0.0
20200415:0910,27256.0,665.01,44.01,12.29,2.07,0.0
20200415:1010,32717.5,815.01,51.0,13.56,1.72,0.0
20200415:1110,34741.5,880.01,54.57,14.73,1.45,0.0
20200415:1210,34112.0,867.01,53.62,15.76,1.45,0.0
20200415:1310,31441.5,797.01,48.48,16.63,1.38,0.0
20200415:1410,26781.0,674.01,40.51,17.23,1.38,0.0
20200415:1510,20393.5,514.0,30.95,17.53,1.59,0.0
20200415:1610,12350.5,329.0,20.61,17.37,1.79,0.0
20200415:1710,3963.0,139.0,10.03,16.76,2.0,0.0
20200415:1810,0.0,0.0,0.0,15.48,1.66,0.0
20200415:1910,0.0,0.0,0.0,13.21,1.38,0.0
20200415:2010,0.0,0.0,0.0,11.94,1.31,0.0
20200415:2110,0.0,0.0,0.0,11.32,1.17,0.0
20200415:2210,0.0,0.0,0.0,11.54,1.03,0.0
20200415:2310,0.0,0.0,0.0,11.38,0.9,0.0
20200416:0010,0.0,0.0,0.0,10.92,0.69,0.0
20200416:0110,0.0,0.0,0.0,10.32,0.76,0.0
20200416:0210,0.0,0.0,0.0,9.88,0.69,0.0
20200416:0310,0.0,0.0,0.0,9.85,0.55,0.0
20200416:0410,0.0,0.0,0.0,9.47,0.76,0.0
20200416:0510,435.5,22.57,4.09,9.14,0.62,0.0
20200416:0610,7326.0,207.0,14.64,9.34,0.21,0.0
20200416:0710,13437.0,335.0,25.18,10.51,0.76,0.0
20200416:0810,18861.0,466.0,35.28,12.79,0.76,0.0
20200416:0910,26929.5,680.01,44.34,14.53,0.41,0.0
20200416:1010,24552.0,627.0,51.36,16.13,0.21,0.0
20200416:1110,25790.0,666.0,54.93,17.49,0.21,0.0
20200416:1210,27686.5,721.01,53.96,18.63,0.28,0.0
20200416:1310,20503.0,527.0,48.77,19.38,0.41,0.0
20200416:1410,23036.5,590.0,40.75,19.96,0.83,0.0
20200416:1510,19989.5,512.0,31.16,20.4,1.31,0.0
20200416:1610,12046.0,324.0,20.82,20.29,1.79,0.0
20200416:1710,3969.5,138.0,10.23,19.44,2.07,0.0
20200416:1810,0.0,0.0,0.0,17.59,2.21,0.0
20200416:1910,0.0,0.0,0.0,15.32,2.34,0.0
20200416:2010,0.0,0.0,0.0,13.6,2.34,0.0
20200416:2110,0.0,0.0,0.0,12.27,2.21,0.0
20200416:2210,0.0,0.0,0.0,11.23,2.07,0.0
20200416:2310,0.0,0.0,0.0,10.4,2.0,0.0
20200417:0010,0.0,0.0,0.0,9.58,1.86,0.0
20200417:0110,0.0,0.0,0.0,8.62,1.66,0.0
20200417:0210,0.0,0.0,0.0,7.7,1.66,0.0
20200417:0310,0.0,0.0,0.0,7.22,1.66,0.0
20200417:0410,0.0,0.0,0.0,7.01,1.59,0.0
20200417:0510,338.0,18.83,4.38,7.42,1.31,0.0
20200417:0610,6919.5,191.0,14.93,9.03,0.97,0.0
20200417:0710,16517.5,416.0,25.47,12.32,0.9,0.0
20200417:0810,20731.0,515.0,35.59,14.9,1.17,0.0
20200417:0910,26251.5,663.01,44.67,16.88,1.03,0.0
20200417:1010,28675.5,736.01,51.71,18.34,0.97,0.0
20200417:1110,23595.5,605.0,55.29,19.68,1.1,0.0
20200417:1210,25261.5,651.0,54.29,20.9,1.31,0.0
20200417:1310,19262.0,493.0,49.05,21.69,1.79,0.0
20200417:1410,14954.0,383.0,40.99,22.06,2.41,0.0
20200417:1510,7821.5,208.0,31.38,21.68,2.76,0.0
20200417:1610,4084.0,117.0,21.02,20.83,3.1,0.0
20200417:1710,1416.5,50.0,10.43,19.36,2.9,0.0
20200417:1810,0.0,0.0,0.0,17.49,2.55,0.0
20200417:1910,0.0,0.0,0.0,15.52,2.14,0.0
20200417:2010,0.0,0.0,0.0,14.26,2.07,0.0
20200417:2110,0.0,0.0,0.0,13.07,1.72,0.0
20200417:2210,0.0,0.0,0.0,12.12,1.52,0.0
20200417:2310,0.0,0.0,0.0,11.11,1.59,0.0
20200418:0010,0.0,0.0,0.0,10.41,1.66,0.0
20200418:0110,0.0,0.0,0.0,10.09,1.59,0.0
20200418:0210,0.0,0.0,0.0,9.72,1.66,0.0
20200418:0310,0.0,0.0,0.0,9.59,1.66,0.0
20200418:0410,0.0,0.0,0.0,9.28,1.38,0.0
20200418:0510,294.0,17.0,4.67,10.02,0.9,0.0
20200418:0610,5168.5,142.0,15.21,10.8,0.76,0.0
20200418:0710,8538.0,219.0,25.76,13.0,0.62,0.0
20200418:0810,17167.0,430.0,35.89,15.23,0.55,0.0
20200418:0910,25000.0,636.01,44.99,17.0,0.48,0.0
20200418:1010,26910.0,692.01,52.05,18.69,0.76,0.0
20200418:1110,25888.0,670.0,55.64,20.34,0.9,0.0
20200418:1210,28032.5,728.01,54.62,21.69,1.31,0.0
20200418:1310,19422.0,499.0,49.34,22.38,1.72,0.0
20200418:1410,13826.0,356.0,41.24,22.58,2.41,0.0
20200418:1510,13574.5,348.0,31.59,21.96,3.03,0.0
20200418:1610,11650.0,311.0,21.22,21.1,3.31,0.0
20200418:1710,4021.0,135.0,10.63,19.73,3.1,0.0
20200418:1810,0.0,0.0,0.0,17.93,2.9,0.0
20200418:1910,0.0,0.0,0.0,16.04,2.62,0.0
20200418:2010,0.0,0.0,0.0,14.88,2.55,0.0
20200418:2110,0.0,0.0,0.0,14.02,2.0,0.0
20200418:2210,0.0,0.0,0.0,13.17,1.66,0.0
20200418:2310,0.0,0.0,0.0,12.31,1.66,0.0
20200419:0010,0.0,0.0,0.0,11.8,1.72,0.0
20200419:0110,0.0,0.0,0.0,11.14,1.45,0.0
20200419:0210,0.0,0.0,0.0,11.12,1.17,0.0
20200419:0310,0.0,0.0,0.0,10.88,1.17,0.0
20200419:0410,0.0,0.0,0.0,10.49,1.24,0.0
20200419:0510,431.0,21.82,4.96,10.0,1.38,0.0
20200419:0610,5278.5,145.0,15.5,11.47,0.97,0.0
20200419:0710,14996.0,379.0,26.05,14.19,0.97,0.0
20200419:0810,14939.5,376.0,36.19,16.15,0.76,0.0
20200419:0910,13900.0,355.0,45.31,17.91,0.41,0.0
20200419:1010,14856.5,382.0,52.4,19.36,0.41,0.0
20200419:1110,8700.0,230.0,55.99,20.42,0.55,0.0
20200419:1210,13768.0,357.0,54.94,21.1,0.62,0.0
20200419:1310,5436.5,151.0,49.61,21.67,0.83,0.0
20200419:1410,4910.5,138.0,41.47,21.72,1.24,0.0
20200419:1510,2537.0,79.0,31.81,21.18,1.93,0.0
20200419:1610,1611.0,55.0,21.43,20.16,2.48,0.0
20200419:1710,912.5,36.0,10.83,18.78,2.55,0.0
20200419:1810,0.0,0.0,0.0,17.54,2.28,0.0
20200419:1910,0.0,0.0,0.0,15.82,1.45,0.0
20200419:2010,0.0,0.0,0.0,15.35,1.31,0.0
20200419:2110,0.0,0.0,0.0,14.53,1.24,0.0
20200419:2210,0.0,0.0,0.0,14.37,1.17,0.0
20200419:2310,0.0,0.0,0.0,14.13,0.97,0.0
20200420:0010,0.0,0.0,0.0,14.27,0.76,0.0
20200420:0110,0.0,0.0,0.0,14.45,0.48,0.0
20200420:0210,0.0,0.0,0.0,14.72,0.21,0.0
20200420:0310,0.0,0.0,0.0,14.19,0.55,0.0
20200420:0410,0.0,0.0,0.0,13.8,1.17,0.0
20200420:0510,0.0,5.0,5.24,13.71,1.93,0.0
20200420:0610,757.0,31.0,15.77,13.48,2.48,0.0
20200420:0710,2388.0,73.0,26.33,13.81,2.21,0.0
20200420:0810,3259.0,94.0,36.48,13.91,3.24,0.0
20200420:0910,2639.5,79.0,45.62,13.66,3.45,0.0
20200420:1010,5526.0,147.0,52.74,13.48,3.79,0.0
20200420:1110,5318.0,142.0,56.34,13.27,4.0,0.0
20200420:1210,4632.5,126.0,55.26,13.19,3.93,0.0
20200420:1310,3021.5,88.0,49.89,13.19,4.0,0.0
20200420:1410,2401.0,73.0,41.71,13.07,4.0,0.0
20200420:1510,2566.0,77.0,32.02,13.06,3.93,0.0
20200420:1610,1954.0,62.0,21.63,12.95,4.14,0.0
20200420:1710,549.5,25.0,11.03,12.9,4.07,0.0
20200420:1810,0.0,0.0,0.0,12.73,4.07,0.0
20200420:1910,0.0,0.0,0.0,12.3,4.41,0.0
20200420:2010,0.0,0.0,0.0,12.13,4.41,0.0
20200420:2110,0.0,0.0,0.0,11.89,4.34,0.0
20200420:2210,0.0,0.0,0.0,11.67,4.21,0.0
20200420:2310,0.0,0.0,0.0,11.45,4.21,0.0
20200421:0010,0.0,0.0,0.0,11.28,4.14,0.0
20200421:0110,0.0,0.0,0.0,11.02,4.07,0.0
20200421:0210,0.0,0.0,0.0,10.77,4.14,0.0
20200421:0310,0.0,0.0,0.0,10.5,4.07,0.0
20200421:0410,0.0,0.0,0.0,10.29,4.07,0.0
20200421:0510,6.5,6.0,5.52,10.11,4.0,0.0
20200421:0610,994.0,37.0,16.05,10.03,3.79,0.0
20200421:0710,2305.5,70.0,26.61,10.55,3.38,0.0
20200421:0810,2802.0,82.0,36.77,10.8,3.1,0.0
20200421:0910,4629.0,125.0,45.93,11.18,3.03,0.0
20200421:1010,4282.0,117.0,53.07,11.31,3.03,0.0
20200421:1110,3638.0,102.0,56.69,11.5,3.31,0.0
20200421:1210,3214.0,92.0,55.58,11.52,3.45,0.0
20200421:1310,3214.5,92.0,50.16,11.48,3.45,0.0
20200421:1410,4193.5,115.0,41.94,11.53,3.38,0.0
20200421:1510,2377.0,72.0,32.23,11.44,2.97,0.0
20200421:1610,2170.5,67.0,21.82,11.45,2.69,0.0
20200421:1710,2295.0,71.0,11.23,11.32,2.62,0.0
20200421:1810,0.0,0.0,0.0,11.04,2.41,0.0
20200421:1910,0.0,0.0,0.0,10.26,3.03,0.0
20200421:2010,0.0,0.0,0.0,10.2,2.97,0.0
20200421:2110,0.0,0.0,0.0,10.17,2.76,0.0
20200421:2210,0.0,0.0,0.0,10.22,2.55,0.0
20200421:2310,0.0,0.0,0.0,10.21,2.41,0.0
20200422:0010,0.0,0.0,0.0,10.25,2.21,0.0
20200422:0110,0.0,0.0,0.0,10.63,2.07,0.0
20200422:0210,0.0,0.0,0.0,10.64,1.86,0.0
20200422:0310,0.0,0.0,0.0,10.57,1.66,0.0
20200422:0410,0.0,0.0,0.0,10.57,1.66,0.0
20200422:0510,233.0,15.0,5.79,10.32,1.79,0.0
20200422:0610,7351.5,198.0,16.32,10.82,1.79,0.0
20200422:0710,15592.5,388.0,26.88,12.85,1.66,0.0
20200422:0810,24560.0,604.0,37.06,14.95,2.28,0.0
20200422:0910,30699.5,759.01,46.24,16.38,2.97,0.0
20200422:1010,34508.0,862.01,53.4,17.15,3.1,0.0
20200422:1110,34963.5,878.01,57.03,18.04,3.31,0.0
20200422:1210,35272.5,888.01,55.9,18.96,3.45,0.0
20200422:1310,32638.5,821.01,50.43,19.63,3.24,0.0
20200422:1410,27488.0,688.01,42.18,20.0,3.17,0.0
20200422:1510,21092.0,530.0,32.44,19.88,3.03,0.0
20200422:1610,13022.5,344.0,22.02,19.6,2.62,0.0
20200422:1710,4746.5,156.0,11.43,18.78,1.59,0.0
20200422:1810,0.0,0.0,0.0,16.95,1.03,0.0
20200422:1910,0.0,0.0,0.0,16.84,0.76,0.0
20200422:2010,0.0,0.0,0.0,16.19,0.48,0.0
20200422:2110,0.0,0.0,0.0,15.59,0.21,0.0
20200422:2210,0.0,0.0,0.0,15.03,0.55,0.0
20200422:2310,0.0,0.0,0.0,14.36,0.83,0.0
20200423:0010,0.0,0.0,0.0,13.51,0.97,0.0
20200423:0110,0.0,0.0,0.0,11.63,1.17,0.0
20200423:0210,0.0,0.0,0.0,10.05,1.1,0.0
20200423:0310,0.0,0.0,0.0,8.91,1.1,0.0
20200423:0410,0.0,0.0,0.0,8.04,1.1,0.0
20200423:0510,1594.0,69.0,6.06,8.09,1.03,0.0
20200423:0610,9212.0,253.0,16.59,10.04,0.62,0.0
20200423:0710,17685.5,445.0,27.15,12.69,0.41,0.0
20200423:0810,24625.0,623.01,37.34,15.51,0.28,0.0
20200423:0910,29960.5,769.01,46.54,17.5,0.69,0.0
20200423:1010,33772.5,873.01,53.73,18.73,1.31,0.0
20200423:1110,35107.0,918.01,57.37,19.58,1.24,0.0
20200423:1210,34254.0,899.01,56.21,20.25,1.1,0.0
20200423:1310,31775.0,827.01,50.7,20.72,1.17,0.0
20200423:1410,27373.5,704.01,42.4,20.97,1.24,0.0
20200423:1510,21186.5,543.0,32.64,20.94,1.31,0.0
20200423:1610,13266.5,354.0,22.22,20.62,1.52,0.0
20200423:1710,4924.0,163.0,11.63,19.86,1.38,0.0
20200423:1810,0.0,0.0,0.0,18.22,1.59,0.0
20200423:1910,0.0,0.0,0.0,16.0,1.59,0.0
20200423:2010,0.0,0.0,0.0,14.52,1.38,0.0
20200423:2110,0.0,0.0,0.0,15.77,0.76,0.0
20200423:2210,0.0,0.0,0.0,15.29,0.41,0.0
20200423:2310,0.0,0.0,0.0,14.19,0.76,0.0
20200424:0010,0.0,0.0,0.0,13.24,0.76,0.0
20200424:0110,0.0,0.0,0.0,12.47,0.62,0.0
20200424:0210,0.0,0.0,0.0,12.05,0.48,0.0
20200424:0310,0.0,0.0,0.0,11.23,0.41,0.0
20200424:0410,0.0,0.0,0.0,10.38,0.48,0.0
20200424:0510,1703.0,72.0,6.33,9.67,0.55,0.0
20200424:0610,9198.5,252.0,16.85,11.07,0.41,0.0
20200424:0710,17661.5,444.0,27.42,14.2,1.1,0.0
20200424:0810,24679.5,620.0,37.62,16.82,1.17,0.0
20200424:0910,29725.0,764.01,46.84,18.58,0.9,0.0
20200424:1010,32989.0,867.01,54.06,19.96,0.76,0.0
20200424:1110,34374.5,911.01,57.7,21.23,0.97,0.0
20200424:1210,33884.0,896.01,56.52,22.31,1.24,0.0
20200424:1310,31625.0,825.01,50.97,23.0,1.72,0.0
20200424:1410,27162.5,699.01,42.63,23.47,2.14,0.0
20200424:1510,20727.5,532.0,32.85,23.41,2.41,0.0
20200424:1610,13032.5,348.0,22.41,22.73,2.69,0.0
20200424:1710,4997.5,164.0,11.82,21.4,2.62,0.0
20200424:1810,0.0,0.0,0.0,19.45,2.62,0.0
20200424:1910,0.0,0.0,0.0,17.19,2.55,0.0
20200424:2010,0.0,0.0,0.0,15.76,2.48,0.0
20200424:2110,0.0,0.0,0.0,14.65,2.34,0.0
20200424:2210,0.0,0.0,0.0,13.69,2.34,0.0
20200424:2310,0.0,0.0,0.0,13.16,2.28,0.0
20200425:0010,0.0,0.0,0.0,12.72,2.07,0.0
20200425:0110,0.0,0.0,0.0,12.26,1.72,0.0
20200425:0210,0.0,0.0,0.0,11.61,1.59,0.0
20200425:0310,0.0,0.0,0.0,11.01,1.66,0.0
20200425:0410,0.0,0.0,0.0,10.75,1.79,0.0
20200425:0510,661.0,28.0,6.59,10.57,1.72,0.0
20200425:0610,3637.5,103.0,17.11,12.53,1.45,0.0
20200425:0710,8004.5,207.0,27.68,15.1,1.86,0.0
20200425:0810,20287.5,503.0,37.89,16.9,2.41,0.0
20200425:0910,29835.0,747.01,47.14,18.38,2.62,0.0
20200425:1010,33551.5,852.01,54.37,19.64,2.69,0.0
20200425:1110,35028.5,895.01,58.03,20.67,2.97,0.0
20200425:1210,34605.5,881.01,56.83,21.19,3.38,0.0
20200425:1310,32099.0,810.01,51.23,21.38,3.72,0.0
20200425:1410,27315.0,686.01,42.86,21.43,3.52,0.0
20200425:1510,20860.0,525.0,33.05,21.11,3.52,0.0
20200425:1610,13199.5,347.0,22.6,20.43,3.59,0.0
20200425:1710,5151.5,167.0,12.02,19.18,3.1,0.0
20200425:1810,0.0,0.0,0.0,17.57,2.9,0.0
20200425:1910,0.0,0.0,0.0,15.77,3.38,0.0
20200425:2010,0.0,0.0,0.0,14.57,3.17,0.0
20200425:2110,0.0,0.0,0.0,13.96,3.1,0.0
20200425:2210,0.0,0.0,0.0,13.41,2.9,0.0
20200425:2310,0.0,0.0,0.0,12.9,2.69,0.0
20200426:0010,0.0,0.0,0.0,12.63,2.41,0.0
20200426:0110,0.0,0.0,0.0,12.27,2.21,0.0
20200426:0210,0.0,0.0,0.0,12.02,1.86,0.0
20200426:0310,0.0,0.0,0.0,11.57,1.45,0.0
20200426:0410,0.0,0.0,0.0,10.72,1.31,0.0
20200426:0510,1417.0,52.0,6.85,10.29,1.17,0.0
20200426:0610,8173.0,220.0,17.36,12.0,0.97,0.0
20200426:0710,14578.5,366.0,27.93,14.38,1.03,0.0
20200426:0810,9168.5,236.0,38.16,16.11,1.17,0.0
20200426:0910,19317.0,486.0,47.42,17.5,1.31,0.0
20200426:1010,8607.5,225.0,54.69,18.64,1.45,0.0
20200426:1110,26958.0,687.0,58.36,19.71,1.93,0.0
20200426:1210,27903.5,709.0,57.13,20.14,2.41,0.0
20200426:1310,28219.0,711.01,51.49,20.46,3.1,0.0
20200426:1410,8639.0,226.0,43.08,20.39,3.66,0.0
20200426:1510,16876.0,424.0,33.25,19.97,3.45,0.0
20200426:1610,7905.5,209.0,22.79,19.12,3.03,0.0
20200426:1710,5002.0,158.0,12.21,18.28,2.34,0.0
20200426:1810,0.0,0.0,0.0,17.29,2.14,0.0
20200426:1910,0.0,0.0,0.0,15.98,2.55,0.0
20200426:2010,0.0,0.0,0.0,14.92,2.28,0.0
20200426:2110,0.0,0.0,0.0,14.28,2.0,0.0
20200426:2210,0.0,0.0,0.0,14.0,1.79,0.0
20200426:2310,0.0,0.0,0.0,13.75,1.59,0.0
20200427:0010,0.0,0.0,0.0,13.53,1.66,0.0
20200427:0110,0.0,0.0,0.0,13.47,1.52,0.0
20200427:0210,0.0,0.0,0.0,13.42,1.31,0.0
20200427:0310,0.0,0.0,0.0,13.25,1.24,0.0
20200427:0410,0.0,0.0,0.0,13.17,1.24,0.0
20200427:0510,1094.0,41.0,7.11,13.17,1.1,0.0
20200427:0610,5806.0,157.0,17.61,13.6,1.31,0.0
20200427:0710,15824.0,397.0,28.19,14.71,1.17,0.0
20200427:0810,17269.5,431.0,38.42,15.91,1.24,0.0
20200427:0910,21118.0,530.0,47.71,16.5,1.1,0.0
20200427:1010,17669.0,445.0,55.0,16.99,1.24,0.0
20200427:1110,16674.0,421.0,58.68,17.7,1.52,0.0
20200427:1210,32841.5,837.01,57.43,18.26,1.93,0.0
20200427:1310,21738.0,546.0,51.74,18.99,2.48,0.0
20200427:1410,23511.5,588.0,43.3,19.5,2.83,0.0
20200427:1510,19076.5,478.0,33.45,19.45,2.97,0.0
20200427:1610,11613.0,302.0,22.98,18.76,2.97,0.0
20200427:1710,3517.0,106.0,12.4,17.98,2.76,0.0
20200427:1810,0.0,0.0,0.0,17.21,2.55,0.0
20200427:1910,0.0,0.0,0.0,16.15,2.21,0.0
20200427:2010,0.0,0.0,0.0,15.53,2.14,0.0
20200427:2110,0.0,0.0,0.0,14.9,1.93,0.0
20200427:2210,0.0,0.0,0.0,14.73,1.72,0.0
20200427:2310,0.0,0.0,0.0,14.44,1.38,0.0
20200428:0010,0.0,0.0,0.0,14.29,1.24,0.0
20200428:0110,0.0,0.0,0.0,14.1,1.31,0.0
20200428:0210,0.0,0.0,0.0,13.91,1.45,0.0
20200428:0310,0.0,0.0,0.0,13.78,1.52,0.0
20200428:0410,0.0,0.0,0.0,13.63,1.72,0.0
20200428:0510,446.0,22.0,7.36,13.64,1.66,0.0
20200428:0610,1900.0,61.0,17.86,13.96,1.66,0.0
20200428:0710,9850.5,251.0,28.43,14.8,1.24,0.0
20200428:0810,4310.0,120.0,38.68,15.34,1.24,0.0
20200428:0910,15437.5,388.0,47.99,16.2,1.1,0.0
20200428:1010,17329.0,436.0,55.3,16.87,1.31,0.0
20200428:1110,18167.0,458.0,59.0,17.56,1.52,0.0
20200428:1210,27430.5,694.0,57.72,17.38,1.59,0.0
20200428:1310,7220.0,190.0,52.0,16.77,1.52,0.0
20200428:1410,9278.5,239.0,43.52,16.26,1.03,0.0
20200428:1510,1333.5,47.0,33.64,16.15,0.55,0.0
20200428:1610,4571.5,127.0,23.17,16.24,0.41,0.0
20200428:1710,224.0,15.0,12.59,16.15,0.41,0.0
20200428:1810,0.0,0.0,0.0,15.77,0.41,0.0
20200428:1910,0.0,0.0,0.0,14.59,0.34,0.0
20200428:2010,0.0,0.0,0.0,14.24,0.28,0.0
20200428:2110,0.0,0.0,0.0,13.61,0.34,0.0
20200428:2210,0.0,0.0,0.0,12.46,0.76,0.0
20200428:2310,0.0,0.0,0.0,11.99,0.83,0.0
20200429:0010,0.0,0.0,0.0,12.27,0.48,0.0
20200429:0110,0.0,0.0,0.0,12.44,0.21,0.0
20200429:0210,0.0,0.0,0.0,12.03,0.41,0.0
20200429:0310,0.0,0.0,0.0,11.16,0.69,0.0
20200429:0410,0.0,0.0,0.0,10.52,0.83,0.0
20200429:0510,1889.5,66.0,7.6,10.68,0.83,0.0
20200429:0610,5719.5,153.0,18.1,11.7,1.24,0.0
20200429:0710,8700.5,223.0,28.68,14.15,1.17,0.0
20200429:0810,16149.0,404.0,38.93,15.92,1.17,0.0
20200429:0910,30752.0,785.01,48.26,17.41,1.03,0.0
20200429:1010,33734.0,883.01,55.61,18.85,0.76,0.0
20200429:1110,34748.0,931.01,59.31,20.11,0.34,0.0
20200429:1210,33803.0,916.01,58.01,20.99,0.0,0.0
20200429:1310,31553.5,844.01,52.25,21.49,0.14,0.0
20200429:1410,27416.0,720.01,43.73,22.0,0.34,0.0
20200429:1510,21236.0,552.0,33.84,22.26,0.55,0.0
20200429:1610,13834.5,370.0,23.36,22.22,1.03,0.0
20200429:1710,5657.5,181.0,12.78,21.32,1.72,0.0
20200429:1810,65.0,9.0,2.46,19.47,2.41,0.0
20200429:1910,0.0,0.0,0.0,17.49,2.48,0.0
20200429:2010,0.0,0.0,0.0,16.03,2.55,0.0
20200429:2110,0.0,0.0,0.0,14.94,2.34,0.0
20200429:2210,0.0,0.0,0.0,14.16,2.0,0.0
20200429:2310,0.0,0.0,0.0,13.39,1.72,0.0
20200430:0010,0.0,0.0,0.0,12.88,1.79,0.0
20200430:0110,0.0,0.0,0.0,12.67,1.79,0.0
20200430:0210,0.0,0.0,0.0,12.66,1.79,0.0
20200430:0310,0.0,0.0,0.0,12.61,1.59,0.0
20200430:0410,0.0,0.0,0.0,11.73,1.24,0.0
20200430:0510,2462.0,94.0,7.84,11.53,0.97,0.0
20200430:0610,9850.5,266.0,18.33,13.06,0.69,0.0
20200430:0710,15578.5,391.0,28.91,14.6,0.83,0.0
20200430:0810,11404.0,290.0,39.18,15.92,0.69,0.0
20200430:0910,16435.5,415.0,48.53,17.06,0.9,0.0
20200430:1010,18048.5,457.0,55.9,17.72,1.03,0.0
20200430:1110,15149.0,386.0,59.62,18.35,0.97,0.0
20200430:1210,5200.5,143.0,58.3,18.43,1.38,0.0
20200430:1310,11862.0,303.0,52.49,18.2,1.66,0.0
20200430:1410,13320.0,338.0,43.94,18.42,1.86,0.0
20200430:1510,16373.0,413.0,34.03,18.42,1.59,0.0
20200430:1610,9355.5,246.0,23.55,18.07,0.34,0.0
20200430:1710,3695.5,110.0,12.97,17.3,1.03,0.0
20200430:1810,24.0,7.0,2.65,16.1,0.69,0.0
20200430:1910,0.0,0.0,0.0,15.64,0.62,0.0
20200430:2010,0.0,0.0,0.0,14.63,0.83,0.0
20200430:2110,0.0,0.0,0.0,13.46,1.1,0.0
20200430:2210,0.0,0.0,0.0,12.72,1.03,0.0
20200430:2310,0.0,0.0,0.0,12.19,0.9,0.0
20200501:0010,0.0,0.0,0.0,11.84,0.55,0.0
20200501:0110,0.0,0.0,0.0,11.0,0.41,0.0
20200501:0210,0.0,0.0,0.0,10.77,0.07,0.0
20200501:0310,0.0,0.0,0.0,10.38,0.28,0.0
20200501:0410,0.0,0.0,0.0,10.07,0.55,0.0
20200501:0510,2559.5,92.0,8.08,10.03,0.48,0.0
20200501:0610,4297.5,118.0,18.56,10.84,0.55,0.0
20200501:0710,10054.0,255.0,29.15,13.37,0.55,0.0
20200501:0810,19799.0,496.0,39.42,15.08,0.41,0.0
20200501:0910,24181.0,614.0,48.79,17.02,0.62,0.0
20200501:1010,32498.5,849.01,56.19,18.55,0.62,0.0
20200501:1110,19294.0,496.0,59.93,19.8,0.69,0.0
20200501:1210,21129.0,548.0,58.59,20.96,0.55,0.0
20200501:1310,27359.0,716.01,52.74,21.72,0.69,0.0
20200501:1410,15217.5,395.0,44.15,22.23,0.62,0.0
20200501:1510,2716.0,84.0,34.22,22.16,0.55,0.0
20200501:1610,3055.5,92.0,23.73,20.69,0.41,0.0
20200501:1710,3497.0,105.0,13.15,18.71,0.55,0.0
20200501:1810,0.0,4.0,2.85,17.59,0.62,0.0
20200501:1910,0.0,0.0,0.0,16.08,0.14,0.0
20200501:2010,0.0,0.0,0.0,15.54,0.07,0.0
20200501:2110,0.0,0.0,0.0,13.83,0.69,0.0
20200501:2210,0.0,0.0,0.0,13.24,0.9,0.0
20200501:2310,0.0,0.0,0.0,13.1,0.76,0.0
20200502:0010,0.0,0.0,0.0,12.66,0.76,0.0
20200502:0110,0.0,0.0,0.0,12.17,0.62,0.0
20200502:0210,0.0,0.0,0.0,11.73,0.34,0.0
20200502:0310,0.0,0.0,0.0,10.97,0.34,0.0
20200502:0410,0.0,0.0,0.0,10.4,0.76,0.0
20200502:0510,2820.0,102.0,8.31,9.64,0.9,0.0
20200502:0610,10339.5,274.0,18.79,11.65,1.03,0.0
20200502:0710,17487.5,438.0,29.37,14.5,0.9,0.0
20200502:0810,25990.0,654.0,39.66,17.04,1.17,0.0
20200502:0910,30767.0,789.01,49.05,19.51,1.45,0.0
20200502:1010,33941.0,881.01,56.48,21.52,2.0,0.0
20200502:1110,35314.5,923.01,60.23,22.92,2.34,0.0
20200502:1210,34583.5,903.01,58.87,23.91,2.62,0.0
20200502:1310,32118.0,836.01,52.98,24.61,2.55,0.0
20200502:1410,27659.5,715.01,44.36,25.04,2.48,0.0
20200502:1510,21450.5,552.0,34.41,25.15,2.9,0.0
20200502:1610,14085.0,375.0,23.91,24.78,3.1,0.0
20200502:1710,5285.5,162.0,13.34,23.61,2.62,0.0
20200502:1810,111.0,11.0,3.05,21.55,2.62,0.0
20200502:1910,0.0,0.0,0.0,19.81,2.76,0.0
20200502:2010,0.0,0.0,0.0,18.59,2.83,0.0
20200502:2110,0.0,0.0,0.0,17.55,2.48,0.0
20200502:2210,0.0,0.0,0.0,16.41,2.0,0.0
20200502:2310,0.0,0.0,0.0,14.94,1.45,0.0
20200503:0010,0.0,0.0,0.0,14.81,1.1,0.0
20200503:0110,0.0,0.0,0.0,15.72,0.69,0.0
20200503:0210,0.0,0.0,0.0,15.24,0.41,0.0
20200503:0310,0.0,0.0,0.0,14.71,0.69,0.0
20200503:0410,0.0,0.0,0.0,13.81,0.97,0.0
20200503:0510,2841.5,101.0,8.54,11.2,1.38,0.0
20200503:0610,10718.5,288.0,19.01,13.55,0.76,0.0
20200503:0710,18747.5,476.0,29.6,16.45,0.55,0.0
20200503:0810,25366.0,641.0,39.9,18.49,1.31,0.0
20200503:0910,30530.0,777.01,49.31,20.0,2.07,0.0
20200503:1010,33693.5,867.01,56.76,21.06,2.34,0.0
20200503:1110,35021.5,908.01,60.53,21.83,2.41,0.0
20200503:1210,34673.0,898.01,59.15,22.48,2.62,0.0
20200503:1310,32127.5,827.01,53.22,22.93,2.69,0.0
20200503:1410,27536.5,704.01,44.57,23.13,2.55,0.0
20200503:1510,21436.5,547.0,34.6,23.0,2.55,0.0
20200503:1610,13863.0,366.0,24.09,22.53,2.28,0.0
20200503:1710,5978.5,186.0,13.52,21.77,1.66,0.0
20200503:1810,168.0,13.83,3.24,19.9,1.17,0.0
20200503:1910,0.0,0.0,0.0,18.39,1.86,0.0
20200503:2010,0.0,0.0,0.0,16.4,1.86,0.0
20200503:2110,0.0,0.0,0.0,15.46,1.59,0.0
20200503:2210,0.0,0.0,0.0,14.8,1.59,0.0
20200503:2310,0.0,0.0,0.0,14.0,1.72,0.0
20200504:0010,0.0,0.0,0.0,13.39,1.79,0.0
20200504:0110,0.0,0.0,0.0,12.78,1.79,0.0
20200504:0210,0.0,0.0,0.0,12.58,1.79,0.0
20200504:0310,0.0,0.0,0.0,12.21,1.79,0.0
20200504:0410,0.0,0.0,0.0,11.54,1.66,0.0
20200504:0510,1199.5,43.0,8.76,11.45,1.38,0.0
20200504:0610,6017.5,161.0,19.23,13.75,1.24,0.0
20200504:0710,13207.0,331.0,29.82,14.99,1.59,0.0
20200504:0810,19745.5,492.0,40.12,16.31,1.52,0.0
20200504:0910,23852.5,603.0,49.56,17.74,1.24,0.0
20200504:1010,31859.5,825.01,57.04,18.81,1.1,0.0
20200504:1110,35025.0,923.01,60.82,19.67,0.97,0.0
20200504:1210,34143.5,908.01,59.42,20.73,0.69,0.0
20200504:1310,31496.0,837.01,53.45,21.78,0.48,0.0
20200504:1410,27378.5,717.01,44.77,22.38,0.62,0.0
20200504:1510,21625.0,558.0,34.78,22.82,1.31,0.0
20200504:1610,14143.0,375.0,24.27,22.61,1.45,0.0
20200504:1710,6210.5,192.0,13.7,21.88,1.45,0.0
20200504:1810,223.0,15.81,3.43,20.09,0.83,0.0
20200504:1910,0.0,0.0,0.0,17.33,1.31,0.0
20200504:2010,0.0,0.0,0.0,15.72,1.31,0.0
20200504:2110,0.0,0.0,0.0,15.21,1.03,0.0
20200504:2210,0.0,0.0,0.0,13.1,1.38,0.0
20200504:2310,0.0,0.0,0.0,12.12,1.45,0.0
20200505:0010,0.0,0.0,0.0,11.65,1.38,0.0
20200505:0110,0.0,0.0,0.0,11.49,1.1,0.0
20200505:0210,0.0,0.0,0.0,12.42,0.76,0.0
20200505:0310,0.0,0.0,0.0,11.99,0.76,0.0
20200505:0410,0.0,0.0,0.0,11.62,0.83,0.0
20200505:0510,1779.5,59.0,8.98,10.95,0.97,0.0
20200505:0610,9470.0,249.0,19.44,12.53,0.83,0.0
20200505:0710,18854.5,475.0,30.03,14.44,0.28,0.0
20200505:0810,23605.5,596.0,40.35,15.9,0.34,0.0
20200505:0910,27276.5,696.0,49.8,17.49,0.76,0.0
20200505:1010,29151.0,753.01,57.31,19.05,0.97,0.0
20200505:1110,29216.5,764.01,61.11,20.5,0.83,0.0
20200505:1210,26700.5,700.0,59.69,21.87,0.76,0.0
20200505:1310,30483.5,797.01,53.68,22.48,1.31,0.0
20200505:1410,26698.5,686.0,44.97,22.7,1.86,0.0
20200505:1510,20644.5,528.0,34.97,22.74,2.07,0.0
20200505:1610,11287.0,297.0,24.45,22.4,2.41,0.0
20200505:1710,3091.5,94.0,13.89,21.21,2.9,0.0
20200505:1810,138.0,12.0,3.62,19.65,2.9,0.0
20200505:1910,0.0,0.0,0.0,17.14,2.21,0.0
20200505:2010,0.0,0.0,0.0,16.3,1.86,0.0
20200505:2110,0.0,0.0,0.0,15.69,1.45,0.0
20200505:2210,0.0,0.0,0.0,15.02,1.17,0.0
20200505:2310,0.0,0.0,0.0,14.7,0.69,0.0
20200506:0010,0.0,0.0,0.0,14.82,0.48,0.0
20200506:0110,0.0,0.0,0.0,14.63,0.41,0.0
20200506:0210,0.0,0.0,0.0,14.11,0.76,0.0
20200506:0310,0.0,0.0,0.0,12.95,1.17,0.0
20200506:0410,0.0,0.0,0.0,12.76,1.31,0.0
20200506:0510,3220.0,113.0,9.19,13.14,1.03,0.0
20200506:0610,11014.5,296.0,19.65,15.45,0.62,0.0
20200506:0710,18444.0,469.0,30.24,16.33,0.21,0.0
20200506:0810,25104.0,640.0,40.56,18.07,0.55,0.0
20200506:0910,29867.0,769.01,50.03,19.71,1.17,0.0
20200506:1010,32443.5,842.01,57.57,21.17,1.72,0.0
20200506:1110,33768.5,876.01,61.39,21.65,2.21,0.0
20200506:1210,33662.5,872.01,59.96,22.51,2.55,0.0
20200506:1310,31959.5,817.01,53.91,22.61,3.17,0.0
20200506:1410,27505.0,693.0,45.17,22.17,3.66,0.0
20200506:1510,21892.5,549.0,35.15,21.39,3.86,0.0
20200506:1610,11442.5,297.0,24.63,20.9,3.93,0.0
20200506:1710,5869.5,174.0,14.06,20.04,3.86,0.0
20200506:1810,198.5,14.84,3.81,18.77,3.45,0.0
20200506:1910,0.0,0.0,0.0,18.94,2.55,0.0
20200506:2010,0.0,0.0,0.0,17.59,2.07,0.0
20200506:2110,0.0,0.0,0.0,16.75,1.93,0.0
20200506:2210,0.0,0.0,0.0,16.09,1.86,0.0
20200506:2310,0.0,0.0,0.0,15.41,1.72,0.0
20200507:0010,0.0,0.0,0.0,14.75,1.45,0.0
20200507:0110,0.0,0.0,0.0,14.33,1.31,0.0
20200507:0210,0.0,0.0,0.0,13.78,1.38,0.0
20200507:0310,0.0,0.0,0.0,13.3,1.45,0.0
20200507:0410,0.0,0.0,0.0,12.71,1.45,0.0
20200507:0510,1672.0,56.0,9.4,12.92,1.24,0.0
20200507:0610,9713.0,256.0,19.85,14.73,1.24,0.0
20200507:0710,16611.5,416.0,30.44,15.81,1.38,0.0
20200507:0810,26035.0,651.0,40.78,16.8,1.59,0.0
20200507:0910,30937.5,789.01,50.27,18.0,1.38,0.0
20200507:1010,33666.5,882.01,57.83,19.57,0.97,0.0
20200507:1110,34729.0,928.01,61.67,20.68,0.62,0.0
20200507:1210,33647.0,913.01,60.22,21.77,0.14,0.0
20200507:1310,31363.5,842.01,54.13,22.32,0.21,0.0
20200507:1410,27397.0,723.0,45.37,22.97,0.41,0.0
20200507:1510,21613.5,565.0,35.33,23.34,0.48,0.0
20200507:1610,14393.5,385.0,24.8,23.56,0.55,0.0
20200507:1710,6583.5,203.0,14.24,23.36,0.69,0.0
20200507:1810,487.5,32.71,4.0,22.57,0.34,0.0
20200507:1910,0.0,0.0,0.0,21.57,0.07,0.0
20200507:2010,0.0,0.0,0.0,20.44,0.14,0.0
20200507:2110,0.0,0.0,0.0,19.18,0.55,0.0
20200507:2210,0.0,0.0,0.0,17.99,0.76,0.0
20200507:2310,0.0,0.0,0.0,17.05,0.55,0.0
20200508:0010,0.0,0.0,0.0,16.22,0.41,0.0
20200508:0110,0.0,0.0,0.0,15.65,0.55,0.0
20200508:0210,0.0,0.0,0.0,15.44,0.28,0.0
20200508:0310,0.0,0.0,0.0,15.34,0.14,0.0
20200508:0410,0.0,0.0,0.0,14.95,0.21,0.0
20200508:0510,1444.0,50.0,9.6,14.94,0.07,0.0
20200508:0610,5060.0,139.0,20.04,15.6,0.07,0.0
20200508:0710,10807.5,278.0,30.63,17.69,0.69,0.0
20200508:0810,17319.5,441.0,40.98,18.93,0.69,0.0
20200508:0910,20900.5,539.0,50.49,20.23,0.48,0.0
20200508:1010,29824.0,789.01,58.09,21.02,0.41,0.0
20200508:1110,33173.5,893.01,61.94,22.01,0.41,0.0
20200508:1210,33765.5,918.01,60.47,22.9,0.28,0.0
20200508:1310,23780.5,625.0,54.36,23.54,0.69,0.0
20200508:1410,24546.0,639.0,45.56,24.31,1.38,0.0
20200508:1510,17586.5,455.0,35.51,24.49,1.86,0.0
20200508:1610,13963.5,369.0,24.97,23.96,2.28,0.0
20200508:1710,6681.5,204.0,14.42,22.93,2.55,0.0
20200508:1810,529.5,30.04,4.19,21.27,2.41,0.0
20200508:1910,0.0,0.0,0.0,18.98,2.41,0.0
20200508:2010,0.0,0.0,0.0,17.59,2.14,0.0
20200508:2110,0.0,0.0,0.0,16.55,2.07,0.0
20200508:2210,0.0,0.0,0.0,15.55,2.0,0.0
20200508:2310,0.0,0.0,0.0,14.68,2.0,0.0
20200509:0010,0.0,0.0,0.0,14.02,1.93,0.0
20200509:0110,0.0,0.0,0.0,13.59,2.0,0.0
20200509:0210,0.0,0.0,0.0,13.35,2.0,0.0
20200509:0310,0.0,0.0,0.0,13.33,1.86,0.0
20200509:0410,0.0,0.0,0.0,12.79,1.86,0.0
20200509:0510,903.0,35.0,9.8,13.17,1.72,0.0
20200509:0610,7983.5,210.0,20.24,14.93,1.72,0.0
20200509:0710,18499.0,464.0,30.83,17.21,1.86,0.0
20200509:0810,25266.0,636.0,41.18,19.07,1.86,0.0
20200509:0910,27423.5,700.0,50.71,20.57,1.86,0.0
20200509:1010,31965.0,829.01,58.34,21.56,1.86,0.0
20200509:1110,34328.0,896.01,62.21,22.16,2.07,0.0
20200509:1210,34243.5,886.01,60.73,22.26,2.62,0.0
20200509:1310,26389.0,672.0,54.57,22.04,2.9,0.0
20200509:1410,26673.0,675.0,45.75,21.9,2.97,0.0
20200509:1510,19628.5,496.0,35.68,21.96,3.24,0.0
20200509:1610,5437.5,150.0,25.14,21.4,3.72,0.0
20200509:1710,2427.0,76.0,14.59,20.32,3.66,0.0
20200509:1810,192.0,14.0,4.37,19.17,2.83,0.0
20200509:1910,0.0,0.0,0.0,17.67,2.69,0.0
20200509:2010,0.0,0.0,0.0,17.03,2.76,0.0
20200509:2110,0.0,0.0,0.0,16.55,2.48,0.0
20200509:2210,0.0,0.0,0.0,16.01,1.79,0.0
20200509:2310,0.0,0.0,0.0,15.7,1.52,0.0
20200510:0010,0.0,0.0,0.0,15.25,0.97,0.0
20200510:0110,0.0,0.0,0.0,15.38,0.28,0.0
20200510:0210,0.0,0.0,0.0,15.55,0.21,0.0
20200510:0310,0.0,0.0,0.0,15.36,0.41,0.0
20200510:0410,0.0,0.0,0.0,15.21,0.41,0.0
20200510:0510,1264.0,45.0,9.99,15.17,0.41,0.0
20200510:0610,6896.5,184.0,20.42,15.57,0.55,0.0
20200510:0710,15185.0,383.0,31.01,16.58,0.97,0.0
20200510:0810,21632.0,547.0,41.38,17.19,0.55,0.0
20200510:0910,27089.0,699.0,50.93,17.93,0.28,0.0
20200510:1010,9885.5,257.0,58.58,18.56,0.55,0.0
20200510:1110,31134.0,812.01,62.48,18.87,0.76,0.0
20200510:1210,26876.5,694.0,60.98,19.32,0.9,0.0
20200510:1310,16908.5,431.0,54.79,19.58,1.31,0.0
20200510:1410,4306.0,122.0,45.94,19.67,1.72,0.0
20200510:1510,4432.0,125.0,35.85,19.55,1.72,0.0
20200510:1610,1812.5,60.0,25.31,19.04,1.52,0.0
20200510:1710,435.0,22.0,14.76,18.05,1.17,0.0
20200510:1810,319.0,18.83,4.55,17.23,0.83,0.0
20200510:1910,0.0,0.0,0.0,16.21,1.03,0.0
20200510:2010,0.0,0.0,0.0,15.88,0.97,0.0
20200510:2110,0.0,0.0,0.0,15.59,1.79,0.0
20200510:2210,0.0,0.0,0.0,15.31,1.59,0.0
20200510:2310,0.0,0.0,0.0,15.22,1.59,0.0
20200511:0010,0.0,0.0,0.0,15.1,2.07,0.0
20200511:0110,0.0,0.0,0.0,14.79,2.21,0.0
20200511:0210,0.0,0.0,0.0,14.59,2.21,0.0
20200511:0310,0.0,0.0,0.0,14.44,2.07,0.0
20200511:0410,0.0,0.0,0.0,14.22,1.52,0.0
20200511:0510,1933.0,63.0,10.17,14.02,1.59,0.0
20200511:0610,1082.5,40.0,20.6,14.28,1.86,0.0
20200511:0710,1778.5,58.0,31.19,13.88,0.41,0.0
20200511:0810,13968.5,351.0,41.57,14.66,0.41,0.0
20200511:0910,10615.0,271.0,51.13,15.69,0.69,0.0
20200511:1010,9197.0,237.0,58.82,16.22,1.1,0.0
20200511:1110,23103.5,588.0,62.73,17.26,0.83,0.0
20200511:1210,23500.0,597.0,61.22,17.8,1.17,0.0
20200511:1310,13700.0,349.0,55.0,17.9,0.97,0.0
20200511:1410,11929.5,304.0,46.12,17.48,1.31,0.0
20200511:1510,5587.0,151.0,36.03,16.46,1.38,0.0
20200511:1610,6726.0,179.0,25.48,16.61,0.41,0.0
20200511:1710,1329.0,47.0,14.93,16.69,0.28,0.0
20200511:1810,312.5,18.0,4.73,16.46,0.21,0.0
20200511:1910,0.0,0.0,0.0,15.24,1.03,0.0
20200511:2010,0.0,0.0,0.0,14.62,1.31,0.0
20200511:2110,0.0,0.0,0.0,13.95,1.17,0.0
20200511:2210,0.0,0.0,0.0,14.16,0.76,0.0
20200511:2310,0.0,0.0,0.0,13.78,0.83,0.0
20200512:0010,0.0,0.0,0.0,13.23,1.1,0.0
20200512:0110,0.0,0.0,0.0,12.99,1.1,0.0
20200512:0210,0.0,0.0,0.0,13.12,0.9,0.0
20200512:0310,0.0,0.0,0.0,12.85,0.9,0.0
20200512:0410,0.0,0.0,0.0,12.46,1.03,0.0
20200512:0510,1986.0,64.0,10.36,12.66,0.9,0.0
20200512:0610,5758.0,155.0,20.78,14.57,0.48,0.0
20200512:0710,9941.5,253.0,31.37,14.41,0.76,0.0
20200512:0810,19172.0,481.0,41.75,16.19,0.76,0.0
20200512:0910,28744.0,735.0,51.34,17.78,0.9,0.0
20200512:1010,27896.0,718.0,59.05,18.92,1.03,0.0
20200512:1110,25446.0,659.0,62.99,19.77,0.76,0.0
20200512:1210,24745.0,643.0,61.46,20.34,0.62,0.0
20200512:1310,25325.5,656.0,55.21,21.12,0.97,0.0
20200512:1410,27521.5,708.0,46.3,21.63,1.45,0.0
20200512:1510,19789.5,502.0,36.19,21.62,2.34,0.0
20200512:1610,15143.0,392.0,25.64,20.83,2.69,0.0
20200512:1710,6891.5,202.0,15.1,19.96,2.41,0.0
20200512:1810,771.5,40.95,4.91,18.88,2.34,0.0
20200512:1910,0.0,0.0,0.0,17.3,2.14,0.0
20200512:2010,0.0,0.0,0.0,16.58,1.59,0.0
20200512:2110,0.0,0.0,0.0,15.67,1.45,0.0
20200512:2210,0.0,0.0,0.0,15.0,1.24,0.0
20200512:2310,0.0,0.0,0.0,14.98,1.24,0.0
20200513:0010,0.0,0.0,0.0,14.93,1.31,0.0
20200513:0110,0.0,0.0,0.0,15.17,1.52,0.0
20200513:0210,0.0,0.0,0.0,15.21,1.72,0.0
20200513:0310,0.0,0.0,0.0,15.01,1.86,0.0
20200513:0410,0.0,0.0,0.0,14.7,2.14,0.0
20200513:0510,117.0,11.0,10.53,14.37,2.28,0.0
20200513:0610,718.5,30.0,20.95,14.15,2.41,0.0
20200513:0710,1865.0,60.0,31.54,13.58,2.14,0.0
20200513:0810,2267.5,70.0,41.93,13.74,2.62,0.0
20200513:0910,4341.0,120.0,51.53,14.42,2.55,0.0
20200513:1010,6459.5,170.0,59.27,15.04,3.1,0.0
20200513:1110,5806.5,155.0,63.23,15.34,2.76,0.0
20200513:1210,3818.0,108.0,61.7,15.36,2.76,0.0
20200513:1310,3524.5,101.0,55.41,15.27,2.34,0.0
20200513:1410,2531.5,77.0,46.48,15.52,2.69,0.0
20200513:1510,2003.0,64.0,36.36,15.81,2.48,0.0
20200513:1610,1692.5,56.0,25.81,15.09,2.14,0.0
20200513:1710,2853.5,85.0,15.27,14.92,2.14,0.0
20200513:1810,24.5,7.0,5.09,14.64,2.0,0.0
20200513:1910,0.0,0.0,0.0,13.88,2.28,0.0
20200513:2010,0.0,0.0,0.0,13.79,1.72,0.0
20200513:2110,0.0,0.0,0.0,13.77,1.1,0.0
20200513:2210,0.0,0.0,0.0,13.78,1.1,0.0
20200513:2310,0.0,0.0,0.0,13.8,1.1,0.0
20200514:0010,0.0,0.0,0.0,13.79,0.97,0.0
20200514:0110,0.0,0.0,0.0,13.69,0.76,0.0
20200514:0210,0.0,0.0,0.0,13.61,0.62,0.0
20200514:0310,0.0,0.0,0.0,13.28,0.69,0.0
20200514:0410,0.0,0.0,0.0,12.92,0.62,0.0
20200514:0510,794.0,32.0,10.7,13.0,0.69,0.0
20200514:0610,5168.5,140.0,21.11,13.92,0.97,0.0
20200514:0710,11480.5,290.0,31.7,14.51,0.69,0.0
20200514:0810,12288.5,311.0,42.1,15.36,0.55,0.0
20200514:0910,16525.5,416.0,51.72,16.4,0.97,0.0
20200514:1010,27986.5,714.0,59.49,17.28,1.1,0.0
20200514:1110,33132.0,864.01,63.48,17.7,0.76,0.0
20200514:1210,20924.5,535.0,61.93,18.19,0.62,0.0
20200514:1310,27520.0,714.0,55.62,18.72,0.41,0.0
20200514:1410,24993.0,642.0,46.66,18.9,0.48,0.0
20200514:1510,21160.0,539.0,36.52,19.61,0.9,0.0
20200514:1610,8035.0,212.0,25.97,19.46,1.93,0.0
20200514:1710,5413.0,154.0,15.43,19.21,2.21,0.0
20200514:1810,624.0,29.34,5.26,18.35,1.66,0.0
20200514:1910,0.0,0.0,0.0,18.08,1.79,0.0
20200514:2010,0.0,0.0,0.0,16.85,1.79,0.0
20200514:2110,0.0,0.0,0.0,15.46,1.52,0.0
20200514:2210,0.0,0.0,0.0,15.11,0.76,0.0
20200514:2310,0.0,0.0,0.0,15.14,0.28,0.0
20200515:0010,0.0,0.0,0.0,14.18,0.76,0.0
20200515:0110,0.0,0.0,0.0,13.9,0.83,0.0
20200515:0210,0.0,0.0,0.0,13.53,0.97,0.0
20200515:0310,0.0,0.0,0.0,13.35,1.45,0.0
20200515:0410,0.0,0.0,0.0,13.25,1.72,0.0
20200515:0510,1316.5,46.0,10.87,13.24,1.66,0.0
20200515:0610,3085.0,90.0,21.27,13.91,1.59,0.0
20200515:0710,9289.0,239.0,31.86,15.84,0.76,0.0
20200515:0810,18373.0,465.0,42.27,17.31,0.48,0.0
20200515:0910,28799.5,741.0,51.91,18.42,0.76,0.0
20200515:1010,31165.0,812.01,59.71,19.21,0.83,0.0
20200515:1110,19724.0,507.0,63.71,20.24,0.97,0.0
20200515:1210,14305.0,370.0,62.16,21.1,0.9,0.0
20200515:1310,28402.0,741.0,55.81,21.69,1.03,0.0
20200515:1410,25312.5,650.0,46.83,21.64,1.45,0.0
20200515:1510,14686.0,376.0,36.69,20.95,1.52,0.0
20200515:1610,6160.0,168.0,26.13,20.75,1.03,0.0
20200515:1710,1382.0,49.0,15.6,20.0,0.76,0.0
20200515:1810,765.5,34.02,5.43,19.11,0.83,0.0
20200515:1910,0.0,0.0,0.0,17.47,1.31,0.0
20200515:2010,0.0,0.0,0.0,16.84,1.17,0.0
20200515:2110,0.0,0.0,0.0,16.34,1.45,0.0
20200515:2210,0.0,0.0,0.0,16.17,1.45,0.0
20200515:2310,0.0,0.0,0.0,15.77,1.45,0.0
20200516:0010,0.0,0.0,0.0,15.44,1.17,0.0
20200516:0110,0.0,0.0,0.0,15.37,1.17,0.0
20200516:0210,0.0,0.0,0.0,15.1,1.1,0.0
20200516:0310,0.0,0.0,0.0,14.87,0.62,0.0
20200516:0410,0.0,0.0,0.0,14.92,0.55,0.0
20200516:0510,3156.0,98.0,11.03,15.1,0.55,0.0
20200516:0610,7534.5,199.0,21.42,15.43,0.62,0.0
20200516:0710,9100.0,234.0,32.01,16.13,1.52,0.0
20200516:0810,5456.0,148.0,42.43,17.05,2.14,0.0
20200516:0910,7956.0,208.0,52.09,17.87,2.34,0.0
20200516:1010,18643.5,470.0,59.91,18.52,2.07,0.0
20200516:1110,25834.5,661.0,63.95,19.05,1.38,0.0
20200516:1210,17294.0,440.0,62.38,19.21,1.45,0.0
20200516:1310,15093.0,385.0,56.01,20.05,1.86,0.0
20200516:1410,2866.0,87.0,47.01,20.54,2.0,0.0
20200516:1510,2267.0,72.0,36.85,20.53,1.59,0.0
20200516:1610,2115.5,68.0,26.28,20.11,1.93,0.0
20200516:1710,1312.0,47.0,15.76,19.57,2.07,0.0
20200516:1810,113.0,11.0,5.6,18.79,1.66,0.0
20200516:1910,0.0,0.0,0.0,17.23,2.34,0.0
20200516:2010,0.0,0.0,0.0,16.68,2.28,0.0
20200516:2110,0.0,0.0,0.0,16.0,2.14,0.0
20200516:2210,0.0,0.0,0.0,15.56,2.28,0.0
20200516:2310,0.0,0.0,0.0,15.28,2.41,0.0
20200517:0010,0.0,0.0,0.0,15.13,2.55,0.0
20200517:0110,0.0,0.0,0.0,14.8,2.48,0.0
20200517:0210,0.0,0.0,0.0,14.6,2.41,0.0
20200517:0310,0.0,0.0,0.0,14.48,2.28,0.0
20200517:0410,0.0,0.0,0.0,14.34,2.0,0.0
20200517:0510,411.5,21.0,11.18,14.45,1.59,0.0
20200517:0610,2863.5,85.0,21.57,14.76,1.17,0.0
20200517:0710,2496.0,76.0,32.16,14.92,1.86,0.0
20200517:0810,13091.0,328.0,42.58,15.24,1.59,0.0
20200517:0910,16453.0,411.0,52.26,16.01,1.72,0.0
20200517:1010,24484.5,613.0,60.11,16.4,1.86,0.0
20200517:1110,26528.0,669.0,64.17,17.18,1.86,0.0
20200517:1210,20136.0,509.0,62.6,17.89,1.45,0.0
20200517:1310,22089.5,560.0,56.2,18.36,1.31,0.0
20200517:1410,19882.0,502.0,47.17,18.89,1.59,0.0
20200517:1510,18661.0,470.0,37.0,18.76,1.59,0.0
20200517:1610,11149.0,288.0,26.44,18.78,1.45,0.0
20200517:1710,7594.5,219.0,15.92,18.36,1.1,0.0
20200517:1810,1285.5,59.0,5.77,17.61,1.1,0.0
20200517:1910,0.0,0.0,0.0,16.77,1.79,0.0
20200517:2010,0.0,0.0,0.0,15.78,1.59,0.0
20200517:2110,0.0,0.0,0.0,14.82,1.93,0.0
20200517:2210,0.0,0.0,0.0,14.3,2.07,0.0
20200517:2310,0.0,0.0,0.0,14.0,1.72,0.0
20200518:0010,0.0,0.0,0.0,13.53,1.38,0.0
20200518:0110,0.0,0.0,0.0,13.53,1.59,0.0
20200518:0210,0.0,0.0,0.0,13.47,1.72,0.0
20200518:0310,0.0,0.0,0.0,13.46,1.38,0.0
20200518:0410,0.0,0.0,0.0,13.45,0.69,0.0
20200518:0510,3253.0,99.0,11.33,13.56,0.76,0.0
20200518:0610,12012.0,315.0,21.71,15.46,0.76,0.0
20200518:0710,19357.5,488.0,32.3,17.28,1.03,0.0
20200518:0810,23121.0,583.0,42.73,18.31,1.31,0.0
20200518:0910,27958.0,713.0,52.43,19.64,1.66,0.0
20200518:1010,28148.5,728.0,60.31,20.91,1.45,0.0
20200518:1110,30426.0,800.0,64.39,22.01,1.17,0.0
20200518:1210,31937.5,850.01,62.81,23.02,0.97,0.0
20200518:1310,28122.5,746.0,56.38,23.71,0.69,0.0
20200518:1410,27677.5,730.0,47.34,23.87,0.69,0.0
20200518:1510,21823.5,568.0,37.16,24.11,0.97,0.0
20200518:1610,10283.5,273.0,26.59,24.03,1.52,0.0
20200518:1710,7077.0,207.0,16.07,23.6,1.03,0.0
20200518:1810,1218.0,54.0,5.93,23.07,0.41,0.0
20200518:1910,0.0,0.0,0.0,22.29,0.48,0.0
20200518:2010,0.0,0.0,0.0,21.08,0.62,0.0
20200518:2110,0.0,0.0,0.0,20.37,0.34,0.0
20200518:2210,0.0,0.0,0.0,19.83,0.9,0.0
20200518:2310,0.0,0.0,0.0,16.6,1.59,0.0
20200519:0010,0.0,0.0,0.0,15.33,1.72,0.0
20200519:0110,0.0,0.0,0.0,17.02,0.62,0.0
20200519:0210,0.0,0.0,0.0,16.31,0.69,0.0
20200519:0310,0.0,0.0,0.0,14.69,0.9,0.0
20200519:0410,0.0,0.0,0.0,13.72,1.1,0.0
20200519:0510,579.5,26.0,11.47,13.89,0.97,0.0
20200519:0610,4005.0,113.0,21.85,15.7,0.97,0.0
20200519:0710,4277.0,120.0,32.44,17.15,1.79,0.0
20200519:0810,4872.5,135.0,42.87,18.84,2.69,0.0
20200519:0910,14506.5,369.0,52.59,20.44,2.83,0.0
20200519:1010,19160.5,490.0,60.5,22.04,2.41,0.0
20200519:1110,23314.5,609.0,64.61,23.41,1.24,0.0
20200519:1210,24087.0,633.0,63.02,23.93,1.03,0.0
20200519:1310,15450.0,400.0,56.57,22.69,1.45,0.0
20200519:1410,5193.5,146.0,47.5,22.87,0.41,0.0
20200519:1510,1808.0,61.0,37.31,23.24,0.21,0.0
20200519:1610,8492.0,228.0,26.74,22.85,0.34,0.0
20200519:1710,1777.5,60.0,16.23,22.52,0.55,0.0
20200519:1810,0.0,5.0,6.09,21.3,0.9,0.0
20200519:1910,0.0,0.0,0.0,19.64,2.14,0.0
20200519:2010,0.0,0.0,0.0,18.39,2.0,0.0
20200519:2110,0.0,0.0,0.0,17.34,2.0,0.0
20200519:2210,0.0,0.0,0.0,16.42,1.31,0.0
20200519:2310,0.0,0.0,0.0,15.75,0.97,0.0
20200520:0010,0.0,0.0,0.0,14.95,1.24,0.0
20200520:0110,0.0,0.0,0.0,14.19,1.66,0.0
20200520:0210,0.0,0.0,0.0,13.62,1.45,0.0
20200520:0310,0.0,0.0,0.0,13.34,1.17,0.0
20200520:0410,0.0,0.0,0.0,12.21,1.45,0.0
20200520:0510,4440.0,137.0,11.61,12.97,1.1,0.0
20200520:0610,12741.5,335.0,21.98,16.09,0.76,0.0
20200520:0710,18495.0,473.0,32.57,18.54,0.28,0.0
20200520:0810,19889.0,512.0,43.01,20.64,0.48,0.0
20200520:0910,30823.0,817.01,52.74,22.52,0.62,0.0
20200520:1010,33713.5,913.01,60.68,24.0,0.62,0.0
20200520:1110,35062.0,964.01,64.82,25.11,0.55,0.0
20200520:1210,34285.5,949.01,63.23,25.85,0.34,0.0
20200520:1310,32001.5,874.01,56.75,26.27,0.48,0.0
20200520:1410,28365.5,756.0,47.66,26.47,0.97,0.0
20200520:1510,22603.0,596.0,37.46,26.34,0.9,0.0
20200520:1610,15559.0,417.0,26.89,26.17,0.69,0.0
20200520:1710,7841.5,233.0,16.38,25.5,0.55,0.0
20200520:1810,1457.5,66.0,6.25,24.13,0.83,0.0
20200520:1910,0.0,0.0,0.0,24.24,0.55,0.0
20200520:2010,0.0,0.0,0.0,21.51,1.1,0.0
20200520:2110,0.0,0.0,0.0,19.65,1.38,0.0
20200520:2210,0.0,0.0,0.0,17.61,1.72,0.0
20200520:2310,0.0,0.0,0.0,16.71,2.34,0.0
20200521:0010,0.0,0.0,0.0,16.57,2.34,0.0
20200521:0110,0.0,0.0,0.0,16.11,2.0,0.0
20200521:0210,0.0,0.0,0.0,16.08,2.41,0.0
20200521:0310,0.0,0.0,0.0,15.79,2.34,0.0
20200521:0410,0.0,0.0,0.0,15.51,1.72,0.0
20200521:0510,2478.0,77.0,11.74,15.52,0.97,0.0
20200521:0610,8958.5,236.0,22.11,17.26,0.62,0.0
20200521:0710,15853.0,403.0,32.7,19.52,1.45,0.0
20200521:0810,25538.0,656.0,43.14,20.85,1.03,0.0
20200521:0910,30055.0,796.0,52.89,22.12,0.48,0.0
20200521:1010,32823.5,895.01,60.86,23.32,0.14,0.0
20200521:1110,34488.5,944.01,65.02,24.32,0.48,0.0
20200521:1210,33849.0,925.01,63.42,24.89,0.55,0.0
20200521:1310,31742.5,861.01,56.92,25.48,0.55,0.0
20200521:1410,27644.0,741.0,47.82,26.04,0.48,0.0
20200521:1510,22305.0,591.0,37.61,26.17,0.48,0.0
20200521:1610,15317.0,410.0,27.04,26.13,0.69,0.0
20200521:1710,7778.5,230.0,16.53,25.79,0.62,0.0
20200521:1810,1476.5,65.0,6.41,24.75,0.55,0.0
20200521:1910,0.0,0.0,0.0,22.85,1.1,0.0
20200521:2010,0.0,0.0,0.0,21.44,1.17,0.0
20200521:2110,0.0,0.0,0.0,21.72,0.76,0.0
20200521:2210,0.0,0.0,0.0,20.55,0.69,0.0
20200521:2310,0.0,0.0,0.0,19.53,0.69,0.0
20200522:0010,0.0,0.0,0.0,18.62,0.55,0.0
20200522:0110,0.0,0.0,0.0,17.9,0.48,0.0
20200522:0210,0.0,0.0,0.0,17.51,0.62,0.0
20200522:0310,0.0,0.0,0.0,17.13,0.62,0.0
20200522:0410,0.0,0.0,0.0,16.69,0.83,0.0
20200522:0510,4148.0,127.0,11.87,16.5,0.76,0.0
20200522:0610,7823.0,208.0,22.23,18.14,0.76,0.0
20200522:0710,16041.0,412.0,32.82,20.4,0.69,0.0
20200522:0810,22913.5,596.0,43.27,22.01,0.41,0.0
20200522:0910,28655.5,761.0,53.03,23.53,0.55,0.0
20200522:1010,30017.5,803.0,61.03,24.71,0.9,0.0
20200522:1110,30882.5,829.01,65.22,25.57,1.17,0.0
20200522:1210,30039.0,801.0,63.62,26.38,1.66,0.0
20200522:1310,23698.0,624.0,57.09,26.65,1.79,0.0
20200522:1410,24388.5,638.0,47.97,26.47,1.93,0.0
20200522:1510,21868.5,569.0,37.75,26.09,1.86,0.0
20200522:1610,15003.0,397.0,27.18,25.41,1.52,0.0
20200522:1710,8090.5,237.0,16.67,24.64,1.52,0.0
20200522:1810,1596.5,69.0,6.56,23.4,1.38,0.0
20200522:1910,0.0,0.0,0.0,21.37,1.86,0.0
20200522:2010,0.0,0.0,0.0,20.0,1.72,0.0
20200522:2110,0.0,0.0,0.0,18.88,1.59,0.0
20200522:2210,0.0,0.0,0.0,17.94,1.38,0.0
20200522:2310,0.0,0.0,0.0,17.45,1.52,0.0
20200523:0010,0.0,0.0,0.0,16.92,1.45,0.0
20200523:0110,0.0,0.0,0.0,16.24,1.31,0.0
20200523:0210,0.0,0.0,0.0,16.05,1.1,0.0
20200523:0310,0.0,0.0,0.0,15.86,1.03,0.0
20200523:0410,0.0,0.0,0.0,15.38,1.1,0.0
20200523:0510,2847.0,87.0,11.99,15.75,1.03,0.0
20200523:0610,5434.5,149.0,22.35,18.19,0.83,0.0
20200523:0710,11005.5,284.0,32.93,19.55,1.31,0.0
20200523:0810,16356.0,418.0,43.39,21.12,1.59,0.0
20200523:0910,28835.0,746.0,53.17,22.47,1.72,0.0
20200523:1010,29905.5,782.0,61.19,23.9,1.93,0.0
20200523:1110,32134.0,851.01,65.41,24.76,1.79,0.0
20200523:1210,22072.5,573.0,63.81,25.02,2.48,0.0
20200523:1310,28164.0,727.0,57.26,24.71,3.03,0.0
20200523:1410,17671.5,456.0,48.12,24.11,2.21,0.0
20200523:1510,8148.0,218.0,37.9,23.54,2.28,0.0
20200523:1610,7345.0,198.0,27.32,22.96,2.28,0.0
20200523:1710,362.0,20.0,16.82,22.4,1.52,0.0
20200523:1810,776.5,33.0,6.72,21.76,1.66,0.0
20200523:1910,0.0,0.0,0.0,20.09,1.38,0.0
20200523:2010,0.0,0.0,0.0,19.37,1.24,0.0
20200523:2110,0.0,0.0,0.0,18.38,0.9,0.0
20200523:2210,0.0,0.0,0.0,17.75,0.83,0.0
20200523:2310,0.0,0.0,0.0,17.99,0.62,0.0
20200524:0010,0.0,0.0,0.0,17.64,0.34,0.0
20200524:0110,0.0,0.0,0.0,17.36,0.0,0.0
20200524:0210,0.0,0.0,0.0,16.03,0.83,0.0
20200524:0310,0.0,0.0,0.0,14.92,1.45,0.0
20200524:0410,0.0,3.0,2.31,14.46,1.38,0.0
20200524:0510,2977.5,90.0,12.11,15.22,0.83,0.0
20200524:0610,12825.0,337.0,22.46,17.33,0.76,0.0
20200524:0710,21224.0,535.0,33.04,18.73,1.79,0.0
20200524:0810,27235.0,687.0,43.5,19.8,2.28,0.0
20200524:0910,32102.0,821.0,53.3,20.93,2.48,0.0
20200524:1010,35399.0,922.01,61.35,21.88,2.28,0.0
20200524:1110,36281.5,957.01,65.59,22.8,2.07,0.0
20200524:1210,34208.5,901.01,63.99,23.5,2.07,0.0
20200524:1310,32262.5,845.01,57.43,23.84,2.07,0.0
20200524:1410,28553.5,741.0,48.27,23.87,1.93,0.0
20200524:1510,21914.5,565.0,38.04,23.91,1.79,0.0
20200524:1610,16136.0,423.0,27.46,23.6,1.45,0.0
20200524:1710,8349.5,241.0,16.96,23.14,0.69,0.0
20200524:1810,1641.0,66.0,6.86,22.3,0.34,0.0
20200524:1910,0.0,0.0,0.0,20.38,1.38,0.0
20200524:2010,0.0,0.0,0.0,18.07,1.52,0.0
20200524:2110,0.0,0.0,0.0,16.74,1.38,0.0
20200524:2210,0.0,0.0,0.0,16.94,0.97,0.0
20200524:2310,0.0,0.0,0.0,17.27,0.55,0.0
20200525:0010,0.0,0.0,0.0,16.49,0.48,0.0
20200525:0110,0.0,0.0,0.0,15.8,0.83,0.0
20200525:0210,0.0,0.0,0.0,14.48,1.1,0.0
20200525:0310,0.0,0.0,0.0,13.74,1.24,0.0
20200525:0410,0.0,3.0,2.43,13.19,1.24,0.0
20200525:0510,5042.0,155.0,12.22,13.85,0.9,0.0
20200525:0610,12804.0,334.0,22.56,15.85,0.76,0.0
20200525:0710,20693.5,522.0,33.14,17.78,1.17,0.0
20200525:0810,27058.5,689.0,43.61,19.1,1.17,0.0
20200525:0910,31524.0,819.0,53.42,20.22,1.1,0.0
20200525:1010,34313.5,910.01,61.5,21.29,0.97,0.0
20200525:1110,35316.0,960.01,65.77,22.5,0.48,0.0
20200525:1210,34010.5,925.01,64.17,23.52,0.48,0.0
20200525:1310,32877.0,882.01,57.59,24.27,0.9,0.0
20200525:1410,28397.0,753.0,48.42,24.64,0.76,0.0
20200525:1510,22751.0,600.0,38.17,24.92,0.41,0.0
20200525:1610,15886.0,422.0,27.59,24.99,0.69,0.0
20200525:1710,8239.0,239.0,17.1,24.5,0.97,0.0
20200525:1810,1760.0,73.0,7.01,23.2,1.03,0.0
20200525:1910,0.0,0.0,0.0,21.53,1.1,0.0
20200525:2010,0.0,0.0,0.0,20.98,0.9,0.0
20200525:2110,0.0,0.0,0.0,20.49,0.62,0.0
20200525:2210,0.0,0.0,0.0,19.92,0.28,0.0
20200525:2310,0.0,0.0,0.0,19.2,0.14,0.0
20200526:0010,0.0,0.0,0.0,18.28,0.48,0.0
20200526:0110,0.0,0.0,0.0,17.17,1.1,0.0
20200526:0210,0.0,0.0,0.0,15.11,1.79,0.0
20200526:0310,0.0,0.0,0.0,14.86,2.07,0.0
20200526:0410,0.0,5.0,2.55,14.66,2.07,0.0
20200526:0510,4096.5,122.0,12.32,14.94,1.79,0.0
20200526:0610,12176.0,317.0,22.66,17.03,1.59,0.0
20200526:0710,18812.0,473.0,33.24,18.7,2.0,0.0
20200526:0810,27071.0,682.0,43.71,19.77,2.28,0.0
20200526:0910,31616.0,810.0,53.54,20.73,2.14,0.0
20200526:1010,34664.5,905.01,61.64,21.75,1.93,0.0
20200526:1110,34552.0,914.01,65.94,22.86,1.66,0.0
20200526:1210,34082.0,915.01,64.35,23.34,0.97,0.0
20200526:1310,29829.5,803.0,57.74,24.04,0.34,0.0
20200526:1410,24596.0,649.0,48.56,24.26,0.55,0.0
20200526:1510,17974.5,470.0,38.31,24.4,0.62,0.0
20200526:1610,14382.5,380.0,27.73,24.31,0.76,0.0
20200526:1710,8412.0,244.0,17.23,24.17,0.41,0.0
20200526:1810,1851.5,77.0,7.15,23.56,0.41,0.0
20200526:1910,0.0,0.0,0.0,21.1,1.79,0.0
20200526:2010,0.0,0.0,0.0,19.16,1.93,0.0
20200526:2110,0.0,0.0,0.0,17.92,1.79,0.0
20200526:2210,0.0,0.0,0.0,17.06,1.86,0.0
20200526:2310,0.0,0.0,0.0,16.34,2.07,0.0
20200527:0010,0.0,0.0,0.0,15.75,2.07,0.0
20200527:0110,0.0,0.0,0.0,15.39,2.07,0.0
20200527:0210,0.0,0.0,0.0,14.98,1.86,0.0
20200527:0310,0.0,0.0,0.0,14.47,1.59,0.0
20200527:0410,0.0,2.0,2.66,14.56,1.38,0.0
20200527:0510,1962.0,63.0,12.42,14.84,1.24,0.0
20200527:0610,7096.0,188.0,22.75,16.59,1.17,0.0
20200527:0710,20344.0,509.0,33.33,17.17,1.66,0.0
20200527:0810,27036.5,678.0,43.81,17.75,1.79,0.0
20200527:0910,31568.0,806.0,53.65,18.27,1.52,0.0
20200527:1010,34762.0,905.01,61.78,18.79,1.24,0.0
20200527:1110,35741.0,945.01,66.11,19.58,0.97,0.0
20200527:1210,31815.0,841.01,64.52,20.78,0.76,0.0
20200527:1310,28921.5,762.0,57.89,21.35,0.55,0.0
20200527:1410,26149.0,686.0,48.7,21.9,0.34,0.0
20200527:1510,23057.5,602.0,38.44,22.24,0.21,0.0
20200527:1610,16370.5,432.0,27.86,22.37,0.07,0.0
20200527:1710,8486.5,243.0,17.37,22.26,0.41,0.0
20200527:1810,1865.5,74.0,7.29,21.22,0.83,0.0
20200527:1910,0.0,0.0,0.0,19.65,1.17,0.0
20200527:2010,0.0,0.0,0.0,18.81,1.17,0.0
20200527:2110,0.0,0.0,0.0,19.22,0.62,0.0
20200527:2210,0.0,0.0,0.0,18.72,0.0,0.0
20200527:2310,0.0,0.0,0.0,17.86,0.41,0.0
20200528:0010,0.0,0.0,0.0,16.89,0.55,0.0
20200528:0110,0.0,0.0,0.0,16.14,0.34,0.0
20200528:0210,0.0,0.0,0.0,15.51,0.34,0.0
20200528:0310,0.0,0.0,0.0,14.87,0.55,0.0
20200528:0410,45.5,8.0,2.76,14.39,0.69,0.0
20200528:0510,4949.5,150.0,12.52,14.69,0.41,0.0
20200528:0610,12925.5,339.0,22.84,16.61,0.34,0.0
20200528:0710,20141.5,516.0,33.42,18.86,0.28,0.0
20200528:0810,26227.5,683.0,43.9,20.5,0.21,0.0
20200528:0910,30551.0,808.0,53.75,21.86,0.55,0.0
20200528:1010,33624.0,902.01,61.91,22.87,0.76,0.0
20200528:1110,35279.5,942.01,66.27,23.56,1.45,0.0
20200528:1210,34426.0,917.01,64.68,24.17,1.59,0.0
20200528:1310,30108.0,792.0,58.04,24.58,1.72,0.0
20200528:1410,28524.0,748.0,48.83,24.79,1.45,0.0
20200528:1510,23183.5,601.0,38.57,24.54,1.52,0.0
20200528:1610,16241.0,424.0,27.98,24.06,2.07,0.0
20200528:1710,7723.5,218.0,17.5,23.23,2.69,0.0
20200528:1810,1435.0,54.0,7.43,21.99,2.55,0.0
20200528:1910,0.0,0.0,0.0,20.18,2.69,0.0
20200528:2010,0.0,0.0,0.0,18.9,2.28,0.0
20200528:2110,0.0,0.0,0.0,17.87,1.59,0.0
20200528:2210,0.0,0.0,0.0,16.47,1.45,0.0
20200528:2310,0.0,0.0,0.0,15.39,1.52,0.0
20200529:0010,0.0,0.0,0.0,14.6,1.45,0.0
20200529:0110,0.0,0.0,0.0,14.02,1.52,0.0
20200529:0210,0.0,0.0,0.0,14.21,1.86,0.0
20200529:0310,0.0,0.0,0.0,14.4,2.41,0.0
20200529:0410,24.5,7.0,2.86,14.28,2.76,0.0
20200529:0510,511.5,24.0,12.61,14.22,3.03,0.0
20200529:0610,4132.5,115.0,22.92,14.39,3.17,0.0
20200529:0710,5490.0,147.0,33.5,14.66,3.31,0.0
20200529:0810,11354.0,285.0,43.99,15.3,3.1,0.0
20200529:0910,12932.5,323.0,53.85,15.62,3.17,0.0
20200529:1010,10036.5,256.0,62.03,16.86,3.03,0.0
20200529:1110,22149.5,555.0,66.42,17.94,2.69,0.0
20200529:1210,9386.0,243.0,64.84,18.55,2.21,0.0
20200529:1310,29714.5,760.0,58.19,19.55,1.86,0.0
20200529:1410,28541.5,729.0,48.96,19.93,1.59,0.0
20200529:1510,19962.0,506.0,38.69,20.15,1.59,0.0
20200529:1610,13011.0,335.0,28.11,20.02,1.52,0.0
20200529:1710,7244.0,200.0,17.62,19.57,1.86,0.0
20200529:1810,2096.0,82.0,7.56,18.75,1.93,0.0
20200529:1910,0.0,0.0,0.0,17.05,1.86,0.0
20200529:2010,0.0,0.0,0.0,15.78,1.52,0.0
20200529:2110,0.0,0.0,0.0,14.98,1.03,0.0
20200529:2210,0.0,0.0,0.0,15.4,0.83,0.0
20200529:2310,0.0,0.0,0.0,15.48,0.48,0.0
20200530:0010,0.0,0.0,0.0,15.29,0.34,0.0
20200530:0110,0.0,0.0,0.0,15.11,0.48,0.0
20200530:0210,0.0,0.0,0.0,14.49,0.9,0.0
20200530:0310,0.0,0.0,0.0,13.29,1.03,0.0
20200530:0410,0.0,3.0,2.95,13.78,0.83,0.0
20200530:0510,3974.0,117.0,12.69,14.16,0.48,0.0
20200530:0610,10915.5,283.0,23.0,15.32,0.34,0.0
20200530:0710,19476.0,490.0,33.57,16.98,0.97,0.0
20200530:0810,27416.5,695.0,44.07,18.11,1.17,0.0
20200530:0910,31605.0,816.0,53.94,19.19,1.17,0.0
20200530:1010,34410.0,911.01,62.15,20.29,0.83,0.0
20200530:1110,36278.5,972.01,66.57,20.99,0.83,0.0
20200530:1210,35575.5,958.01,64.99,21.79,0.69,0.0
20200530:1310,33210.5,885.01,58.33,22.24,0.76,0.0
20200530:1410,29303.5,774.0,49.09,22.71,0.55,0.0
20200530:1510,23293.0,607.0,38.81,22.9,0.55,0.0
20200530:1610,16322.5,430.0,28.23,22.84,0.28,0.0
20200530:1710,8963.0,256.0,17.75,22.44,0.41,0.0
20200530:1810,2178.5,87.0,7.69,21.15,0.69,0.0
20200530:1910,0.0,0.0,0.0,20.6,0.48,0.0
20200530:2010,0.0,0.0,0.0,19.49,0.76,0.0
20200530:2110,0.0,0.0,0.0,18.68,0.69,0.0
20200530:2210,0.0,0.0,0.0,18.13,0.48,0.0
20200530:2310,0.0,0.0,0.0,17.46,0.34,0.0
20200531:0010,0.0,0.0,0.0,16.79,0.28,0.0
20200531:0110,0.0,0.0,0.0,15.82,0.55,0.0
20200531:0210,0.0,0.0,0.0,14.2,1.17,0.0
20200531:0310,0.0,0.0,0.0,12.7,1.52,0.0
20200531:0410,6.0,6.0,3.04,12.18,1.59,0.0
20200531:0510,2261.5,70.0,12.76,12.51,1.38,0.0
20200531:0610,4992.0,136.0,23.07,14.87,1.45,0.0
20200531:0710,7631.0,199.0,33.64,15.88,1.45,0.0
20200531:0810,17441.5,438.0,44.14,16.65,1.03,0.0
20200531:0910,21829.5,554.0,54.03,17.59,0.83,0.0
20200531:1010,22443.5,576.0,62.26,18.6,0.62,0.0
20200531:1110,20202.0,521.0,66.71,19.54,0.48,0.0
20200531:1210,33704.5,906.01,65.14,20.93,0.34,0.0
20200531:1310,27440.5,722.0,58.46,21.46,0.48,0.0
20200531:1410,27889.0,732.0,49.21,22.13,0.55,0.0
20200531:1510,23223.0,604.0,38.93,22.59,0.55,0.0
20200531:1610,16561.0,433.0,28.35,22.27,0.69,0.0
20200531:1710,8797.0,250.0,17.87,22.44,0.55,0.0
20200531:1810,2131.5,83.0,7.81,21.75,0.41,0.0
20200531:1910,0.0,0.0,0.0,20.87,0.55,0.0
20200531:2010,0.0,0.0,0.0,19.92,0.69,0.0
20200531:2110,0.0,0.0,0.0,18.83,0.83,0.0
20200531:2210,0.0,0.0,0.0,17.85,0.9,0.0
20200531:2310,0.0,0.0,0.0,16.8,0.9,0.0
20200601:0010,0.0,0.0,0.0,16.6,0.55,0.0
20200601:0110,0.0,0.0,0.0,16.15,0.21,0.0
20200601:0210,0.0,0.0,0.0,15.59,0.14,0.0
20200601:0310,0.0,0.0,0.0,15.12,0.14,0.0
20200601:0410,0.0,2.0,3.12,14.82,0.21,0.0
20200601:0510,3110.0,93.0,12.84,14.85,0.21,0.0
20200601:0610,8349.5,219.0,23.13,16.15,0.34,0.0
20200601:0710,9773.5,253.0,33.71,18.32,1.03,0.0
20200601:0810,16738.5,426.0,44.21,19.45,1.1,0.0
20200601:0910,30497.5,799.0,54.11,20.7,0.69,0.0
20200601:1010,32572.5,878.01,62.37,22.05,0.28,0.0
20200601:1110,34335.0,937.01,66.84,23.1,0.34,0.0
20200601:1210,33420.0,909.01,65.28,23.88,0.48,0.0
20200601:1310,32000.5,864.01,58.59,24.38,0.55,0.0
20200601:1410,28078.0,748.0,49.33,24.86,0.55,0.0
20200601:1510,23091.0,603.0,39.05,25.0,1.1,0.0
20200601:1610,16521.0,435.0,28.46,24.82,1.24,0.0
20200601:1710,7842.0,222.0,17.99,24.3,1.24,0.0
20200601:1810,2313.5,92.0,7.94,23.07,1.1,0.0
20200601:1910,0.0,0.0,0.0,21.35,0.9,0.0
20200601:2010,0.0,0.0,0.0,20.11,1.1,0.0
20200601:2110,0.0,0.0,0.0,18.11,1.59,0.0
20200601:2210,0.0,0.0,0.0,17.28,1.45,0.0
20200601:2310,0.0,0.0,0.0,16.73,1.38,0.0
20200602:0010,0.0,0.0,0.0,16.38,1.31,0.0
20200602:0110,0.0,0.0,0.0,15.92,1.24,0.0
20200602:0210,0.0,0.0,0.0,15.58,1.17,0.0
20200602:0310,0.0,0.0,0.0,15.37,1.1,0.0
20200602:0410,67.5,9.0,3.19,15.45,0.97,0.0
20200602:0510,5365.0,163.0,12.9,15.75,0.9,0.0
20200602:0610,13254.5,348.0,23.2,17.9,0.69,0.0
20200602:0710,20636.0,529.0,33.77,20.25,0.76,0.0
20200602:0810,26581.5,697.0,44.27,22.17,0.34,0.0
20200602:0910,30936.0,828.0,54.19,23.8,0.55,0.0
20200602:1010,33938.0,919.01,62.47,24.91,0.9,0.0
20200602:1110,35790.5,975.01,66.97,26.03,1.24,0.0
20200602:1210,35490.5,961.01,65.42,26.86,1.66,0.0
20200602:1310,33097.0,889.01,58.72,27.38,1.72,0.0
20200602:1410,27953.0,741.0,49.45,27.5,1.66,0.0
20200602:1510,23741.0,622.0,39.16,27.48,1.93,0.0
20200602:1610,16490.0,433.0,28.58,26.73,2.9,0.0
20200602:1710,9362.5,268.0,18.1,25.47,2.69,0.0
20200602:1810,2325.5,91.0,8.06,23.79,2.76,0.0
20200602:1910,0.0,0.0,0.0,22.06,2.48,0.0
20200602:2010,0.0,0.0,0.0,20.59,2.55,0.0
20200602:2110,0.0,0.0,0.0,19.56,2.28,0.0
20200602:2210,0.0,0.0,0.0,18.63,1.72,0.0
20200602:2310,0.0,0.0,0.0,17.57,1.52,0.0
20200603:0010,0.0,0.0,0.0,16.86,1.45,0.0
20200603:0110,0.0,0.0,0.0,16.24,1.59,0.0
20200603:0210,0.0,0.0,0.0,15.88,1.52,0.0
20200603:0310,0.0,0.0,0.0,15.82,1.31,0.0
20200603:0410,115.5,11.0,3.26,15.94,1.03,0.0
20200603:0510,5511.5,169.0,12.96,16.36,0.76,0.0
20200603:0610,13447.0,353.0,23.25,17.76,0.69,0.0
20200603:0710,20776.0,528.0,33.82,19.53,1.17,0.0
20200603:0810,26772.0,690.0,44.33,21.4,1.1,0.0
20200603:0910,30476.5,801.0,54.25,22.81,1.1,0.0
20200603:1010,27502.5,720.0,62.56,24.05,1.72,0.0
20200603:1110,32720.0,858.01,67.09,24.92,2.69,0.0
20200603:1210,28787.5,747.0,65.55,25.16,3.24,0.0
20200603:1310,30665.5,792.0,58.84,24.95,3.45,0.0
20200603:1410,28223.0,725.0,49.57,24.44,2.97,0.0
20200603:1510,19532.5,499.0,39.27,23.81,2.83,0.0
20200603:1610,1361.0,49.0,28.68,23.23,2.48,0.0
20200603:1710,551.5,26.0,18.21,22.71,1.59,0.0
20200603:1810,756.5,32.0,8.17,21.87,1.03,0.0
20200603:1910,0.0,0.0,0.0,20.65,1.86,0.0
20200603:2010,0.0,0.0,0.0,19.07,1.72,0.0
20200603:2110,0.0,0.0,0.0,18.52,0.9,0.0
20200603:2210,0.0,0.0,0.0,18.44,0.69,0.0
20200603:2310,0.0,0.0,0.0,18.11,0.62,0.0
20200604:0010,0.0,0.0,0.0,18.13,0.55,0.0
20200604:0110,0.0,0.0,0.0,17.59,0.69,0.0
20200604:0210,0.0,0.0,0.0,17.16,1.03,0.0
20200604:0310,0.0,0.0,0.0,16.99,1.31,0.0
20200604:0410,5.0,6.0,3.33,16.71,1.38,0.0
20200604:0510,373.5,20.0,13.02,17.16,1.79,0.0
20200604:0610,1100.5,41.0,23.3,17.61,2.07,0.0
20200604:0710,2427.0,75.0,33.87,17.44,2.9,0.0
20200604:0810,8749.0,226.0,44.38,17.56,3.24,0.0
20200604:0910,6531.5,174.0,54.32,18.16,3.17,0.0
20200604:1010,8968.0,232.0,62.64,18.71,4.0,0.0
20200604:1110,26045.5,648.0,67.21,19.21,4.69,0.0
20200604:1210,8840.0,229.0,65.67,19.12,4.83,0.0
20200604:1310,4648.5,129.0,58.96,18.18,4.21,0.0
20200604:1410,3819.5,109.0,49.68,17.69,3.45,0.0
20200604:1510,4153.5,117.0,39.38,17.45,2.76,0.0
20200604:1610,9952.5,255.0,28.79,17.32,2.48,0.0
20200604:1710,7611.5,207.0,18.32,17.33,1.59,0.0
20200604:1810,1547.0,55.0,8.28,17.2,0.41,0.0
20200604:1910,0.0,0.0,0.0,16.36,1.93,0.0
20200604:2010,0.0,0.0,0.0,15.67,1.72,0.0
20200604:2110,0.0,0.0,0.0,15.09,1.31,0.0
20200604:2210,0.0,0.0,0.0,14.77,1.24,0.0
20200604:2310,0.0,0.0,0.0,14.69,1.1,0.0
20200605:0010,0.0,0.0,0.0,14.5,0.62,0.0
20200605:0110,0.0,0.0,0.0,14.45,0.48,0.0
20200605:0210,0.0,0.0,0.0,13.55,1.03,0.0
20200605:0310,0.0,0.0,0.0,13.07,1.24,0.0
20200605:0410,352.0,25.7,3.38,12.69,1.52,0.0
20200605:0510,4761.0,139.0,13.07,13.19,1.31,0.0
20200605:0610,8635.0,224.0,23.35,15.38,1.52,0.0
20200605:0710,16360.0,409.0,33.91,17.14,2.0,0.0
20200605:0810,27564.5,697.0,44.43,18.87,1.59,0.0
20200605:0910,31949.5,832.0,54.37,20.54,1.1,0.0
20200605:1010,33306.0,889.01,62.72,22.11,0.76,0.0
20200605:1110,35499.5,965.01,67.31,23.42,0.69,0.0
20200605:1210,35271.5,962.01,65.79,24.29,0.69,0.0
20200605:1310,32897.5,886.01,59.07,25.23,0.97,0.0
20200605:1410,29548.0,784.0,49.78,25.58,1.1,0.0
20200605:1510,23794.5,624.0,39.48,25.94,1.17,0.0
20200605:1610,17312.5,457.0,28.89,25.77,1.38,0.0
20200605:1710,8742.0,248.0,18.43,25.21,1.59,0.0
20200605:1810,2526.5,98.0,8.39,23.64,1.86,0.0
20200605:1910,0.0,0.0,0.0,21.46,2.62,0.0
20200605:2010,0.0,0.0,0.0,19.92,2.69,0.0
20200605:2110,0.0,0.0,0.0,18.84,2.55,0.0
20200605:2210,0.0,0.0,0.0,17.95,2.21,0.0
20200605:2310,0.0,0.0,0.0,17.01,2.07,0.0
20200606:0010,0.0,0.0,0.0,15.92,1.86,0.0
20200606:0110,0.0,0.0,0.0,15.03,1.79,0.0
20200606:0210,0.0,0.0,0.0,14.32,1.59,0.0
20200606:0310,0.0,0.0,0.0,14.62,1.17,0.0
20200606:0410,369.5,25.09,3.44,15.64,0.55,0.0
20200606:0510,5693.5,175.0,13.11,15.89,0.34,0.0
20200606:0610,13473.5,354.0,23.38,17.4,0.34,0.0
20200606:0710,20831.0,531.0,33.95,19.25,0.76,0.0
20200606:0810,26052.0,674.0,44.47,20.93,0.62,0.0
20200606:0910,29472.0,774.0,54.43,22.43,0.9,0.0
20200606:1010,31638.0,837.0,62.79,23.46,1.31,0.0
20200606:1110,24379.5,636.0,67.41,24.4,1.93,0.0
20200606:1210,27762.0,725.0,65.91,24.86,2.34,0.0
20200606:1310,32774.0,853.0,59.18,24.97,2.9,0.0
20200606:1410,28545.5,727.0,49.89,23.83,3.52,0.0
20200606:1510,23046.0,585.0,39.58,23.63,3.24,0.0
20200606:1610,16462.5,425.0,28.99,23.37,2.76,0.0
20200606:1710,9024.0,252.0,18.53,22.76,2.55,0.0
20200606:1810,2523.5,95.0,8.49,22.09,2.21,0.0
20200606:1910,0.0,0.0,0.0,20.72,2.28,0.0
20200606:2010,0.0,0.0,0.0,19.56,2.21,0.0
20200606:2110,0.0,0.0,0.0,18.79,1.93,0.0
20200606:2210,0.0,0.0,0.0,18.39,1.52,0.0
20200606:2310,0.0,0.0,0.0,17.92,1.17,0.0
20200607:0010,0.0,0.0,0.0,17.38,1.17,0.0
20200607:0110,0.0,0.0,0.0,17.4,0.97,0.0
20200607:0210,0.0,0.0,0.0,17.31,0.83,0.0
20200607:0310,0.0,0.0,0.0,17.49,0.48,0.0
20200607:0410,0.0,2.0,3.48,17.1,0.41,0.0
20200607:0510,1977.5,64.0,13.15,17.17,0.76,0.0
20200607:0610,1100.0,41.0,23.42,17.47,0.76,0.0
20200607:0710,7800.0,205.0,33.98,18.76,2.34,0.0
20200607:0810,3124.0,93.0,44.5,19.64,2.55,0.0
20200607:0910,11334.5,292.0,54.47,20.27,2.41,0.0
20200607:1010,18852.0,480.0,62.86,21.14,2.48,0.0
20200607:1110,24677.5,630.0,67.51,21.32,2.55,0.0
20200607:1210,27026.0,691.0,66.01,21.71,2.76,0.0
20200607:1310,21284.5,543.0,59.29,22.46,2.9,0.0
20200607:1410,27480.5,700.0,49.98,22.66,2.83,0.0
20200607:1510,12442.5,320.0,39.68,21.74,2.76,0.0
20200607:1610,14213.0,368.0,29.09,21.53,1.17,0.0
20200607:1710,661.5,29.0,18.62,19.99,2.21,0.0
20200607:1810,65.5,9.0,8.59,18.55,2.83,0.0
20200607:1910,0.0,0.0,0.0,17.03,1.66,0.0
20200607:2010,0.0,0.0,0.0,16.61,1.52,0.0
20200607:2110,0.0,0.0,0.0,16.36,1.24,0.0
20200607:2210,0.0,0.0,0.0,16.26,0.9,0.0
20200607:2310,0.0,0.0,0.0,16.23,0.48,0.0
20200608:0010,0.0,0.0,0.0,16.53,0.28,0.0
20200608:0110,0.0,0.0,0.0,16.49,0.21,0.0
20200608:0210,0.0,0.0,0.0,15.77,0.69,0.0
20200608:0310,0.0,0.0,0.0,15.1,1.24,0.0
20200608:0410,370.0,24.37,3.52,15.29,1.72,0.0
20200608:0510,575.5,26.0,13.19,15.18,1.66,0.0
20200608:0610,4559.5,126.0,23.45,15.49,1.45,0.0
20200608:0710,3661.0,105.0,34.01,16.19,0.48,0.0
20200608:0810,11453.0,293.0,44.53,17.54,0.97,0.0
20200608:0910,12185.5,311.0,54.51,17.88,1.31,0.0
20200608:1010,26239.5,671.0,62.92,18.37,1.17,0.0
20200608:1110,17505.0,446.0,67.59,19.38,1.45,0.0
20200608:1210,30987.5,802.0,66.12,19.42,1.38,0.0
20200608:1310,4672.0,131.0,59.39,19.72,1.38,0.0
20200608:1410,5572.0,153.0,50.08,20.05,1.38,0.0
20200608:1510,1608.5,55.0,39.77,20.34,1.72,0.0
20200608:1610,17199.0,442.0,29.18,19.69,0.9,0.0
20200608:1710,7848.5,216.0,18.72,19.5,0.07,0.0
20200608:1810,2694.5,99.0,8.69,18.62,0.41,0.0
20200608:1910,0.0,0.0,0.0,16.3,1.03,0.0
20200608:2010,0.0,0.0,0.0,15.81,0.83,0.0
20200608:2110,0.0,0.0,0.0,15.63,0.14,0.0
20200608:2210,0.0,0.0,0.0,15.43,0.14,0.0
20200608:2310,0.0,0.0,0.0,14.98,0.55,0.0
20200609:0010,0.0,0.0,0.0,14.64,0.83,0.0
20200609:0110,0.0,0.0,0.0,14.63,0.97,0.0
20200609:0210,0.0,0.0,0.0,14.69,1.1,0.0
20200609:0310,0.0,0.0,0.0,14.42,1.1,0.0
20200609:0410,0.0,3.0,3.56,14.33,1.1,0.0
20200609:0510,3950.0,115.0,13.21,14.31,1.17,0.0
20200609:0610,7753.5,202.0,23.47,14.77,1.38,0.0
20200609:0710,12392.5,312.0,34.03,14.99,0.9,0.0
20200609:0810,18366.0,459.0,44.56,15.89,1.1,0.0
20200609:0910,29483.0,753.0,54.54,16.7,0.83,0.0
20200609:1010,33683.0,879.01,62.97,17.45,0.69,0.0
20200609:1110,26613.0,686.0,67.67,17.94,0.69,0.0
20200609:1210,24677.0,632.0,66.21,18.5,1.03,0.0
20200609:1310,15653.5,399.0,59.48,19.27,1.38,0.0
20200609:1410,2954.0,89.0,50.17,19.81,1.31,0.0
20200609:1510,3801.5,110.0,39.86,19.72,0.55,0.0
20200609:1610,7652.0,203.0,29.27,19.3,0.9,0.0
20200609:1710,5846.5,160.0,18.81,17.63,1.38,0.0
20200609:1810,2856.0,106.0,8.78,17.07,0.76,0.0
20200609:1910,0.0,0.0,0.0,15.94,1.03,0.0
20200609:2010,0.0,0.0,0.0,14.6,0.69,0.0
20200609:2110,0.0,0.0,0.0,13.92,1.66,0.0
20200609:2210,0.0,0.0,0.0,13.43,1.59,0.0
20200609:2310,0.0,0.0,0.0,13.0,1.31,0.0
20200610:0010,0.0,0.0,0.0,12.78,1.38,0.0
20200610:0110,0.0,0.0,0.0,12.42,1.52,0.0
20200610:0210,0.0,0.0,0.0,12.05,1.45,0.0
20200610:0310,0.0,0.0,0.0,11.57,1.31,0.0
20200610:0410,47.0,8.0,3.59,11.14,1.17,0.0
20200610:0510,4945.0,143.0,13.24,11.98,0.76,0.0
20200610:0610,13622.0,351.0,23.49,14.21,0.55,0.0
20200610:0710,21178.0,534.0,34.05,16.21,0.48,0.0
20200610:0810,26891.5,688.0,44.58,17.84,0.48,0.0
20200610:0910,31218.0,816.0,54.57,19.3,0.55,0.0
20200610:1010,32447.0,862.0,63.02,20.4,0.48,0.0
20200610:1110,32642.5,880.01,67.75,21.19,0.21,0.0
20200610:1210,17800.5,464.0,66.3,21.93,0.41,0.0
20200610:1310,4353.5,125.0,59.57,22.44,0.41,0.0
20200610:1410,2131.5,69.0,50.26,22.0,1.1,0.0
20200610:1510,12981.0,334.0,39.94,21.42,1.93,0.0
20200610:1610,16530.5,423.0,29.35,20.68,1.93,0.0
20200610:1710,6490.5,178.0,18.89,19.67,1.38,0.0
20200610:1810,1564.5,55.0,8.87,19.15,0.9,0.0
20200610:1910,0.0,0.0,0.0,17.85,1.1,0.0
20200610:2010,0.0,0.0,0.0,17.0,0.97,0.0
20200610:2110,0.0,0.0,0.0,17.25,0.41,0.0
20200610:2210,0.0,0.0,0.0,16.8,0.55,0.0
20200610:2310,0.0,0.0,0.0,14.71,1.1,0.0
20200611:0010,0.0,0.0,0.0,13.53,1.31,0.0
20200611:0110,0.0,0.0,0.0,13.27,1.17,0.0
20200611:0210,0.0,0.0,0.0,13.29,0.97,0.0
20200611:0310,0.0,0.0,0.0,13.32,0.9,0.0
20200611:0410,233.5,15.82,3.61,13.09,0.83,0.0
20200611:0510,4324.5,126.0,13.25,13.98,0.55,0.0
20200611:0610,10372.5,268.0,23.5,15.16,0.55,0.0
20200611:0710,16354.5,408.0,34.06,15.92,1.45,0.0
20200611:0810,9745.0,250.0,44.59,16.46,1.38,0.0
20200611:0910,23074.0,582.0,54.59,17.38,1.31,0.0
20200611:1010,20858.5,531.0,63.05,18.85,1.24,0.0
20200611:1110,13262.0,341.0,67.81,19.71,1.1,0.0
20200611:1210,14444.5,372.0,66.39,20.09,0.83,0.0
20200611:1310,12758.5,328.0,59.66,19.87,1.38,0.0
20200611:1410,20045.0,511.0,50.34,20.13,1.31,0.0
20200611:1510,12209.5,315.0,40.02,20.47,1.17,0.0
20200611:1610,5920.5,162.0,29.44,19.98,0.21,0.0
20200611:1710,4362.5,124.0,18.98,19.55,0.97,0.0
20200611:1810,2495.5,87.0,8.95,18.79,1.52,0.0
20200611:1910,0.0,0.0,0.0,17.85,1.38,0.0
20200611:2010,0.0,0.0,0.0,17.16,1.31,0.0
20200611:2110,0.0,0.0,0.0,16.32,1.03,0.0
20200611:2210,0.0,0.0,0.0,15.7,1.1,0.0
20200611:2310,0.0,0.0,0.0,15.11,1.17,0.0
20200612:0010,0.0,0.0,0.0,14.55,1.24,0.0
20200612:0110,0.0,0.0,0.0,14.35,1.24,0.0
20200612:0210,0.0,0.0,0.0,14.46,1.31,0.0
20200612:0310,0.0,0.0,0.0,14.46,1.17,0.0
20200612:0410,0.0,3.0,3.63,14.42,1.1,0.0
20200612:0510,750.5,31.0,13.27,14.88,1.03,0.0
20200612:0610,4389.5,122.0,23.51,15.58,1.45,0.0
20200612:0710,8258.5,214.0,34.07,16.22,1.66,0.0
20200612:0810,14992.5,377.0,44.6,17.4,1.79,0.0
20200612:0910,22092.5,557.0,54.61,18.19,1.66,0.0
20200612:1010,18363.5,467.0,63.09,19.19,1.45,0.0
20200612:1110,20487.5,523.0,67.87,19.56,1.38,0.0
20200612:1210,2951.5,89.0,66.46,20.02,1.45,0.0
20200612:1310,3560.0,104.0,59.74,20.02,1.52,0.0
20200612:1410,2902.0,88.0,50.42,20.81,1.93,0.0
20200612:1510,12596.0,324.0,40.1,20.99,1.86,0.0
20200612:1610,9101.0,239.0,29.51,20.93,1.79,0.0
20200612:1710,7191.5,197.0,19.05,20.23,1.31,0.0
20200612:1810,2694.5,95.0,9.03,19.77,0.48,0.0
20200612:1910,0.0,0.0,0.0,18.93,0.21,0.0
20200612:2010,0.0,0.0,0.0,18.19,0.41,0.0
20200612:2110,0.0,0.0,0.0,17.33,0.76,0.0
20200612:2210,0.0,0.0,0.0,16.52,0.83,0.0
20200612:2310,0.0,0.0,0.0,16.65,0.62,0.0
20200613:0010,0.0,0.0,0.0,16.5,0.48,0.0
20200613:0110,0.0,0.0,0.0,16.23,0.62,0.0
20200613:0210,0.0,0.0,0.0,15.76,0.69,0.0
20200613:0310,0.0,0.0,0.0,15.38,0.69,0.0
20200613:0410,0.0,5.0,3.65,14.9,0.9,0.0
20200613:0510,3627.5,107.0,13.28,15.3,0.76,0.0
20200613:0610,6104.5,164.0,23.52,16.59,0.83,0.0
20200613:0710,7999.0,210.0,34.07,17.71,0.69,0.0
20200613:0810,11079.0,286.0,44.61,18.59,0.55,0.0
20200613:0910,13098.5,338.0,54.62,19.25,0.28,0.0
20200613:1010,9395.5,247.0,63.12,19.96,0.28,0.0
20200613:1110,6541.5,177.0,67.92,20.05,0.48,0.0
20200613:1210,3786.0,110.0,66.53,20.54,0.55,0.0
20200613:1310,2699.0,83.0,59.81,20.45,0.41,0.0
20200613:1410,2263.0,72.0,50.49,20.42,0.21,0.0
20200613:1510,1920.0,63.0,40.18,19.77,0.76,0.0
20200613:1610,1580.5,54.0,29.59,18.87,0.69,0.0
20200613:1710,5565.5,154.0,19.13,18.71,0.41,0.0
20200613:1810,1510.0,53.0,9.11,18.16,0.9,0.0
20200613:1910,0.0,0.0,0.0,17.78,0.21,0.0
20200613:2010,0.0,0.0,0.0,17.02,1.17,0.0
20200613:2110,0.0,0.0,0.0,16.55,1.38,0.0
20200613:2210,0.0,0.0,0.0,16.19,1.66,0.0
20200613:2310,0.0,0.0,0.0,15.96,1.66,0.0
20200614:0010,0.0,0.0,0.0,15.59,1.79,0.0
20200614:0110,0.0,0.0,0.0,15.25,1.93,0.0
20200614:0210,0.0,0.0,0.0,14.87,1.86,0.0
20200614:0310,0.0,0.0,0.0,14.27,1.86,0.0
20200614:0410,262.0,16.81,3.65,13.83,1.66,0.0
20200614:0510,2796.0,84.0,13.28,13.83,1.1,0.0
20200614:0610,13920.5,360.0,23.52,15.45,1.03,0.0
20200614:0710,21213.0,532.0,34.07,18.02,1.72,0.0
20200614:0810,27451.5,697.0,44.6,20.08,1.72,0.0
20200614:0910,32032.5,836.0,54.63,22.38,1.52,0.0
20200614:1010,34613.5,929.01,63.14,24.48,1.24,0.0
20200614:1110,35654.0,971.01,67.97,25.83,1.17,0.0
20200614:1210,35321.0,970.01,66.6,26.72,0.97,0.0
20200614:1310,32560.5,891.01,59.88,27.35,0.76,0.0
20200614:1410,29373.0,796.0,50.56,27.72,0.62,0.0
20200614:1510,23811.5,634.0,40.25,27.93,0.83,0.0
20200614:1610,17273.0,462.0,29.66,27.67,0.76,0.0
20200614:1710,9771.5,281.0,19.2,27.16,0.14,0.0
20200614:1810,2842.5,106.0,9.18,26.01,0.41,0.0
20200614:1910,0.0,0.0,0.0,23.29,1.86,0.0
20200614:2010,0.0,0.0,0.0,21.58,1.86,0.0
20200614:2110,0.0,0.0,0.0,20.01,1.79,0.0
20200614:2210,0.0,0.0,0.0,18.84,1.72,0.0
20200614:2310,0.0,0.0,0.0,18.19,1.72,0.0
20200615:0010,0.0,0.0,0.0,17.4,1.52,0.0
20200615:0110,0.0,0.0,0.0,17.07,1.24,0.0
20200615:0210,0.0,0.0,0.0,16.69,1.24,0.0
20200615:0310,0.0,0.0,0.0,16.19,1.17,0.0
20200615:0410,0.0,3.0,3.66,15.76,1.24,0.0
20200615:0510,2303.5,72.0,13.28,16.0,1.31,0.0
20200615:0610,12484.0,327.0,23.51,18.46,0.9,0.0
20200615:0710,12989.5,335.0,34.06,21.33,1.38,0.0
20200615:0810,19122.5,494.0,44.6,23.54,1.45,0.0
20200615:0910,29021.5,767.0,54.63,24.89,1.24,0.0
20200615:1010,32944.0,900.01,63.15,25.92,0.62,0.0
20200615:1110,34625.0,967.01,68.01,26.57,0.28,0.0
20200615:1210,34182.5,961.01,66.66,27.35,0.14,0.0
20200615:1310,31979.0,888.01,59.95,27.7,0.21,0.0
20200615:1410,28392.0,773.0,50.63,27.88,0.34,0.0
20200615:1510,23382.5,625.0,40.31,27.75,0.48,0.0
20200615:1610,9640.5,261.0,29.72,27.18,0.62,0.0
20200615:1710,4150.0,122.0,19.26,25.77,0.69,0.0
20200615:1810,62.0,9.0,9.24,24.28,0.76,0.0
20200615:1910,0.0,0.0,0.0,23.02,1.24,0.0
20200615:2010,0.0,0.0,0.0,23.11,0.55,0.0
20200615:2110,0.0,0.0,0.0,22.28,0.41,0.0
20200615:2210,0.0,0.0,0.0,21.36,0.28,0.0
20200615:2310,0.0,0.0,0.0,20.63,0.21,0.0
20200616:0010,0.0,0.0,0.0,20.16,0.34,0.0
20200616:0110,0.0,0.0,0.0,19.34,0.76,0.0
20200616:0210,0.0,0.0,0.0,17.41,1.31,0.0
20200616:0310,0.0,0.0,0.0,16.95,1.24,0.0
20200616:0410,405.0,26.86,3.65,17.56,0.76,0.0
20200616:0510,5746.5,178.0,13.27,17.8,0.14,0.0
20200616:0610,13171.5,347.0,23.5,18.27,0.28,0.0
20200616:0710,20373.5,519.0,34.05,19.53,0.9,0.0
20200616:0810,26677.5,688.0,44.59,20.58,0.76,0.0
20200616:0910,26096.5,679.0,54.62,21.53,0.83,0.0
20200616:1010,30824.5,817.0,63.16,22.62,0.9,0.0
20200616:1110,33546.5,904.01,68.04,23.61,0.83,0.0
20200616:1210,33257.0,904.01,66.71,24.52,0.62,0.0
20200616:1310,19587.0,521.0,60.01,25.15,0.14,0.0
20200616:1410,6830.0,189.0,50.69,25.66,0.14,0.0
20200616:1510,1568.0,55.0,40.37,25.15,1.31,0.0
20200616:1610,1323.0,48.0,29.78,23.27,1.72,0.0
20200616:1710,1779.0,60.0,19.33,22.52,1.1,0.0
20200616:1810,756.0,32.0,9.31,22.07,1.45,0.0
20200616:1910,0.0,0.0,0.0,20.79,0.69,0.0
20200616:2010,0.0,0.0,0.0,18.71,1.52,0.0
20200616:2110,0.0,0.0,0.0,17.83,1.31,0.0
20200616:2210,0.0,0.0,0.0,18.41,0.76,0.0
20200616:2310,0.0,0.0,0.0,18.52,0.62,0.0
20200617:0010,0.0,0.0,0.0,16.86,0.83,0.0
20200617:0110,0.0,0.0,0.0,15.77,1.38,0.0
20200617:0210,0.0,0.0,0.0,15.99,1.72,0.0
20200617:0310,0.0,0.0,0.0,15.86,1.66,0.0
20200617:0410,91.0,10.0,3.65,15.59,1.24,0.0
20200617:0510,3947.0,116.0,13.26,15.62,0.69,0.0
20200617:0610,5797.0,157.0,23.48,16.87,0.41,0.0
20200617:0710,12034.5,309.0,34.03,17.92,0.21,0.0
20200617:0810,23788.5,608.0,44.57,19.01,0.62,0.0
20200617:0910,25679.5,665.0,54.61,20.27,0.69,0.0
20200617:1010,25092.0,653.0,63.16,21.12,0.83,0.0
20200617:1110,26820.0,703.0,68.07,22.22,1.03,0.0
20200617:1210,32799.0,870.0,66.76,22.78,1.24,0.0
20200617:1310,26575.5,696.0,60.06,23.53,1.31,0.0
20200617:1410,18595.5,483.0,50.75,23.61,1.17,0.0
20200617:1510,3275.5,98.0,40.43,21.95,0.34,0.0
20200617:1610,2302.0,73.0,29.84,20.76,1.03,0.0
20200617:1710,1566.0,54.0,19.38,20.7,0.9,0.0
20200617:1810,2794.5,97.0,9.36,20.71,0.48,0.0
20200617:1910,0.0,0.0,0.0,19.45,0.76,0.0
20200617:2010,0.0,0.0,0.0,19.13,0.55,0.0
20200617:2110,0.0,0.0,0.0,19.0,0.34,0.0
20200617:2210,0.0,0.0,0.0,18.27,0.83,0.0
20200617:2310,0.0,0.0,0.0,16.2,1.31,0.0
20200618:0010,0.0,0.0,0.0,15.44,1.31,0.0
20200618:0110,0.0,0.0,0.0,14.88,1.17,0.0
20200618:0210,0.0,0.0,0.0,15.06,0.83,0.0
20200618:0310,0.0,0.0,0.0,15.04,0.83,0.0
20200618:0410,405.5,25.33,3.63,14.15,1.03,0.0
20200618:0510,5559.0,167.0,13.24,14.75,0.83,0.0
20200618:0610,13366.5,349.0,23.46,17.14,0.76,0.0
20200618:0710,20703.5,526.0,34.01,18.93,0.9,0.0
20200618:0810,26004.5,668.0,44.55,20.16,0.83,0.0
20200618:0910,24346.0,633.0,54.6,21.26,0.62,0.0
20200618:1010,29721.0,786.0,63.16,22.4,0.83,0.0
20200618:1110,34511.0,923.01,68.08,23.15,1.17,0.0
20200618:1210,32018.5,849.0,66.8,23.78,1.45,0.0
20200618:1310,23686.5,607.0,60.11,22.51,2.48,0.0
20200618:1410,16782.5,430.0,50.8,22.95,2.76,0.0
20200618:1510,1626.5,56.0,40.48,22.94,3.03,0.0
20200618:1610,8781.5,232.0,29.9,21.53,1.59,0.0
20200618:1710,10274.0,286.0,19.44,21.15,0.28,0.0
20200618:1810,136.5,12.0,9.42,20.89,0.41,0.0
20200618:1910,0.0,0.0,0.0,19.93,0.9,0.0
20200618:2010,0.0,0.0,0.0,18.04,1.38,0.0
20200618:2110,0.0,0.0,0.0,16.8,0.97,0.0
20200618:2210,0.0,0.0,0.0,15.74,1.17,0.0
20200618:2310,0.0,0.0,0.0,15.67,0.9,0.0
20200619:0010,0.0,0.0,0.0,16.3,0.48,0.0
20200619:0110,0.0,0.0,0.0,16.04,0.28,0.0
20200619:0210,0.0,0.0,0.0,15.59,0.55,0.0
20200619:0310,0.0,0.0,0.0,15.14,0.83,0.0
20200619:0410,387.0,26.72,3.61,14.19,1.03,0.0
20200619:0510,5809.0,176.0,13.22,14.66,0.83,0.0
20200619:0610,13472.0,351.0,23.44,17.25,1.1,0.0
20200619:0710,20907.5,528.0,33.99,18.57,1.31,0.0
20200619:0810,25701.0,655.0,44.53,20.0,1.31,0.0
20200619:0910,29469.5,765.0,54.58,21.24,1.24,0.0
20200619:1010,34445.5,929.01,63.15,22.38,0.55,0.0
20200619:1110,31994.0,875.0,68.09,23.06,0.0,0.0
20200619:1210,31950.5,861.0,66.83,23.54,0.62,0.0
20200619:1310,31340.0,837.0,60.16,24.25,0.97,0.0
20200619:1410,29492.0,780.0,50.85,24.57,1.03,0.0
20200619:1510,24155.0,632.0,40.53,24.61,0.9,0.0
20200619:1610,17553.5,460.0,29.94,24.16,0.97,0.0
20200619:1710,7177.0,199.0,19.49,23.69,1.31,0.0
20200619:1810,719.0,31.0,9.46,22.72,1.31,0.0
20200619:1910,0.0,0.0,0.0,21.31,1.45,0.0
20200619:2010,0.0,0.0,0.0,19.61,1.17,0.0
20200619:2110,0.0,0.0,0.0,18.3,1.24,0.0
20200619:2210,0.0,0.0,0.0,16.92,1.52,0.0
20200619:2310,0.0,0.0,0.0,16.05,1.59,0.0
20200620:0010,0.0,0.0,0.0,15.67,1.45,0.0
20200620:0110,0.0,0.0,0.0,15.5,1.31,0.0
20200620:0210,0.0,0.0,0.0,15.74,1.03,0.0
20200620:0310,0.0,0.0,0.0,16.06,0.69,0.0
20200620:0410,197.0,14.0,3.59,15.27,0.28,0.0
20200620:0510,5291.5,158.0,13.19,14.88,0.28,0.0
20200620:0610,12643.5,329.0,23.41,16.66,0.69,0.0
20200620:0710,16986.0,435.0,33.96,19.97,0.62,0.0
20200620:0810,25065.0,647.0,44.5,21.73,0.97,0.0
20200620:0910,31332.5,829.0,54.55,23.04,0.9,0.0
20200620:1010,34258.0,927.01,63.13,24.13,0.76,0.0
20200620:1110,35547.5,971.01,68.1,24.9,0.83,0.0
20200620:1210,35358.0,966.01,66.86,25.47,0.9,0.0
20200620:1310,32793.0,888.01,60.2,25.92,0.9,0.0
20200620:1410,29678.0,791.0,50.89,26.29,1.1,0.0
20200620:1510,24300.5,638.0,40.58,26.46,1.31,0.0
20200620:1610,17520.5,462.0,29.99,26.11,1.31,0.0
20200620:1710,10015.5,282.0,19.53,25.6,1.38,0.0
20200620:1810,2987.5,107.0,9.51,24.38,1.1,0.0
20200620:1910,0.0,0.0,0.0,22.69,1.52,0.0
20200620:2010,0.0,0.0,0.0,20.27,1.59,0.0
20200620:2110,0.0,0.0,0.0,19.28,1.31,0.0
20200620:2210,0.0,0.0,0.0,20.02,0.9,0.0
20200620:2310,0.0,0.0,0.0,19.48,0.9,0.0
20200621:0010,0.0,0.0,0.0,17.74,0.97,0.0
20200621:0110,0.0,0.0,0.0,16.38,1.03,0.0
20200621:0210,0.0,0.0,0.0,15.51,1.1,0.0
20200621:0310,0.0,0.0,0.0,15.17,1.1,0.0
20200621:0410,382.5,26.69,3.56,15.08,1.24,0.0
20200621:0510,4156.5,122.0,13.16,15.66,1.03,0.0
20200621:0610,13339.0,350.0,23.38,18.31,0.9,0.0
20200621:0710,20351.0,521.0,33.92,20.92,1.1,0.0
20200621:0810,26565.5,691.0,44.47,23.25,1.1,0.0
20200621:0910,31073.5,830.0,54.52,25.09,0.97,0.0
20200621:1010,33545.0,919.01,63.11,26.29,0.69,0.0
20200621:1110,33160.0,920.01,68.1,27.28,0.48,0.0
20200621:1210,33495.5,937.01,66.88,27.91,0.34,0.0
20200621:1310,31774.5,880.01,60.23,28.56,0.48,0.0
20200621:1410,28779.5,781.0,50.93,28.88,0.83,0.0
20200621:1510,23882.5,637.0,40.62,28.98,1.1,0.0
20200621:1610,17434.0,467.0,30.03,28.72,1.03,0.0
20200621:1710,9974.5,285.0,19.57,27.93,0.76,0.0
20200621:1810,3009.0,110.0,9.54,27.34,0.41,0.0
20200621:1910,0.0,0.0,0.0,25.11,1.45,0.0
20200621:2010,0.0,0.0,0.0,22.73,2.14,0.0
20200621:2110,0.0,0.0,0.0,20.66,2.07,0.0
20200621:2210,0.0,0.0,0.0,19.53,1.66,0.0
20200621:2310,0.0,0.0,0.0,20.53,1.1,0.0
20200622:0010,0.0,0.0,0.0,21.49,0.48,0.0
20200622:0110,0.0,0.0,0.0,21.26,0.69,0.0
20200622:0210,0.0,0.0,0.0,21.22,0.9,0.0
20200622:0310,0.0,0.0,0.0,20.74,0.55,0.0
20200622:0410,369.0,26.66,3.53,20.37,0.34,0.0
20200622:0510,5616.0,175.0,13.12,19.48,0.97,0.0
20200622:0610,13179.5,349.0,23.34,19.96,0.83,0.0
20200622:0710,20431.0,529.0,33.88,22.89,0.97,0.0
20200622:0810,26457.5,695.0,44.43,25.23,1.1,0.0
20200622:0910,30777.5,831.0,54.49,26.98,0.9,0.0
20200622:1010,33290.5,924.01,63.08,28.15,0.55,0.0
20200622:1110,34489.5,973.01,68.09,29.05,0.41,0.0
20200622:1210,34574.5,969.01,66.89,29.68,0.76,0.0
20200622:1310,32362.0,887.01,60.26,30.11,1.38,0.0
20200622:1410,29534.5,794.0,50.97,30.3,1.86,0.0
20200622:1510,24023.5,638.0,40.65,30.2,1.93,0.0
20200622:1610,17336.0,465.0,30.07,29.81,1.45,0.0
20200622:1710,9796.0,281.0,19.6,28.9,0.69,0.0
20200622:1810,3011.0,111.0,9.58,28.97,0.14,0.0
20200622:1910,0.0,0.0,0.0,27.81,0.62,0.0
20200622:2010,0.0,0.0,0.0,25.09,1.1,0.0
20200622:2110,0.0,0.0,0.0,22.25,1.59,0.0
20200622:2210,0.0,0.0,0.0,20.84,1.52,0.0
20200622:2310,0.0,0.0,0.0,20.02,1.38,0.0
20200623:0010,0.0,0.0,0.0,19.69,1.24,0.0
20200623:0110,0.0,0.0,0.0,19.31,1.17,0.0
20200623:0210,0.0,0.0,0.0,19.46,1.03,0.0
20200623:0310,0.0,0.0,0.0,19.91,0.83,0.0
20200623:0410,317.5,20.33,3.49,19.57,0.76,0.0
20200623:0510,5404.5,168.0,13.08,19.84,0.69,0.0
20200623:0610,12706.5,339.0,23.3,21.33,0.62,0.0
20200623:0710,19763.5,517.0,33.84,23.8,0.48,0.0
20200623:0810,25934.5,687.0,44.39,25.42,0.62,0.0
20200623:0910,30417.5,825.0,54.45,26.88,0.62,0.0
20200623:1010,32984.0,919.01,63.05,28.32,0.41,0.0
20200623:1110,33993.5,968.01,68.07,29.43,0.14,0.0
20200623:1210,33770.5,958.01,66.9,30.19,0.34,0.0
20200623:1310,31729.0,882.01,60.28,30.79,0.83,0.0
20200623:1410,28549.5,782.0,50.99,31.23,0.97,0.0
20200623:1510,23387.0,631.0,40.69,31.34,1.1,0.0
20200623:1610,17128.5,463.0,30.1,31.12,1.31,0.0
20200623:1710,9733.0,280.0,19.64,30.27,1.24,0.0
20200623:1810,3021.0,111.0,9.6,28.96,1.24,0.0
20200623:1910,0.0,0.0,0.0,26.91,1.79,0.0
20200623:2010,0.0,0.0,0.0,24.39,1.86,0.0
20200623:2110,0.0,0.0,0.0,22.56,2.0,0.0
20200623:2210,0.0,0.0,0.0,21.14,1.72,0.0
20200623:2310,0.0,0.0,0.0,20.95,1.24,0.0
20200624:0010,0.0,0.0,0.0,21.17,0.9,0.0
20200624:0110,0.0,0.0,0.0,21.06,0.69,0.0
20200624:0210,0.0,0.0,0.0,20.39,0.41,0.0
20200624:0310,0.0,0.0,0.0,19.82,0.28,0.0
20200624:0410,355.5,23.56,3.44,19.33,0.21,0.0
20200624:0510,5336.0,165.0,13.03,19.43,0.28,0.0
20200624:0610,12716.5,339.0,23.25,21.2,0.69,0.0
20200624:0710,20075.5,523.0,33.79,23.8,0.83,0.0
20200624:0810,26179.5,688.0,44.34,25.57,1.17,0.0
20200624:0910,30841.0,827.0,54.4,26.94,1.24,0.0
20200624:1010,33753.5,921.01,63.01,28.09,1.31,0.0
20200624:1110,34981.5,965.01,68.05,28.95,1.31,0.0
20200624:1210,34535.5,961.01,66.9,29.67,1.03,0.0
20200624:1310,31948.0,884.01,60.3,30.12,0.9,0.0
20200624:1410,28554.0,780.0,51.02,30.7,0.97,0.0
20200624:1510,23114.0,620.0,40.71,30.76,1.31,0.0
20200624:1610,17172.0,460.0,30.13,30.29,1.86,0.0
20200624:1710,9704.5,277.0,19.66,29.4,1.66,0.0
20200624:1810,2946.0,106.0,9.63,27.62,1.31,0.0
20200624:1910,0.0,0.0,0.0,25.9,1.1,0.0
20200624:2010,0.0,0.0,0.0,25.68,0.69,0.0
20200624:2110,0.0,0.0,0.0,25.66,0.34,0.0
20200624:2210,0.0,0.0,0.0,24.87,0.41,0.0
20200624:2310,0.0,0.0,0.0,24.2,0.34,0.0
20200625:0010,0.0,0.0,0.0,23.09,0.76,0.0
20200625:0110,0.0,0.0,0.0,20.83,1.31,0.0
20200625:0210,0.0,0.0,0.0,19.82,1.38,0.0
20200625:0310,0.0,0.0,0.0,19.12,1.52,0.0
20200625:0410,260.5,18.39,3.4,18.68,1.59,0.0
20200625:0510,1841.0,61.0,12.98,19.31,1.66,0.0
20200625:0610,6973.5,188.0,23.2,20.67,1.79,0.0
20200625:0710,9533.0,252.0,33.74,23.0,1.45,0.0
20200625:0810,18841.0,487.0,44.29,23.74,1.45,0.0
20200625:0910,29764.5,782.0,54.36,24.39,1.45,0.0
20200625:1010,31680.0,843.0,62.97,25.34,1.52,0.0
20200625:1110,32776.5,879.01,68.02,26.56,1.72,0.0
20200625:1210,33731.0,915.01,66.89,27.41,1.45,0.0
20200625:1310,31447.5,851.0,60.31,28.13,1.31,0.0
20200625:1410,27715.5,738.0,51.04,28.54,1.66,0.0
20200625:1510,19313.0,508.0,40.74,28.21,1.79,0.0
20200625:1610,12000.0,320.0,30.15,27.62,1.66,0.0
20200625:1710,4525.0,132.0,19.68,26.82,1.31,0.0
20200625:1810,354.5,20.0,9.65,25.84,1.52,0.0
20200625:1910,0.0,0.0,0.0,24.57,1.79,0.0
20200625:2010,0.0,0.0,0.0,23.07,1.38,0.0
20200625:2110,0.0,0.0,0.0,22.46,0.76,0.0
20200625:2210,0.0,0.0,0.0,21.86,0.83,0.0
20200625:2310,0.0,0.0,0.0,22.67,0.21,0.0
20200626:0010,0.0,0.0,0.0,22.24,0.14,0.0
20200626:0110,0.0,0.0,0.0,21.69,0.34,0.0
20200626:0210,0.0,0.0,0.0,21.22,0.48,0.0
20200626:0310,0.0,0.0,0.0,20.87,0.69,0.0
20200626:0410,0.0,2.0,3.34,19.87,0.97,0.0
20200626:0510,398.5,21.0,12.93,19.87,0.97,0.0
20200626:0610,5044.0,141.0,23.14,21.0,1.17,0.0
20200626:0710,11951.5,311.0,33.69,21.3,0.55,0.0
20200626:0810,11430.5,300.0,44.23,22.68,0.69,0.0
20200626:0910,17722.0,465.0,54.3,24.0,0.48,0.0
20200626:1010,30341.0,825.0,62.92,25.06,0.28,0.0
20200626:1110,31699.5,870.01,67.98,26.15,0.41,0.0
20200626:1210,31165.5,857.0,66.88,26.57,0.34,0.0
20200626:1310,16172.0,431.0,60.31,27.44,0.76,0.0
20200626:1410,16553.0,438.0,51.05,27.73,1.45,0.0
20200626:1510,15587.5,411.0,40.75,27.57,1.59,0.0
20200626:1610,13077.0,344.0,30.17,25.69,1.86,0.0
20200626:1710,9394.5,262.0,19.7,24.67,1.31,0.0
20200626:1810,3157.0,115.0,9.66,24.18,0.62,0.0
20200626:1910,0.0,0.0,0.0,24.47,0.9,0.0
20200626:2010,0.0,0.0,0.0,24.46,0.55,0.0
20200626:2110,0.0,0.0,0.0,23.7,0.41,0.0
20200626:2210,0.0,0.0,0.0,23.22,0.34,0.0
20200626:2310,0.0,0.0,0.0,22.7,0.55,0.0
20200627:0010,0.0,0.0,0.0,20.65,1.17,0.0
20200627:0110,0.0,0.0,0.0,20.06,1.17,0.0
20200627:0210,0.0,0.0,0.0,21.29,0.76,0.0
20200627:0310,0.0,0.0,0.0,20.99,0.55,0.0
20200627:0410,137.0,12.0,3.28,20.52,0.76,0.0
20200627:0510,2432.0,77.0,12.87,20.31,0.69,0.0
20200627:0610,6868.5,187.0,23.08,21.67,0.69,0.0
20200627:0710,14841.5,387.0,33.63,22.5,0.21,0.0
20200627:0810,20172.5,531.0,44.18,23.79,0.0,0.0
20200627:0910,29333.0,788.0,54.24,25.01,0.41,0.0
20200627:1010,32498.0,884.01,62.86,26.19,0.76,0.0
20200627:1110,33953.5,932.01,67.94,27.45,0.97,0.0
20200627:1210,33527.0,919.01,66.86,28.35,1.17,0.0
20200627:1310,30853.5,836.0,60.31,28.84,1.38,0.0
20200627:1410,21042.0,561.0,51.06,29.27,1.38,0.0
20200627:1510,1536.5,55.0,40.77,28.83,0.76,0.0
20200627:1610,1003.0,40.0,30.18,28.26,0.28,0.0
20200627:1710,767.0,33.0,19.71,27.42,0.97,0.0
20200627:1810,2590.0,90.0,9.67,25.74,0.76,0.0
20200627:1910,0.0,0.0,0.0,25.16,0.97,0.0
20200627:2010,0.0,0.0,0.0,24.77,0.83,0.0
20200627:2110,0.0,0.0,0.0,24.0,0.83,0.0
20200627:2210,0.0,0.0,0.0,23.53,0.76,0.0
20200627:2310,0.0,0.0,0.0,23.03,0.55,0.0
20200628:0010,0.0,0.0,0.0,22.53,0.76,0.0
20200628:0110,0.0,0.0,0.0,21.22,0.97,0.0
20200628:0210,0.0,0.0,0.0,20.21,1.1,0.0
20200628:0310,0.0,0.0,0.0,19.94,1.1,0.0
20200628:0410,226.0,16.6,3.22,19.52,1.1,0.0
20200628:0510,3591.0,109.0,12.81,19.69,1.03,0.0
20200628:0610,9437.0,253.0,23.02,22.11,0.76,0.0
20200628:0710,19369.0,505.0,33.57,23.41,0.55,0.0
20200628:0810,25027.0,663.0,44.11,25.19,0.41,0.0
20200628:0910,29759.5,808.0,54.18,26.72,0.41,0.0
20200628:1010,32552.0,897.01,62.8,28.13,0.69,0.0
20200628:1110,33792.5,935.01,67.89,29.2,1.03,0.0
20200628:1210,33756.0,927.01,66.84,29.85,1.52,0.0
20200628:1310,31882.0,867.01,60.31,30.46,1.79,0.0
20200628:1410,28829.5,770.0,51.07,30.47,2.28,0.0
20200628:1510,23263.0,615.0,40.77,30.08,2.21,0.0
20200628:1610,16066.0,427.0,30.19,29.49,2.41,0.0
20200628:1710,9002.5,254.0,19.72,28.3,2.55,0.0
20200628:1810,2825.5,100.0,9.67,26.94,2.21,0.0
20200628:1910,0.0,0.0,0.0,25.05,2.62,0.0
20200628:2010,0.0,0.0,0.0,23.82,2.48,0.0
20200628:2110,0.0,0.0,0.0,22.77,2.28,0.0
20200628:2210,0.0,0.0,0.0,22.11,2.07,0.0
20200628:2310,0.0,0.0,0.0,21.51,2.07,0.0
20200629:0010,0.0,0.0,0.0,20.98,1.86,0.0
20200629:0110,0.0,0.0,0.0,20.4,1.66,0.0
20200629:0210,0.0,0.0,0.0,19.57,1.38,0.0
20200629:0310,0.0,0.0,0.0,19.11,1.1,0.0
20200629:0410,230.0,17.38,3.15,18.66,1.17,0.0
20200629:0510,4888.0,152.0,12.74,19.31,0.97,0.0
20200629:0610,12008.5,321.0,22.95,21.77,1.1,0.0
20200629:0710,19088.5,496.0,33.5,23.61,0.9,0.0
20200629:0810,25103.0,659.0,44.05,25.1,0.9,0.0
20200629:0910,29660.0,800.0,54.11,26.53,0.62,0.0
20200629:1010,31657.5,873.01,62.74,27.93,0.48,0.0
20200629:1110,33331.0,932.01,67.83,29.23,0.55,0.0
20200629:1210,33042.0,923.01,66.8,30.29,0.76,0.0
20200629:1310,30946.5,869.01,60.3,31.45,0.41,0.0
20200629:1410,27352.5,762.0,51.06,31.8,0.14,0.0
20200629:1510,22727.0,622.0,40.78,32.12,0.34,0.0
20200629:1610,16586.0,450.0,30.19,31.73,1.17,0.0
20200629:1710,9414.0,270.0,19.72,30.64,2.14,0.0
20200629:1810,2896.0,105.0,9.67,28.95,2.62,0.0
20200629:1910,0.0,0.0,0.0,25.46,2.83,0.0
20200629:2010,0.0,0.0,0.0,24.32,2.07,0.0
20200629:2110,0.0,0.0,0.0,23.5,1.59,0.0
20200629:2210,0.0,0.0,0.0,22.67,1.31,0.0
20200629:2310,0.0,0.0,0.0,21.63,1.31,0.0
20200630:0010,0.0,0.0,0.0,21.12,1.24,0.0
20200630:0110,0.0,0.0,0.0,21.05,0.9,0.0
20200630:0210,0.0,0.0,0.0,21.63,0.62,0.0
20200630:0310,0.0,0.0,0.0,20.58,0.9,0.0
20200630:0410,197.0,15.61,3.08,20.13,0.97,0.0
20200630:0510,3387.0,104.0,12.67,20.9,0.76,0.0
20200630:0610,9812.0,263.0,22.88,22.04,0.76,0.0
20200630:0710,15366.5,399.0,33.43,23.23,0.97,0.0
20200630:0810,18353.0,479.0,43.97,24.58,0.9,0.0
20200630:0910,25100.5,667.0,54.04,25.64,0.69,0.0
20200630:1010,25010.5,674.0,62.66,26.62,0.41,0.0
20200630:1110,30154.5,826.0,67.77,27.31,0.55,0.0
20200630:1210,31194.0,853.0,66.76,28.24,0.97,0.0
20200630:1310,24443.0,652.0,60.28,28.84,1.72,0.0
20200630:1410,26778.5,708.0,51.06,29.25,2.41,0.0
20200630:1510,22455.5,591.0,40.77,29.12,2.14,0.0
20200630:1610,16229.0,430.0,30.19,28.81,2.34,0.0
20200630:1710,8726.5,246.0,19.71,28.15,2.48,0.0
20200630:1810,2892.5,103.0,9.66,27.07,2.41,0.0
20200630:1910,0.0,0.0,0.0,25.68,2.28,0.0
20200630:2010,0.0,0.0,0.0,24.61,2.07,0.0
20200630:2110,0.0,0.0,0.0,23.75,2.0,0.0
20200630:2210,0.0,0.0,0.0,22.98,2.0,0.0
20200630:2310,0.0,0.0,0.0,22.36,1.86,0.0
20200701:0010,0.0,0.0,0.0,21.7,1.59,0.0
20200701:0110,0.0,0.0,0.0,21.11,1.45,0.0
20200701:0210,0.0,0.0,0.0,20.7,1.38,0.0
20200701:0310,0.0,0.0,0.0,20.19,1.31,0.0
20200701:0410,115.5,11.84,3.01,20.11,1.1,0.0
20200701:0510,3705.5,114.0,12.59,20.87,0.76,0.0
20200701:0610,11315.5,305.0,22.81,22.46,0.48,0.0
20200701:0710,16495.5,429.0,33.35,24.1,1.1,0.0
20200701:0810,24569.0,647.0,43.9,25.32,0.69,0.0
20200701:0910,28446.0,765.0,53.96,26.63,0.62,0.0
20200701:1010,30513.0,827.0,62.59,27.5,0.97,0.0
20200701:1110,30149.0,816.0,67.7,28.12,1.31,0.0
20200701:1210,3485.0,106.0,66.72,28.78,1.66,0.0
20200701:1310,3782.5,114.0,60.25,29.35,1.1,0.0
20200701:1410,27432.5,735.0,51.05,29.19,1.38,0.0
20200701:1510,22816.0,603.0,40.77,29.37,1.79,0.0
20200701:1610,16758.0,446.0,30.18,28.97,1.79,0.0
20200701:1710,2986.5,93.0,19.7,28.01,1.52,0.0
20200701:1810,2865.5,102.0,9.64,25.93,1.52,0.0
20200701:1910,0.0,0.0,0.0,24.73,1.66,0.0
20200701:2010,0.0,0.0,0.0,23.67,0.62,0.0
20200701:2110,0.0,0.0,0.0,23.04,0.9,0.0
20200701:2210,0.0,0.0,0.0,22.23,1.03,0.0
20200701:2310,0.0,0.0,0.0,21.53,1.31,0.0
20200702:0010,0.0,0.0,0.0,21.16,1.24,0.0
20200702:0110,0.0,0.0,0.0,20.79,1.24,0.0
20200702:0210,0.0,0.0,0.0,20.52,1.24,0.0
20200702:0310,0.0,0.0,0.0,19.93,1.38,0.0
20200702:0410,224.0,17.33,2.92,20.58,0.97,0.0
20200702:0510,4745.5,150.0,12.51,21.55,0.69,0.0
20200702:0610,12116.5,327.0,22.73,23.0,0.83,0.0
20200702:0710,19149.5,500.0,33.28,24.13,0.76,0.0
20200702:0810,25100.5,668.0,43.82,25.77,0.34,0.0
20200702:0910,29278.5,802.0,53.88,27.29,0.14,0.0
20200702:1010,32329.0,895.01,62.51,28.75,0.62,0.0
20200702:1110,33596.0,935.01,67.62,29.99,0.97,0.0
20200702:1210,32925.0,912.01,66.66,30.96,1.31,0.0
20200702:1310,30757.5,840.0,60.22,31.78,1.86,0.0
20200702:1410,15564.5,418.0,51.03,31.63,2.21,0.0
20200702:1510,19713.0,524.0,40.76,31.38,2.41,0.0
20200702:1610,8871.0,243.0,30.17,29.96,2.0,0.0
20200702:1710,501.0,25.0,19.69,28.83,1.86,0.0
20200702:1810,1414.5,52.0,9.63,27.78,2.0,0.0
20200702:1910,0.0,0.0,0.0,26.2,1.93,0.0
20200702:2010,0.0,0.0,0.0,24.69,1.93,0.0
20200702:2110,0.0,0.0,0.0,23.27,1.79,0.0
20200702:2210,0.0,0.0,0.0,21.95,1.38,0.0
20200702:2310,0.0,0.0,0.0,21.35,1.24,0.0
20200703:0010,0.0,0.0,0.0,20.57,1.66,0.0
20200703:0110,0.0,0.0,0.0,20.2,1.24,0.0
20200703:0210,0.0,0.0,0.0,20.74,0.69,0.0
20200703:0310,0.0,0.0,0.0,19.64,0.55,0.0
20200703:0410,144.5,13.63,2.84,18.26,1.38,0.0
20200703:0510,4562.0,141.0,12.43,19.12,1.79,0.0
20200703:0610,12143.0,321.0,22.65,20.18,2.0,0.0
20200703:0710,19419.0,502.0,33.19,23.7,1.52,0.0
20200703:0810,25547.0,668.0,43.74,25.68,1.45,0.0
20200703:0910,28073.5,743.0,53.8,26.24,1.45,0.0
20200703:1010,32076.5,857.0,62.42,27.2,1.93,0.0
20200703:1110,34927.5,941.01,67.54,27.84,2.14,0.0
20200703:1210,34445.0,929.01,66.6,27.64,1.93,0.0
20200703:1310,32585.5,860.01,60.19,25.99,2.28,0.0
20200703:1410,17869.0,463.0,51.01,25.41,2.62,0.0
20200703:1510,4844.0,138.0,40.74,24.66,1.66,0.0
20200703:1610,1057.0,41.0,30.15,24.93,0.41,0.0
20200703:1710,615.5,28.0,19.67,23.43,2.07,0.0
20200703:1810,110.5,11.0,9.6,22.24,2.28,0.0
20200703:1910,0.0,0.0,0.0,21.38,2.14,0.0
20200703:2010,0.0,0.0,0.0,19.81,1.52,0.0
20200703:2110,0.0,0.0,0.0,19.16,1.66,0.0
20200703:2210,0.0,0.0,0.0,18.99,2.28,0.0
20200703:2310,0.0,0.0,0.0,18.9,2.0,0.0
20200704:0010,0.0,0.0,0.0,18.71,2.14,0.0
20200704:0110,0.0,0.0,0.0,18.59,2.07,0.0
20200704:0210,0.0,0.0,0.0,18.49,1.66,0.0
20200704:0310,0.0,0.0,0.0,18.4,1.72,0.0
20200704:0410,92.0,10.84,2.75,18.32,1.66,0.0
20200704:0510,4979.0,158.0,12.34,18.68,1.52,0.0
20200704:0610,12539.0,332.0,22.56,19.55,1.52,0.0
20200704:0710,19919.5,506.0,33.11,20.87,1.93,0.0
20200704:0810,26295.5,674.0,43.65,22.17,1.66,0.0
20200704:0910,30592.5,805.0,53.71,23.75,1.24,0.0
20200704:1010,33459.5,900.01,62.33,24.79,1.03,0.0
20200704:1110,34348.0,940.01,67.45,25.72,0.76,0.0
20200704:1210,34087.0,938.01,66.54,26.6,0.69,0.0
20200704:1310,32382.0,878.01,60.14,27.26,1.1,0.0
20200704:1410,28886.0,772.0,50.98,27.58,1.24,0.0
20200704:1510,23642.0,627.0,40.72,27.86,1.03,0.0
20200704:1610,17137.0,458.0,30.13,27.81,0.76,0.0
20200704:1710,9757.0,278.0,19.65,27.62,0.69,0.0
20200704:1810,3028.0,111.0,9.57,26.55,0.69,0.0
20200704:1910,0.0,0.0,0.0,26.2,0.69,0.0
20200704:2010,0.0,0.0,0.0,24.0,1.31,0.0
20200704:2110,0.0,0.0,0.0,22.7,1.45,0.0
20200704:2210,0.0,0.0,0.0,22.5,1.24,0.0
20200704:2310,0.0,0.0,0.0,23.29,0.9,0.0
20200705:0010,0.0,0.0,0.0,22.62,0.83,0.0
20200705:0110,0.0,0.0,0.0,22.07,0.9,0.0
20200705:0210,0.0,0.0,0.0,21.04,1.03,0.0
20200705:0310,0.0,0.0,0.0,20.86,0.97,0.0
20200705:0410,140.5,13.61,2.66,20.65,0.69,0.0
20200705:0510,4753.5,153.0,12.25,20.67,0.41,0.0
20200705:0610,12004.0,324.0,22.47,21.75,0.34,0.0
20200705:0710,19071.5,498.0,33.02,24.11,0.76,0.0
20200705:0810,25094.0,664.0,43.56,25.71,0.62,0.0
20200705:0910,29246.0,798.0,53.62,27.03,0.21,0.0
20200705:1010,32183.5,892.01,62.23,28.17,0.41,0.0
20200705:1110,33452.5,932.01,67.36,29.14,0.69,0.0
20200705:1210,33378.5,930.01,66.46,29.9,0.83,0.0
20200705:1310,31545.5,871.01,60.1,30.47,0.97,0.0
20200705:1410,28249.0,769.0,50.94,30.88,1.1,0.0
20200705:1510,23072.5,621.0,40.69,31.08,1.1,0.0
20200705:1610,16808.0,455.0,30.11,30.95,1.03,0.0
20200705:1710,9487.5,274.0,19.62,30.51,0.97,0.0
20200705:1810,2946.0,110.0,9.54,29.17,0.69,0.0
20200705:1910,0.0,0.0,0.0,27.79,0.97,0.0
20200705:2010,0.0,0.0,0.0,26.87,0.97,0.0
20200705:2110,0.0,0.0,0.0,25.57,1.1,0.0
20200705:2210,0.0,0.0,0.0,24.32,1.17,0.0
20200705:2310,0.0,0.0,0.0,23.96,0.97,0.0
20200706:0010,0.0,0.0,0.0,23.7,0.62,0.0
20200706:0110,0.0,0.0,0.0,23.11,0.41,0.0
20200706:0210,0.0,0.0,0.0,22.59,0.69,0.0
20200706:0310,0.0,0.0,0.0,22.19,0.69,0.0
20200706:0410,112.5,11.81,2.56,21.99,0.55,0.0
20200706:0510,4598.5,148.0,12.16,21.8,0.62,0.0
20200706:0610,11875.5,322.0,22.38,23.09,0.62,0.0
20200706:0710,19032.5,501.0,32.93,25.33,0.62,0.0
20200706:0810,25063.0,668.0,43.47,27.04,0.62,0.0
20200706:0910,29102.5,803.0,53.52,28.39,0.07,0.0
20200706:1010,31857.5,893.01,62.13,29.58,0.28,0.0
20200706:1110,33250.5,939.01,67.25,30.52,0.48,0.0
20200706:1210,33231.0,932.01,66.38,31.03,0.83,0.0
20200706:1310,31520.5,873.01,60.04,31.74,1.17,0.0
20200706:1410,28166.0,767.0,50.9,31.98,1.45,0.0
20200706:1510,23254.0,623.0,40.66,32.08,1.93,0.0
20200706:1610,16509.0,444.0,30.08,31.68,2.28,0.0
20200706:1710,9459.5,272.0,19.58,30.73,1.86,0.0
20200706:1810,2846.0,104.0,9.5,29.4,1.52,0.0
20200706:1910,0.0,0.0,0.0,27.32,1.03,0.0
20200706:2010,0.0,0.0,0.0,25.91,1.17,0.0
20200706:2110,0.0,0.0,0.0,24.13,1.52,0.0
20200706:2210,0.0,0.0,0.0,23.29,2.14,0.0
20200706:2310,0.0,0.0,0.0,23.58,3.59,0.0
20200707:0010,0.0,0.0,0.0,22.85,3.59,0.0
20200707:0110,0.0,0.0,0.0,21.95,3.03,0.0
20200707:0210,0.0,0.0,0.0,21.05,2.41,0.0
20200707:0310,0.0,0.0,0.0,19.89,2.0,0.0
20200707:0410,92.0,11.65,2.46,19.08,2.14,0.0
20200707:0510,4736.5,151.0,12.06,19.31,2.55,0.0
20200707:0610,12052.5,318.0,22.28,20.15,3.1,0.0
20200707:0710,19161.5,484.0,32.83,22.31,4.0,0.0
20200707:0810,26113.0,654.0,43.37,22.86,4.69,0.0
20200707:0910,28308.0,715.0,53.42,23.5,4.69,0.0
20200707:1010,34316.5,875.01,62.02,23.91,4.69,0.0
20200707:1110,35218.5,905.01,67.15,24.36,4.48,0.0
20200707:1210,35063.5,908.01,66.29,24.8,3.86,0.0
20200707:1310,33307.5,865.01,59.98,25.12,3.24,0.0
20200707:1410,29412.0,764.0,50.86,25.4,2.48,0.0
20200707:1510,23689.5,614.0,40.62,25.48,1.93,0.0
20200707:1610,17143.5,450.0,30.04,25.5,1.45,0.0
20200707:1710,9627.0,270.0,19.54,25.11,1.17,0.0
20200707:1810,2917.0,104.0,9.45,24.28,1.24,0.0
20200707:1910,0.0,0.0,0.0,23.34,1.66,0.0
20200707:2010,0.0,0.0,0.0,21.5,1.72,0.0
20200707:2110,0.0,0.0,0.0,20.34,1.66,0.0
20200707:2210,0.0,0.0,0.0,19.5,1.66,0.0
20200707:2310,0.0,0.0,0.0,19.04,1.52,0.0
20200708:0010,0.0,0.0,0.0,18.61,1.59,0.0
20200708:0110,0.0,0.0,0.0,18.38,1.59,0.0
20200708:0210,0.0,0.0,0.0,17.94,1.72,0.0
20200708:0310,0.0,0.0,0.0,17.55,1.72,0.0
20200708:0410,0.0,0.0,0.0,17.23,1.59,0.0
20200708:0510,2375.0,75.0,11.95,17.59,1.38,0.0
20200708:0610,8986.0,239.0,22.18,19.94,1.38,0.0
20200708:0710,15129.5,387.0,32.73,21.07,1.72,0.0
20200708:0810,25555.0,655.0,43.27,21.94,1.52,0.0
20200708:0910,30221.5,793.0,53.32,23.37,1.24,0.0
20200708:1010,32994.0,883.01,61.91,24.37,1.1,0.0
20200708:1110,34574.0,938.01,67.03,25.58,1.1,0.0
20200708:1210,34238.5,931.01,66.2,26.51,1.17,0.0
20200708:1310,32341.5,873.01,59.91,27.23,1.31,0.0
20200708:1410,28731.0,767.0,50.81,27.86,1.38,0.0
20200708:1510,23379.5,619.0,40.57,28.12,1.24,0.0
20200708:1610,16986.5,454.0,30.0,28.19,0.97,0.0
20200708:1710,9576.5,273.0,19.5,27.93,1.03,0.0
20200708:1810,2849.0,104.0,9.4,26.95,1.17,0.0
20200708:1910,0.0,0.0,0.0,25.13,1.31,0.0
20200708:2010,0.0,0.0,0.0,23.14,1.66,0.0
20200708:2110,0.0,0.0,0.0,21.94,1.59,0.0
20200708:2210,0.0,0.0,0.0,21.09,1.52,0.0
20200708:2310,0.0,0.0,0.0,20.84,1.31,0.0
20200709:0010,0.0,0.0,0.0,20.6,1.24,0.0
20200709:0110,0.0,0.0,0.0,20.14,1.17,0.0
20200709:0210,0.0,0.0,0.0,19.55,1.24,0.0
20200709:0310,0.0,0.0,0.0,19.5,1.1,0.0
20200709:0410,0.0,0.0,0.0,19.29,1.1,0.0
20200709:0510,4335.5,138.0,11.85,19.27,1.03,0.0
20200709:0610,11535.0,311.0,22.08,21.46,0.55,0.0
20200709:0710,18488.0,484.0,32.63,23.17,0.21,0.0
20200709:0810,24280.5,641.0,43.17,24.76,0.41,0.0
20200709:0910,29058.5,785.0,53.21,26.19,0.41,0.0
20200709:1010,31912.5,879.01,61.79,27.52,0.48,0.0
20200709:1110,33271.5,924.01,66.91,28.65,0.69,0.0
20200709:1210,32974.5,918.01,66.1,29.62,0.76,0.0
20200709:1310,31323.0,865.01,59.84,30.27,0.9,0.0
20200709:1410,27863.0,759.0,50.75,30.86,1.03,0.0
20200709:1510,22892.5,617.0,40.53,31.12,1.03,0.0
20200709:1610,16498.0,446.0,29.95,31.0,1.24,0.0
20200709:1710,9313.5,268.0,19.45,30.4,1.66,0.0
20200709:1810,2724.5,100.0,9.34,29.05,1.79,0.0
20200709:1910,0.0,0.0,0.0,27.04,1.93,0.0
20200709:2010,0.0,0.0,0.0,25.22,1.86,0.0
20200709:2110,0.0,0.0,0.0,23.68,1.59,0.0
20200709:2210,0.0,0.0,0.0,23.23,1.17,0.0
20200709:2310,0.0,0.0,0.0,23.17,0.97,0.0
20200710:0010,0.0,0.0,0.0,22.36,1.03,0.0
20200710:0110,0.0,0.0,0.0,21.69,1.03,0.0
20200710:0210,0.0,0.0,0.0,22.23,0.76,0.0
20200710:0310,0.0,0.0,0.0,21.98,0.48,0.0
20200710:0410,0.0,0.0,0.0,21.73,0.55,0.0
20200710:0510,3850.0,123.0,11.74,21.75,0.48,0.0
20200710:0610,10444.5,284.0,21.98,22.95,0.34,0.0
20200710:0710,17389.0,458.0,32.53,25.06,0.41,0.0
20200710:0810,23457.5,624.0,43.06,26.62,0.41,0.0
20200710:0910,28095.5,762.0,53.1,28.08,0.55,0.0
20200710:1010,31249.5,858.01,61.67,29.27,0.9,0.0
20200710:1110,32899.0,908.01,66.79,30.25,1.24,0.0
20200710:1210,32614.0,902.01,65.99,30.82,1.24,0.0
20200710:1310,30556.5,840.01,59.76,31.29,1.24,0.0
20200710:1410,22869.5,615.0,50.69,31.3,1.59,0.0
20200710:1510,20033.5,531.0,40.47,30.13,1.93,0.0
20200710:1610,3510.5,107.0,29.9,29.65,2.0,0.0
20200710:1710,7773.0,221.0,19.39,28.94,2.0,0.0
20200710:1810,2500.5,90.0,9.28,28.03,2.28,0.0
20200710:1910,0.0,0.0,0.0,26.34,3.17,0.0
20200710:2010,0.0,0.0,0.0,25.08,2.0,0.0
20200710:2110,0.0,0.0,0.0,23.99,1.17,0.0
20200710:2210,0.0,0.0,0.0,23.26,2.07,0.0
20200710:2310,0.0,0.0,0.0,22.71,1.79,0.0
20200711:0010,0.0,0.0,0.0,22.16,1.17,0.0
20200711:0110,0.0,0.0,0.0,21.67,1.45,0.0
20200711:0210,0.0,0.0,0.0,21.05,1.38,0.0
20200711:0310,0.0,0.0,0.0,20.48,1.03,0.0
20200711:0410,0.0,0.0,0.0,20.52,0.83,0.0
20200711:0510,3780.0,120.0,11.63,20.05,1.17,0.0
20200711:0610,10607.5,287.0,21.87,21.68,0.34,0.0
20200711:0710,17969.0,462.0,32.42,22.9,1.79,0.0
20200711:0810,24259.5,628.0,42.95,23.98,1.38,0.0
20200711:0910,27984.0,750.0,52.98,24.86,0.28,0.0
20200711:1010,23633.0,631.0,61.54,26.18,0.62,0.0
20200711:1110,26533.5,717.0,66.65,26.98,0.62,0.0
20200711:1210,29053.5,794.0,65.88,27.39,0.48,0.0
20200711:1310,26617.0,721.0,59.67,27.96,0.62,0.0
20200711:1410,26019.5,699.0,50.62,28.36,0.83,0.0
20200711:1510,22080.5,589.0,40.41,28.66,0.76,0.0
20200711:1610,15051.5,404.0,29.84,28.38,0.62,0.0
20200711:1710,9357.5,269.0,19.33,27.92,0.41,0.0
20200711:1810,2473.5,89.0,9.21,26.48,0.9,0.0
20200711:1910,0.0,0.0,0.0,25.64,1.38,0.0
20200711:2010,0.0,0.0,0.0,24.55,2.0,0.0
20200711:2110,0.0,0.0,0.0,23.53,1.72,0.0
20200711:2210,0.0,0.0,0.0,22.43,1.1,0.0
20200711:2310,0.0,0.0,0.0,23.27,0.55,0.0
20200712:0010,0.0,0.0,0.0,21.65,1.38,0.0
20200712:0110,0.0,0.0,0.0,21.89,2.55,0.0
20200712:0210,0.0,0.0,0.0,21.46,3.24,0.0
20200712:0310,0.0,0.0,0.0,20.85,3.52,0.0
20200712:0410,0.0,0.0,0.0,20.28,3.38,0.0
20200712:0510,4113.0,132.0,11.51,20.0,3.38,0.0
20200712:0610,11339.0,300.0,21.75,19.89,3.17,0.0
20200712:0710,18579.5,470.0,32.31,20.92,2.76,0.0
20200712:0810,23863.5,604.0,42.84,22.0,2.69,0.0
20200712:0910,23615.5,603.0,52.86,22.8,2.69,0.0
20200712:1010,32022.0,832.0,61.41,23.87,2.62,0.0
20200712:1110,35214.5,930.01,66.52,24.94,2.41,0.0
20200712:1210,34612.5,919.01,65.76,25.6,2.21,0.0
20200712:1310,32476.5,861.01,59.58,26.32,2.07,0.0
20200712:1410,28470.5,752.0,50.55,27.3,1.86,0.0
20200712:1510,23551.5,617.0,40.35,27.32,1.79,0.0
20200712:1610,16952.5,448.0,29.77,27.4,1.86,0.0
20200712:1710,9585.0,272.0,19.26,26.92,1.72,0.0
20200712:1810,2849.0,106.0,9.14,25.76,1.45,0.0
20200712:1910,0.0,0.0,0.0,24.56,1.72,0.0
20200712:2010,0.0,0.0,0.0,23.2,1.86,0.0
20200712:2110,0.0,0.0,0.0,22.04,1.66,0.0
20200712:2210,0.0,0.0,0.0,21.28,1.66,0.0
20200712:2310,0.0,0.0,0.0,20.82,1.79,0.0
20200713:0010,0.0,0.0,0.0,20.42,2.0,0.0
20200713:0110,0.0,0.0,0.0,20.3,2.41,0.0
20200713:0210,0.0,0.0,0.0,20.26,2.55,0.0
20200713:0310,0.0,0.0,0.0,20.26,2.62,0.0
20200713:0410,0.0,0.0,0.0,20.07,2.62,0.0
20200713:0510,2684.5,85.0,11.39,20.14,2.55,0.0
20200713:0610,3113.0,93.0,21.64,20.34,2.48,0.0
20200713:0710,5196.5,144.0,32.2,20.97,3.03,0.0
20200713:0810,22646.5,571.0,42.73,21.76,3.03,0.0
20200713:0910,30179.5,770.0,52.74,22.32,2.83,0.0
20200713:1010,33053.5,858.01,61.27,23.16,2.48,0.0
20200713:1110,25573.5,663.0,66.37,23.91,2.34,0.0
20200713:1210,32330.0,849.01,65.63,24.74,2.34,0.0
20200713:1310,29980.0,786.0,59.48,25.88,2.41,0.0
20200713:1410,25272.0,662.0,50.47,26.53,1.93,0.0
20200713:1510,18189.0,475.0,40.28,26.68,1.86,0.0
20200713:1610,14511.0,382.0,29.7,26.46,2.0,0.0
20200713:1710,9004.0,253.0,19.19,25.97,2.34,0.0
20200713:1810,2687.0,99.0,9.06,24.94,2.34,0.0
20200713:1910,0.0,0.0,0.0,23.46,1.59,0.0
20200713:2010,0.0,0.0,0.0,22.42,1.72,0.0
20200713:2110,0.0,0.0,0.0,21.25,1.52,0.0
20200713:2210,0.0,0.0,0.0,20.31,1.38,0.0
20200713:2310,0.0,0.0,0.0,19.6,1.66,0.0
20200714:0010,0.0,0.0,0.0,19.17,1.72,0.0
20200714:0110,0.0,0.0,0.0,18.9,1.66,0.0
20200714:0210,0.0,0.0,0.0,18.67,1.66,0.0
20200714:0310,0.0,0.0,0.0,18.35,1.59,0.0
20200714:0410,0.0,0.0,0.0,18.13,1.52,0.0
20200714:0510,2932.5,92.0,11.27,18.55,1.52,0.0
20200714:0610,5435.5,150.0,21.52,19.91,1.72,0.0
20200714:0710,10746.0,278.0,32.08,20.21,1.72,0.0
20200714:0810,22334.0,566.0,42.61,20.44,1.72,0.0
20200714:0910,28153.0,726.0,52.61,21.55,1.52,0.0
20200714:1010,32627.0,861.01,61.13,22.29,1.17,0.0
20200714:1110,32257.5,862.01,66.22,23.2,0.9,0.0
20200714:1210,31149.0,837.01,65.5,23.97,0.69,0.0
20200714:1310,23235.5,614.0,59.38,24.56,0.69,0.0
20200714:1410,24366.0,640.0,50.38,24.71,0.97,0.0
20200714:1510,14462.0,378.0,40.2,24.97,1.38,0.0
20200714:1610,17576.5,460.0,29.63,24.88,1.59,0.0
20200714:1710,7954.0,222.0,19.11,24.6,1.59,0.0
20200714:1810,2137.0,75.0,8.98,23.76,1.45,0.0
20200714:1910,0.0,0.0,0.0,22.45,1.52,0.0
20200714:2010,0.0,0.0,0.0,21.08,1.66,0.0
20200714:2110,0.0,0.0,0.0,19.82,1.72,0.0
20200714:2210,0.0,0.0,0.0,18.79,1.66,0.0
20200714:2310,0.0,0.0,0.0,18.37,1.38,0.0
20200715:0010,0.0,0.0,0.0,17.96,1.24,0.0
20200715:0110,0.0,0.0,0.0,17.48,1.17,0.0
20200715:0210,0.0,0.0,0.0,16.83,1.31,0.0
20200715:0310,0.0,0.0,0.0,16.46,1.45,0.0
20200715:0410,0.0,0.0,0.0,16.45,1.31,0.0
20200715:0510,601.0,27.0,11.14,17.67,0.83,0.0
20200715:0610,5353.0,148.0,21.4,19.2,0.62,0.0
20200715:0710,12323.5,320.0,31.96,20.66,0.34,0.0
20200715:0810,18343.5,476.0,42.49,21.67,0.14,0.0
20200715:0910,27819.0,734.0,52.48,22.75,0.48,0.0
20200715:1010,28222.0,749.0,60.99,24.02,0.83,0.0
20200715:1110,32247.5,862.01,66.07,24.94,1.31,0.0
20200715:1210,26780.5,712.0,65.35,25.84,1.24,0.0
20200715:1310,24750.0,657.0,59.27,26.47,1.17,0.0
20200715:1410,24860.5,664.0,50.29,27.07,0.69,0.0
20200715:1510,20853.0,551.0,40.12,26.87,0.76,0.0
20200715:1610,12812.0,340.0,29.55,25.7,0.76,0.0
20200715:1710,4770.0,138.0,19.03,25.36,0.41,0.0
20200715:1810,1709.0,61.0,8.89,24.25,0.34,0.0
20200715:1910,0.0,0.0,0.0,23.61,0.34,0.0
20200715:2010,0.0,0.0,0.0,23.17,0.48,0.0
20200715:2110,0.0,0.0,0.0,22.47,0.76,0.0
20200715:2210,0.0,0.0,0.0,20.42,1.17,0.0
20200715:2310,0.0,0.0,0.0,19.38,1.17,0.0
20200716:0010,0.0,0.0,0.0,20.46,0.62,0.0
20200716:0110,0.0,0.0,0.0,19.44,0.9,0.0
20200716:0210,0.0,0.0,0.0,17.83,1.31,0.0
20200716:0310,0.0,0.0,0.0,17.37,1.38,0.0
20200716:0410,0.0,0.0,0.0,17.32,1.17,0.0
20200716:0510,3552.0,114.0,11.02,18.15,0.83,0.0
20200716:0610,10406.0,280.0,21.28,20.02,0.69,0.0
20200716:0710,17913.5,462.0,31.84,21.38,0.76,0.0
20200716:0810,24417.0,632.0,42.36,22.59,0.9,0.0
20200716:0910,28910.5,762.0,52.35,23.75,0.9,0.0
20200716:1010,31360.0,846.01,60.84,25.2,0.69,0.0
20200716:1110,32919.0,907.01,65.91,26.36,0.41,0.0
20200716:1210,32248.0,886.01,65.21,27.27,0.62,0.0
20200716:1310,31155.5,844.01,59.15,27.34,0.97,0.0
20200716:1410,27561.0,736.0,50.2,27.62,1.1,0.0
20200716:1510,22588.5,599.0,40.03,28.12,1.03,0.0
20200716:1610,16185.0,433.0,29.46,27.77,0.76,0.0
20200716:1710,8896.0,255.0,18.94,27.57,0.97,0.0
20200716:1810,2400.0,89.0,8.79,26.65,1.52,0.0
20200716:1910,0.0,0.0,0.0,25.1,2.21,0.0
20200716:2010,0.0,0.0,0.0,23.93,1.93,0.0
20200716:2110,0.0,0.0,0.0,22.85,1.93,0.0
20200716:2210,0.0,0.0,0.0,21.89,1.93,0.0
20200716:2310,0.0,0.0,0.0,20.95,1.72,0.0
20200717:0010,0.0,0.0,0.0,20.07,1.59,0.0
20200717:0110,0.0,0.0,0.0,19.46,1.38,0.0
20200717:0210,0.0,0.0,0.0,19.49,1.03,0.0
20200717:0310,0.0,0.0,0.0,20.29,0.69,0.0
20200717:0410,0.0,0.0,0.0,20.11,0.48,0.0
20200717:0510,3942.5,134.0,10.89,20.04,0.14,0.0
20200717:0610,11023.5,300.0,21.15,20.84,0.28,0.0
20200717:0710,16152.5,423.0,31.72,23.21,0.21,0.0
20200717:0810,24220.0,633.0,42.23,24.94,1.03,0.0
20200717:0910,29262.5,768.0,52.21,26.05,1.93,0.0
20200717:1010,32278.5,854.01,60.69,26.63,2.28,0.0
20200717:1110,30522.5,813.0,65.74,27.14,2.0,0.0
20200717:1210,29605.0,793.0,65.05,27.78,1.72,0.0
20200717:1310,31185.0,837.01,59.02,28.27,1.72,0.0
20200717:1410,26862.5,714.0,50.09,28.35,1.59,0.0
20200717:1510,22462.5,594.0,39.94,28.46,1.38,0.0
20200717:1610,16177.5,433.0,29.37,28.35,1.03,0.0
20200717:1710,8862.5,255.0,18.85,27.93,0.9,0.0
20200717:1810,2490.0,94.0,8.69,26.77,1.17,0.0
20200717:1910,0.0,0.0,0.0,24.93,1.1,0.0
20200717:2010,0.0,0.0,0.0,23.69,1.1,0.0
20200717:2110,0.0,0.0,0.0,22.62,1.66,0.0
20200717:2210,0.0,0.0,0.0,22.21,2.07,0.0
20200717:2310,0.0,0.0,0.0,21.82,2.28,0.0
20200718:0010,0.0,0.0,0.0,21.19,2.21,0.0
20200718:0110,0.0,0.0,0.0,20.54,2.28,0.0
20200718:0210,0.0,0.0,0.0,20.19,2.34,0.0
20200718:0310,0.0,0.0,0.0,19.83,2.21,0.0
20200718:0410,0.0,0.0,0.0,19.59,2.07,0.0
20200718:0510,1311.5,47.0,10.75,19.59,1.86,0.0
20200718:0610,3363.0,99.0,21.02,19.89,2.28,0.0
20200718:0710,5785.5,157.0,31.59,19.11,2.83,0.0
20200718:0810,14563.5,368.0,42.1,19.8,3.1,0.0
20200718:0910,13897.0,355.0,52.07,20.81,2.62,0.0
20200718:1010,32647.5,854.01,60.53,22.38,1.66,0.0
20200718:1110,25880.5,685.0,65.57,23.28,0.62,0.0
20200718:1210,26864.5,719.0,64.89,24.52,0.48,0.0
20200718:1310,25098.0,674.0,58.89,25.36,0.21,0.0
20200718:1410,22546.0,603.0,49.98,26.12,0.14,0.0
20200718:1510,21656.0,575.0,39.84,26.67,0.41,0.0
20200718:1610,16108.5,429.0,29.28,26.62,0.69,0.0
20200718:1710,9019.0,258.0,18.75,26.72,1.03,0.0
20200718:1810,2457.0,93.0,8.58,25.83,1.45,0.0
20200718:1910,0.0,0.0,0.0,24.17,1.31,0.0
20200718:2010,0.0,0.0,0.0,23.38,1.1,0.0
20200718:2110,0.0,0.0,0.0,23.21,0.9,0.0
20200718:2210,0.0,0.0,0.0,22.92,0.76,0.0
20200718:2310,0.0,0.0,0.0,22.4,0.62,0.0
20200719:0010,0.0,0.0,0.0,21.06,0.97,0.0
20200719:0110,0.0,0.0,0.0,19.5,1.31,0.0
20200719:0210,0.0,0.0,0.0,19.23,1.17,0.0
20200719:0310,0.0,0.0,0.0,19.05,1.03,0.0
20200719:0410,0.0,0.0,0.0,18.82,1.03,0.0
20200719:0510,3629.0,120.0,10.61,18.81,0.97,0.0
20200719:0610,11029.5,299.0,20.89,20.66,0.9,0.0
20200719:0710,18500.5,480.0,31.46,22.63,0.9,0.0
20200719:0810,24809.0,646.0,41.97,23.54,0.9,0.0
20200719:0910,29611.5,784.0,51.93,24.7,1.03,0.0
20200719:1010,31428.0,848.01,60.37,25.88,0.9,0.0
20200719:1110,31793.0,875.01,65.39,26.98,0.48,0.0
20200719:1210,33273.0,919.01,64.73,27.79,0.69,0.0
20200719:1310,31929.5,865.01,58.76,28.63,1.45,0.0
20200719:1410,28569.5,759.0,49.87,29.16,2.14,0.0
20200719:1510,21876.0,574.0,39.73,29.02,2.48,0.0
20200719:1610,16058.5,426.0,29.17,28.75,2.55,0.0
20200719:1710,9139.0,262.0,18.64,28.08,2.55,0.0
20200719:1810,2447.5,94.0,8.47,27.04,2.41,0.0
20200719:1910,0.0,0.0,0.0,25.49,2.0,0.0
20200719:2010,0.0,0.0,0.0,24.19,2.07,0.0
20200719:2110,0.0,0.0,0.0,23.2,2.07,0.0
20200719:2210,0.0,0.0,0.0,22.27,2.0,0.0
20200719:2310,0.0,0.0,0.0,21.4,1.79,0.0
20200720:0010,0.0,0.0,0.0,20.52,1.45,0.0
20200720:0110,0.0,0.0,0.0,20.19,1.17,0.0
20200720:0210,0.0,0.0,0.0,19.55,1.31,0.0
20200720:0310,0.0,0.0,0.0,19.04,1.38,0.0
20200720:0410,0.0,0.0,0.0,18.79,1.31,0.0
20200720:0510,3020.0,98.0,10.48,19.35,1.03,0.0
20200720:0610,10426.0,284.0,20.76,21.61,0.76,0.0
20200720:0710,18010.0,468.0,31.33,22.8,0.83,0.0
20200720:0810,24207.0,635.0,41.84,24.3,0.62,0.0
20200720:0910,28712.5,771.0,51.78,25.65,0.48,0.0
20200720:1010,31517.5,862.01,60.2,27.21,0.62,0.0
20200720:1110,31716.5,870.01,65.21,28.54,0.97,0.0
20200720:1210,31939.0,874.01,64.56,29.62,1.38,0.0
20200720:1310,29318.5,791.0,58.61,30.31,1.93,0.0
20200720:1410,26559.5,706.0,49.75,30.61,2.55,0.0
20200720:1510,21400.5,564.0,39.62,30.48,2.83,0.0
20200720:1610,16187.5,432.0,29.07,29.99,2.62,0.0
20200720:1710,8818.5,254.0,18.53,29.12,2.83,0.0
20200720:1810,2282.0,88.0,8.35,27.95,2.76,0.0
20200720:1910,0.0,0.0,0.0,25.77,2.69,0.0
20200720:2010,0.0,0.0,0.0,24.49,2.41,0.0
20200720:2110,0.0,0.0,0.0,23.46,2.14,0.0
20200720:2210,0.0,0.0,0.0,22.71,1.86,0.0
20200720:2310,0.0,0.0,0.0,21.99,1.79,0.0
20200721:0010,0.0,0.0,0.0,21.41,1.66,0.0
20200721:0110,0.0,0.0,0.0,20.78,1.52,0.0
20200721:0210,0.0,0.0,0.0,20.1,1.38,0.0
20200721:0310,0.0,0.0,0.0,19.83,1.17,0.0
20200721:0410,0.0,0.0,0.0,19.86,1.03,0.0
20200721:0510,2806.5,92.0,10.33,20.11,0.9,0.0
20200721:0610,6682.0,184.0,20.62,22.18,0.9,0.0
20200721:0710,17089.5,447.0,31.19,24.02,0.76,0.0
20200721:0810,23137.0,612.0,41.7,25.65,0.41,0.0
20200721:0910,27710.5,748.0,51.63,27.23,0.48,0.0
20200721:1010,30984.0,852.01,60.03,28.34,0.55,0.0
20200721:1110,31831.0,894.01,65.02,29.4,0.21,0.0
20200721:1210,31282.0,878.01,64.38,30.38,0.34,0.0
20200721:1310,29067.0,800.01,58.46,31.21,0.97,0.0
20200721:1410,26135.5,712.0,49.62,31.44,0.97,0.0
20200721:1510,13284.0,360.0,39.51,31.84,1.31,0.0
20200721:1610,7898.0,220.0,28.95,31.53,2.0,0.0
20200721:1710,8763.5,256.0,18.42,30.27,2.0,0.0
20200721:1810,2289.0,92.0,8.23,28.52,1.38,0.0
20200721:1910,0.0,0.0,0.0,26.94,2.07,0.0
20200721:2010,0.0,0.0,0.0,25.19,1.52,0.0
20200721:2110,0.0,0.0,0.0,24.11,1.24,0.0
20200721:2210,0.0,0.0,0.0,24.26,0.9,0.0
20200721:2310,0.0,0.0,0.0,23.0,1.1,0.0
20200722:0010,0.0,0.0,0.0,22.07,1.38,0.0
20200722:0110,0.0,0.0,0.0,21.82,1.52,0.0
20200722:0210,0.0,0.0,0.0,21.43,1.45,0.0
20200722:0310,0.0,0.0,0.0,21.09,1.45,0.0
20200722:0410,0.0,0.0,0.0,20.73,1.38,0.0
20200722:0510,3097.5,104.0,10.19,21.05,1.24,0.0
20200722:0610,10003.5,276.0,20.48,23.52,0.97,0.0
20200722:0710,16692.5,436.0,31.06,24.24,1.03,0.0
20200722:0810,23194.5,614.0,41.56,25.84,0.41,0.0
20200722:0910,27290.5,736.0,51.48,27.53,0.55,0.0
20200722:1010,30918.5,852.01,59.86,28.81,0.55,0.0
20200722:1110,31893.5,884.01,64.82,29.7,0.76,0.0
20200722:1210,29898.5,827.01,64.19,30.66,0.83,0.0
20200722:1310,27213.0,747.0,58.31,31.03,0.83,0.0
20200722:1410,24169.5,662.0,49.49,31.25,0.41,0.0
20200722:1510,7525.0,211.0,39.38,31.1,0.76,0.0
20200722:1610,5392.5,156.0,28.83,30.79,1.03,0.0
20200722:1710,404.5,22.0,18.29,30.16,0.76,0.0
20200722:1810,128.5,12.0,8.1,29.14,1.1,0.0
20200722:1910,0.0,0.0,0.0,26.85,0.48,0.0
20200722:2010,0.0,0.0,0.0,25.13,1.1,0.0
20200722:2110,0.0,0.0,0.0,24.24,1.38,0.0
20200722:2210,0.0,0.0,0.0,23.61,1.1,0.0
20200722:2310,0.0,0.0,0.0,24.46,0.76,0.0
20200723:0010,0.0,0.0,0.0,24.29,0.28,0.0
20200723:0110,0.0,0.0,0.0,23.9,0.34,0.0
20200723:0210,0.0,0.0,0.0,23.19,0.69,0.0
20200723:0310,0.0,0.0,0.0,21.51,1.03,0.0
20200723:0410,0.0,0.0,0.0,21.56,0.83,0.0
20200723:0510,2622.5,87.0,10.04,20.84,0.97,0.0
20200723:0610,5023.5,142.0,20.34,22.63,1.17,0.0
20200723:0710,12538.0,328.0,30.92,22.98,0.83,0.0
20200723:0810,22294.5,582.0,41.41,24.57,0.9,0.0
20200723:0910,28624.0,767.0,51.32,26.45,0.76,0.0
20200723:1010,31701.0,873.01,59.68,27.83,0.48,0.0
20200723:1110,32451.5,911.01,64.63,29.21,0.28,0.0
20200723:1210,32481.0,911.01,64.0,30.44,0.55,0.0
20200723:1310,30854.0,852.01,58.14,31.22,1.03,0.0
20200723:1410,27168.5,742.0,49.35,31.73,1.03,0.0
20200723:1510,22208.0,598.0,39.26,31.95,1.38,0.0
20200723:1610,15479.5,419.0,28.71,31.36,1.72,0.0
20200723:1710,8383.0,245.0,18.17,30.4,2.0,0.0
20200723:1810,1814.5,69.0,7.96,28.94,1.72,0.0
20200723:1910,0.0,0.0,0.0,27.12,1.45,0.0
20200723:2010,0.0,0.0,0.0,26.61,1.03,0.0
20200723:2110,0.0,0.0,0.0,25.84,0.97,0.0
20200723:2210,0.0,0.0,0.0,24.44,1.17,0.0
20200723:2310,0.0,0.0,0.0,23.65,1.24,0.0
20200724:0010,0.0,0.0,0.0,22.27,1.52,0.0
20200724:0110,0.0,0.0,0.0,21.6,1.38,0.0
20200724:0210,0.0,0.0,0.0,22.34,0.76,0.0
20200724:0310,0.0,0.0,0.0,22.06,0.9,0.0
20200724:0410,0.0,0.0,0.0,19.74,2.0,0.0
20200724:0510,2132.5,71.0,9.89,19.61,1.79,0.0
20200724:0610,1121.0,42.0,20.2,20.32,1.66,0.0
20200724:0710,7616.5,202.0,30.78,19.78,1.59,0.0
20200724:0810,4207.0,120.0,41.27,20.59,2.0,0.0
20200724:0910,5544.0,153.0,51.17,21.46,2.07,0.0
20200724:1010,4567.5,130.0,59.5,22.7,1.79,0.0
20200724:1110,2614.0,82.0,64.42,24.3,1.72,0.0
20200724:1210,9258.5,248.0,63.8,25.16,1.45,0.0
20200724:1310,23564.0,616.0,57.98,25.94,2.07,0.0
20200724:1410,27527.5,726.0,49.2,26.78,1.59,0.0
20200724:1510,22369.5,591.0,39.12,27.23,0.97,0.0
20200724:1610,15935.0,427.0,28.58,27.42,0.69,0.0
20200724:1710,8545.5,248.0,18.03,27.13,1.1,0.0
20200724:1810,2054.0,81.0,7.82,26.25,1.31,0.0
20200724:1910,0.0,0.0,0.0,23.46,1.24,0.0
20200724:2010,0.0,0.0,0.0,21.74,1.17,0.0
20200724:2110,0.0,0.0,0.0,20.91,1.17,0.0
20200724:2210,0.0,0.0,0.0,20.17,1.17,0.0
20200724:2310,0.0,0.0,0.0,20.11,1.03,0.0
20200725:0010,0.0,0.0,0.0,19.74,1.03,0.0
20200725:0110,0.0,0.0,0.0,19.56,1.03,0.0
20200725:0210,0.0,0.0,0.0,19.44,1.03,0.0
20200725:0310,0.0,0.0,0.0,19.86,0.9,0.0
20200725:0410,0.0,0.0,0.0,19.62,0.76,0.0
20200725:0510,3145.0,109.0,9.74,19.56,0.62,0.0
20200725:0610,10568.0,289.0,20.06,19.95,0.55,0.0
20200725:0710,17940.5,471.0,30.63,22.89,0.14,0.0
20200725:0810,23914.5,633.0,41.12,24.74,0.21,0.0
20200725:0910,28620.5,772.0,51.0,26.31,0.41,0.0
20200725:1010,32064.0,879.01,59.31,27.74,0.69,0.0
20200725:1110,33174.5,913.01,64.21,28.77,1.03,0.0
20200725:1210,33119.5,908.01,63.6,29.5,1.38,0.0
20200725:1310,31570.0,854.01,57.8,29.75,1.79,0.0
20200725:1410,27912.5,743.0,49.05,30.13,2.28,0.0
20200725:1510,22693.0,598.0,38.98,30.04,2.55,0.0
20200725:1610,15927.0,425.0,28.44,29.62,2.69,0.0
20200725:1710,8682.5,253.0,17.89,28.94,2.76,0.0
20200725:1810,1551.0,59.0,7.67,27.63,2.62,0.0
20200725:1910,0.0,0.0,0.0,26.0,2.21,0.0
20200725:2010,0.0,0.0,0.0,24.64,1.93,0.0
20200725:2110,0.0,0.0,0.0,23.48,1.86,0.0
20200725:2210,0.0,0.0,0.0,22.37,1.72,0.0
20200725:2310,0.0,0.0,0.0,21.68,1.72,0.0
20200726:0010,0.0,0.0,0.0,20.72,1.45,0.0
20200726:0110,0.0,0.0,0.0,20.84,1.03,0.0
20200726:0210,0.0,0.0,0.0,20.71,0.9,0.0
20200726:0310,0.0,0.0,0.0,21.31,0.28,0.0
20200726:0410,0.0,0.0,0.0,21.04,0.07,0.0
20200726:0510,274.5,17.0,9.59,20.88,0.0,0.0
20200726:0610,3000.0,91.0,19.91,21.65,0.28,0.0
20200726:0710,17596.5,460.0,30.49,23.25,0.62,0.0
20200726:0810,21570.5,565.0,40.97,24.65,0.62,0.0
20200726:0910,21211.0,565.0,50.84,25.95,0.21,0.0
20200726:1010,31237.0,860.01,59.12,27.22,0.28,0.0
20200726:1110,32709.0,898.01,64.0,28.18,0.9,0.0
20200726:1210,32551.5,888.01,63.39,29.03,1.38,0.0
20200726:1310,29494.5,807.01,57.62,30.02,0.97,0.0
20200726:1410,26274.0,710.0,48.89,30.35,1.1,0.0
20200726:1510,18452.0,492.0,38.84,30.29,1.45,0.0
20200726:1610,13195.0,355.0,28.3,29.97,2.07,0.0
20200726:1710,8059.5,235.0,17.75,28.95,2.62,0.0
20200726:1810,1849.5,74.0,7.52,27.74,2.07,0.0
20200726:1910,0.0,0.0,0.0,25.91,2.14,0.0
20200726:2010,0.0,0.0,0.0,24.82,1.86,0.0
20200726:2110,0.0,0.0,0.0,23.8,1.38,0.0
20200726:2210,0.0,0.0,0.0,22.75,1.17,0.0
20200726:2310,0.0,0.0,0.0,22.16,1.1,0.0
20200727:0010,0.0,0.0,0.0,22.12,0.97,0.0
20200727:0110,0.0,0.0,0.0,22.78,0.69,0.0
20200727:0210,0.0,0.0,0.0,23.02,0.48,0.0
20200727:0310,0.0,0.0,0.0,23.05,0.14,0.0
20200727:0410,0.0,0.0,0.0,22.8,0.07,0.0
20200727:0510,2556.0,89.0,9.43,22.55,0.28,0.0
20200727:0610,9307.0,258.0,19.76,22.63,0.62,0.0
20200727:0710,16937.5,443.0,30.34,24.08,0.97,0.0
20200727:0810,23342.5,606.0,40.82,25.09,1.52,0.0
20200727:0910,28057.5,737.0,50.67,25.99,1.66,0.0
20200727:1010,31185.5,832.01,58.93,26.55,1.52,0.0
20200727:1110,32122.0,869.01,63.78,27.51,1.31,0.0
20200727:1210,31140.5,850.01,63.18,28.32,0.97,0.0
20200727:1310,28882.5,786.01,57.43,28.88,0.83,0.0
20200727:1410,26213.5,709.0,48.73,29.77,0.83,0.0
20200727:1510,21114.0,566.0,38.69,30.31,0.97,0.0
20200727:1610,14717.5,402.0,28.15,30.78,0.55,0.0
20200727:1710,7716.0,229.0,17.6,30.74,0.83,0.0
20200727:1810,1703.0,70.0,7.36,29.71,1.31,0.0
20200727:1910,0.0,0.0,0.0,27.71,0.9,0.0
20200727:2010,0.0,0.0,0.0,26.85,0.97,0.0
20200727:2110,0.0,0.0,0.0,25.74,0.97,0.0
20200727:2210,0.0,0.0,0.0,25.05,0.97,0.0
20200727:2310,0.0,0.0,0.0,25.33,0.69,0.0
20200728:0010,0.0,0.0,0.0,24.95,0.55,0.0
20200728:0110,0.0,0.0,0.0,24.26,0.62,0.0
20200728:0210,0.0,0.0,0.0,23.57,0.69,0.0
20200728:0310,0.0,0.0,0.0,22.91,0.83,0.0
20200728:0410,0.0,0.0,0.0,22.37,0.9,0.0
20200728:0510,1445.5,52.0,9.27,21.77,0.9,0.0
20200728:0610,8479.0,235.0,19.61,22.93,0.62,0.0
20200728:0710,15762.0,417.0,30.19,24.75,0.21,0.0
20200728:0810,22270.5,594.0,40.66,26.64,0.14,0.0
20200728:0910,25178.0,680.0,50.5,28.43,0.48,0.0
20200728:1010,23420.0,635.0,58.73,29.79,0.76,0.0
20200728:1110,31595.5,873.01,63.55,31.07,1.17,0.0
20200728:1210,27448.0,755.0,62.95,32.03,1.17,0.0
20200728:1310,28607.0,797.01,57.24,32.76,0.69,0.0
20200728:1410,23778.5,654.0,48.56,33.41,0.76,0.0
20200728:1510,19886.5,537.0,38.53,33.2,1.59,0.0
20200728:1610,13705.5,376.0,28.0,32.86,1.31,0.0
20200728:1710,6593.5,195.0,17.44,31.41,1.17,0.0
20200728:1810,19.0,7.0,7.2,29.98,0.83,0.0
20200728:1910,0.0,0.0,0.0,28.62,2.14,0.0
20200728:2010,0.0,0.0,0.0,27.26,1.66,0.0
20200728:2110,0.0,0.0,0.0,26.31,1.79,0.0
20200728:2210,0.0,0.0,0.0,25.07,1.45,0.0
20200728:2310,0.0,0.0,0.0,24.42,1.59,0.0
20200729:0010,0.0,0.0,0.0,23.66,1.59,0.0
20200729:0110,0.0,0.0,0.0,24.18,0.9,0.0
20200729:0210,0.0,0.0,0.0,24.64,0.55,0.0
20200729:0310,0.0,0.0,0.0,24.36,0.62,0.0
20200729:0410,0.0,0.0,0.0,23.97,0.69,0.0
20200729:0510,2187.0,77.0,9.11,24.01,0.62,0.0
20200729:0610,8717.5,245.0,19.46,24.74,0.48,0.0
20200729:0710,16163.0,427.0,30.04,25.15,0.55,0.0
20200729:0810,22147.0,590.0,40.51,26.97,0.28,0.0
20200729:0910,26533.5,727.0,50.33,28.75,0.0,0.0
20200729:1010,29725.0,826.01,58.53,30.25,0.34,0.0
20200729:1110,28734.5,804.01,63.33,31.46,0.34,0.0
20200729:1210,27343.5,762.0,62.73,32.6,0.62,0.0
20200729:1310,25330.5,699.0,57.04,33.34,0.97,0.0
20200729:1410,23570.5,643.0,48.38,33.76,1.38,0.0
20200729:1510,17834.5,484.0,38.37,33.86,1.45,0.0
20200729:1610,10227.5,283.0,27.84,33.65,2.07,0.0
20200729:1710,3852.5,118.0,17.28,32.34,2.41,0.0
20200729:1810,641.0,30.0,7.03,30.81,2.48,0.0
20200729:1910,0.0,0.0,0.0,29.27,1.86,0.0
20200729:2010,0.0,0.0,0.0,28.05,1.86,0.0
20200729:2110,0.0,0.0,0.0,26.77,1.45,0.0
20200729:2210,0.0,0.0,0.0,26.11,1.03,0.0
20200729:2310,0.0,0.0,0.0,26.28,0.76,0.0
20200730:0010,0.0,0.0,0.0,26.32,0.55,0.0
20200730:0110,0.0,0.0,0.0,26.12,0.48,0.0
20200730:0210,0.0,0.0,0.0,25.9,0.28,0.0
20200730:0310,0.0,0.0,0.0,25.43,0.28,0.0
20200730:0410,0.0,0.0,0.0,24.83,0.69,0.0
20200730:0510,1491.0,54.0,8.95,23.75,0.97,0.0
20200730:0610,6081.5,172.0,19.3,25.27,1.03,0.0
20200730:0710,14092.0,374.0,29.89,26.71,1.03,0.0
20200730:0810,21722.5,571.0,40.35,28.01,1.66,0.0
20200730:0910,26893.0,720.0,50.15,29.43,1.45,0.0
20200730:1010,29031.0,797.01,58.33,30.61,0.9,0.0
20200730:1110,28035.5,791.01,63.09,32.05,0.07,0.0
20200730:1210,26662.0,749.0,62.5,33.0,0.28,0.0
20200730:1310,26023.0,730.0,56.83,33.88,0.34,0.0
20200730:1410,22928.5,640.0,48.2,34.38,0.14,0.0
20200730:1510,19655.5,536.0,38.2,34.73,1.38,0.0
20200730:1610,13665.5,378.0,27.68,33.96,1.1,0.0
20200730:1710,6825.0,207.0,17.12,33.6,0.07,0.0
20200730:1810,1569.5,70.0,6.86,32.91,0.55,0.0
20200730:1910,0.0,0.0,0.0,30.98,1.59,0.0
20200730:2010,0.0,0.0,0.0,29.4,1.52,0.0
20200730:2110,0.0,0.0,0.0,28.84,0.97,0.0
20200730:2210,0.0,0.0,0.0,27.84,1.24,0.0
20200730:2310,0.0,0.0,0.0,26.72,1.38,0.0
20200731:0010,0.0,0.0,0.0,26.51,1.17,0.0
20200731:0110,0.0,0.0,0.0,25.96,1.17,0.0
20200731:0210,0.0,0.0,0.0,24.98,1.31,0.0
20200731:0310,0.0,0.0,0.0,24.33,1.38,0.0
20200731:0410,0.0,0.0,0.0,23.95,1.38,0.0
20200731:0510,2201.5,79.0,8.79,24.19,1.17,0.0
20200731:0610,8830.0,251.0,19.15,26.37,0.76,0.0
20200731:0710,16381.0,438.0,29.73,26.89,0.34,0.0
20200731:0810,22352.5,600.0,40.18,28.74,0.41,0.0
20200731:0910,26985.5,745.01,49.97,30.43,0.14,0.0
20200731:1010,30111.0,851.01,58.12,31.93,0.14,0.0
20200731:1110,31146.5,885.01,62.85,33.38,0.48,0.0
20200731:1210,31224.5,885.01,62.26,34.77,0.9,0.0
20200731:1310,29625.0,831.01,56.62,35.62,1.24,0.0
20200731:1410,25582.5,716.0,48.01,36.36,0.83,0.0
20200731:1510,20535.0,569.0,38.03,36.55,0.9,0.0
20200731:1610,14312.0,398.0,27.51,35.21,1.31,0.0
20200731:1710,7203.5,219.0,16.95,34.49,2.0,0.0
20200731:1810,1339.5,58.0,6.68,33.08,1.86,0.0
20200731:1910,0.0,0.0,0.0,30.76,1.17,0.0
20200731:2010,0.0,0.0,0.0,30.71,0.97,0.0
20200731:2110,0.0,0.0,0.0,28.91,1.1,0.0
20200731:2210,0.0,0.0,0.0,27.62,1.38,0.0
20200731:2310,0.0,0.0,0.0,26.67,1.45,0.0
20200801:0010,0.0,0.0,0.0,26.35,1.31,0.0
20200801:0110,0.0,0.0,0.0,26.36,1.17,0.0
20200801:0210,0.0,0.0,0.0,25.71,1.17,0.0
20200801:0310,0.0,0.0,0.0,25.82,0.97,0.0
20200801:0410,0.0,0.0,0.0,25.31,0.97,0.0
20200801:0510,2125.5,77.0,8.62,24.71,1.03,0.0
20200801:0610,8679.0,246.0,18.99,25.74,0.83,0.0
20200801:0710,16102.5,431.0,29.57,27.36,0.48,0.0
20200801:0810,22278.0,598.0,40.02,29.38,0.62,0.0
20200801:0910,26833.0,742.01,49.79,31.67,0.34,0.0
20200801:1010,29690.5,844.01,57.91,33.52,0.21,0.0
20200801:1110,31056.5,882.01,62.61,34.87,0.83,0.0
20200801:1210,31000.5,881.01,62.01,35.93,1.03,0.0
20200801:1310,29185.5,827.01,56.41,36.65,0.97,0.0
20200801:1410,25358.0,713.0,47.82,37.06,0.76,0.0
20200801:1510,20295.0,566.0,37.85,37.07,0.62,0.0
20200801:1610,14548.0,412.0,27.34,36.75,0.34,0.0
20200801:1710,6499.5,198.0,16.77,34.51,0.62,0.0
20200801:1810,1.0,6.0,6.49,34.34,1.45,0.0
20200801:1910,0.0,0.0,0.0,31.84,1.79,0.0
20200801:2010,0.0,0.0,0.0,30.13,1.93,0.0
20200801:2110,0.0,0.0,0.0,28.98,2.14,0.0
20200801:2210,0.0,0.0,0.0,28.0,2.07,0.0
20200801:2310,0.0,0.0,0.0,27.01,1.86,0.0
20200802:0010,0.0,0.0,0.0,25.77,1.52,0.0
20200802:0110,0.0,0.0,0.0,25.59,1.24,0.0
20200802:0210,0.0,0.0,0.0,25.33,1.1,0.0
20200802:0310,0.0,0.0,0.0,26.41,0.55,0.0
20200802:0410,0.0,0.0,0.0,25.25,0.83,0.0
20200802:0510,2147.5,81.0,8.46,25.81,0.28,0.0
20200802:0610,8801.0,251.0,18.83,25.69,0.69,0.0
20200802:0710,16362.5,437.0,29.42,27.67,0.9,0.0
20200802:0810,22611.0,600.0,39.85,29.37,1.45,0.0
20200802:0910,28038.0,746.01,49.6,30.54,2.41,0.0
20200802:1010,31217.5,839.01,57.69,31.41,2.69,0.0
20200802:1110,30570.5,831.01,62.36,32.08,2.28,0.0
20200802:1210,31584.5,867.01,61.76,32.67,1.93,0.0
20200802:1310,29638.5,814.01,56.18,33.25,1.66,0.0
20200802:1410,22588.0,614.0,47.62,33.42,1.45,0.0
20200802:1510,17033.0,463.0,37.66,33.63,1.24,0.0
20200802:1610,843.5,36.0,27.16,32.93,1.31,0.0
20200802:1710,3240.0,101.0,16.59,30.66,1.72,0.0
20200802:1810,2.0,6.0,6.3,27.78,2.83,0.0
20200802:1910,0.0,0.0,0.0,26.34,0.69,0.0
20200802:2010,0.0,0.0,0.0,25.08,1.31,0.0
20200802:2110,0.0,0.0,0.0,24.67,0.9,0.0
20200802:2210,0.0,0.0,0.0,24.19,0.55,0.0
20200802:2310,0.0,0.0,0.0,22.98,1.03,0.0
20200803:0010,0.0,0.0,0.0,22.61,1.45,0.0
20200803:0110,0.0,0.0,0.0,21.82,1.31,0.0
20200803:0210,0.0,0.0,0.0,21.47,1.03,0.0
20200803:0310,0.0,0.0,0.0,21.47,0.69,0.0
20200803:0410,0.0,0.0,0.0,21.55,1.24,0.0
20200803:0510,162.0,13.0,8.29,21.53,1.1,0.0
20200803:0610,4349.0,125.0,18.67,21.72,1.03,0.0
20200803:0710,4040.5,117.0,29.26,22.22,0.9,0.0
20200803:0810,10676.5,280.0,39.69,22.57,1.24,0.0
20200803:0910,13699.5,356.0,49.42,22.79,1.24,0.0
20200803:1010,11335.5,298.0,57.47,23.49,1.31,0.0
20200803:1110,6265.5,173.0,62.11,24.33,1.38,0.0
20200803:1210,2493.5,79.0,61.51,24.46,1.45,0.0
20200803:1310,6256.5,173.0,55.95,24.26,0.9,0.0
20200803:1410,9887.0,265.0,47.42,24.57,0.07,0.0
20200803:1510,1574.5,55.0,37.47,24.18,0.62,0.0
20200803:1610,888.5,36.0,26.97,23.49,1.45,0.0
20200803:1710,4982.0,144.0,16.4,23.32,1.79,0.0
20200803:1810,0.0,5.0,6.11,22.7,1.24,0.0
20200803:1910,0.0,0.0,0.0,19.63,2.62,0.0
20200803:2010,0.0,0.0,0.0,18.91,2.41,0.0
20200803:2110,0.0,0.0,0.0,18.58,1.52,0.0
20200803:2210,0.0,0.0,0.0,18.33,1.1,0.0
20200803:2310,0.0,0.0,0.0,17.43,1.03,0.0
20200804:0010,0.0,0.0,0.0,17.3,0.28,0.0
20200804:0110,0.0,0.0,0.0,16.78,0.83,0.0
20200804:0210,0.0,0.0,0.0,16.51,0.97,0.0
20200804:0310,0.0,0.0,0.0,16.27,0.9,0.0
20200804:0410,0.0,0.0,0.0,16.07,1.24,0.0
20200804:0510,376.0,20.0,8.12,16.0,1.17,0.0
20200804:0610,9846.0,273.0,18.5,17.78,0.55,0.0
20200804:0710,15831.5,407.0,29.09,20.51,1.31,0.0
20200804:0810,16812.5,432.0,39.52,22.55,1.59,0.0
20200804:0910,11873.0,312.0,49.23,24.15,1.45,0.0
20200804:1010,20251.5,533.0,57.25,25.41,1.03,0.0
20200804:1110,31135.0,846.01,61.86,26.52,0.76,0.0
20200804:1210,33625.0,913.01,61.25,27.21,1.24,0.0
20200804:1310,31787.0,847.01,55.72,27.69,2.0,0.0
20200804:1410,28225.0,741.01,47.21,27.89,2.41,0.0
20200804:1510,22666.5,590.0,37.28,27.84,2.76,0.0
20200804:1610,15534.0,413.0,26.78,27.37,2.62,0.0
20200804:1710,7648.5,228.0,16.21,26.64,2.28,0.0
20200804:1810,1261.5,59.0,5.91,25.18,1.72,0.0
20200804:1910,0.0,0.0,0.0,23.58,1.17,0.0
20200804:2010,0.0,0.0,0.0,22.33,1.1,0.0
20200804:2110,0.0,0.0,0.0,20.79,1.31,0.0
20200804:2210,0.0,0.0,0.0,20.43,1.24,0.0
20200804:2310,0.0,0.0,0.0,21.71,0.69,0.0
20200805:0010,0.0,0.0,0.0,21.36,0.41,0.0
20200805:0110,0.0,0.0,0.0,20.85,0.41,0.0
20200805:0210,0.0,0.0,0.0,20.28,0.62,0.0
20200805:0310,0.0,0.0,0.0,19.75,0.76,0.0
20200805:0410,0.0,0.0,0.0,19.17,0.83,0.0
20200805:0510,2282.5,88.0,7.94,18.59,0.48,0.0
20200805:0610,9479.0,265.0,18.34,19.27,0.21,0.0
20200805:0710,17536.0,457.0,28.93,21.68,0.62,0.0
20200805:0810,24023.0,623.0,39.34,23.29,1.03,0.0
20200805:0910,29044.5,766.01,49.04,24.64,1.1,0.0
20200805:1010,32130.0,867.01,57.02,25.87,0.9,0.0
20200805:1110,33447.0,907.01,61.6,26.94,1.24,0.0
20200805:1210,33328.5,901.01,60.99,27.76,1.59,0.0
20200805:1310,31358.0,841.01,55.48,28.36,1.79,0.0
20200805:1410,27710.0,735.01,46.99,28.75,1.93,0.0
20200805:1510,22251.5,585.0,37.08,28.79,2.21,0.0
20200805:1610,15273.5,409.0,26.59,28.42,2.41,0.0
20200805:1710,7427.0,223.0,16.01,27.58,2.07,0.0
20200805:1810,960.0,49.5,5.7,25.98,1.66,0.0
20200805:1910,0.0,0.0,0.0,23.69,1.38,0.0
20200805:2010,0.0,0.0,0.0,23.2,1.24,0.0
20200805:2110,0.0,0.0,0.0,22.22,1.31,0.0
20200805:2210,0.0,0.0,0.0,21.45,1.31,0.0
20200805:2310,0.0,0.0,0.0,21.27,1.17,0.0
20200806:0010,0.0,0.0,0.0,21.24,1.03,0.0
20200806:0110,0.0,0.0,0.0,19.1,1.45,0.0
20200806:0210,0.0,0.0,0.0,18.23,1.45,0.0
20200806:0310,0.0,0.0,0.0,18.13,1.31,0.0
20200806:0410,0.0,0.0,0.0,18.09,1.1,0.0
20200806:0510,2147.5,83.0,7.77,18.71,0.76,0.0
20200806:0610,9113.0,255.0,18.17,19.67,0.48,0.0
20200806:0710,17085.5,445.0,28.76,22.39,1.03,0.0
20200806:0810,23479.5,612.0,39.17,24.06,0.9,0.0
20200806:0910,28454.5,757.01,48.84,25.64,0.83,0.0
20200806:1010,31438.0,853.01,56.79,27.02,0.83,0.0
20200806:1110,32694.0,897.01,61.33,28.15,0.9,0.0
20200806:1210,32605.0,896.01,60.72,29.11,1.03,0.0
20200806:1310,30514.0,831.01,55.23,29.83,1.24,0.0
20200806:1410,27167.0,730.01,46.77,30.34,1.52,0.0
20200806:1510,21741.0,580.0,36.87,30.49,1.59,0.0
20200806:1610,14828.5,403.0,26.38,30.25,1.72,0.0
20200806:1710,7149.5,218.0,15.81,29.46,1.72,0.0
20200806:1810,901.5,46.33,5.49,28.01,1.86,0.0
20200806:1910,0.0,0.0,0.0,26.11,1.93,0.0
20200806:2010,0.0,0.0,0.0,24.46,2.0,0.0
20200806:2110,0.0,0.0,0.0,22.95,1.86,0.0
20200806:2210,0.0,0.0,0.0,21.84,1.72,0.0
20200806:2310,0.0,0.0,0.0,21.37,1.52,0.0
20200807:0010,0.0,0.0,0.0,21.96,1.17,0.0
20200807:0110,0.0,0.0,0.0,22.56,0.97,0.0
20200807:0210,0.0,0.0,0.0,22.3,0.83,0.0
20200807:0310,0.0,0.0,0.0,22.0,0.83,0.0
20200807:0410,0.0,0.0,0.0,21.58,0.83,0.0
20200807:0510,1976.5,78.0,7.6,21.15,0.83,0.0
20200807:0610,8814.0,250.0,18.01,21.9,0.62,0.0
20200807:0710,16630.5,438.0,28.6,24.3,0.9,0.0
20200807:0810,23087.0,607.0,38.99,26.09,0.97,0.0
20200807:0910,27842.0,749.01,48.64,27.54,0.69,0.0
20200807:1010,30894.0,849.01,56.56,28.82,0.62,0.0
20200807:1110,32160.5,883.01,61.06,30.0,1.24,0.0
20200807:1210,32229.0,882.01,60.44,30.9,1.66,0.0
20200807:1310,30297.5,822.01,54.98,31.51,1.93,0.0
20200807:1410,26722.5,717.01,46.54,31.87,2.14,0.0
20200807:1510,21169.5,565.0,36.66,31.89,2.21,0.0
20200807:1610,14371.5,392.0,26.18,31.52,2.28,0.0
20200807:1710,6806.5,209.0,15.6,30.77,2.14,0.0
20200807:1810,800.0,42.19,5.28,29.4,2.28,0.0
20200807:1910,0.0,0.0,0.0,28.12,2.07,0.0
20200807:2010,0.0,0.0,0.0,26.56,1.93,0.0
20200807:2110,0.0,0.0,0.0,25.05,1.66,0.0
20200807:2210,0.0,0.0,0.0,24.04,1.52,0.0
20200807:2310,0.0,0.0,0.0,23.49,1.45,0.0
20200808:0010,0.0,0.0,0.0,23.17,1.31,0.0
20200808:0110,0.0,0.0,0.0,23.04,1.24,0.0
20200808:0210,0.0,0.0,0.0,23.11,1.1,0.0
20200808:0310,0.0,0.0,0.0,23.74,0.9,0.0
20200808:0410,0.0,0.0,0.0,23.42,0.83,0.0
20200808:0510,1826.5,72.0,7.42,23.02,0.9,0.0
20200808:0610,8273.5,236.0,17.84,23.46,0.69,0.0
20200808:0710,16025.0,425.0,28.43,25.53,0.83,0.0
20200808:0810,22549.0,596.0,38.82,27.06,0.9,0.0
20200808:0910,27334.0,736.01,48.44,28.44,0.83,0.0
20200808:1010,30319.0,839.01,56.32,29.82,0.48,0.0
20200808:1110,31300.0,879.01,60.79,31.01,0.41,0.0
20200808:1210,31569.0,877.01,60.16,31.98,1.1,0.0
20200808:1310,29695.0,813.01,54.72,32.82,1.72,0.0
20200808:1410,26122.5,708.01,46.31,33.11,1.79,0.0
20200808:1510,20511.5,554.0,36.44,33.05,1.59,0.0
20200808:1610,13883.5,383.0,25.97,32.96,1.79,0.0
20200808:1710,6401.5,198.0,15.38,31.95,1.79,0.0
20200808:1810,720.5,37.44,5.05,30.42,1.72,0.0
20200808:1910,0.0,0.0,0.0,28.64,2.0,0.0
20200808:2010,0.0,0.0,0.0,27.02,1.93,0.0
20200808:2110,0.0,0.0,0.0,25.61,1.66,0.0
20200808:2210,0.0,0.0,0.0,25.0,1.52,0.0
20200808:2310,0.0,0.0,0.0,25.35,1.17,0.0
20200809:0010,0.0,0.0,0.0,26.02,0.97,0.0
20200809:0110,0.0,0.0,0.0,25.67,0.9,0.0
20200809:0210,0.0,0.0,0.0,25.34,0.83,0.0
20200809:0310,0.0,0.0,0.0,24.63,0.97,0.0
20200809:0410,0.0,0.0,0.0,23.79,1.03,0.0
20200809:0510,1576.5,62.0,7.24,23.52,0.97,0.0
20200809:0610,7976.5,229.0,17.67,24.39,0.48,0.0
20200809:0710,16022.0,428.0,28.26,26.97,0.9,0.0
20200809:0810,22279.5,595.0,38.64,28.5,0.69,0.0
20200809:0910,27016.0,739.01,48.24,29.95,0.41,0.0
20200809:1010,30007.5,838.01,56.09,31.3,0.41,0.0
20200809:1110,31249.5,877.01,60.51,32.49,0.76,0.0
20200809:1210,31242.0,881.01,59.88,33.4,0.76,0.0
20200809:1310,29095.0,816.01,54.46,33.86,0.69,0.0
20200809:1410,25717.0,710.01,46.07,34.32,0.97,0.0
20200809:1510,20535.5,561.0,36.22,34.63,1.31,0.0
20200809:1610,13731.0,382.0,25.75,34.21,1.66,0.0
20200809:1710,6339.5,199.0,15.17,33.19,1.72,0.0
20200809:1810,667.0,37.75,4.83,31.34,1.52,0.0
20200809:1910,0.0,0.0,0.0,29.46,1.66,0.0
20200809:2010,0.0,0.0,0.0,27.42,1.59,0.0
20200809:2110,0.0,0.0,0.0,27.05,1.31,0.0
20200809:2210,0.0,0.0,0.0,27.27,0.97,0.0
20200809:2310,0.0,0.0,0.0,25.83,0.97,0.0
20200810:0010,0.0,0.0,0.0,24.99,0.9,0.0
20200810:0110,0.0,0.0,0.0,23.57,1.17,0.0
20200810:0210,0.0,0.0,0.0,23.77,1.03,0.0
20200810:0310,0.0,0.0,0.0,24.42,0.83,0.0
20200810:0410,0.0,0.0,0.0,24.14,0.83,0.0
20200810:0510,1410.0,56.0,7.06,23.59,0.9,0.0
20200810:0610,7363.5,211.0,17.5,24.11,0.69,0.0
20200810:0710,14865.0,395.0,28.09,26.69,1.38,0.0
20200810:0810,18087.0,477.0,38.45,27.81,1.31,0.0
20200810:0910,25135.5,671.0,48.03,29.43,1.45,0.0
20200810:1010,29695.0,809.01,55.84,30.63,1.31,0.0
20200810:1110,30789.5,852.01,60.23,31.76,1.1,0.0
20200810:1210,29766.0,836.01,59.59,32.16,0.41,0.0
20200810:1310,23341.5,631.0,54.19,30.79,1.17,0.0
20200810:1410,6184.5,176.0,45.83,30.76,1.38,0.0
20200810:1510,2156.0,72.0,35.99,30.35,1.86,0.0
20200810:1610,794.5,34.0,25.53,29.05,2.41,0.0
20200810:1710,4320.5,131.0,14.94,28.42,1.72,0.0
20200810:1810,635.0,35.96,4.6,27.38,1.17,0.0
20200810:1910,0.0,0.0,0.0,29.32,0.83,0.0
20200810:2010,0.0,0.0,0.0,26.59,2.0,0.0
20200810:2110,0.0,0.0,0.0,25.56,1.86,0.0
20200810:2210,0.0,0.0,0.0,25.8,1.03,0.0
20200810:2310,0.0,0.0,0.0,27.07,0.28,0.0
20200811:0010,0.0,0.0,0.0,26.54,0.76,0.0
20200811:0110,0.0,0.0,0.0,23.96,1.24,0.0
20200811:0210,0.0,0.0,0.0,22.78,1.45,0.0
20200811:0310,0.0,0.0,0.0,22.48,1.31,0.0
20200811:0410,0.0,0.0,0.0,22.4,1.17,0.0
20200811:0510,215.5,15.0,6.88,22.43,1.1,0.0
20200811:0610,1841.0,62.0,17.32,23.93,0.76,0.0
20200811:0710,15375.5,410.0,27.91,26.9,1.17,0.0
20200811:0810,21401.0,568.0,38.27,27.24,0.55,0.0
20200811:0910,25572.0,697.01,47.83,29.03,0.14,0.0
20200811:1010,28731.0,801.01,55.6,30.69,0.14,0.0
20200811:1110,28952.5,807.01,59.95,31.85,0.55,0.0
20200811:1210,29376.0,814.01,59.29,32.52,1.03,0.0
20200811:1310,28480.0,778.01,53.92,32.9,1.66,0.0
20200811:1410,25005.0,672.0,45.58,32.6,2.07,0.0
20200811:1510,19104.0,508.0,35.76,30.04,1.59,0.0
20200811:1610,9426.5,260.0,25.3,30.12,1.1,0.0
20200811:1710,6004.5,188.0,14.71,29.86,1.1,0.0
20200811:1810,501.0,28.58,4.36,28.86,0.97,0.0
20200811:1910,0.0,0.0,0.0,28.75,0.97,0.0
20200811:2010,0.0,0.0,0.0,28.0,0.97,0.0
20200811:2110,0.0,0.0,0.0,26.98,1.03,0.0
20200811:2210,0.0,0.0,0.0,26.98,0.9,0.0
20200811:2310,0.0,0.0,0.0,26.79,0.69,0.0
20200812:0010,0.0,0.0,0.0,26.2,0.69,0.0
20200812:0110,0.0,0.0,0.0,24.39,1.03,0.0
20200812:0210,0.0,0.0,0.0,23.82,1.03,0.0
20200812:0310,0.0,0.0,0.0,24.19,0.83,0.0
20200812:0410,0.0,0.0,0.0,24.21,0.62,0.0
20200812:0510,1130.5,46.0,6.7,23.85,0.62,0.0
20200812:0610,7509.5,218.0,17.15,24.54,0.48,0.0
20200812:0710,14754.0,394.0,27.74,26.12,0.62,0.0
20200812:0810,21102.0,559.0,38.08,27.47,0.76,0.0
20200812:0910,26042.5,698.01,47.61,28.72,0.97,0.0
20200812:1010,29295.0,798.01,55.35,29.93,1.03,0.0
20200812:1110,29972.5,826.01,59.66,30.47,0.83,0.0
20200812:1210,30021.0,824.01,59.0,31.32,1.24,0.0
20200812:1310,25248.0,687.0,53.64,31.69,1.17,0.0
20200812:1410,8442.0,235.0,45.33,31.72,1.03,0.0
20200812:1510,8826.5,241.0,35.52,29.51,2.28,0.0
20200812:1610,4975.0,143.0,25.07,27.25,1.38,0.0
20200812:1710,938.5,38.0,14.48,27.27,0.41,0.0
20200812:1810,60.5,9.0,4.12,27.23,1.66,0.0
20200812:1910,0.0,0.0,0.0,25.74,1.93,0.0
20200812:2010,0.0,0.0,0.0,25.33,1.79,0.0
20200812:2110,0.0,0.0,0.0,24.72,1.31,0.0
20200812:2210,0.0,0.0,0.0,24.44,0.62,0.0
20200812:2310,0.0,0.0,0.0,23.45,1.03,0.0
20200813:0010,0.0,0.0,0.0,22.83,1.24,0.0
20200813:0110,0.0,0.0,0.0,22.79,1.86,0.0
20200813:0210,0.0,0.0,0.0,22.03,1.45,0.0
20200813:0310,0.0,0.0,0.0,21.8,1.52,0.0
20200813:0410,0.0,0.0,0.0,21.19,1.1,0.0
20200813:0510,1343.0,55.0,6.52,21.02,0.9,0.0
20200813:0610,5387.5,153.0,16.97,21.81,2.21,0.0
20200813:0710,14770.0,387.0,27.56,22.42,0.76,0.0
20200813:0810,20104.5,527.0,37.9,24.52,0.41,0.0
20200813:0910,26176.5,696.01,47.4,25.97,0.62,0.0
20200813:1010,29708.0,800.01,55.09,27.37,0.97,0.0
20200813:1110,30145.0,819.01,59.37,28.54,1.03,0.0
20200813:1210,30481.5,831.01,58.69,29.37,1.1,0.0
20200813:1310,14905.0,401.0,53.36,29.94,1.03,0.0
20200813:1410,23213.5,622.0,45.07,29.89,1.1,0.0
20200813:1510,17503.5,468.0,35.27,29.87,1.03,0.0
20200813:1610,3603.0,109.0,24.83,28.51,1.1,0.0
20200813:1710,4986.0,154.0,14.24,28.01,0.07,0.0
20200813:1810,188.5,14.84,3.88,26.25,1.1,0.0
20200813:1910,0.0,0.0,0.0,26.05,0.76,0.0
20200813:2010,0.0,0.0,0.0,24.3,1.45,0.0
20200813:2110,0.0,0.0,0.0,23.2,1.52,0.0
20200813:2210,0.0,0.0,0.0,22.74,1.17,0.0
20200813:2310,0.0,0.0,0.0,22.83,1.72,0.0
20200814:0010,0.0,0.0,0.0,22.8,1.86,0.0
20200814:0110,0.0,0.0,0.0,22.29,1.86,0.0
20200814:0210,0.0,0.0,0.0,21.86,1.72,0.0
20200814:0310,0.0,0.0,0.0,21.3,1.59,0.0
20200814:0410,0.0,0.0,0.0,20.87,1.45,0.0
20200814:0510,1324.0,55.0,6.33,20.48,1.31,0.0
20200814:0610,7848.0,227.0,16.8,22.54,0.97,0.0
20200814:0710,15678.5,415.0,27.39,24.35,0.83,0.0
20200814:0810,22064.5,586.0,37.71,26.2,0.28,0.0
20200814:0910,26983.5,728.01,47.19,27.54,0.41,0.0
20200814:1010,29898.5,824.01,54.84,28.83,0.34,0.0
20200814:1110,31423.5,881.01,59.07,29.48,0.14,0.0
20200814:1210,31055.0,865.01,58.38,30.29,0.48,0.0
20200814:1310,29033.0,798.01,53.07,30.98,0.83,0.0
20200814:1410,25316.5,684.01,44.8,31.33,1.24,0.0
20200814:1510,19860.5,536.0,35.03,31.04,0.83,0.0
20200814:1610,13069.5,360.0,24.59,30.46,1.31,0.0
20200814:1710,4894.5,152.0,14.0,29.43,1.38,0.0
20200814:1810,365.5,23.81,3.63,28.44,0.69,0.0
20200814:1910,0.0,0.0,0.0,26.48,1.31,0.0
20200814:2010,0.0,0.0,0.0,26.34,1.03,0.0
20200814:2110,0.0,0.0,0.0,26.6,0.62,0.0
20200814:2210,0.0,0.0,0.0,25.84,0.83,0.0
20200814:2310,0.0,0.0,0.0,23.4,1.31,0.0
20200815:0010,0.0,0.0,0.0,22.7,1.24,0.0
20200815:0110,0.0,0.0,0.0,23.02,1.03,0.0
20200815:0210,0.0,0.0,0.0,23.08,0.9,0.0
20200815:0310,0.0,0.0,0.0,22.23,0.97,0.0
20200815:0410,0.0,0.0,0.0,21.34,1.1,0.0
20200815:0510,1048.5,44.0,6.15,21.25,0.83,0.0
20200815:0610,7003.0,201.0,16.62,21.77,0.48,0.0
20200815:0710,14729.5,389.0,27.21,24.35,1.1,0.0
20200815:0810,21567.0,564.0,37.51,25.44,1.03,0.0
20200815:0910,26632.0,709.01,46.97,26.73,0.83,0.0
20200815:1010,29462.5,803.01,54.58,28.02,0.55,0.0
20200815:1110,30924.0,864.01,58.77,28.91,0.07,0.0
20200815:1210,30768.0,852.01,58.07,29.81,0.55,0.0
20200815:1310,28706.0,782.01,52.78,30.3,1.03,0.0
20200815:1410,24837.5,665.01,44.53,31.03,1.72,0.0
20200815:1510,17117.0,458.0,34.77,30.9,1.59,0.0
20200815:1610,12727.0,350.0,24.34,30.23,1.59,0.0
20200815:1710,5343.5,169.0,13.75,29.01,1.38,0.0
20200815:1810,279.5,20.92,3.37,27.78,0.83,0.0
20200815:1910,0.0,0.0,0.0,26.71,1.59,0.0
20200815:2010,0.0,0.0,0.0,25.32,1.72,0.0
20200815:2110,0.0,0.0,0.0,23.91,1.66,0.0
20200815:2210,0.0,0.0,0.0,23.49,1.31,0.0
20200815:2310,0.0,0.0,0.0,23.23,1.17,0.0
20200816:0010,0.0,0.0,0.0,22.91,1.03,0.0
20200816:0110,0.0,0.0,0.0,22.16,1.24,0.0
20200816:0210,0.0,0.0,0.0,21.95,1.31,0.0
20200816:0310,0.0,0.0,0.0,21.72,1.17,0.0
20200816:0410,0.0,0.0,0.0,21.93,0.21,0.0
20200816:0510,1115.5,48.0,5.96,21.82,0.28,0.0
20200816:0610,7029.0,203.0,16.44,21.83,0.76,0.0
20200816:0710,11701.0,307.0,27.03,22.69,1.45,0.0
20200816:0810,19187.0,496.0,37.32,23.11,0.97,0.0
20200816:0910,23204.0,599.0,46.75,23.87,1.72,0.0
20200816:1010,21133.5,551.0,54.32,25.26,1.72,0.0
20200816:1110,22737.5,602.0,58.47,26.68,1.24,0.0
20200816:1210,27394.0,734.01,57.76,27.6,1.17,0.0
20200816:1310,21185.5,565.0,52.48,28.01,0.9,0.0
20200816:1410,1911.0,65.0,44.26,28.34,0.76,0.0
20200816:1510,1252.5,47.0,34.51,27.99,0.62,0.0
20200816:1610,6924.5,192.0,24.09,26.66,1.24,0.0
20200816:1710,1811.5,62.0,13.5,26.31,0.76,0.0
20200816:1810,210.0,15.0,3.11,26.01,0.34,0.0
20200816:1910,0.0,0.0,0.0,24.56,1.31,0.0
20200816:2010,0.0,0.0,0.0,24.21,0.9,0.0
20200816:2110,0.0,0.0,0.0,23.56,1.1,0.0
20200816:2210,0.0,0.0,0.0,22.03,0.97,0.0
20200816:2310,0.0,0.0,0.0,23.0,0.34,0.0
20200817:0010,0.0,0.0,0.0,22.78,0.55,0.0
20200817:0110,0.0,0.0,0.0,22.32,0.21,0.0
20200817:0210,0.0,0.0,0.0,21.89,0.41,0.0
20200817:0310,0.0,0.0,0.0,21.47,0.28,0.0
20200817:0410,0.0,0.0,0.0,20.79,0.34,0.0
20200817:0510,662.0,30.0,5.78,19.66,1.03,0.0
20200817:0610,3495.5,103.0,16.26,19.57,0.76,0.0
20200817:0710,12548.0,327.0,26.85,20.71,0.83,0.0
20200817:0810,21350.5,546.0,37.13,21.94,1.45,0.0
20200817:0910,26119.5,681.01,46.52,23.18,0.9,0.0
20200817:1010,22411.0,586.0,54.05,23.93,0.97,0.0
20200817:1110,30697.0,826.01,58.16,25.0,0.62,0.0
20200817:1210,24287.5,650.0,57.44,25.96,0.41,0.0
20200817:1310,16760.5,442.0,52.18,26.75,1.31,0.0
20200817:1410,14535.5,383.0,43.98,26.92,1.66,0.0
20200817:1510,1263.5,47.0,34.25,26.62,1.79,0.0
20200817:1610,10771.0,292.0,23.84,25.94,0.9,0.0
20200817:1710,5132.5,163.0,13.25,25.78,0.62,0.0
20200817:1810,158.0,13.0,2.85,24.99,0.9,0.0
20200817:1910,0.0,0.0,0.0,23.62,1.52,0.0
20200817:2010,0.0,0.0,0.0,22.67,1.03,0.0
20200817:2110,0.0,0.0,0.0,22.74,0.83,0.0
20200817:2210,0.0,0.0,0.0,22.64,0.76,0.0
20200817:2310,0.0,0.0,0.0,22.6,0.55,0.0
20200818:0010,0.0,0.0,0.0,22.34,0.62,0.0
20200818:0110,0.0,0.0,0.0,21.19,0.97,0.0
20200818:0210,0.0,0.0,0.0,20.66,1.1,0.0
20200818:0310,0.0,0.0,0.0,20.13,1.24,0.0
20200818:0410,0.0,0.0,0.0,19.83,1.24,0.0
20200818:0510,866.0,38.97,5.59,19.86,1.1,0.0
20200818:0610,7613.5,223.0,16.08,21.11,0.69,0.0
20200818:0710,15469.0,400.0,26.66,21.76,2.76,0.0
20200818:0810,22181.0,564.0,36.93,22.87,2.62,0.0
20200818:0910,27260.5,715.01,46.3,24.57,1.1,0.0
20200818:1010,29691.0,810.01,53.78,26.25,0.14,0.0
20200818:1110,31613.0,867.01,57.85,27.58,0.55,0.0
20200818:1210,30180.5,822.01,57.11,28.77,0.97,0.0
20200818:1310,29127.0,787.01,51.87,29.12,1.17,0.0
20200818:1410,25354.0,679.01,43.7,29.69,1.24,0.0
20200818:1510,19617.0,524.0,33.98,29.81,1.24,0.0
20200818:1610,12606.5,349.0,23.58,29.49,0.9,0.0
20200818:1710,5090.0,166.0,12.99,29.03,1.17,0.0
20200818:1810,106.0,11.0,2.58,27.19,0.97,0.0
20200818:1910,0.0,0.0,0.0,26.48,0.76,0.0
20200818:2010,0.0,0.0,0.0,25.63,0.76,0.0
20200818:2110,0.0,0.0,0.0,25.08,0.69,0.0
20200818:2210,0.0,0.0,0.0,24.51,0.76,0.0
20200818:2310,0.0,0.0,0.0,23.95,0.83,0.0
20200819:0010,0.0,0.0,0.0,22.38,1.03,0.0
20200819:0110,0.0,0.0,0.0,21.08,1.17,0.0
20200819:0210,0.0,0.0,0.0,20.49,1.17,0.0
20200819:0310,0.0,0.0,0.0,19.98,1.17,0.0
20200819:0410,0.0,0.0,0.0,19.83,1.03,0.0
20200819:0510,863.5,43.8,5.4,20.53,0.83,0.0
20200819:0610,4957.5,143.0,15.9,21.24,0.48,0.0
20200819:0710,12452.5,325.0,26.48,20.97,0.97,0.0
20200819:0810,19403.0,501.0,36.73,22.3,0.76,0.0
20200819:0910,24892.0,652.01,46.07,23.68,0.69,0.0
20200819:1010,28970.5,777.01,53.51,25.08,0.48,0.0
20200819:1110,31023.0,845.01,57.53,26.44,0.48,0.0
20200819:1210,30538.0,833.01,56.78,27.32,0.55,0.0
20200819:1310,28470.0,771.01,51.56,28.14,0.69,0.0
20200819:1410,24967.5,664.01,43.41,28.5,1.24,0.0
20200819:1510,18592.5,494.0,33.71,28.92,1.31,0.0
20200819:1610,11282.5,311.0,23.31,28.77,0.97,0.0
20200819:1710,5008.5,165.0,12.72,28.28,1.1,0.0
20200819:1810,0.0,0.0,0.0,26.8,1.24,0.0
20200819:1910,0.0,0.0,0.0,25.23,1.1,0.0
20200819:2010,0.0,0.0,0.0,25.13,0.9,0.0
20200819:2110,0.0,0.0,0.0,25.07,0.83,0.0
20200819:2210,0.0,0.0,0.0,24.77,0.69,0.0
20200819:2310,0.0,0.0,0.0,24.27,0.48,0.0
20200820:0010,0.0,0.0,0.0,23.91,0.48,0.0
20200820:0110,0.0,0.0,0.0,23.63,0.55,0.0
20200820:0210,0.0,0.0,0.0,23.44,0.34,0.0
20200820:0310,0.0,0.0,0.0,23.25,0.41,0.0
20200820:0410,0.0,0.0,0.0,22.65,0.55,0.0
20200820:0510,705.5,34.33,5.21,22.37,0.69,0.0
20200820:0610,6083.0,178.0,15.72,23.17,0.83,0.0
20200820:0710,14353.5,381.0,26.29,23.82,0.69,0.0
20200820:0810,21101.0,553.0,36.53,24.84,0.62,0.0
20200820:0910,25907.5,692.01,45.84,26.07,0.34,0.0
20200820:1010,28547.5,781.01,53.24,27.27,0.07,0.0
20200820:1110,30219.0,831.01,57.22,28.12,0.34,0.0
20200820:1210,29626.0,814.01,56.45,29.25,0.55,0.0
20200820:1310,27867.5,761.01,51.24,30.1,0.69,0.0
20200820:1410,24124.0,650.01,43.12,30.36,0.9,0.0
20200820:1510,18662.5,502.0,33.44,30.78,1.03,0.0
20200820:1610,11704.5,326.0,23.04,30.52,1.31,0.0
20200820:1710,4556.0,151.0,12.45,29.91,1.72,0.0
20200820:1810,0.0,0.0,0.0,28.59,1.79,0.0
20200820:1910,0.0,0.0,0.0,26.68,1.59,0.0
20200820:2010,0.0,0.0,0.0,25.86,1.24,0.0
20200820:2110,0.0,0.0,0.0,25.96,0.9,0.0
20200820:2210,0.0,0.0,0.0,26.11,0.76,0.0
20200820:2310,0.0,0.0,0.0,25.57,0.69,0.0
20200821:0010,0.0,0.0,0.0,23.96,0.97,0.0
20200821:0110,0.0,0.0,0.0,22.64,1.24,0.0
20200821:0210,0.0,0.0,0.0,21.86,1.31,0.0
20200821:0310,0.0,0.0,0.0,21.27,1.38,0.0
20200821:0410,0.0,0.0,0.0,20.99,1.38,0.0
20200821:0510,667.0,32.56,5.02,20.94,1.24,0.0
20200821:0610,6362.5,187.0,15.54,22.36,0.9,0.0
20200821:0710,14051.0,375.0,26.11,25.34,1.03,0.0
20200821:0810,20883.5,546.0,36.33,26.24,1.38,0.0
20200821:0910,25855.0,684.01,45.61,27.24,1.24,0.0
20200821:1010,28569.0,772.01,52.96,28.2,0.83,0.0
20200821:1110,29760.0,818.01,56.89,29.21,0.55,0.0
20200821:1210,28993.0,796.01,56.12,30.0,0.69,0.0
20200821:1310,26672.0,731.01,50.92,30.76,0.55,0.0
20200821:1410,23447.5,638.01,42.82,31.34,0.55,0.0
20200821:1510,17893.5,486.0,33.15,31.73,0.62,0.0
20200821:1610,11150.0,314.0,22.77,31.68,0.76,0.0
20200821:1710,4274.5,143.0,12.18,30.82,0.9,0.0
20200821:1810,0.0,0.0,0.0,29.18,0.9,0.0
20200821:1910,0.0,0.0,0.0,27.71,1.24,0.0
20200821:2010,0.0,0.0,0.0,26.07,1.52,0.0
20200821:2110,0.0,0.0,0.0,25.1,1.72,0.0
20200821:2210,0.0,0.0,0.0,24.13,1.72,0.0
20200821:2310,0.0,0.0,0.0,23.34,1.59,0.0
20200822:0010,0.0,0.0,0.0,22.7,1.59,0.0
20200822:0110,0.0,0.0,0.0,22.43,1.38,0.0
20200822:0210,0.0,0.0,0.0,22.35,1.24,0.0
20200822:0310,0.0,0.0,0.0,22.47,1.1,0.0
20200822:0410,0.0,0.0,0.0,22.27,1.03,0.0
20200822:0510,633.0,32.32,4.83,22.01,1.03,0.0
20200822:0610,6295.5,186.0,15.35,22.68,0.83,0.0
20200822:0710,13855.5,372.0,25.92,25.56,0.55,0.0
20200822:0810,20479.0,543.0,36.12,27.17,0.62,0.0
20200822:0910,25386.0,681.01,45.37,28.51,0.76,0.0
20200822:1010,28489.0,777.01,52.68,29.66,0.76,0.0
20200822:1110,30192.0,832.01,56.57,30.86,0.9,0.0
20200822:1210,29701.0,819.01,55.78,31.79,1.03,0.0
20200822:1310,27647.0,756.01,50.6,32.58,1.31,0.0
20200822:1410,23826.5,645.01,42.52,33.0,1.52,0.0
20200822:1510,18314.5,495.0,32.87,32.94,1.72,0.0
20200822:1610,11359.0,320.0,22.49,32.23,1.59,0.0
20200822:1710,4219.0,143.0,11.9,31.13,1.79,0.0
20200822:1810,0.0,0.0,0.0,29.61,2.0,0.0
20200822:1910,0.0,0.0,0.0,27.67,2.69,0.0
20200822:2010,0.0,0.0,0.0,26.59,2.41,0.0
20200822:2110,0.0,0.0,0.0,25.69,2.14,0.0
20200822:2210,0.0,0.0,0.0,24.9,1.79,0.0
20200822:2310,0.0,0.0,0.0,24.27,1.59,0.0
20200823:0010,0.0,0.0,0.0,23.33,1.38,0.0
20200823:0110,0.0,0.0,0.0,22.54,1.31,0.0
20200823:0210,0.0,0.0,0.0,22.23,1.24,0.0
20200823:0310,0.0,0.0,0.0,22.22,0.97,0.0
20200823:0410,0.0,0.0,0.0,23.0,0.55,0.0
20200823:0510,436.5,23.59,4.64,22.8,0.07,0.0
20200823:0610,4215.0,125.0,15.17,22.89,0.14,0.0
20200823:0710,8615.0,233.0,25.73,24.3,0.34,0.0
20200823:0810,14275.5,376.0,35.92,25.72,0.83,0.0
20200823:0910,17960.0,473.0,45.14,26.72,1.1,0.0
20200823:1010,12553.5,335.0,52.4,27.96,1.52,0.0
20200823:1110,28024.5,750.01,56.24,28.58,1.59,0.0
20200823:1210,29620.5,798.01,55.44,29.02,1.45,0.0
20200823:1310,26929.0,719.01,50.27,28.97,1.52,0.0
20200823:1410,21139.5,559.0,42.21,28.4,1.38,0.0
20200823:1510,18162.0,482.0,32.58,28.48,1.31,0.0
20200823:1610,11222.0,312.0,22.21,28.65,1.17,0.0
20200823:1710,4035.5,136.0,11.62,28.05,1.31,0.0
20200823:1810,0.0,0.0,0.0,26.99,1.52,0.0
20200823:1910,0.0,0.0,0.0,25.35,1.45,0.0
20200823:2010,0.0,0.0,0.0,24.01,1.45,0.0
20200823:2110,0.0,0.0,0.0,22.93,1.59,0.0
20200823:2210,0.0,0.0,0.0,22.16,1.79,0.0
20200823:2310,0.0,0.0,0.0,21.5,1.72,0.0
20200824:0010,0.0,0.0,0.0,21.44,2.28,0.0
20200824:0110,0.0,0.0,0.0,21.14,2.41,0.0
20200824:0210,0.0,0.0,0.0,20.79,1.79,0.0
20200824:0310,0.0,0.0,0.0,20.58,1.93,0.0
20200824:0410,0.0,0.0,0.0,20.48,2.07,0.0
20200824:0510,163.5,13.0,4.45,20.22,1.93,0.0
20200824:0610,2927.0,89.0,14.98,20.2,2.07,0.0
20200824:0710,4647.5,131.0,25.54,21.19,2.34,0.0
20200824:0810,7017.0,189.0,35.71,21.81,2.07,0.0
20200824:0910,18349.0,470.0,44.9,23.34,2.48,0.0
20200824:1010,24459.0,632.0,52.12,24.27,2.21,0.0
20200824:1110,25425.0,665.0,55.91,25.22,1.79,0.0
20200824:1210,23298.5,614.0,55.09,25.84,1.24,0.0
20200824:1310,25560.5,679.01,49.94,26.17,0.83,0.0
20200824:1410,21273.0,560.0,41.9,26.61,1.03,0.0
20200824:1510,18423.5,489.0,32.29,26.67,0.55,0.0
20200824:1610,4464.0,130.0,21.93,26.21,0.34,0.0
20200824:1710,2394.5,79.0,11.34,25.71,0.14,0.0
20200824:1810,0.0,0.0,0.0,24.92,0.34,0.0
20200824:1910,0.0,0.0,0.0,23.58,1.03,0.0
20200824:2010,0.0,0.0,0.0,23.46,0.9,0.0
20200824:2110,0.0,0.0,0.0,23.48,0.69,0.0
20200824:2210,0.0,0.0,0.0,21.48,1.1,0.0
20200824:2310,0.0,0.0,0.0,20.4,1.38,0.0
20200825:0010,0.0,0.0,0.0,20.03,1.31,0.0
20200825:0110,0.0,0.0,0.0,20.32,1.03,0.0
20200825:0210,0.0,0.0,0.0,20.98,0.76,0.0
20200825:0310,0.0,0.0,0.0,20.8,0.76,0.0
20200825:0410,0.0,0.0,0.0,20.76,0.76,0.0
20200825:0510,22.0,7.0,4.25,20.69,0.76,0.0
20200825:0610,4718.5,138.0,14.79,20.63,0.69,0.0
20200825:0710,12466.0,326.0,25.34,21.24,1.59,0.0
20200825:0810,20740.5,530.0,35.5,21.81,1.52,0.0
20200825:0910,25629.0,660.01,44.66,23.14,1.66,0.0
20200825:1010,27699.5,722.01,51.83,24.28,1.66,0.0
20200825:1110,25012.0,656.0,55.58,24.92,1.38,0.0
20200825:1210,24167.0,640.0,54.74,25.94,0.97,0.0
20200825:1310,26310.5,696.01,49.6,26.36,1.17,0.0
20200825:1410,22125.0,584.0,41.59,27.32,1.1,0.0
20200825:1510,17405.0,461.0,31.99,27.61,1.17,0.0
20200825:1610,9341.0,259.0,21.64,27.69,1.17,0.0
20200825:1710,2692.5,89.0,11.05,27.21,0.83,0.0
20200825:1810,0.0,0.0,0.0,26.09,0.76,0.0
20200825:1910,0.0,0.0,0.0,25.95,0.55,0.0
20200825:2010,0.0,0.0,0.0,25.27,0.55,0.0
20200825:2110,0.0,0.0,0.0,24.52,0.55,0.0
20200825:2210,0.0,0.0,0.0,23.83,0.62,0.0
20200825:2310,0.0,0.0,0.0,23.3,0.62,0.0
20200826:0010,0.0,0.0,0.0,22.79,0.55,0.0
20200826:0110,0.0,0.0,0.0,22.17,0.48,0.0
20200826:0210,0.0,0.0,0.0,21.68,0.55,0.0
20200826:0310,0.0,0.0,0.0,21.18,0.76,0.0
20200826:0410,0.0,0.0,0.0,20.15,0.9,0.0
20200826:0510,474.0,28.91,4.06,19.82,0.9,0.0
20200826:0610,6289.5,188.0,14.6,20.36,0.76,0.0
20200826:0710,13677.5,364.0,25.15,23.17,0.62,0.0
20200826:0810,16462.5,432.0,35.29,24.57,0.41,0.0
20200826:0910,24602.5,659.01,44.41,25.96,0.07,0.0
20200826:1010,27006.5,733.01,51.54,27.47,0.28,0.0
20200826:1110,27311.5,745.01,55.24,28.92,0.55,0.0
20200826:1210,28635.0,783.01,54.39,30.2,0.9,0.0
20200826:1310,24235.0,654.01,49.26,31.15,1.38,0.0
20200826:1410,23020.0,615.01,41.27,31.58,2.0,0.0
20200826:1510,18034.0,481.0,31.69,31.27,2.62,0.0
20200826:1610,10870.0,305.0,21.34,30.54,2.69,0.0
20200826:1710,3644.5,127.0,10.76,29.29,2.83,0.0
20200826:1810,0.0,0.0,0.0,27.53,2.62,0.0
20200826:1910,0.0,0.0,0.0,25.42,2.28,0.0
20200826:2010,0.0,0.0,0.0,24.44,2.0,0.0
20200826:2110,0.0,0.0,0.0,23.55,1.72,0.0
20200826:2210,0.0,0.0,0.0,22.71,1.52,0.0
20200826:2310,0.0,0.0,0.0,21.99,1.45,0.0
20200827:0010,0.0,0.0,0.0,21.21,1.24,0.0
20200827:0110,0.0,0.0,0.0,20.99,1.17,0.0
20200827:0210,0.0,0.0,0.0,20.35,1.38,0.0
20200827:0310,0.0,0.0,0.0,20.08,1.38,0.0
20200827:0410,0.0,0.0,0.0,20.15,1.17,0.0
20200827:0510,388.0,23.89,3.87,20.92,0.83,0.0
20200827:0610,6113.0,185.0,14.41,21.44,0.41,0.0
20200827:0710,13786.0,368.0,24.96,22.38,0.07,0.0
20200827:0810,20412.5,537.0,35.08,24.28,0.21,0.0
20200827:0910,25127.0,669.01,44.17,26.27,0.48,0.0
20200827:1010,27520.5,744.01,51.24,27.73,0.55,0.0
20200827:1110,24802.5,671.01,54.91,29.15,0.76,0.0
20200827:1210,26436.5,719.01,54.03,30.12,0.9,0.0
20200827:1310,24047.5,649.01,48.92,30.75,1.17,0.0
20200827:1410,21743.0,583.01,40.95,31.25,1.45,0.0
20200827:1510,17674.5,475.0,31.38,31.41,1.79,0.0
20200827:1610,9560.5,270.0,21.05,31.05,1.93,0.0
20200827:1710,3376.0,119.0,10.46,29.99,2.0,0.0
20200827:1810,0.0,0.0,0.0,28.55,2.0,0.0
20200827:1910,0.0,0.0,0.0,26.81,1.93,0.0
20200827:2010,0.0,0.0,0.0,25.48,1.45,0.0
20200827:2110,0.0,0.0,0.0,24.47,1.24,0.0
20200827:2210,0.0,0.0,0.0,23.98,1.03,0.0
20200827:2310,0.0,0.0,0.0,23.19,1.03,0.0
20200828:0010,0.0,0.0,0.0,22.87,0.97,0.0
20200828:0110,0.0,0.0,0.0,23.05,0.62,0.0
20200828:0210,0.0,0.0,0.0,22.6,0.34,0.0
20200828:0310,0.0,0.0,0.0,22.24,0.21,0.0
20200828:0410,0.0,0.0,0.0,21.81,0.07,0.0
20200828:0510,353.5,22.89,3.67,21.34,0.28,0.0
20200828:0610,4905.5,146.0,14.22,21.49,0.34,0.0
20200828:0710,10938.5,291.0,24.76,23.2,1.03,0.0
20200828:0810,17283.5,449.0,34.86,24.2,1.17,0.0
20200828:0910,22696.0,591.0,43.92,25.38,1.52,0.0
20200828:1010,21430.0,563.0,50.95,26.27,1.38,0.0
20200828:1110,23983.5,635.0,54.56,27.41,1.52,0.0
20200828:1210,24247.0,643.0,53.67,28.42,1.79,0.0
20200828:1310,21519.5,568.0,48.57,28.95,2.14,0.0
20200828:1410,1575.5,56.0,40.62,28.8,2.0,0.0
20200828:1510,7813.5,214.0,31.08,28.15,2.62,0.0
20200828:1610,7631.5,212.0,20.75,27.25,2.97,0.0
20200828:1710,1014.5,40.0,10.16,26.53,3.31,0.0
20200828:1810,0.0,0.0,0.0,25.94,2.97,0.0
20200828:1910,0.0,0.0,0.0,24.82,1.31,0.0
20200828:2010,0.0,0.0,0.0,24.33,0.48,0.0
20200828:2110,0.0,0.0,0.0,23.6,0.62,0.0
20200828:2210,0.0,0.0,0.0,22.49,0.97,0.0
20200828:2310,0.0,0.0,0.0,21.82,1.17,0.0
20200829:0010,0.0,0.0,0.0,21.44,0.97,0.0
20200829:0110,0.0,0.0,0.0,21.1,0.83,0.0
20200829:0210,0.0,0.0,0.0,21.39,0.55,0.0
20200829:0310,0.0,0.0,0.0,21.35,0.41,0.0
20200829:0410,0.0,0.0,0.0,21.41,0.28,0.0
20200829:0510,3.5,6.0,3.48,21.45,0.21,0.0
20200829:0610,1594.5,55.0,14.03,21.63,0.14,0.0
20200829:0710,4195.0,120.0,24.56,20.96,1.66,0.0
20200829:0810,6738.0,182.0,34.65,21.36,1.79,0.0
20200829:0910,8310.0,220.0,43.67,21.42,2.14,0.0
20200829:1010,11269.0,292.0,50.65,21.33,2.21,0.0
20200829:1110,23890.5,607.0,54.22,21.4,2.55,0.0
20200829:1210,12492.0,321.0,53.31,21.16,2.76,0.0
20200829:1310,6766.0,182.0,48.22,21.21,3.1,0.0
20200829:1410,6978.5,187.0,40.29,21.0,2.97,0.0
20200829:1510,11770.0,303.0,30.76,20.59,2.21,0.0
20200829:1610,4529.0,128.0,20.45,20.14,1.66,0.0
20200829:1710,336.5,19.0,9.86,19.95,1.31,0.0
20200829:1810,0.0,0.0,0.0,19.75,1.03,0.0
20200829:1910,0.0,0.0,0.0,18.75,0.97,0.0
20200829:2010,0.0,0.0,0.0,18.56,1.17,0.0
20200829:2110,0.0,0.0,0.0,18.23,0.9,0.0
20200829:2210,0.0,0.0,0.0,18.24,0.21,0.0
20200829:2310,0.0,0.0,0.0,18.23,0.55,0.0
20200830:0010,0.0,0.0,0.0,18.31,0.83,0.0
20200830:0110,0.0,0.0,0.0,18.35,0.83,0.0
20200830:0210,0.0,0.0,0.0,18.17,0.9,0.0
20200830:0310,0.0,0.0,0.0,18.26,0.76,0.0
20200830:0410,0.0,0.0,0.0,18.04,0.97,0.0
20200830:0510,0.0,3.0,3.28,17.54,0.69,0.0
20200830:0610,1554.0,53.0,13.84,17.21,0.14,0.0
20200830:0710,13621.0,355.0,24.37,18.86,1.1,0.0
20200830:0810,22198.0,556.01,34.43,18.98,2.41,0.0
20200830:0910,27305.0,687.01,43.41,20.54,2.76,0.0
20200830:1010,30545.5,786.01,50.35,22.97,2.41,0.0
20200830:1110,31703.5,832.01,53.87,24.49,1.86,0.0
20200830:1210,30713.5,812.01,52.95,25.47,1.59,0.0
20200830:1310,28320.5,745.01,47.87,25.47,1.45,0.0
20200830:1410,24317.0,632.01,39.96,25.14,1.66,0.0
20200830:1510,18176.5,468.0,30.45,23.99,2.97,0.0
20200830:1610,11136.0,306.0,20.14,23.5,3.24,0.0
20200830:1710,2822.0,97.0,9.55,22.94,2.76,0.0
20200830:1810,0.0,0.0,0.0,21.75,2.28,0.0
20200830:1910,0.0,0.0,0.0,20.31,2.9,0.0
20200830:2010,0.0,0.0,0.0,19.26,2.07,0.0
20200830:2110,0.0,0.0,0.0,18.18,0.76,0.0
20200830:2210,0.0,0.0,0.0,18.21,0.48,0.0
20200830:2310,0.0,0.0,0.0,17.06,1.03,0.0
20200831:0010,0.0,0.0,0.0,16.4,1.45,0.0
20200831:0110,0.0,0.0,0.0,15.88,1.31,0.0
20200831:0210,0.0,0.0,0.0,15.69,1.38,0.0
20200831:0310,0.0,0.0,0.0,15.71,1.45,0.0
20200831:0410,0.0,0.0,0.0,15.62,1.31,0.0
20200831:0510,145.5,12.83,3.08,15.77,1.03,0.0
20200831:0610,5273.5,155.0,13.65,16.14,0.9,0.0
20200831:0710,14410.0,376.0,24.17,18.12,0.97,0.0
20200831:0810,17761.0,451.0,34.21,19.4,1.17,0.0
20200831:0910,15923.0,406.0,43.16,20.34,1.52,0.0
20200831:1010,23900.0,612.0,50.04,21.59,1.72,0.0
20200831:1110,25058.0,644.0,53.52,22.55,2.07,0.0
20200831:1210,30210.5,780.01,52.58,23.27,2.34,0.0
20200831:1310,28084.5,727.01,47.52,23.84,1.93,0.0
20200831:1410,23438.0,605.01,39.63,23.47,1.45,0.0
20200831:1510,17588.0,457.0,30.13,23.07,1.24,0.0
20200831:1610,9562.5,264.0,19.83,22.98,0.83,0.0
20200831:1710,2956.0,108.0,9.25,22.46,0.69,0.0
20200831:1810,0.0,0.0,0.0,22.31,0.28,0.0
20200831:1910,0.0,0.0,0.0,19.05,1.86,0.0
20200831:2010,0.0,0.0,0.0,17.86,2.07,0.0
20200831:2110,0.0,0.0,0.0,16.83,2.07,0.0
20200831:2210,0.0,0.0,0.0,15.72,1.86,0.0
20200831:2310,0.0,0.0,0.0,15.09,1.59,0.0
20200901:0010,0.0,0.0,0.0,15.03,1.31,0.0
20200901:0110,0.0,0.0,0.0,15.17,1.17,0.0
20200901:0210,0.0,0.0,0.0,15.28,1.03,0.0
20200901:0310,0.0,0.0,0.0,16.03,0.76,0.0
20200901:0410,0.0,0.0,0.0,15.76,0.55,0.0
20200901:0510,174.5,14.62,2.88,15.49,0.34,0.0
20200901:0610,5873.5,177.0,13.45,15.41,0.14,0.0
20200901:0710,14156.5,369.0,23.96,17.72,0.9,0.0
20200901:0810,21133.5,539.01,33.99,19.84,1.03,0.0
20200901:0910,26140.5,678.01,42.9,21.7,0.76,0.0
20200901:1010,29120.5,776.01,49.74,23.15,0.28,0.0
20200901:1110,30458.0,826.01,53.17,24.24,0.07,0.0
20200901:1210,29899.5,801.01,52.21,24.87,0.62,0.0
20200901:1310,27864.0,733.01,47.16,25.44,1.38,0.0
20200901:1410,23371.0,606.01,39.29,25.37,1.93,0.0
20200901:1510,17814.5,464.0,29.81,24.96,2.21,0.0
20200901:1610,10142.5,282.0,19.52,24.52,2.41,0.0
20200901:1710,2799.5,104.0,8.94,23.6,2.14,0.0
20200901:1810,0.0,0.0,0.0,22.29,1.86,0.0
20200901:1910,0.0,0.0,0.0,21.02,1.86,0.0
20200901:2010,0.0,0.0,0.0,20.16,1.79,0.0
20200901:2110,0.0,0.0,0.0,19.26,1.79,0.0
20200901:2210,0.0,0.0,0.0,18.43,1.59,0.0
20200901:2310,0.0,0.0,0.0,17.73,1.38,0.0
20200902:0010,0.0,0.0,0.0,17.53,1.17,0.0
20200902:0110,0.0,0.0,0.0,17.33,1.03,0.0
20200902:0210,0.0,0.0,0.0,17.76,0.69,0.0
20200902:0310,0.0,0.0,0.0,17.67,0.41,0.0
20200902:0410,0.0,0.0,0.0,17.32,0.48,0.0
20200902:0510,69.5,9.86,2.69,16.96,0.48,0.0
20200902:0610,1906.5,62.0,13.26,16.43,0.83,0.0
20200902:0710,3318.0,97.0,23.76,17.35,1.31,0.0
20200902:0810,5644.5,153.0,33.76,17.7,1.86,0.0
20200902:0910,4930.0,136.0,42.64,17.95,2.14,0.0
20200902:1010,3221.0,95.0,49.43,18.6,2.28,0.0
20200902:1110,27788.5,705.01,52.82,18.75,1.72,0.0
20200902:1210,25674.0,656.01,51.84,19.64,1.31,0.0
20200902:1310,12974.0,335.0,46.8,20.31,0.76,0.0
20200902:1410,18724.5,481.0,38.95,20.65,0.55,0.0
20200902:1510,14071.5,366.0,29.48,21.16,0.34,0.0
20200902:1610,7988.5,220.0,19.2,21.48,0.48,0.0
20200902:1710,2558.5,94.0,8.62,21.09,1.1,0.0
20200902:1810,0.0,0.0,0.0,19.94,1.24,0.0
20200902:1910,0.0,0.0,0.0,19.26,1.79,0.0
20200902:2010,0.0,0.0,0.0,18.64,1.59,0.0
20200902:2110,0.0,0.0,0.0,18.1,1.38,0.0
20200902:2210,0.0,0.0,0.0,17.91,1.31,0.0
20200902:2310,0.0,0.0,0.0,17.34,1.31,0.0
20200903:0010,0.0,0.0,0.0,17.03,1.17,0.0
20200903:0110,0.0,0.0,0.0,17.12,0.76,0.0
20200903:0210,0.0,0.0,0.0,16.91,0.9,0.0
20200903:0310,0.0,0.0,0.0,16.57,1.1,0.0
20200903:0410,0.0,0.0,0.0,16.34,1.03,0.0
20200903:0510,0.0,3.0,2.49,16.17,0.97,0.0
20200903:0610,4447.5,132.0,13.06,16.68,0.76,0.0
20200903:0710,12809.0,336.0,23.56,18.73,0.83,0.0
20200903:0810,19935.0,511.01,33.54,19.61,0.48,0.0
20200903:0910,24724.0,638.01,42.38,20.76,0.62,0.0
20200903:1010,27656.5,724.01,49.12,21.69,0.55,0.0
20200903:1110,26976.0,711.01,52.46,22.82,0.55,0.0
20200903:1210,28091.5,746.01,51.46,23.92,0.55,0.0
20200903:1310,26321.0,696.01,46.43,24.62,0.62,0.0
20200903:1410,22818.5,600.01,38.6,25.2,0.69,0.0
20200903:1510,17008.0,450.0,29.16,25.4,0.83,0.0
20200903:1610,9453.0,268.0,18.88,25.29,0.9,0.0
20200903:1710,2375.0,91.0,8.3,24.39,0.83,0.0
20200903:1810,0.0,0.0,0.0,22.63,1.1,0.0
20200903:1910,0.0,0.0,0.0,22.43,0.97,0.0
20200903:2010,0.0,0.0,0.0,21.52,1.03,0.0
20200903:2110,0.0,0.0,0.0,21.54,0.9,0.0
20200903:2210,0.0,0.0,0.0,20.52,0.97,0.0
20200903:2310,0.0,0.0,0.0,20.31,0.55,0.0
20200904:0010,0.0,0.0,0.0,20.01,0.21,0.0
20200904:0110,0.0,0.0,0.0,19.4,0.21,0.0
20200904:0210,0.0,0.0,0.0,18.83,0.34,0.0
20200904:0310,0.0,0.0,0.0,18.28,0.76,0.0
20200904:0410,0.0,0.0,0.0,17.0,1.1,0.0
20200904:0510,0.0,0.0,0.0,16.54,1.1,0.0
20200904:0610,5205.0,160.0,12.87,17.48,0.69,0.0
20200904:0710,12973.0,344.0,23.35,19.62,0.34,0.0
20200904:0810,19685.0,511.01,33.31,21.76,0.34,0.0
20200904:0910,24729.0,649.01,42.11,23.41,0.41,0.0
20200904:1010,27953.0,745.01,48.8,24.77,0.48,0.0
20200904:1110,29231.0,788.01,52.1,25.92,0.48,0.0
20200904:1210,28593.5,771.01,51.08,26.92,0.62,0.0
20200904:1310,26221.5,704.01,46.06,27.6,0.62,0.0
20200904:1410,22188.5,591.01,38.26,28.07,0.76,0.0
20200904:1510,16288.0,437.0,28.83,28.2,0.9,0.0
20200904:1610,8922.0,257.0,18.56,27.94,1.1,0.0
20200904:1710,2109.5,82.0,7.99,26.91,1.31,0.0
20200904:1810,0.0,0.0,0.0,25.26,1.79,0.0
20200904:1910,0.0,0.0,0.0,23.03,1.59,0.0
20200904:2010,0.0,0.0,0.0,21.77,1.59,0.0
20200904:2110,0.0,0.0,0.0,20.79,1.52,0.0
20200904:2210,0.0,0.0,0.0,20.19,1.38,0.0
20200904:2310,0.0,0.0,0.0,19.8,1.24,0.0
20200905:0010,0.0,0.0,0.0,19.38,1.1,0.0
20200905:0110,0.0,0.0,0.0,19.3,0.97,0.0
20200905:0210,0.0,0.0,0.0,18.81,0.9,0.0
20200905:0310,0.0,0.0,0.0,18.44,0.9,0.0
20200905:0410,0.0,0.0,0.0,18.18,0.9,0.0
20200905:0510,0.0,0.0,0.0,17.98,0.9,0.0
20200905:0610,4931.0,152.0,12.67,18.49,0.62,0.0
20200905:0710,12524.5,333.0,23.15,20.27,0.48,0.0
20200905:0810,19397.5,504.01,33.08,22.48,0.55,0.0
20200905:0910,24376.5,641.01,41.85,24.15,0.48,0.0
20200905:1010,27464.0,736.01,48.49,25.5,0.34,0.0
20200905:1110,28623.5,774.01,51.74,26.82,0.48,0.0
20200905:1210,28230.0,762.01,50.71,27.82,0.76,0.0
20200905:1310,26017.0,698.01,45.69,28.52,0.9,0.0
20200905:1410,21809.5,582.01,37.91,28.88,0.9,0.0
20200905:1510,15987.5,431.0,28.49,28.97,0.9,0.0
20200905:1610,8682.5,252.0,18.24,28.52,1.03,0.0
20200905:1710,1952.5,78.0,7.66,27.05,1.24,0.0
20200905:1810,0.0,0.0,0.0,24.91,1.31,0.0
20200905:1910,0.0,0.0,0.0,23.29,1.72,0.0
20200905:2010,0.0,0.0,0.0,21.93,1.72,0.0
20200905:2110,0.0,0.0,0.0,20.8,1.72,0.0
20200905:2210,0.0,0.0,0.0,19.89,1.66,0.0
20200905:2310,0.0,0.0,0.0,19.3,1.59,0.0
20200906:0010,0.0,0.0,0.0,18.65,1.59,0.0
20200906:0110,0.0,0.0,0.0,18.12,1.66,0.0
20200906:0210,0.0,0.0,0.0,17.79,1.66,0.0
20200906:0310,0.0,0.0,0.0,17.82,1.45,0.0
20200906:0410,0.0,0.0,0.0,18.51,1.1,0.0
20200906:0510,0.0,0.0,0.0,19.7,0.69,0.0
20200906:0610,3858.0,118.0,12.47,19.68,0.48,0.0
20200906:0710,10788.0,288.0,22.94,21.16,0.41,0.0
20200906:0810,19360.0,504.01,32.85,22.49,0.41,0.0
20200906:0910,23793.0,622.01,41.58,23.67,0.62,0.0
20200906:1010,26034.5,687.01,48.17,24.93,0.83,0.0
20200906:1110,26604.5,702.01,51.38,25.85,1.31,0.0
20200906:1210,23651.0,621.01,50.32,26.48,1.66,0.0
20200906:1310,23610.5,617.01,45.32,26.68,1.93,0.0
20200906:1410,15897.0,415.0,37.55,26.42,2.14,0.0
20200906:1510,16323.5,427.0,28.16,25.31,2.62,0.0
20200906:1610,8613.0,245.0,17.91,24.08,1.79,0.0
20200906:1710,1903.5,77.0,7.34,23.14,1.52,0.0
20200906:1810,0.0,0.0,0.0,22.3,1.24,0.0
20200906:1910,0.0,0.0,0.0,20.65,1.1,0.0
20200906:2010,0.0,0.0,0.0,20.35,0.83,0.0
20200906:2110,0.0,0.0,0.0,19.95,0.69,0.0
20200906:2210,0.0,0.0,0.0,19.61,1.1,0.0
20200906:2310,0.0,0.0,0.0,19.41,1.59,0.0
20200907:0010,0.0,0.0,0.0,18.92,2.07,0.0
20200907:0110,0.0,0.0,0.0,18.57,2.62,0.0
20200907:0210,0.0,0.0,0.0,18.36,3.24,0.0
20200907:0310,0.0,0.0,0.0,17.87,3.03,0.0
20200907:0410,0.0,0.0,0.0,17.53,2.69,0.0
20200907:0510,0.0,0.0,0.0,17.13,2.48,0.0
20200907:0610,849.0,34.0,12.27,16.91,2.0,0.0
20200907:0710,1512.5,52.0,22.73,17.62,0.14,0.0
20200907:0810,4820.5,134.0,32.62,17.95,0.21,0.0
20200907:0910,5812.0,158.0,41.31,18.09,0.28,0.0
20200907:1010,10126.5,264.0,47.85,18.97,0.14,0.0
20200907:1110,16120.5,414.0,51.01,19.91,0.62,0.0
20200907:1210,20366.5,523.0,49.94,20.51,0.83,0.0
20200907:1310,14414.0,370.0,44.95,20.98,1.45,0.0
20200907:1410,18804.0,477.0,37.2,21.34,2.21,0.0
20200907:1510,14974.5,386.0,27.82,21.63,2.34,0.0
20200907:1610,8253.0,232.0,17.58,21.38,2.28,0.0
20200907:1710,1712.0,69.0,7.02,20.98,2.21,0.0
20200907:1810,0.0,0.0,0.0,20.09,1.52,0.0
20200907:1910,0.0,0.0,0.0,19.48,1.24,0.0
20200907:2010,0.0,0.0,0.0,18.98,1.17,0.0
20200907:2110,0.0,0.0,0.0,18.88,1.1,0.0
20200907:2210,0.0,0.0,0.0,18.77,1.1,0.0
20200907:2310,0.0,0.0,0.0,18.36,1.1,0.0
20200908:0010,0.0,0.0,0.0,17.54,1.24,0.0
20200908:0110,0.0,0.0,0.0,17.24,1.24,0.0
20200908:0210,0.0,0.0,0.0,16.94,1.31,0.0
20200908:0310,0.0,0.0,0.0,16.86,1.24,0.0
20200908:0410,0.0,0.0,0.0,16.57,1.17,0.0
20200908:0510,0.0,0.0,0.0,16.59,1.17,0.0
20200908:0610,4571.0,143.0,12.07,17.15,1.1,0.0
20200908:0710,11783.5,311.0,22.52,19.09,1.31,0.0
20200908:0810,18287.5,465.0,32.38,20.29,1.66,0.0
20200908:0910,24412.5,622.01,41.04,21.59,1.79,0.0
20200908:1010,26949.0,696.01,47.53,22.62,1.52,0.0
20200908:1110,22257.5,576.0,50.65,23.71,1.66,0.0
20200908:1210,23645.5,614.01,49.56,24.34,1.66,0.0
20200908:1310,24926.5,649.01,44.57,24.89,1.52,0.0
20200908:1410,21201.5,552.01,36.84,25.4,1.45,0.0
20200908:1510,15657.0,414.0,27.48,25.45,1.52,0.0
20200908:1610,8114.0,235.0,17.25,25.43,1.45,0.0
20200908:1710,1524.5,64.0,6.69,24.42,0.76,0.0
20200908:1810,0.0,0.0,0.0,24.09,0.41,0.0
20200908:1910,0.0,0.0,0.0,21.29,1.24,0.0
20200908:2010,0.0,0.0,0.0,20.79,1.1,0.0
20200908:2110,0.0,0.0,0.0,20.84,0.97,0.0
20200908:2210,0.0,0.0,0.0,20.99,0.69,0.0
20200908:2310,0.0,0.0,0.0,20.51,0.48,0.0
20200909:0010,0.0,0.0,0.0,19.95,0.55,0.0
20200909:0110,0.0,0.0,0.0,19.38,0.62,0.0
20200909:0210,0.0,0.0,0.0,18.94,0.69,0.0
20200909:0310,0.0,0.0,0.0,18.32,0.83,0.0
20200909:0410,0.0,0.0,0.0,16.82,1.1,0.0
20200909:0510,0.0,0.0,0.0,15.58,1.38,0.0
20200909:0610,4363.0,136.0,11.87,16.05,1.1,0.0
20200909:0710,11649.0,311.0,22.31,20.08,0.62,0.0
20200909:0810,17794.5,460.0,32.15,22.02,0.83,0.0
20200909:0910,10350.0,273.0,40.76,22.96,0.9,0.0
20200909:1010,21621.0,566.0,47.2,23.9,0.62,0.0
20200909:1110,26300.0,700.01,50.28,24.8,0.41,0.0
20200909:1210,27215.5,726.01,49.17,25.27,0.48,0.0
20200909:1310,24391.0,648.01,44.2,25.52,0.34,0.0
20200909:1410,19741.5,521.01,36.48,25.7,0.41,0.0
20200909:1510,11089.0,298.0,27.14,25.94,0.34,0.0
20200909:1610,3733.5,112.0,16.92,25.8,0.41,0.0
20200909:1710,1311.0,55.0,6.36,24.84,0.69,0.0
20200909:1810,0.0,0.0,0.0,23.2,0.97,0.0
20200909:1910,0.0,0.0,0.0,23.97,0.76,0.0
20200909:2010,0.0,0.0,0.0,22.24,1.03,0.0
20200909:2110,0.0,0.0,0.0,20.34,1.52,0.0
20200909:2210,0.0,0.0,0.0,19.36,1.52,0.0
20200909:2310,0.0,0.0,0.0,18.8,1.38,0.0
20200910:0010,0.0,0.0,0.0,18.13,1.38,0.0
20200910:0110,0.0,0.0,0.0,17.87,1.24,0.0
20200910:0210,0.0,0.0,0.0,17.74,1.17,0.0
20200910:0310,0.0,0.0,0.0,18.49,0.83,0.0
20200910:0410,0.0,0.0,0.0,17.59,0.9,0.0
20200910:0510,0.0,0.0,0.0,17.22,0.9,0.0
20200910:0610,3948.0,124.0,11.67,18.17,0.62,0.0
20200910:0710,10540.0,281.0,22.1,19.8,0.62,0.0
20200910:0810,17137.0,444.0,31.91,22.13,0.69,0.0
20200910:0910,22876.5,599.01,40.49,24.07,0.55,0.0
20200910:1010,25154.5,671.01,46.88,25.28,0.21,0.0
20200910:1110,26076.5,702.01,49.91,26.29,0.21,0.0
20200910:1210,23067.5,617.01,48.78,26.99,0.41,0.0
20200910:1310,22719.0,606.01,43.82,27.46,0.55,0.0
20200910:1410,14157.5,379.0,36.12,27.77,0.21,0.0
20200910:1510,3569.5,108.0,26.79,27.67,0.14,0.0
20200910:1610,6209.0,181.0,16.59,25.91,0.34,0.0
20200910:1710,1232.0,55.0,6.03,24.5,0.83,0.0
20200910:1810,0.0,0.0,0.0,23.19,1.52,0.0
20200910:1910,0.0,0.0,0.0,22.21,1.31,0.0
20200910:2010,0.0,0.0,0.0,21.36,1.17,0.0
20200910:2110,0.0,0.0,0.0,20.64,1.17,0.0
20200910:2210,0.0,0.0,0.0,19.61,1.38,0.0
20200910:2310,0.0,0.0,0.0,19.19,1.45,0.0
20200911:0010,0.0,0.0,0.0,18.57,1.52,0.0
20200911:0110,0.0,0.0,0.0,18.13,1.38,0.0
20200911:0210,0.0,0.0,0.0,17.83,1.17,0.0
20200911:0310,0.0,0.0,0.0,17.74,0.9,0.0
20200911:0410,0.0,0.0,0.0,17.88,0.69,0.0
20200911:0510,0.0,0.0,0.0,17.61,0.76,0.0
20200911:0610,1541.5,53.0,11.47,17.77,0.76,0.0
20200911:0710,628.0,28.0,21.88,19.8,1.1,0.0
20200911:0810,1302.5,47.0,31.67,20.79,1.31,0.0
20200911:0910,2722.5,84.0,40.21,21.96,1.24,0.0
20200911:1010,3270.5,98.0,46.55,22.69,1.38,0.0
20200911:1110,5511.0,154.0,49.53,23.65,1.17,0.0
20200911:1210,12573.0,331.0,48.39,24.45,0.97,0.0
20200911:1310,15648.5,411.0,43.43,25.3,0.83,0.0
20200911:1410,10842.0,289.0,35.76,25.72,0.76,0.0
20200911:1510,13790.0,369.0,26.45,26.08,0.9,0.0
20200911:1610,5980.5,175.0,16.25,25.88,0.97,0.0
20200911:1710,953.0,44.6,5.69,24.76,0.69,0.0
20200911:1810,0.0,0.0,0.0,24.24,0.48,0.0
20200911:1910,0.0,0.0,0.0,23.28,0.69,0.0
20200911:2010,0.0,0.0,0.0,21.97,0.9,0.0
20200911:2110,0.0,0.0,0.0,21.24,0.97,0.0
20200911:2210,0.0,0.0,0.0,21.05,0.9,0.0
20200911:2310,0.0,0.0,0.0,20.92,0.83,0.0
20200912:0010,0.0,0.0,0.0,19.62,0.97,0.0
20200912:0110,0.0,0.0,0.0,19.16,0.9,0.0
20200912:0210,0.0,0.0,0.0,18.69,0.97,0.0
20200912:0310,0.0,0.0,0.0,18.14,1.03,0.0
20200912:0410,0.0,0.0,0.0,17.44,1.1,0.0
20200912:0510,0.0,0.0,0.0,17.13,1.1,0.0
20200912:0610,3981.5,128.0,11.26,17.92,0.83,0.0
20200912:0710,11546.5,310.0,21.67,19.99,0.69,0.0
20200912:0810,18201.5,473.01,31.43,22.51,0.69,0.0
20200912:0910,23357.5,612.01,39.93,24.27,0.62,0.0
20200912:1010,26529.5,704.01,46.22,25.6,0.69,0.0
20200912:1110,27624.0,737.01,49.16,26.6,0.9,0.0
20200912:1210,26981.0,721.01,48.0,27.27,0.9,0.0
20200912:1310,24788.0,660.01,43.05,27.9,0.97,0.0
20200912:1410,20463.5,542.01,35.4,28.11,1.17,0.0
20200912:1510,14374.5,388.0,26.1,28.09,1.31,0.0
20200912:1610,7023.5,211.0,15.92,27.66,1.03,0.0
20200912:1710,827.0,40.96,5.36,26.49,1.1,0.0
20200912:1810,0.0,0.0,0.0,24.56,1.31,0.0
20200912:1910,0.0,0.0,0.0,25.74,0.48,0.0
20200912:2010,0.0,0.0,0.0,24.98,0.41,0.0
20200912:2110,0.0,0.0,0.0,24.36,0.34,0.0
20200912:2210,0.0,0.0,0.0,23.88,0.55,0.0
20200912:2310,0.0,0.0,0.0,23.16,0.76,0.0
20200913:0010,0.0,0.0,0.0,22.62,0.76,0.0
20200913:0110,0.0,0.0,0.0,22.0,0.97,0.0
20200913:0210,0.0,0.0,0.0,20.47,1.17,0.0
20200913:0310,0.0,0.0,0.0,19.36,1.38,0.0
20200913:0410,0.0,0.0,0.0,18.15,1.52,0.0
20200913:0510,0.0,0.0,0.0,17.68,1.45,0.0
20200913:0610,3981.5,130.0,11.06,18.65,0.97,0.0
20200913:0710,11095.5,299.0,21.45,20.99,0.9,0.0
20200913:0810,17879.5,465.01,31.19,23.32,1.03,0.0
20200913:0910,23174.5,605.01,39.64,25.26,1.24,0.0
20200913:1010,26605.0,704.01,45.89,26.77,1.24,0.0
20200913:1110,27508.0,736.01,48.78,27.86,1.1,0.0
20200913:1210,26989.0,725.01,47.61,28.67,1.03,0.0
20200913:1310,24621.5,658.01,42.67,29.23,1.17,0.0
20200913:1410,20284.5,540.01,35.03,29.5,1.38,0.0
20200913:1510,14098.5,383.0,25.75,29.47,1.59,0.0
20200913:1610,6758.0,205.0,15.58,28.91,1.38,0.0
20200913:1710,731.5,37.46,5.03,27.74,0.83,0.0
20200913:1810,0.0,0.0,0.0,27.18,0.55,0.0
20200913:1910,0.0,0.0,0.0,23.89,1.31,0.0
20200913:2010,0.0,0.0,0.0,22.86,1.38,0.0
20200913:2110,0.0,0.0,0.0,22.99,1.1,0.0
20200913:2210,0.0,0.0,0.0,23.16,1.03,0.0
20200913:2310,0.0,0.0,0.0,22.18,1.03,0.0
20200914:0010,0.0,0.0,0.0,21.11,1.17,0.0
20200914:0110,0.0,0.0,0.0,20.66,1.1,0.0
20200914:0210,0.0,0.0,0.0,19.66,1.24,0.0
20200914:0310,0.0,0.0,0.0,19.21,1.24,0.0
20200914:0410,0.0,0.0,0.0,18.4,1.31,0.0
20200914:0510,0.0,0.0,0.0,17.67,1.31,0.0
20200914:0610,3518.0,113.0,10.85,17.96,1.1,0.0
20200914:0710,10957.5,297.0,21.23,21.54,0.83,0.0
20200914:0810,14241.0,374.0,30.94,24.39,0.76,0.0
20200914:0910,22542.5,595.01,39.36,26.26,0.76,0.0
20200914:1010,23868.5,634.01,45.55,27.38,0.97,0.0
20200914:1110,27004.0,721.01,48.41,28.3,1.31,0.0
20200914:1210,26842.5,713.01,47.21,28.83,1.79,0.0
20200914:1310,24533.0,647.01,42.28,28.92,2.07,0.0
20200914:1410,19837.0,523.01,34.66,29.0,2.14,0.0
20200914:1510,13466.0,364.0,25.4,28.84,2.14,0.0
20200914:1610,2706.5,86.0,15.24,28.14,1.86,0.0
20200914:1710,265.5,17.0,4.69,26.46,1.31,0.0
20200914:1810,0.0,0.0,0.0,25.58,1.03,0.0
20200914:1910,0.0,0.0,0.0,24.08,0.9,0.0
20200914:2010,0.0,0.0,0.0,22.52,1.17,0.0
20200914:2110,0.0,0.0,0.0,21.71,1.24,0.0
20200914:2210,0.0,0.0,0.0,21.15,1.17,0.0
20200914:2310,0.0,0.0,0.0,20.56,1.1,0.0
20200915:0010,0.0,0.0,0.0,19.85,1.17,0.0
20200915:0110,0.0,0.0,0.0,19.14,1.17,0.0
20200915:0210,0.0,0.0,0.0,18.31,1.31,0.0
20200915:0310,0.0,0.0,0.0,17.69,1.52,0.0
20200915:0410,0.0,0.0,0.0,17.3,1.66,0.0
20200915:0510,0.0,0.0,0.0,16.9,1.66,0.0
20200915:0610,3498.5,113.0,10.65,17.23,1.45,0.0
20200915:0710,10442.5,281.0,21.01,20.63,1.24,0.0
20200915:0810,17613.0,457.01,30.7,22.92,1.17,0.0
20200915:0910,22923.0,599.01,39.07,24.93,1.03,0.0
20200915:1010,26051.0,695.01,45.22,26.26,0.55,0.0
20200915:1110,26765.0,722.01,48.03,27.25,0.41,0.0
20200915:1210,26480.0,714.01,46.82,27.93,0.55,0.0
20200915:1310,23575.5,632.01,41.89,28.43,0.62,0.0
20200915:1410,19636.0,525.01,34.3,28.67,0.69,0.0
20200915:1510,13620.5,373.0,25.05,28.56,0.48,0.0
20200915:1610,6327.5,195.0,14.9,28.21,0.28,0.0
20200915:1710,546.5,31.05,4.35,27.21,0.48,0.0
20200915:1810,0.0,0.0,0.0,25.26,0.9,0.0
20200915:1910,0.0,0.0,0.0,25.13,0.28,0.0
20200915:2010,0.0,0.0,0.0,24.35,0.34,0.0
20200915:2110,0.0,0.0,0.0,23.77,0.28,0.0
20200915:2210,0.0,0.0,0.0,23.18,0.14,0.0
20200915:2310,0.0,0.0,0.0,22.6,0.21,0.0
20200916:0010,0.0,0.0,0.0,21.93,0.28,0.0
20200916:0110,0.0,0.0,0.0,21.02,0.62,0.0
20200916:0210,0.0,0.0,0.0,20.62,0.41,0.0
20200916:0310,0.0,0.0,0.0,19.4,0.9,0.0
20200916:0410,0.0,0.0,0.0,18.88,0.62,0.0
20200916:0510,0.0,0.0,0.0,18.16,0.9,0.0
20200916:0610,3674.5,124.0,10.44,18.11,0.62,0.0
20200916:0710,11511.0,312.0,20.79,19.91,0.9,0.0
20200916:0810,17664.5,458.01,30.45,22.27,0.97,0.0
20200916:0910,22576.0,589.01,38.78,24.55,0.97,0.0
20200916:1010,25654.5,683.01,44.88,26.13,0.55,0.0
20200916:1110,26575.5,718.01,47.65,27.21,0.28,0.0
20200916:1210,26105.5,701.01,46.42,28.15,0.76,0.0
20200916:1310,23628.5,634.01,41.51,28.49,0.55,0.0
20200916:1410,19005.5,510.01,33.93,28.75,0.41,0.0
20200916:1510,12669.0,349.0,24.7,28.77,0.07,0.0
20200916:1610,6160.5,191.0,14.55,27.89,1.03,0.0
20200916:1710,483.0,29.81,4.01,26.55,0.83,0.0
20200916:1810,0.0,0.0,0.0,26.77,0.55,0.0
20200916:1910,0.0,0.0,0.0,22.61,1.79,0.0
20200916:2010,0.0,0.0,0.0,21.12,1.66,0.0
20200916:2110,0.0,0.0,0.0,20.63,1.45,0.0
20200916:2210,0.0,0.0,0.0,20.14,1.31,0.0
20200916:2310,0.0,0.0,0.0,20.39,1.03,0.0
20200917:0010,0.0,0.0,0.0,20.71,0.55,0.0
20200917:0110,0.0,0.0,0.0,20.05,0.14,0.0
20200917:0210,0.0,0.0,0.0,19.58,0.41,0.0
20200917:0310,0.0,0.0,0.0,19.38,0.34,0.0
20200917:0410,0.0,0.0,0.0,19.15,0.48,0.0
20200917:0510,0.0,0.0,0.0,18.86,0.55,0.0
20200917:0610,3380.0,113.0,10.23,18.79,0.55,0.0
20200917:0710,10726.5,291.0,20.57,20.23,0.76,0.0
20200917:0810,17483.5,454.01,30.2,22.87,1.17,0.0
20200917:0910,22749.5,591.01,38.49,24.84,1.45,0.0
20200917:1010,25992.5,686.01,44.54,26.53,1.24,0.0
20200917:1110,26448.0,709.01,47.27,27.8,0.83,0.0
20200917:1210,25934.0,700.01,46.02,28.69,0.62,0.0
20200917:1310,23500.0,632.01,41.12,29.36,0.69,0.0
20200917:1410,19010.0,513.01,33.56,29.55,0.34,0.0
20200917:1510,12829.0,355.0,24.34,29.55,0.28,0.0
20200917:1610,5821.5,182.0,14.21,28.51,0.34,0.0
20200917:1710,369.0,23.85,3.67,27.53,0.41,0.0
20200917:1810,0.0,0.0,0.0,26.93,0.28,0.0
20200917:1910,0.0,0.0,0.0,23.04,1.45,0.0
20200917:2010,0.0,0.0,0.0,22.21,1.38,0.0
20200917:2110,0.0,0.0,0.0,21.96,1.17,0.0
20200917:2210,0.0,0.0,0.0,21.17,1.24,0.0
20200917:2310,0.0,0.0,0.0,20.97,1.17,0.0
20200918:0010,0.0,0.0,0.0,20.07,1.24,0.0
20200918:0110,0.0,0.0,0.0,19.33,1.31,0.0
20200918:0210,0.0,0.0,0.0,18.69,1.31,0.0
20200918:0310,0.0,0.0,0.0,18.71,1.1,0.0
20200918:0410,0.0,0.0,0.0,18.41,1.1,0.0
20200918:0510,0.0,0.0,0.0,17.75,1.17,0.0
20200918:0610,3196.0,107.0,10.02,18.02,0.97,0.0
20200918:0710,10352.5,281.0,20.34,20.14,0.76,0.0
20200918:0810,16972.0,442.01,29.95,22.69,0.83,0.0
20200918:0910,22500.0,587.01,38.2,24.68,1.03,0.0
20200918:1010,25686.5,677.01,44.2,25.98,1.1,0.0
20200918:1110,26756.0,712.01,46.89,27.02,1.03,0.0
20200918:1210,26058.0,694.01,45.62,27.74,1.1,0.0
20200918:1310,23753.0,630.01,40.73,28.21,1.24,0.0
20200918:1410,19104.5,507.01,33.18,28.32,1.24,0.0
20200918:1510,12087.0,330.0,23.99,28.27,1.31,0.0
20200918:1610,5618.0,176.0,13.87,27.68,1.31,0.0
20200918:1710,275.5,19.35,3.33,26.21,0.9,0.0
20200918:1810,0.0,0.0,0.0,25.1,0.83,0.0
20200918:1910,0.0,0.0,0.0,22.55,1.86,0.0
20200918:2010,0.0,0.0,0.0,21.32,1.93,0.0
20200918:2110,0.0,0.0,0.0,20.49,1.72,0.0
20200918:2210,0.0,0.0,0.0,19.75,1.79,0.0
20200918:2310,0.0,0.0,0.0,19.21,1.79,0.0
20200919:0010,0.0,0.0,0.0,18.87,1.59,0.0
20200919:0110,0.0,0.0,0.0,18.71,1.38,0.0
20200919:0210,0.0,0.0,0.0,18.38,1.38,0.0
20200919:0310,0.0,0.0,0.0,18.15,1.38,0.0
20200919:0410,0.0,0.0,0.0,17.79,1.52,0.0
20200919:0510,0.0,0.0,0.0,17.54,1.52,0.0
20200919:0610,1566.0,54.0,9.81,17.94,1.38,0.0
20200919:0710,6537.5,178.0,20.12,19.61,1.45,0.0
20200919:0810,7795.0,207.0,29.7,20.54,1.66,0.0
20200919:0910,15377.0,393.0,37.91,21.15,1.72,0.0
20200919:1010,20170.0,515.0,43.86,21.96,1.86,0.0
20200919:1110,25454.5,654.01,46.51,22.62,1.79,0.0
20200919:1210,25975.5,670.01,45.23,23.13,1.66,0.0
20200919:1310,19200.0,495.0,40.34,23.71,1.66,0.0
20200919:1410,14944.5,389.0,32.81,24.01,1.31,0.0
20200919:1510,12147.5,326.0,23.63,24.1,1.17,0.0
20200919:1610,3434.5,105.0,13.52,23.83,1.31,0.0
20200919:1710,41.5,8.0,2.99,22.84,1.24,0.0
20200919:1810,0.0,0.0,0.0,21.73,1.66,0.0
20200919:1910,0.0,0.0,0.0,20.83,1.17,0.0
20200919:2010,0.0,0.0,0.0,20.32,0.97,0.0
20200919:2110,0.0,0.0,0.0,19.6,1.03,0.0
20200919:2210,0.0,0.0,0.0,19.06,1.1,0.0
20200919:2310,0.0,0.0,0.0,18.96,0.97,0.0
20200920:0010,0.0,0.0,0.0,19.35,0.83,0.0
20200920:0110,0.0,0.0,0.0,19.05,0.83,0.0
20200920:0210,0.0,0.0,0.0,18.12,1.17,0.0
20200920:0310,0.0,0.0,0.0,17.89,1.1,0.0
20200920:0410,0.0,0.0,0.0,17.5,1.17,0.0
20200920:0510,0.0,0.0,0.0,17.16,1.17,0.0
20200920:0610,991.0,38.0,9.6,17.3,0.9,0.0
20200920:0710,8453.0,228.0,19.89,18.44,0.55,0.0
20200920:0810,7511.5,200.0,29.44,19.64,0.76,0.0
20200920:0910,8324.5,220.0,37.61,20.13,0.97,0.0
20200920:1010,16149.5,414.0,43.52,21.09,1.24,0.0
20200920:1110,25546.0,660.01,46.12,21.96,1.1,0.0
20200920:1210,18309.5,474.0,44.83,22.25,0.69,0.0
20200920:1310,13771.0,359.0,39.95,22.69,0.55,0.0
20200920:1410,13136.0,344.0,32.44,23.01,0.41,0.0
20200920:1510,10900.0,293.0,23.28,22.73,0.21,0.0
20200920:1610,5502.0,172.0,13.18,21.34,0.83,0.0
20200920:1710,64.5,9.0,2.65,20.28,1.17,0.0
20200920:1810,0.0,0.0,0.0,19.8,1.03,0.0
20200920:1910,0.0,0.0,0.0,21.13,0.34,0.0
20200920:2010,0.0,0.0,0.0,20.69,0.41,0.0
20200920:2110,0.0,0.0,0.0,19.2,0.9,0.0
20200920:2210,0.0,0.0,0.0,18.6,0.97,0.0
20200920:2310,0.0,0.0,0.0,17.65,1.17,0.0
20200921:0010,0.0,0.0,0.0,17.92,0.97,0.0
20200921:0110,0.0,0.0,0.0,17.65,0.97,0.0
20200921:0210,0.0,0.0,0.0,16.73,1.31,0.0
20200921:0310,0.0,0.0,0.0,16.65,1.1,0.0
20200921:0410,0.0,0.0,0.0,17.32,0.83,0.0
20200921:0510,0.0,0.0,0.0,17.65,0.69,0.0
20200921:0610,89.5,10.0,9.38,17.71,0.55,0.0
20200921:0710,773.0,32.0,19.66,17.86,0.55,0.0
20200921:0810,1055.5,40.0,29.19,18.88,0.9,0.0
20200921:0910,1499.0,52.0,37.32,19.6,0.97,0.0
20200921:1010,1796.5,60.0,43.17,20.59,0.83,0.0
20200921:1110,5807.5,160.0,45.74,21.39,0.62,0.0
20200921:1210,14073.0,367.0,44.43,22.19,0.28,0.0
20200921:1310,17532.5,458.0,39.56,22.65,0.0,0.0
20200921:1410,15084.5,394.0,32.07,22.89,0.34,0.0
20200921:1510,9817.0,264.0,22.92,22.85,0.62,0.0
20200921:1610,4976.0,156.0,12.84,22.62,0.76,0.0
20200921:1710,0.0,0.0,0.0,21.55,0.69,0.0
20200921:1810,0.0,0.0,0.0,20.67,1.17,0.0
20200921:1910,0.0,0.0,0.0,19.97,0.76,0.0
20200921:2010,0.0,0.0,0.0,20.1,0.62,0.0
20200921:2110,0.0,0.0,0.0,18.59,1.1,0.0
20200921:2210,0.0,0.0,0.0,18.27,1.03,0.0
20200921:2310,0.0,0.0,0.0,19.1,0.76,0.0
20200922:0010,0.0,0.0,0.0,19.13,0.62,0.0
20200922:0110,0.0,0.0,0.0,18.02,0.9,0.0
20200922:0210,0.0,0.0,0.0,17.62,0.97,0.0
20200922:0310,0.0,0.0,0.0,17.13,1.03,0.0
20200922:0410,0.0,0.0,0.0,17.05,0.97,0.0
20200922:0510,0.0,0.0,0.0,17.1,0.9,0.0
20200922:0610,1787.0,61.0,9.17,17.45,0.62,0.0
20200922:0710,4871.0,136.0,19.43,18.35,0.55,0.0
20200922:0810,12872.5,331.0,28.93,18.82,0.69,0.0
20200922:0910,9204.5,241.0,37.02,19.49,0.69,0.0
20200922:1010,6488.5,176.0,42.83,20.43,0.48,0.0
20200922:1110,8705.5,231.0,45.35,21.27,0.55,0.0
20200922:1210,4614.5,131.0,44.03,21.79,0.62,0.0
20200922:1310,10486.0,275.0,39.16,22.14,1.1,0.0
20200922:1410,12756.0,331.0,31.69,21.88,1.1,0.0
20200922:1510,7012.5,190.0,22.56,21.17,1.1,0.0
20200922:1610,2648.5,83.0,12.49,20.56,0.76,0.0
20200922:1710,0.0,0.0,0.0,19.91,0.21,0.0
20200922:1810,0.0,0.0,0.0,18.69,0.9,0.0
20200922:1910,0.0,0.0,0.0,17.87,0.76,0.0
20200922:2010,0.0,0.0,0.0,17.25,0.76,0.0
20200922:2110,0.0,0.0,0.0,16.78,0.83,0.0
20200922:2210,0.0,0.0,0.0,16.61,0.83,0.0
20200922:2310,0.0,0.0,0.0,16.24,0.97,0.0
20200923:0010,0.0,0.0,0.0,16.28,0.76,0.0
20200923:0110,0.0,0.0,0.0,16.4,0.55,0.0
20200923:0210,0.0,0.0,0.0,16.32,0.41,0.0
20200923:0310,0.0,0.0,0.0,16.23,0.14,0.0
20200923:0410,0.0,0.0,0.0,16.19,0.28,0.0
20200923:0510,0.0,0.0,0.0,15.35,0.69,0.0
20200923:0610,1954.5,66.0,8.96,16.01,0.28,0.0
20200923:0710,3805.0,109.0,19.2,16.98,0.48,0.0
20200923:0810,9841.5,256.0,28.67,18.02,0.14,0.0
20200923:0910,21364.5,544.01,36.72,19.37,0.83,0.0
20200923:1010,20299.0,520.01,42.48,20.71,0.9,0.0
20200923:1110,22523.0,583.01,44.97,21.98,0.76,0.0
20200923:1210,23342.5,606.01,43.63,22.74,0.83,0.0
20200923:1310,21761.5,563.01,38.77,23.25,1.1,0.0
20200923:1410,18049.0,467.01,31.32,23.46,1.66,0.0
20200923:1510,12201.5,329.0,22.21,23.32,1.79,0.0
20200923:1610,4695.0,151.0,12.15,22.71,1.72,0.0
20200923:1710,0.0,0.0,0.0,21.61,1.03,0.0
20200923:1810,0.0,0.0,0.0,20.16,1.24,0.0
20200923:1910,0.0,0.0,0.0,20.65,0.62,0.0
20200923:2010,0.0,0.0,0.0,20.35,0.48,0.0
20200923:2110,0.0,0.0,0.0,19.83,0.62,0.0
20200923:2210,0.0,0.0,0.0,19.57,0.41,0.0
20200923:2310,0.0,0.0,0.0,19.34,0.41,0.0
20200924:0010,0.0,0.0,0.0,18.18,0.9,0.0
20200924:0110,0.0,0.0,0.0,17.54,0.97,0.0
20200924:0210,0.0,0.0,0.0,16.9,1.1,0.0
20200924:0310,0.0,0.0,0.0,16.65,1.1,0.0
20200924:0410,0.0,0.0,0.0,16.44,1.1,0.0
20200924:0510,0.0,0.0,0.0,16.32,1.17,0.0
20200924:0610,1777.5,61.0,8.74,16.63,0.97,0.0
20200924:0710,1023.0,39.0,18.97,18.23,1.1,0.0
20200924:0810,4595.0,129.0,28.41,19.38,1.17,0.0
20200924:0910,11661.5,301.0,36.42,19.84,0.97,0.0
20200924:1010,13386.0,345.0,42.13,20.67,0.97,0.0
20200924:1110,13927.0,360.0,44.58,21.58,1.03,0.0
20200924:1210,21827.5,564.01,43.23,22.27,0.9,0.0
20200924:1310,11746.0,308.0,38.38,22.69,0.55,0.0
20200924:1410,1365.0,49.0,30.95,22.33,0.76,0.0
20200924:1510,4401.5,126.0,21.85,21.92,0.41,0.0
20200924:1610,162.5,13.0,11.8,21.35,1.24,0.0
20200924:1710,0.0,0.0,0.0,20.14,1.24,0.0
20200924:1810,0.0,0.0,0.0,19.07,1.17,0.0
20200924:1910,0.0,0.0,0.0,18.64,1.03,0.0
20200924:2010,0.0,0.0,0.0,18.46,0.97,0.0
20200924:2110,0.0,0.0,0.0,18.29,0.97,0.0
20200924:2210,0.0,0.0,0.0,18.06,1.31,0.0
20200924:2310,0.0,0.0,0.0,17.5,1.24,0.0
20200925:0010,0.0,0.0,0.0,16.93,0.9,0.0
20200925:0110,0.0,0.0,0.0,16.89,0.34,0.0
20200925:0210,0.0,0.0,0.0,16.42,0.41,0.0
20200925:0310,0.0,0.0,0.0,15.92,0.69,0.0
20200925:0410,0.0,0.0,0.0,15.5,0.83,0.0
20200925:0510,0.0,0.0,0.0,15.33,0.9,0.0
20200925:0610,2405.5,84.0,8.52,15.42,0.76,0.0
20200925:0710,2320.0,72.0,18.74,15.86,1.1,0.0
20200925:0810,1034.5,39.0,28.15,16.08,0.76,0.0
20200925:0910,11968.5,305.0,36.12,16.83,0.62,0.0
20200925:1010,22857.5,580.01,41.78,18.8,1.03,0.0
20200925:1110,18125.0,458.0,44.2,20.02,2.28,0.0
20200925:1210,4136.5,118.0,42.83,20.43,3.24,0.0
20200925:1310,20917.0,522.01,37.99,20.3,3.86,0.0
20200925:1410,15762.0,397.0,30.57,19.25,3.24,0.0
20200925:1510,9045.5,239.0,21.5,18.79,2.07,0.0
20200925:1610,3821.0,119.0,11.46,18.31,0.97,0.0
20200925:1710,0.0,0.0,0.0,17.27,1.31,0.0
20200925:1810,0.0,0.0,0.0,15.64,1.66,0.0
20200925:1910,0.0,0.0,0.0,14.94,2.76,0.0
20200925:2010,0.0,0.0,0.0,14.68,3.1,0.0
20200925:2110,0.0,0.0,0.0,14.26,3.31,0.0
20200925:2210,0.0,0.0,0.0,14.15,3.59,0.0
20200925:2310,0.0,0.0,0.0,13.93,3.66,0.0
20200926:0010,0.0,0.0,0.0,13.62,3.66,0.0
20200926:0110,0.0,0.0,0.0,13.48,3.66,0.0
20200926:0210,0.0,0.0,0.0,13.04,3.45,0.0
20200926:0310,0.0,0.0,0.0,12.65,3.24,0.0
20200926:0410,0.0,0.0,0.0,12.18,3.17,0.0
20200926:0510,0.0,0.0,0.0,11.75,3.17,0.0
20200926:0610,2850.0,105.0,8.31,11.64,3.17,0.0
20200926:0710,10779.5,287.0,18.5,12.95,2.9,0.0
20200926:0810,18184.5,451.01,27.88,15.19,3.52,0.0
20200926:0910,24359.5,596.01,35.81,16.65,4.28,0.0
20200926:1010,27872.0,685.01,41.43,17.59,4.14,0.0
20200926:1110,28387.0,702.01,43.81,18.36,3.93,0.0
20200926:1210,27250.5,677.01,42.43,18.92,3.59,0.0
20200926:1310,24856.0,620.01,37.6,19.14,3.1,0.0
20200926:1410,19640.5,496.01,30.2,19.32,2.62,0.0
20200926:1510,12340.5,328.01,21.14,19.17,2.14,0.0
20200926:1610,4538.5,148.0,11.11,18.4,1.38,0.0
20200926:1710,0.0,0.0,0.0,17.15,0.83,0.0
20200926:1810,0.0,0.0,0.0,15.67,0.9,0.0
20200926:1910,0.0,0.0,0.0,13.92,1.31,0.0
20200926:2010,0.0,0.0,0.0,12.52,1.52,0.0
20200926:2110,0.0,0.0,0.0,11.51,1.52,0.0
20200926:2210,0.0,0.0,0.0,10.65,1.52,0.0
20200926:2310,0.0,0.0,0.0,9.34,1.59,0.0
20200927:0010,0.0,0.0,0.0,8.46,1.66,0.0
20200927:0110,0.0,0.0,0.0,8.16,1.59,0.0
20200927:0210,0.0,0.0,0.0,8.24,1.31,0.0
20200927:0310,0.0,0.0,0.0,9.53,0.83,0.0
20200927:0410,0.0,0.0,0.0,7.3,1.17,0.0
20200927:0510,0.0,0.0,0.0,7.66,1.03,0.0
20200927:0610,2673.0,99.0,8.09,8.22,0.69,0.0
20200927:0710,10344.5,274.0,18.27,8.85,0.34,0.0
20200927:0810,14619.5,366.0,27.62,12.32,0.28,0.0
20200927:0910,21145.0,527.01,35.51,14.16,0.62,0.0
20200927:1010,26094.5,654.01,41.08,15.56,1.03,0.0
20200927:1110,27079.0,682.01,43.42,16.73,1.24,0.0
20200927:1210,26439.0,665.01,42.03,17.63,1.59,0.0
20200927:1310,23965.5,600.01,37.21,18.18,2.07,0.0
20200927:1410,18926.5,476.01,29.83,18.32,2.62,0.0
20200927:1510,12645.5,336.01,20.79,18.03,2.83,0.0
20200927:1610,4356.5,145.0,10.77,17.19,2.62,0.0
20200927:1710,0.0,0.0,0.0,15.83,2.34,0.0
20200927:1810,0.0,0.0,0.0,14.44,1.93,0.0
20200927:1910,0.0,0.0,0.0,13.17,1.79,0.0
20200927:2010,0.0,0.0,0.0,11.99,1.66,0.0
20200927:2110,0.0,0.0,0.0,11.05,1.52,0.0
20200927:2210,0.0,0.0,0.0,10.32,1.72,0.0
20200927:2310,0.0,0.0,0.0,9.78,1.93,0.0
20200928:0010,0.0,0.0,0.0,9.27,1.86,0.0
20200928:0110,0.0,0.0,0.0,8.48,1.72,0.0
20200928:0210,0.0,0.0,0.0,7.89,1.86,0.0
20200928:0310,0.0,0.0,0.0,7.3,1.72,0.0
20200928:0410,0.0,0.0,0.0,7.52,1.31,0.0
20200928:0510,0.0,0.0,0.0,7.12,1.31,0.0
20200928:0610,2569.0,95.0,7.87,6.68,1.59,0.0
20200928:0710,10290.5,274.0,18.03,10.2,1.59,0.0
20200928:0810,17425.5,435.01,27.35,13.61,1.59,0.0
20200928:0910,23139.5,578.01,35.2,16.31,1.45,0.0
20200928:1010,26115.0,662.01,40.73,18.25,1.17,0.0
20200928:1110,26760.0,687.01,43.04,19.59,0.9,0.0
20200928:1210,26062.0,670.01,41.63,20.55,1.03,0.0
20200928:1310,23381.0,600.01,36.82,21.18,1.17,0.0
20200928:1410,18466.0,476.01,29.46,21.44,1.52,0.0
20200928:1510,11416.0,309.0,20.43,21.25,2.07,0.0
20200928:1610,3928.5,132.0,10.43,20.3,2.34,0.0
20200928:1710,0.0,0.0,0.0,18.55,2.48,0.0
20200928:1810,0.0,0.0,0.0,16.84,2.69,0.0
20200928:1910,0.0,0.0,0.0,15.88,2.41,0.0
20200928:2010,0.0,0.0,0.0,14.85,2.21,0.0
20200928:2110,0.0,0.0,0.0,14.06,1.93,0.0
20200928:2210,0.0,0.0,0.0,13.03,1.59,0.0
20200928:2310,0.0,0.0,0.0,12.52,1.38,0.0
20200929:0010,0.0,0.0,0.0,11.98,1.38,0.0
20200929:0110,0.0,0.0,0.0,11.52,1.24,0.0
20200929:0210,0.0,0.0,0.0,11.24,1.03,0.0
20200929:0310,0.0,0.0,0.0,11.2,0.9,0.0
20200929:0410,0.0,0.0,0.0,11.21,0.69,0.0
20200929:0510,0.0,0.0,0.0,11.08,0.28,0.0
20200929:0610,2223.0,83.0,7.65,10.88,0.21,0.0
20200929:0710,9341.0,254.0,17.79,12.5,0.14,0.0
20200929:0810,16015.0,408.01,27.08,15.14,0.21,0.0
20200929:0910,21223.0,541.01,34.89,17.42,0.14,0.0
20200929:1010,24231.0,622.01,40.38,18.91,0.34,0.0
20200929:1110,25048.0,646.01,42.65,20.15,0.55,0.0
20200929:1210,22903.0,590.01,41.23,21.14,0.76,0.0
20200929:1310,19434.5,500.01,36.43,21.95,1.03,0.0
20200929:1410,14799.0,383.0,29.08,22.07,1.52,0.0
20200929:1510,10406.0,284.0,20.08,21.84,1.66,0.0
20200929:1610,3538.0,122.0,10.09,21.03,1.52,0.0
20200929:1710,0.0,0.0,0.0,19.65,1.66,0.0
20200929:1810,0.0,0.0,0.0,17.87,1.52,0.0
20200929:1910,0.0,0.0,0.0,17.44,0.97,0.0
20200929:2010,0.0,0.0,0.0,16.05,1.1,0.0
20200929:2110,0.0,0.0,0.0,14.82,1.38,0.0
20200929:2210,0.0,0.0,0.0,14.52,1.31,0.0
20200929:2310,0.0,0.0,0.0,14.68,1.1,0.0
20200930:0010,0.0,0.0,0.0,15.12,0.97,0.0
20200930:0110,0.0,0.0,0.0,15.17,0.9,0.0
20200930:0210,0.0,0.0,0.0,15.35,0.41,0.0
20200930:0310,0.0,0.0,0.0,14.88,0.21,0.0
20200930:0410,0.0,0.0,0.0,14.08,0.55,0.0
20200930:0510,0.0,0.0,0.0,13.3,0.76,0.0
20200930:0610,1814.5,66.0,7.42,12.9,0.76,0.0
20200930:0710,9139.0,250.0,17.55,13.44,0.28,0.0
20200930:0810,15856.5,405.01,26.81,15.77,0.34,0.0
20200930:0910,21074.0,538.01,34.58,17.46,0.07,0.0
20200930:1010,24277.0,625.01,40.02,18.74,0.14,0.0
20200930:1110,25240.0,652.01,42.26,19.96,0.41,0.0
20200930:1210,24379.0,631.01,40.83,20.9,0.48,0.0
20200930:1310,21475.5,556.01,36.04,21.38,0.41,0.0
20200930:1410,16019.0,417.01,28.71,21.73,0.69,0.0
20200930:1510,8621.5,236.0,19.73,22.0,0.9,0.0
20200930:1610,3138.5,108.0,9.75,21.37,0.69,0.0
20200930:1710,0.0,0.0,0.0,20.56,0.41,0.0
20200930:1810,0.0,0.0,0.0,19.63,0.07,0.0
20200930:1910,0.0,0.0,0.0,18.0,0.55,0.0
20200930:2010,0.0,0.0,0.0,17.18,0.69,0.0
20200930:2110,0.0,0.0,0.0,16.44,0.83,0.0
20200930:2210,0.0,0.0,0.0,15.34,0.9,0.0
20200930:2310,0.0,0.0,0.0,15.5,0.76,0.0
20201001:0010,0.0,0.0,0.0,15.21,0.69,0.0
20201001:0110,0.0,0.0,0.0,15.07,0.55,0.0
20201001:0210,0.0,0.0,0.0,14.9,0.41,0.0
20201001:0310,0.0,0.0,0.0,14.84,0.07,0.0
20201001:0410,0.0,0.0,0.0,14.76,0.28,0.0
20201001:0510,0.0,0.0,0.0,14.56,0.48,0.0
20201001:0610,845.5,34.0,7.2,14.22,0.62,0.0
20201001:0710,4268.5,120.0,17.31,15.45,0.55,0.0
20201001:0810,11588.5,298.0,26.54,16.83,0.41,0.0
20201001:0910,20019.5,510.01,34.27,17.87,0.28,0.0
20201001:1010,23764.0,612.01,39.67,18.55,0.0,0.0
20201001:1110,24441.5,628.01,41.88,19.7,0.55,0.0
20201001:1210,18792.5,481.0,40.44,19.95,0.62,0.0
20201001:1310,8791.5,232.0,35.65,20.78,0.97,0.0
20201001:1410,14019.0,362.0,28.34,20.9,1.38,0.0
20201001:1510,4308.0,123.0,19.37,20.81,1.52,0.0
20201001:1610,2711.0,92.0,9.41,20.18,1.31,0.0
20201001:1710,0.0,0.0,0.0,19.17,0.9,0.0
20201001:1810,0.0,0.0,0.0,18.01,0.83,0.0
20201001:1910,0.0,0.0,0.0,17.25,1.17,0.0
20201001:2010,0.0,0.0,0.0,16.8,1.17,0.0
20201001:2110,0.0,0.0,0.0,16.42,1.17,0.0
20201001:2210,0.0,0.0,0.0,15.72,1.24,0.0
20201001:2310,0.0,0.0,0.0,15.61,1.24,0.0
20201002:0010,0.0,0.0,0.0,15.99,1.17,0.0
20201002:0110,0.0,0.0,0.0,15.95,1.1,0.0
20201002:0210,0.0,0.0,0.0,15.94,1.24,0.0
20201002:0310,0.0,0.0,0.0,16.02,1.31,0.0
20201002:0410,0.0,0.0,0.0,16.01,1.31,0.0
20201002:0510,0.0,0.0,0.0,15.96,1.31,0.0
20201002:0610,283.5,17.0,6.98,15.89,1.17,0.0
20201002:0710,1341.0,47.0,17.07,15.14,0.76,0.0
20201002:0810,1806.0,59.0,26.27,15.57,1.79,0.0
20201002:0910,2519.5,77.0,33.96,16.3,2.0,0.0
20201002:1010,2552.5,78.0,39.32,16.98,2.41,0.0
20201002:1110,2912.5,87.0,41.49,17.74,3.79,0.0
20201002:1210,1983.0,64.0,40.04,18.25,5.93,0.0
20201002:1310,1784.5,59.0,35.26,18.46,6.14,0.0
20201002:1410,1821.0,60.0,27.98,18.72,5.72,0.0
20201002:1510,1022.5,39.0,19.02,18.71,5.52,0.0
20201002:1610,1097.5,41.0,9.07,18.52,5.59,0.0
20201002:1710,0.0,0.0,0.0,18.32,5.86,0.0
20201002:1810,0.0,0.0,0.0,18.42,6.55,0.0
20201002:1910,0.0,0.0,0.0,17.35,3.86,0.0
20201002:2010,0.0,0.0,0.0,17.92,4.62,0.0
20201002:2110,0.0,0.0,0.0,18.47,6.0,0.0
20201002:2210,0.0,0.0,0.0,18.84,6.69,0.0
20201002:2310,0.0,0.0,0.0,18.94,7.17,0.0
20201003:0010,0.0,0.0,0.0,18.92,7.24,0.0
20201003:0110,0.0,0.0,0.0,19.09,7.1,0.0
20201003:0210,0.0,0.0,0.0,18.92,6.07,0.0
20201003:0310,0.0,0.0,0.0,18.32,5.1,0.0
20201003:0410,0.0,0.0,0.0,17.73,4.76,0.0
20201003:0510,0.0,0.0,0.0,16.7,5.24,0.0
20201003:0610,1064.0,41.0,6.75,15.69,5.72,0.0
20201003:0710,6284.5,170.0,16.83,14.59,4.83,0.0
20201003:0810,16186.5,405.01,26.0,15.84,4.28,0.0
20201003:0910,22263.5,549.01,33.65,17.55,3.93,0.0
20201003:1010,25224.5,631.01,38.96,18.77,2.41,0.0
20201003:1110,26111.5,665.01,41.11,19.07,1.1,0.0
20201003:1210,24684.5,628.01,39.64,19.39,1.17,0.0
20201003:1310,21889.5,558.01,34.88,19.47,0.97,0.0
20201003:1410,16890.0,437.01,27.61,19.42,0.62,0.0
20201003:1510,10097.5,278.01,18.67,19.14,1.31,0.0
20201003:1610,2867.0,105.0,8.74,18.33,1.59,0.0
20201003:1710,0.0,0.0,0.0,16.88,1.59,0.0
20201003:1810,0.0,0.0,0.0,15.25,1.45,0.0
20201003:1910,0.0,0.0,0.0,15.73,0.83,0.0
20201003:2010,0.0,0.0,0.0,15.18,0.48,0.0
20201003:2110,0.0,0.0,0.0,14.71,0.21,0.0
20201003:2210,0.0,0.0,0.0,14.21,0.34,0.0
20201003:2310,0.0,0.0,0.0,13.75,0.14,0.0
20201004:0010,0.0,0.0,0.0,13.13,0.55,0.0
20201004:0110,0.0,0.0,0.0,12.62,0.69,0.0
20201004:0210,0.0,0.0,0.0,12.14,0.69,0.0
20201004:0310,0.0,0.0,0.0,11.7,0.41,0.0
20201004:0410,0.0,0.0,0.0,11.35,0.21,0.0
20201004:0510,0.0,0.0,0.0,10.82,0.14,0.0
20201004:0610,1682.5,69.0,6.53,10.49,0.14,0.0
20201004:0710,7919.5,216.0,16.58,11.72,0.48,0.0
20201004:0810,16064.5,407.01,25.72,13.7,0.76,0.0
20201004:0910,21350.5,533.01,33.34,15.07,0.97,0.0
20201004:1010,23102.0,583.01,38.61,16.63,0.62,0.0
20201004:1110,24788.0,629.01,40.72,17.92,0.83,0.0
20201004:1210,21611.5,549.01,39.25,19.07,0.97,0.0
20201004:1310,2639.0,81.0,34.49,19.55,2.14,0.0
20201004:1410,3509.0,102.0,27.24,18.77,3.17,0.0
20201004:1510,1363.5,48.0,18.33,17.56,1.93,0.0
20201004:1610,923.0,36.0,8.4,16.49,1.79,0.0
20201004:1710,0.0,0.0,0.0,15.26,1.38,0.0
20201004:1810,0.0,0.0,0.0,14.5,0.83,0.0
20201004:1910,0.0,0.0,0.0,13.26,0.69,0.0
20201004:2010,0.0,0.0,0.0,12.62,0.83,0.0
20201004:2110,0.0,0.0,0.0,11.74,1.03,0.0
20201004:2210,0.0,0.0,0.0,11.49,0.83,0.0
20201004:2310,0.0,0.0,0.0,11.59,0.41,0.0
20201005:0010,0.0,0.0,0.0,11.37,0.41,0.0
20201005:0110,0.0,0.0,0.0,10.36,0.83,0.0
20201005:0210,0.0,0.0,0.0,10.18,0.76,0.0
20201005:0310,0.0,0.0,0.0,10.33,0.48,0.0
20201005:0410,0.0,0.0,0.0,9.64,0.69,0.0
20201005:0510,0.0,0.0,0.0,9.08,0.76,0.0
20201005:0610,980.0,38.0,6.3,9.36,0.41,0.0
20201005:0710,4311.0,119.0,16.34,10.89,0.97,0.0
20201005:0810,9063.0,231.0,25.45,12.15,0.41,0.0
20201005:0910,13794.0,345.0,33.02,13.55,0.41,0.0
20201005:1010,14250.5,359.0,38.26,14.68,0.07,0.0
20201005:1110,20289.5,511.01,40.34,15.58,0.28,0.0
20201005:1210,18123.5,459.0,38.86,16.72,0.21,0.0
20201005:1310,15355.0,390.0,34.11,17.28,0.34,0.0
20201005:1410,16869.0,434.01,26.88,17.59,0.62,0.0
20201005:1510,4427.5,125.0,17.98,17.96,0.69,0.0
20201005:1610,2019.5,71.0,8.07,17.47,0.48,0.0
20201005:1710,0.0,0.0,0.0,15.98,0.76,0.0
20201005:1810,0.0,0.0,0.0,14.96,0.76,0.0
20201005:1910,0.0,0.0,0.0,14.24,1.03,0.0
20201005:2010,0.0,0.0,0.0,14.17,0.83,0.0
20201005:2110,0.0,0.0,0.0,13.14,0.83,0.0
20201005:2210,0.0,0.0,0.0,12.74,0.62,0.0
20201005:2310,0.0,0.0,0.0,12.19,0.55,0.0
20201006:0010,0.0,0.0,0.0,11.77,0.41,0.0
20201006:0110,0.0,0.0,0.0,11.25,0.28,0.0
20201006:0210,0.0,0.0,0.0,10.89,0.14,0.0
20201006:0310,0.0,0.0,0.0,10.66,0.21,0.0
20201006:0410,0.0,0.0,0.0,10.51,0.55,0.0
20201006:0510,0.0,0.0,0.0,9.89,0.9,0.0
20201006:0610,866.0,35.0,6.07,9.57,0.97,0.0
20201006:0710,6657.5,181.0,16.09,10.44,0.21,0.0
20201006:0810,11382.0,288.0,25.17,12.61,0.48,0.0
20201006:0910,10819.5,274.0,32.71,14.12,0.48,0.0
20201006:1010,15811.5,397.0,37.9,15.49,0.55,0.0
20201006:1110,13696.5,347.0,39.95,16.65,0.62,0.0
20201006:1210,11387.0,292.0,38.47,17.3,0.41,0.0
20201006:1310,11101.0,286.0,33.73,18.1,0.41,0.0
20201006:1410,7470.0,198.0,26.52,18.55,1.03,0.0
20201006:1510,531.5,25.0,17.64,18.47,1.17,0.0
20201006:1610,1011.0,39.0,7.74,17.69,0.62,0.0
20201006:1710,0.0,0.0,0.0,16.13,0.83,0.0
20201006:1810,0.0,0.0,0.0,15.26,1.24,0.0
20201006:1910,0.0,0.0,0.0,14.43,0.69,0.0
20201006:2010,0.0,0.0,0.0,13.79,0.83,0.0
20201006:2110,0.0,0.0,0.0,12.69,1.24,0.0
20201006:2210,0.0,0.0,0.0,12.0,1.24,0.0
20201006:2310,0.0,0.0,0.0,11.57,1.1,0.0
20201007:0010,0.0,0.0,0.0,11.57,0.83,0.0
20201007:0110,0.0,0.0,0.0,11.1,0.97,0.0
20201007:0210,0.0,0.0,0.0,10.68,0.9,0.0
20201007:0310,0.0,0.0,0.0,11.07,0.34,0.0
20201007:0410,0.0,0.0,0.0,10.45,0.41,0.0
20201007:0510,0.0,0.0,0.0,9.87,0.55,0.0
20201007:0610,1090.5,43.0,5.85,9.5,0.41,0.0
20201007:0710,4489.0,124.0,15.84,11.14,0.21,0.0
20201007:0810,10853.5,277.0,24.9,13.8,0.28,0.0
20201007:0910,15282.0,385.0,32.39,16.16,0.76,0.0
20201007:1010,16811.0,425.0,37.55,18.14,1.1,0.0
20201007:1110,24339.5,619.01,39.57,19.67,1.31,0.0
20201007:1210,23547.0,602.01,38.08,20.5,1.17,0.0
20201007:1310,20688.0,532.01,33.35,20.9,0.9,0.0
20201007:1410,15434.5,404.01,26.16,21.09,0.76,0.0
20201007:1510,8257.5,232.0,17.3,20.89,0.97,0.0
20201007:1610,1807.5,67.0,7.41,19.55,0.83,0.0
20201007:1710,0.0,0.0,0.0,18.66,0.76,0.0
20201007:1810,0.0,0.0,0.0,17.83,0.28,0.0
20201007:1910,0.0,0.0,0.0,18.32,0.14,0.0
20201007:2010,0.0,0.0,0.0,15.78,1.1,0.0
20201007:2110,0.0,0.0,0.0,13.51,1.52,0.0
20201007:2210,0.0,0.0,0.0,12.3,1.52,0.0
20201007:2310,0.0,0.0,0.0,11.75,1.38,0.0
20201008:0010,0.0,0.0,0.0,10.64,1.52,0.0
20201008:0110,0.0,0.0,0.0,10.49,1.31,0.0
20201008:0210,0.0,0.0,0.0,10.17,1.31,0.0
20201008:0310,0.0,0.0,0.0,9.51,1.38,0.0
20201008:0410,0.0,0.0,0.0,9.4,1.17,0.0
20201008:0510,0.0,0.0,0.0,9.02,1.1,0.0
20201008:0610,1047.5,51.04,5.62,8.77,1.1,0.0
20201008:0710,8005.5,225.0,15.59,11.28,0.55,0.0
20201008:0810,15303.0,391.01,24.62,14.22,0.76,0.0
20201008:0910,20490.5,516.01,32.08,16.4,0.9,0.0
20201008:1010,23580.5,599.01,37.19,18.13,0.76,0.0
20201008:1110,24533.5,628.01,39.19,19.47,0.76,0.0
20201008:1210,23177.5,594.01,37.69,20.37,0.9,0.0
20201008:1310,20450.0,526.01,32.97,20.94,0.9,0.0
20201008:1410,15450.0,405.01,25.8,21.18,0.9,0.0
20201008:1510,8423.5,240.0,16.96,21.13,0.9,0.0
20201008:1610,1893.0,76.0,7.08,20.07,0.97,0.0
20201008:1710,0.0,0.0,0.0,17.75,1.38,0.0
20201008:1810,0.0,0.0,0.0,16.18,1.17,0.0
20201008:1910,0.0,0.0,0.0,15.25,1.03,0.0
20201008:2010,0.0,0.0,0.0,14.9,0.76,0.0
20201008:2110,0.0,0.0,0.0,13.96,0.55,0.0
20201008:2210,0.0,0.0,0.0,13.49,0.21,0.0
20201008:2310,0.0,0.0,0.0,13.4,0.21,0.0
20201009:0010,0.0,0.0,0.0,13.22,0.62,0.0
20201009:0110,0.0,0.0,0.0,12.53,0.76,0.0
20201009:0210,0.0,0.0,0.0,12.35,0.76,0.0
20201009:0310,0.0,0.0,0.0,12.38,0.69,0.0
20201009:0410,0.0,0.0,0.0,12.32,0.62,0.0
20201009:0510,0.0,0.0,0.0,12.15,0.76,0.0
20201009:0610,494.5,23.82,5.39,11.67,0.76,0.0
20201009:0710,6243.5,172.0,15.34,10.95,0.34,0.0
20201009:0810,11326.5,288.0,24.34,12.71,0.28,0.0
20201009:0910,10909.0,277.0,31.76,14.56,0.34,0.0
20201009:1010,14807.0,374.0,36.84,16.18,0.41,0.0
20201009:1110,20309.5,515.01,38.81,17.24,0.34,0.0
20201009:1210,17852.5,453.0,37.3,17.84,0.48,0.0
20201009:1310,13196.5,338.0,32.6,18.32,0.41,0.0
20201009:1410,6005.5,163.0,25.44,18.61,0.48,0.0
20201009:1510,4116.5,118.0,16.62,18.5,0.76,0.0
20201009:1610,863.5,35.0,6.76,17.94,1.1,0.0
20201009:1710,0.0,0.0,0.0,16.62,1.31,0.0
20201009:1810,0.0,0.0,0.0,15.29,1.17,0.0
20201009:1910,0.0,0.0,0.0,14.68,0.9,0.0
20201009:2010,0.0,0.0,0.0,14.09,0.83,0.0
20201009:2110,0.0,0.0,0.0,13.75,0.83,0.0
20201009:2210,0.0,0.0,0.0,13.26,0.62,0.0
20201009:2310,0.0,0.0,0.0,12.86,0.48,0.0
20201010:0010,0.0,0.0,0.0,12.56,0.41,0.0
20201010:0110,0.0,0.0,0.0,12.36,0.34,0.0
20201010:0210,0.0,0.0,0.0,12.18,0.41,0.0
20201010:0310,0.0,0.0,0.0,12.1,0.41,0.0
20201010:0410,0.0,0.0,0.0,12.22,0.34,0.0
20201010:0510,0.0,0.0,0.0,12.17,0.34,0.0
20201010:0610,773.5,34.54,5.15,11.87,0.48,0.0
20201010:0710,4664.5,130.0,15.09,12.27,0.48,0.0
20201010:0810,7868.5,205.0,24.06,14.65,0.55,0.0
20201010:0910,7999.0,209.0,31.45,16.31,0.41,0.0
20201010:1010,16660.0,424.0,36.49,17.52,0.14,0.0
20201010:1110,21337.5,547.01,38.43,18.61,0.14,0.0
20201010:1210,20983.0,538.01,36.91,19.32,0.34,0.0
20201010:1310,12814.0,331.0,32.22,19.99,0.48,0.0
20201010:1410,8603.0,228.0,25.09,20.09,0.55,0.0
20201010:1510,6200.0,175.0,16.28,20.0,0.76,0.0
20201010:1610,967.0,39.0,6.44,19.27,1.1,0.0
20201010:1710,0.0,0.0,0.0,17.78,1.24,0.0
20201010:1810,0.0,0.0,0.0,16.48,1.31,0.0
20201010:1910,0.0,0.0,0.0,14.86,1.38,0.0
20201010:2010,0.0,0.0,0.0,13.52,1.45,0.0
20201010:2110,0.0,0.0,0.0,12.73,1.31,0.0
20201010:2210,0.0,0.0,0.0,12.17,1.24,0.0
20201010:2310,0.0,0.0,0.0,12.0,1.17,0.0
20201011:0010,0.0,0.0,0.0,11.34,1.31,0.0
20201011:0110,0.0,0.0,0.0,11.04,1.31,0.0
20201011:0210,0.0,0.0,0.0,11.11,1.17,0.0
20201011:0310,0.0,0.0,0.0,11.87,0.83,0.0
20201011:0410,0.0,0.0,0.0,12.08,0.76,0.0
20201011:0510,0.0,0.0,0.0,11.46,0.9,0.0
20201011:0610,786.0,43.19,4.92,10.89,1.1,0.0
20201011:0710,7466.5,213.0,14.84,11.25,0.76,0.0
20201011:0810,14625.5,372.01,23.78,12.82,1.03,0.0
20201011:0910,19031.5,472.01,31.13,13.95,1.31,0.0
20201011:1010,18179.5,451.01,36.14,15.04,1.45,0.0
20201011:1110,20907.0,519.01,38.05,15.8,1.66,0.0
20201011:1210,0.0,0.0,0.0,15.95,2.07,0.0
20201011:1310,19393.0,482.01,31.85,15.95,2.07,0.0
20201011:1410,14100.5,358.01,24.74,15.7,2.28,0.0
20201011:1510,7406.5,206.0,15.95,15.13,1.86,0.0
20201011:1610,770.5,32.0,6.12,14.49,1.31,0.0
20201011:1710,0.0,0.0,0.0,13.39,0.97,0.0
20201011:1810,0.0,0.0,0.0,12.71,0.9,0.0
20201011:1910,0.0,0.0,0.0,13.3,0.83,0.0
20201011:2010,0.0,0.0,0.0,12.78,0.62,0.0
20201011:2110,0.0,0.0,0.0,9.8,1.52,0.0
20201011:2210,0.0,0.0,0.0,8.8,1.59,0.0
20201011:2310,0.0,0.0,0.0,8.86,1.24,0.0
20201012:0010,0.0,0.0,0.0,8.57,1.17,0.0
20201012:0110,0.0,0.0,0.0,8.44,1.03,0.0
20201012:0210,0.0,0.0,0.0,8.86,0.41,0.0
20201012:0310,0.0,0.0,0.0,8.17,0.28,0.0
20201012:0410,0.0,0.0,0.0,7.41,0.83,0.0
20201012:0510,0.0,0.0,0.0,5.88,1.03,0.0
20201012:0610,737.5,34.76,4.69,5.69,0.9,0.0
20201012:0710,5889.0,161.0,14.59,8.2,0.34,0.0
20201012:0810,9993.0,252.0,23.5,9.92,0.34,0.0
20201012:0910,20002.0,496.01,30.81,12.43,0.76,0.0
20201012:1010,23822.0,591.01,35.78,14.41,1.31,0.0
20201012:1110,24821.5,619.01,37.68,15.77,1.45,0.0
20201012:1210,23129.5,581.01,36.15,16.58,1.1,0.0
20201012:1310,20177.0,511.01,31.48,17.1,0.83,0.0
20201012:1410,14988.5,389.01,24.39,17.24,0.62,0.0
20201012:1510,8012.5,230.01,15.62,17.08,0.41,0.0
20201012:1610,1351.0,59.0,5.8,16.46,0.41,0.0
20201012:1710,0.0,0.0,0.0,13.88,1.31,0.0
20201012:1810,0.0,0.0,0.0,11.49,2.0,0.0
20201012:1910,0.0,0.0,0.0,10.06,1.86,0.0
20201012:2010,0.0,0.0,0.0,8.98,1.79,0.0
20201012:2110,0.0,0.0,0.0,9.42,1.31,0.0
20201012:2210,0.0,0.0,0.0,11.0,0.69,0.0
20201012:2310,0.0,0.0,0.0,10.79,0.21,0.0
20201013:0010,0.0,0.0,0.0,10.54,0.41,0.0
20201013:0110,0.0,0.0,0.0,10.02,0.55,0.0
20201013:0210,0.0,0.0,0.0,9.38,0.55,0.0
20201013:0310,0.0,0.0,0.0,8.89,0.48,0.0
20201013:0410,0.0,0.0,0.0,8.49,0.34,0.0
20201013:0510,0.0,0.0,0.0,8.18,0.28,0.0
20201013:0610,658.0,36.49,4.46,8.03,0.28,0.0
20201013:0710,7001.0,197.0,14.34,7.64,0.0,0.0
20201013:0810,13785.0,348.01,23.22,10.13,0.48,0.0
20201013:0910,20041.0,499.01,30.5,12.44,0.48,0.0
20201013:1010,23042.0,577.01,35.43,14.04,0.41,0.0
20201013:1110,24279.0,612.01,37.3,15.17,0.41,0.0
20201013:1210,22714.5,574.01,35.77,15.98,0.41,0.0
20201013:1310,19871.5,502.01,31.12,16.52,0.83,0.0
20201013:1410,14727.0,380.01,24.04,16.77,1.31,0.0
20201013:1510,7730.5,222.01,15.29,16.58,1.45,0.0
20201013:1610,1025.0,47.47,5.49,15.57,1.38,0.0
20201013:1710,0.0,0.0,0.0,13.33,1.59,0.0
20201013:1810,0.0,0.0,0.0,11.2,1.52,0.0
20201013:1910,0.0,0.0,0.0,9.96,1.59,0.0
20201013:2010,0.0,0.0,0.0,9.9,1.24,0.0
20201013:2110,0.0,0.0,0.0,10.38,0.97,0.0
20201013:2210,0.0,0.0,0.0,10.14,0.83,0.0
20201013:2310,0.0,0.0,0.0,9.53,0.83,0.0
20201014:0010,0.0,0.0,0.0,9.32,0.55,0.0
20201014:0110,0.0,0.0,0.0,8.94,0.48,0.0
20201014:0210,0.0,0.0,0.0,8.73,0.48,0.0
20201014:0310,0.0,0.0,0.0,8.59,0.48,0.0
20201014:0410,0.0,0.0,0.0,8.55,0.21,0.0
20201014:0510,0.0,0.0,0.0,8.53,0.21,0.0
20201014:0610,328.0,18.0,4.22,8.52,0.34,0.0
20201014:0710,2570.0,76.0,14.08,8.16,0.83,0.0
20201014:0810,9537.0,242.0,22.94,10.69,0.62,0.0
20201014:0910,2357.0,72.0,30.18,12.54,0.62,0.0
20201014:1010,3459.0,99.0,35.08,13.62,0.69,0.0
20201014:1110,10772.5,273.0,36.93,14.45,0.69,0.0
20201014:1210,21892.5,546.01,35.39,15.24,1.03,0.0
20201014:1310,17447.0,436.01,30.75,15.51,1.38,0.0
20201014:1410,13604.0,349.01,23.69,15.73,1.59,0.0
20201014:1510,6011.0,169.0,14.97,15.33,1.59,0.0
20201014:1610,256.0,16.0,5.18,14.68,1.31,0.0
20201014:1710,0.0,0.0,0.0,13.27,1.17,0.0
20201014:1810,0.0,0.0,0.0,11.88,1.03,0.0
20201014:1910,0.0,0.0,0.0,11.26,1.59,0.0
20201014:2010,0.0,0.0,0.0,10.48,1.38,0.0
20201014:2110,0.0,0.0,0.0,10.07,1.17,0.0
20201014:2210,0.0,0.0,0.0,9.8,1.38,0.0
20201014:2310,0.0,0.0,0.0,9.04,1.45,0.0
20201015:0010,0.0,0.0,0.0,8.73,1.45,0.0
20201015:0110,0.0,0.0,0.0,8.44,1.52,0.0
20201015:0210,0.0,0.0,0.0,8.44,1.31,0.0
20201015:0310,0.0,0.0,0.0,8.31,1.31,0.0
20201015:0410,0.0,0.0,0.0,8.39,1.45,0.0
20201015:0510,0.0,0.0,0.0,8.33,1.79,0.0
20201015:0610,303.5,17.82,3.99,8.2,2.0,0.0
20201015:0710,2350.0,71.0,13.83,9.27,1.59,0.0
20201015:0810,2554.0,76.0,22.65,10.18,1.52,0.0
20201015:0910,3599.5,101.0,29.86,10.71,1.52,0.0
20201015:1010,3210.0,92.0,34.73,11.21,1.52,0.0
20201015:1110,11553.5,287.0,36.56,11.53,1.17,0.0
20201015:1210,5147.0,138.0,35.02,11.78,0.69,0.0
20201015:1310,3991.0,111.0,30.39,11.87,0.28,0.0
20201015:1410,8665.5,222.0,23.35,11.82,0.41,0.0
20201015:1510,4359.0,122.0,14.64,11.62,0.62,0.0
20201015:1610,693.5,31.8,4.87,11.37,0.62,0.0
20201015:1710,0.0,0.0,0.0,10.79,0.76,0.0
20201015:1810,0.0,0.0,0.0,10.33,1.03,0.0
20201015:1910,0.0,0.0,0.0,10.13,1.1,0.0
20201015:2010,0.0,0.0,0.0,10.02,1.17,0.0
20201015:2110,0.0,0.0,0.0,9.89,1.03,0.0
20201015:2210,0.0,0.0,0.0,10.02,0.76,0.0
20201015:2310,0.0,0.0,0.0,10.02,0.69,0.0
20201016:0010,0.0,0.0,0.0,10.15,0.83,0.0
20201016:0110,0.0,0.0,0.0,10.09,0.97,0.0
20201016:0210,0.0,0.0,0.0,9.86,0.97,0.0
20201016:0310,0.0,0.0,0.0,9.67,0.83,0.0
20201016:0410,0.0,0.0,0.0,9.48,0.69,0.0
20201016:0510,0.0,0.0,0.0,9.42,0.62,0.0
20201016:0610,148.5,12.0,3.75,9.18,0.76,0.0
20201016:0710,3578.0,102.0,13.58,9.77,1.17,0.0
20201016:0810,8567.5,219.0,22.37,11.33,1.17,0.0
20201016:0910,4499.5,123.0,29.55,12.32,1.03,0.0
20201016:1010,8679.5,222.0,34.38,13.42,0.83,0.0
20201016:1110,17589.5,438.01,36.19,14.3,0.69,0.0
20201016:1210,17706.5,443.01,34.65,15.22,0.69,0.0
20201016:1310,17359.0,438.01,30.03,15.78,0.62,0.0
20201016:1410,12498.5,325.01,23.01,15.91,0.34,0.0
20201016:1510,6322.0,184.0,14.33,15.9,0.21,0.0
20201016:1610,675.0,35.29,4.57,15.33,0.41,0.0
20201016:1710,0.0,0.0,0.0,13.16,1.03,0.0
20201016:1810,0.0,0.0,0.0,11.46,1.52,0.0
20201016:1910,0.0,0.0,0.0,10.1,1.52,0.0
20201016:2010,0.0,0.0,0.0,9.61,1.38,0.0
20201016:2110,0.0,0.0,0.0,9.0,1.31,0.0
20201016:2210,0.0,0.0,0.0,8.31,1.31,0.0
20201016:2310,0.0,0.0,0.0,7.88,1.24,0.0
20201017:0010,0.0,0.0,0.0,7.6,1.24,0.0
20201017:0110,0.0,0.0,0.0,7.38,1.17,0.0
20201017:0210,0.0,0.0,0.0,7.67,0.97,0.0
20201017:0310,0.0,0.0,0.0,8.34,0.62,0.0
20201017:0410,0.0,0.0,0.0,7.83,0.55,0.0
20201017:0510,0.0,0.0,0.0,7.42,0.48,0.0
20201017:0610,386.0,23.65,3.52,7.13,0.41,0.0
20201017:0710,6332.5,183.0,13.32,6.43,0.55,0.0
20201017:0810,13422.5,341.01,22.09,8.99,0.41,0.0
20201017:0910,18936.5,474.01,29.23,11.85,0.0,0.0
20201017:1010,22075.5,552.01,34.04,14.07,0.48,0.0
20201017:1110,23329.5,585.01,35.82,15.61,0.83,0.0
20201017:1210,21659.0,544.01,34.28,16.52,1.03,0.0
20201017:1310,18656.5,472.01,29.68,16.97,1.1,0.0
20201017:1410,13294.0,347.01,22.68,17.17,1.31,0.0
20201017:1510,6515.0,193.0,14.01,16.97,1.45,0.0
20201017:1610,586.0,31.81,4.27,16.08,1.03,0.0
20201017:1710,0.0,0.0,0.0,14.2,0.97,0.0
20201017:1810,0.0,0.0,0.0,12.72,1.03,0.0
20201017:1910,0.0,0.0,0.0,13.26,0.48,0.0
20201017:2010,0.0,0.0,0.0,12.89,0.34,0.0
20201017:2110,0.0,0.0,0.0,12.27,0.48,0.0
20201017:2210,0.0,0.0,0.0,11.44,0.48,0.0
20201017:2310,0.0,0.0,0.0,10.61,0.62,0.0
20201018:0010,0.0,0.0,0.0,10.1,0.62,0.0
20201018:0110,0.0,0.0,0.0,9.67,0.62,0.0
20201018:0210,0.0,0.0,0.0,9.42,0.48,0.0
20201018:0310,0.0,0.0,0.0,9.13,0.41,0.0
20201018:0410,0.0,0.0,0.0,9.24,0.48,0.0
20201018:0510,0.0,0.0,0.0,9.55,0.48,0.0
20201018:0610,48.0,8.0,3.28,9.46,0.76,0.0
20201018:0710,2376.0,72.0,13.06,10.15,0.41,0.0
20201018:0810,6042.0,159.0,21.8,11.07,0.55,0.0
20201018:0910,8093.5,207.0,28.92,12.11,0.9,0.0
20201018:1010,15086.0,373.0,33.69,13.04,1.24,0.0
20201018:1110,19975.5,493.01,35.46,13.66,1.24,0.0
20201018:1210,17057.5,423.01,33.91,14.26,1.24,0.0
20201018:1310,17221.5,431.01,29.32,14.46,0.97,0.0
20201018:1410,12874.5,334.01,22.35,14.92,0.9,0.0
20201018:1510,6286.0,186.0,13.7,14.81,0.62,0.0
20201018:1610,504.0,27.55,3.97,14.32,0.55,0.0
20201018:1710,0.0,0.0,0.0,13.34,0.69,0.0
20201018:1810,0.0,0.0,0.0,12.59,0.97,0.0
20201018:1910,0.0,0.0,0.0,12.16,1.03,0.0
20201018:2010,0.0,0.0,0.0,11.4,1.03,0.0
20201018:2110,0.0,0.0,0.0,11.07,1.03,0.0
20201018:2210,0.0,0.0,0.0,10.72,0.97,0.0
20201018:2310,0.0,0.0,0.0,11.03,0.76,0.0
20201019:0010,0.0,0.0,0.0,11.13,0.55,0.0
20201019:0110,0.0,0.0,0.0,11.02,0.48,0.0
20201019:0210,0.0,0.0,0.0,11.11,0.41,0.0
20201019:0310,0.0,0.0,0.0,11.03,0.55,0.0
20201019:0410,0.0,0.0,0.0,10.57,0.76,0.0
20201019:0510,0.0,0.0,0.0,10.23,1.03,0.0
20201019:0610,70.5,9.0,3.05,10.21,1.03,0.0
20201019:0710,1810.0,58.0,12.81,10.59,1.1,0.0
20201019:0810,4946.0,133.0,21.52,11.27,1.17,0.0
20201019:0910,15481.5,382.01,28.6,11.97,1.52,0.0
20201019:1010,12325.5,306.0,33.35,12.55,1.52,0.0
20201019:1110,15687.0,387.0,35.09,13.17,1.45,0.0
20201019:1210,18307.5,452.01,33.55,13.81,1.45,0.0
20201019:1310,16608.5,414.01,28.97,14.19,1.38,0.0
20201019:1410,12878.0,333.01,22.02,14.28,1.38,0.0
20201019:1510,5941.0,175.0,13.39,14.08,1.31,0.0
20201019:1610,362.5,21.36,3.68,13.84,1.31,0.0
20201019:1710,0.0,0.0,0.0,13.17,1.38,0.0
20201019:1810,0.0,0.0,0.0,12.77,1.31,0.0
20201019:1910,0.0,0.0,0.0,12.1,1.66,0.0
20201019:2010,0.0,0.0,0.0,11.74,1.66,0.0
20201019:2110,0.0,0.0,0.0,11.44,1.66,0.0
20201019:2210,0.0,0.0,0.0,11.46,1.59,0.0
20201019:2310,0.0,0.0,0.0,11.02,1.31,0.0
20201020:0010,0.0,0.0,0.0,10.94,1.17,0.0
20201020:0110,0.0,0.0,0.0,11.03,1.17,0.0
20201020:0210,0.0,0.0,0.0,11.02,1.1,0.0
20201020:0310,0.0,0.0,0.0,11.08,1.1,0.0
20201020:0410,0.0,0.0,0.0,11.31,1.1,0.0
20201020:0510,0.0,0.0,0.0,11.2,1.1,0.0
20201020:0610,0.0,2.0,2.81,11.23,0.97,0.0
20201020:0710,1296.0,45.0,12.55,10.48,1.17,0.0
20201020:0810,4986.5,134.0,21.24,11.25,1.17,0.0
20201020:0910,4039.0,112.0,28.29,12.16,1.38,0.0
20201020:1010,7278.5,188.0,33.0,12.72,1.52,0.0
20201020:1110,8960.0,228.0,34.73,13.47,1.52,0.0
20201020:1210,12919.5,321.0,33.19,13.38,1.66,0.0
20201020:1310,10775.5,271.0,28.63,13.61,1.72,0.0
20201020:1410,2878.5,85.0,21.69,13.89,1.72,0.0
20201020:1510,2093.5,66.0,13.08,13.88,1.66,0.0
20201020:1610,5.5,6.0,3.39,13.5,1.66,0.0
20201020:1710,0.0,0.0,0.0,12.95,1.93,0.0
20201020:1810,0.0,0.0,0.0,12.82,1.66,0.0
20201020:1910,0.0,0.0,0.0,11.91,1.79,0.0
20201020:2010,0.0,0.0,0.0,11.96,1.66,0.0
20201020:2110,0.0,0.0,0.0,11.86,1.52,0.0
20201020:2210,0.0,0.0,0.0,11.82,1.45,0.0
20201020:2310,0.0,0.0,0.0,11.7,1.38,0.0
20201021:0010,0.0,0.0,0.0,11.62,1.24,0.0
20201021:0110,0.0,0.0,0.0,11.6,1.17,0.0
20201021:0210,0.0,0.0,0.0,11.43,1.24,0.0
20201021:0310,0.0,0.0,0.0,11.33,1.17,0.0
20201021:0410,0.0,0.0,0.0,11.37,0.97,0.0
20201021:0510,0.0,0.0,0.0,11.43,0.9,0.0
20201021:0610,0.0,3.0,2.57,11.44,0.83,0.0
20201021:0710,231.5,15.0,12.3,11.11,1.1,0.0
20201021:0810,1764.0,57.0,20.96,11.22,1.03,0.0
20201021:0910,1762.0,57.0,27.97,11.44,0.9,0.0
20201021:1010,3033.5,88.0,32.66,11.53,0.83,0.0
20201021:1110,3410.5,97.0,34.37,11.56,0.76,0.0
20201021:1210,2613.5,78.0,32.83,11.77,0.69,0.0
20201021:1310,2079.0,65.0,28.29,11.99,0.83,0.0
20201021:1410,1324.0,46.0,21.37,12.05,0.9,0.0
20201021:1510,690.5,29.0,12.78,12.07,1.03,0.0
20201021:1610,119.0,11.0,3.1,11.96,0.9,0.0
20201021:1710,0.0,0.0,0.0,11.88,0.9,0.0
20201021:1810,0.0,0.0,0.0,11.82,0.9,0.0
20201021:1910,0.0,0.0,0.0,11.79,0.69,0.0
20201021:2010,0.0,0.0,0.0,11.88,0.55,0.0
20201021:2110,0.0,0.0,0.0,11.88,0.69,0.0
20201021:2210,0.0,0.0,0.0,11.83,0.69,0.0
20201021:2310,0.0,0.0,0.0,11.76,0.83,0.0
20201022:0010,0.0,0.0,0.0,11.68,1.1,0.0
20201022:0110,0.0,0.0,0.0,11.48,1.03,0.0
20201022:0210,0.0,0.0,0.0,11.45,1.03,0.0
20201022:0310,0.0,0.0,0.0,11.4,0.97,0.0
20201022:0410,0.0,0.0,0.0,11.35,0.83,0.0
20201022:0510,0.0,0.0,0.0,11.3,0.83,0.0
20201022:0610,0.0,0.0,0.0,11.25,0.97,0.0
20201022:0710,322.5,18.0,12.04,11.51,0.55,0.0
20201022:0810,655.5,28.0,20.67,11.96,0.76,0.0
20201022:0910,1398.5,48.0,27.66,12.44,0.9,0.0
20201022:1010,2347.5,72.0,32.32,13.4,0.83,0.0
20201022:1110,3664.5,104.0,34.02,13.88,0.83,0.0
20201022:1210,2177.0,68.0,32.48,14.16,0.83,0.0
20201022:1310,1384.0,48.0,27.95,14.44,0.83,0.0
20201022:1410,1155.5,42.0,21.05,14.4,0.55,0.0
20201022:1510,1118.5,41.0,12.48,14.31,0.48,0.0
20201022:1610,0.0,2.0,2.82,14.09,0.62,0.0
20201022:1710,0.0,0.0,0.0,13.8,0.76,0.0
20201022:1810,0.0,0.0,0.0,13.57,0.69,0.0
20201022:1910,0.0,0.0,0.0,12.04,0.07,0.0
20201022:2010,0.0,0.0,0.0,11.99,0.41,0.0
20201022:2110,0.0,0.0,0.0,11.88,0.76,0.0
20201022:2210,0.0,0.0,0.0,11.77,0.76,0.0
20201022:2310,0.0,0.0,0.0,11.67,0.69,0.0
20201023:0010,0.0,0.0,0.0,11.63,0.9,0.0
20201023:0110,0.0,0.0,0.0,11.61,0.76,0.0
20201023:0210,0.0,0.0,0.0,11.58,0.28,0.0
20201023:0310,0.0,0.0,0.0,11.57,0.62,0.0
20201023:0410,0.0,0.0,0.0,11.49,0.62,0.0
20201023:0510,0.0,0.0,0.0,11.49,0.62,0.0
20201023:0610,0.0,0.0,0.0,11.47,0.62,0.0
20201023:0710,2029.0,64.0,11.78,11.05,0.83,0.0
20201023:0810,2248.0,69.0,20.39,11.34,0.62,0.0
20201023:0910,3490.0,99.0,27.35,11.82,0.76,0.0
20201023:1010,2442.5,74.0,31.98,12.26,0.69,0.0
20201023:1110,2851.5,84.0,33.66,12.56,0.76,0.0
20201023:1210,1750.0,57.0,32.12,12.8,0.9,0.0
20201023:1310,1905.5,61.0,27.61,13.33,1.31,0.0
20201023:1410,2266.0,70.0,20.74,13.6,1.45,0.0
20201023:1510,318.5,18.0,12.19,13.52,1.45,0.0
20201023:1610,0.0,2.0,2.54,13.33,1.31,0.0
20201023:1710,0.0,0.0,0.0,12.98,0.83,0.0
20201023:1810,0.0,0.0,0.0,12.86,0.9,0.0
20201023:1910,0.0,0.0,0.0,12.08,1.31,0.0
20201023:2010,0.0,0.0,0.0,12.13,1.45,0.0
20201023:2110,0.0,0.0,0.0,12.04,1.24,0.0
20201023:2210,0.0,0.0,0.0,11.92,0.97,0.0
20201023:2310,0.0,0.0,0.0,11.86,0.69,0.0
20201024:0010,0.0,0.0,0.0,11.79,0.62,0.0
20201024:0110,0.0,0.0,0.0,11.92,0.55,0.0
20201024:0210,0.0,0.0,0.0,11.93,0.48,0.0
20201024:0310,0.0,0.0,0.0,11.9,0.69,0.0
20201024:0410,0.0,0.0,0.0,11.88,0.83,0.0
20201024:0510,0.0,0.0,0.0,11.73,0.83,0.0
20201024:0610,0.0,0.0,0.0,11.87,1.03,0.0
20201024:0710,2673.0,81.0,11.53,11.46,1.03,0.0
20201024:0810,5458.0,146.0,20.11,12.56,1.66,0.0
20201024:0910,5740.5,153.0,27.04,14.06,1.59,0.0
20201024:1010,15919.0,399.01,31.65,15.49,0.97,0.0
20201024:1110,17258.0,436.01,33.31,16.77,0.55,0.0
20201024:1210,18471.0,472.01,31.78,17.88,0.21,0.0
20201024:1310,16127.0,418.01,27.28,18.48,0.07,0.0
20201024:1410,11342.5,307.01,20.43,18.78,0.21,0.0
20201024:1510,4878.5,156.0,11.9,18.61,0.34,0.0
20201024:1610,0.0,0.0,0.0,18.1,0.34,0.0
20201024:1710,0.0,0.0,0.0,17.21,0.07,0.0
20201024:1810,0.0,0.0,0.0,16.17,0.07,0.0
20201024:1910,0.0,0.0,0.0,13.48,0.9,0.0
20201024:2010,0.0,0.0,0.0,12.97,0.9,0.0
20201024:2110,0.0,0.0,0.0,12.38,0.83,0.0
20201024:2210,0.0,0.0,0.0,11.98,0.69,0.0
20201024:2310,0.0,0.0,0.0,11.83,0.55,0.0
20201025:0010,0.0,0.0,0.0,11.59,0.55,0.0
20201025:0110,0.0,0.0,0.0,10.94,0.62,0.0
20201025:0210,0.0,0.0,0.0,10.51,0.69,0.0
20201025:0310,0.0,0.0,0.0,10.61,0.48,0.0
20201025:0410,0.0,0.0,0.0,10.61,0.34,0.0
20201025:0510,0.0,0.0,0.0,10.59,0.34,0.0
20201025:0610,0.0,0.0,0.0,9.98,0.83,0.0
20201025:0710,3134.5,94.0,11.27,11.38,1.66,0.0
20201025:0810,2531.5,76.0,19.83,12.09,1.86,0.0
20201025:0910,2900.5,85.0,26.73,12.49,2.21,0.0
20201025:1010,10697.0,268.0,31.31,13.27,2.07,0.0
20201025:1110,9384.0,238.0,32.97,13.78,1.79,0.0
20201025:1210,6596.5,173.0,31.43,14.09,1.79,0.0
20201025:1310,6590.0,173.0,26.95,14.27,1.86,0.0
20201025:1410,2789.5,83.0,20.12,14.34,1.66,0.0
20201025:1510,2078.5,66.0,11.62,14.17,1.38,0.0
20201025:1610,0.0,0.0,0.0,13.85,1.45,0.0
20201025:1710,0.0,0.0,0.0,13.28,1.59,0.0
20201025:1810,0.0,0.0,0.0,12.75,1.38,0.0
20201025:1910,0.0,0.0,0.0,12.85,1.52,0.0
20201025:2010,0.0,0.0,0.0,12.66,1.45,0.0
20201025:2110,0.0,0.0,0.0,12.42,1.24,0.0
20201025:2210,0.0,0.0,0.0,12.26,1.03,0.0
20201025:2310,0.0,0.0,0.0,12.16,0.83,0.0
20201026:0010,0.0,0.0,0.0,12.24,0.69,0.0
20201026:0110,0.0,0.0,0.0,12.18,0.62,0.0
20201026:0210,0.0,0.0,0.0,12.38,0.55,0.0
20201026:0310,0.0,0.0,0.0,12.36,0.55,0.0
20201026:0410,0.0,0.0,0.0,12.48,0.48,0.0
20201026:0510,0.0,0.0,0.0,12.08,0.76,0.0
20201026:0610,0.0,0.0,0.0,12.15,0.69,0.0
20201026:0710,174.0,13.0,11.01,11.39,1.45,0.0
20201026:0810,1288.0,45.0,19.55,11.87,2.0,0.0
20201026:0910,2778.0,82.0,26.42,12.3,2.07,0.0
20201026:1010,4378.5,120.0,30.98,12.38,1.79,0.0
20201026:1110,5266.0,141.0,32.62,12.64,1.52,0.0
20201026:1210,2931.0,86.0,31.09,12.85,0.9,0.0
20201026:1310,2025.0,64.0,26.63,13.04,0.14,0.0
20201026:1410,1013.5,38.0,19.82,12.96,0.28,0.0
20201026:1510,977.0,37.0,11.33,12.87,0.14,0.0
20201026:1610,0.0,0.0,0.0,12.74,0.41,0.0
20201026:1710,0.0,0.0,0.0,12.28,0.76,0.0
20201026:1810,0.0,0.0,0.0,11.86,0.62,0.0
20201026:1910,0.0,0.0,0.0,12.24,1.31,0.0
20201026:2010,0.0,0.0,0.0,11.49,1.52,0.0
20201026:2110,0.0,0.0,0.0,11.13,0.97,0.0
20201026:2210,0.0,0.0,0.0,10.75,1.1,0.0
20201026:2310,0.0,0.0,0.0,10.44,1.59,0.0
20201027:0010,0.0,0.0,0.0,10.38,1.72,0.0
20201027:0110,0.0,0.0,0.0,10.32,2.0,0.0
20201027:0210,0.0,0.0,0.0,9.85,2.41,0.0
20201027:0310,0.0,0.0,0.0,9.32,2.41,0.0
20201027:0410,0.0,0.0,0.0,8.85,2.28,0.0
20201027:0510,0.0,0.0,0.0,8.16,1.93,0.0
20201027:0610,0.0,0.0,0.0,7.43,1.59,0.0
20201027:0710,4314.0,134.0,10.76,7.96,1.86,0.0
20201027:0810,11238.0,291.01,19.27,9.05,1.66,0.0
20201027:0910,16998.0,422.01,26.12,11.14,1.45,0.0
20201027:1010,20300.0,504.01,30.65,13.32,1.1,0.0
20201027:1110,21372.5,535.01,32.28,15.14,0.97,0.0
20201027:1210,20251.5,511.01,30.75,16.21,0.9,0.0
20201027:1310,16801.0,431.01,26.31,16.69,0.69,0.0
20201027:1410,11239.0,303.01,19.52,16.77,0.83,0.0
20201027:1510,4601.0,150.0,11.06,16.38,0.83,0.0
20201027:1610,0.0,0.0,0.0,14.87,0.83,0.0
20201027:1710,0.0,0.0,0.0,14.41,0.76,0.0
20201027:1810,0.0,0.0,0.0,13.56,0.48,0.0
20201027:1910,0.0,0.0,0.0,11.6,0.97,0.0
20201027:2010,0.0,0.0,0.0,11.03,0.62,0.0
20201027:2110,0.0,0.0,0.0,10.28,0.48,0.0
20201027:2210,0.0,0.0,0.0,9.81,0.34,0.0
20201027:2310,0.0,0.0,0.0,9.52,0.41,0.0
20201028:0010,0.0,0.0,0.0,9.05,0.62,0.0
20201028:0110,0.0,0.0,0.0,8.15,0.69,0.0
20201028:0210,0.0,0.0,0.0,7.57,0.69,0.0
20201028:0310,0.0,0.0,0.0,7.09,0.69,0.0
20201028:0410,0.0,0.0,0.0,6.68,0.62,0.0
20201028:0510,0.0,0.0,0.0,6.35,0.48,0.0
20201028:0610,0.0,0.0,0.0,6.3,0.41,0.0
20201028:0710,4123.0,130.0,10.5,7.85,0.07,0.0
20201028:0810,10911.0,288.01,18.99,9.76,0.0,0.0
20201028:0910,16366.0,413.01,25.81,12.2,0.34,0.0
20201028:1010,19686.0,494.01,30.32,14.05,0.48,0.0
20201028:1110,20630.5,520.01,31.94,15.21,0.41,0.0
20201028:1210,19699.0,499.01,30.42,16.16,0.55,0.0
20201028:1310,16246.0,417.01,25.99,16.74,0.76,0.0
20201028:1410,11179.0,304.01,19.23,17.05,0.9,0.0
20201028:1510,4235.5,139.0,10.79,16.76,0.97,0.0
20201028:1610,0.0,0.0,0.0,15.22,1.1,0.0
20201028:1710,0.0,0.0,0.0,12.86,1.24,0.0
20201028:1810,0.0,0.0,0.0,11.94,0.9,0.0
20201028:1910,0.0,0.0,0.0,11.56,0.62,0.0
20201028:2010,0.0,0.0,0.0,10.86,0.69,0.0
20201028:2110,0.0,0.0,0.0,10.22,0.62,0.0
20201028:2210,0.0,0.0,0.0,9.78,0.62,0.0
20201028:2310,0.0,0.0,0.0,9.43,0.41,0.0
20201029:0010,0.0,0.0,0.0,9.14,0.28,0.0
20201029:0110,0.0,0.0,0.0,8.69,0.07,0.0
20201029:0210,0.0,0.0,0.0,8.37,0.21,0.0
20201029:0310,0.0,0.0,0.0,8.08,0.07,0.0
20201029:0410,0.0,0.0,0.0,7.89,0.21,0.0
20201029:0510,0.0,0.0,0.0,7.69,0.28,0.0
20201029:0610,0.0,0.0,0.0,7.45,0.55,0.0
20201029:0710,2478.5,76.0,10.25,8.2,0.34,0.0
20201029:0810,9656.5,253.01,18.71,9.7,0.34,0.0
20201029:0910,12523.5,315.0,25.51,12.18,0.55,0.0
20201029:1010,16745.5,419.01,30.0,13.92,0.55,0.0
20201029:1110,15915.5,402.01,31.61,15.25,0.07,0.0
20201029:1210,17000.0,431.01,30.09,16.2,0.34,0.0
20201029:1310,13841.5,357.01,25.68,16.97,0.21,0.0
20201029:1410,8580.0,232.0,18.94,17.22,0.07,0.0
20201029:1510,3422.0,109.0,10.52,16.98,0.14,0.0
20201029:1610,0.0,0.0,0.0,15.69,0.83,0.0
20201029:1710,0.0,0.0,0.0,14.11,0.97,0.0
20201029:1810,0.0,0.0,0.0,13.78,0.55,0.0
20201029:1910,0.0,0.0,0.0,12.96,0.69,0.0
20201029:2010,0.0,0.0,0.0,12.33,0.83,0.0
20201029:2110,0.0,0.0,0.0,11.23,0.83,0.0
20201029:2210,0.0,0.0,0.0,11.09,0.76,0.0
20201029:2310,0.0,0.0,0.0,10.86,0.21,0.0
20201030:0010,0.0,0.0,0.0,10.59,0.21,0.0
20201030:0110,0.0,0.0,0.0,10.07,0.28,0.0
20201030:0210,0.0,0.0,0.0,9.63,0.69,0.0
20201030:0310,0.0,0.0,0.0,8.77,0.83,0.0
20201030:0410,0.0,0.0,0.0,8.42,0.9,0.0
20201030:0510,0.0,0.0,0.0,8.67,0.69,0.0
20201030:0610,0.0,0.0,0.0,8.82,0.55,0.0
20201030:0710,3310.0,104.0,9.99,9.65,0.34,0.0
20201030:0810,9223.5,244.01,18.43,11.43,0.41,0.0
20201030:0910,13001.0,329.01,25.21,13.17,0.48,0.0
20201030:1010,18170.5,458.01,29.68,14.96,0.48,0.0
20201030:1110,15693.0,397.01,31.28,16.38,0.48,0.0
20201030:1210,18894.0,483.01,29.77,17.68,0.48,0.0
20201030:1310,14337.0,372.01,25.37,18.46,0.55,0.0
20201030:1410,8678.0,236.0,18.66,18.73,0.9,0.0
20201030:1510,3891.0,132.0,10.25,18.38,1.03,0.0
20201030:1610,0.0,0.0,0.0,16.86,1.38,0.0
20201030:1710,0.0,0.0,0.0,14.58,1.1,0.0
20201030:1810,0.0,0.0,0.0,14.03,0.69,0.0
20201030:1910,0.0,0.0,0.0,11.98,1.17,0.0
20201030:2010,0.0,0.0,0.0,11.84,0.9,0.0
20201030:2110,0.0,0.0,0.0,12.1,0.69,0.0
20201030:2210,0.0,0.0,0.0,11.63,0.69,0.0
20201030:2310,0.0,0.0,0.0,11.07,0.62,0.0
20201031:0010,0.0,0.0,0.0,10.8,0.62,0.0
20201031:0110,0.0,0.0,0.0,10.38,0.62,0.0
20201031:0210,0.0,0.0,0.0,10.17,0.55,0.0
20201031:0310,0.0,0.0,0.0,9.71,0.62,0.0
20201031:0410,0.0,0.0,0.0,9.44,0.69,0.0
20201031:0510,0.0,0.0,0.0,9.34,0.69,0.0
20201031:0610,0.0,0.0,0.0,9.19,0.76,0.0
20201031:0710,3389.5,109.0,9.74,9.17,0.76,0.0
20201031:0810,8855.5,234.01,18.16,10.99,0.55,0.0
20201031:0910,13980.5,353.01,24.91,12.12,0.34,0.0
20201031:1010,18539.0,465.01,29.36,13.37,0.34,0.0
20201031:1110,19567.0,493.01,30.95,14.82,0.34,0.0
20201031:1210,18605.5,472.01,29.45,16.2,0.55,0.0
20201031:1310,15195.0,393.01,25.07,17.31,0.62,0.0
20201031:1410,8134.0,221.0,18.38,17.69,0.48,0.0
20201031:1510,3693.5,125.0,10.0,17.59,0.48,0.0
20201031:1610,0.0,0.0,0.0,16.46,0.97,0.0
20201031:1710,0.0,0.0,0.0,14.22,1.17,0.0
20201031:1810,0.0,0.0,0.0,12.74,1.1,0.0
20201031:1910,0.0,0.0,0.0,11.65,1.38,0.0
20201031:2010,0.0,0.0,0.0,11.42,0.97,0.0
20201031:2110,0.0,0.0,0.0,11.96,0.34,0.0
20201031:2210,0.0,0.0,0.0,11.69,0.48,0.0
20201031:2310,0.0,0.0,0.0,10.52,1.17,0.0
20201101:0010,0.0,0.0,0.0,10.13,1.03,0.0
20201101:0110,0.0,0.0,0.0,9.78,1.17,0.0
20201101:0210,0.0,0.0,0.0,10.07,1.03,0.0
20201101:0310,0.0,0.0,0.0,10.77,0.69,0.0
20201101:0410,0.0,0.0,0.0,10.57,0.76,0.0
20201101:0510,0.0,0.0,0.0,10.51,0.76,0.0
20201101:0610,0.0,0.0,0.0,10.44,0.83,0.0
20201101:0710,520.5,24.0,9.48,10.78,0.28,0.0
20201101:0810,6192.5,165.0,17.88,11.4,0.55,0.0
20201101:0910,5524.0,147.0,24.61,12.08,0.83,0.0
20201101:1010,7203.5,187.0,29.04,12.95,0.69,0.0
20201101:1110,5222.0,141.0,30.63,13.87,0.69,0.0
20201101:1210,10612.5,270.0,29.13,14.71,0.55,0.0
20201101:1310,9928.0,256.0,24.77,15.38,0.34,0.0
20201101:1410,5191.5,143.0,18.1,15.87,0.07,0.0
20201101:1510,2728.0,88.0,9.74,15.94,0.28,0.0
20201101:1610,0.0,0.0,0.0,15.02,0.97,0.0
20201101:1710,0.0,0.0,0.0,13.62,1.1,0.0
20201101:1810,0.0,0.0,0.0,12.28,0.9,0.0
20201101:1910,0.0,0.0,0.0,12.35,0.9,0.0
20201101:2010,0.0,0.0,0.0,12.7,0.55,0.0
20201101:2110,0.0,0.0,0.0,12.47,0.28,0.0
20201101:2210,0.0,0.0,0.0,12.19,0.34,0.0
20201101:2310,0.0,0.0,0.0,12.13,0.41,0.0
20201102:0010,0.0,0.0,0.0,11.73,0.55,0.0
20201102:0110,0.0,0.0,0.0,11.26,0.41,0.0
20201102:0210,0.0,0.0,0.0,10.9,0.41,0.0
20201102:0310,0.0,0.0,0.0,10.61,0.55,0.0
20201102:0410,0.0,0.0,0.0,10.2,0.76,0.0
20201102:0510,0.0,0.0,0.0,10.18,0.97,0.0
20201102:0610,0.0,0.0,0.0,10.36,0.97,0.0
20201102:0710,1968.5,64.0,9.23,11.05,0.69,0.0
20201102:0810,4628.0,127.0,17.61,12.34,0.55,0.0
20201102:0910,5601.5,150.0,24.31,13.65,0.48,0.0
20201102:1010,6664.5,176.0,28.73,14.89,0.41,0.0
20201102:1110,7048.5,186.0,30.31,16.12,0.55,0.0
20201102:1210,10222.5,263.0,28.82,17.02,0.83,0.0
20201102:1310,11670.0,302.01,24.48,17.65,0.97,0.0
20201102:1410,8207.5,225.0,17.83,17.86,1.1,0.0
20201102:1510,2663.0,88.0,9.49,17.62,0.97,0.0
20201102:1610,0.0,0.0,0.0,16.58,0.83,0.0
20201102:1710,0.0,0.0,0.0,14.87,0.83,0.0
20201102:1810,0.0,0.0,0.0,13.92,0.76,0.0
20201102:1910,0.0,0.0,0.0,12.75,1.03,0.0
20201102:2010,0.0,0.0,0.0,12.5,1.03,0.0
20201102:2110,0.0,0.0,0.0,12.02,1.1,0.0
20201102:2210,0.0,0.0,0.0,11.73,1.1,0.0
20201102:2310,0.0,0.0,0.0,11.53,1.1,0.0
20201103:0010,0.0,0.0,0.0,11.28,1.24,0.0
20201103:0110,0.0,0.0,0.0,11.23,1.17,0.0
20201103:0210,0.0,0.0,0.0,11.25,1.03,0.0
20201103:0310,0.0,0.0,0.0,11.18,0.97,0.0
20201103:0410,0.0,0.0,0.0,11.13,0.9,0.0
20201103:0510,0.0,0.0,0.0,10.87,1.03,0.0
20201103:0610,0.0,0.0,0.0,10.98,1.03,0.0
20201103:0710,1880.5,62.0,8.98,11.54,0.76,0.0
20201103:0810,4284.5,119.0,17.33,13.05,0.83,0.0
20201103:0910,5508.0,148.0,24.02,14.31,0.97,0.0
20201103:1010,6293.0,167.0,28.42,15.03,0.9,0.0
20201103:1110,4462.0,124.0,29.99,15.72,0.62,0.0
20201103:1210,4149.0,117.0,28.51,16.48,0.21,0.0
20201103:1310,2826.0,85.0,24.19,16.99,0.14,0.0
20201103:1410,1554.5,53.0,17.56,17.13,0.0,0.0
20201103:1510,1493.0,52.0,9.25,17.06,0.69,0.0
20201103:1610,0.0,0.0,0.0,16.19,1.31,0.0
20201103:1710,0.0,0.0,0.0,15.35,1.38,0.0
20201103:1810,0.0,0.0,0.0,14.76,1.31,0.0
20201103:1910,0.0,0.0,0.0,14.36,1.24,0.0
20201103:2010,0.0,0.0,0.0,14.05,1.38,0.0
20201103:2110,0.0,0.0,0.0,13.67,1.38,0.0
20201103:2210,0.0,0.0,0.0,13.38,1.24,0.0
20201103:2310,0.0,0.0,0.0,13.19,1.1,0.0
20201104:0010,0.0,0.0,0.0,13.0,1.1,0.0
20201104:0110,0.0,0.0,0.0,13.0,0.97,0.0
20201104:0210,0.0,0.0,0.0,12.91,1.03,0.0
20201104:0310,0.0,0.0,0.0,12.94,1.17,0.0
20201104:0410,0.0,0.0,0.0,12.9,1.24,0.0
20201104:0510,0.0,0.0,0.0,12.64,1.38,0.0
20201104:0610,0.0,0.0,0.0,12.53,1.38,0.0
20201104:0710,1345.5,47.0,8.73,12.57,0.97,0.0
20201104:0810,2068.0,65.0,17.06,13.03,0.83,0.0
20201104:0910,1390.0,48.0,23.73,13.68,0.97,0.0
20201104:1010,2301.5,71.0,28.11,13.92,0.97,0.0
20201104:1110,3280.0,95.0,29.68,14.48,0.97,0.0
20201104:1210,5037.0,137.0,28.21,14.6,0.83,0.0
20201104:1310,2289.5,71.0,23.91,14.9,0.83,0.0
20201104:1410,3597.0,103.0,17.3,14.88,0.97,0.0
20201104:1510,2277.5,75.0,9.01,14.83,1.17,0.0
20201104:1610,0.0,0.0,0.0,14.44,1.31,0.0
20201104:1710,0.0,0.0,0.0,13.95,1.52,0.0
20201104:1810,0.0,0.0,0.0,13.63,1.52,0.0
20201104:1910,0.0,0.0,0.0,13.49,0.97,0.0
20201104:2010,0.0,0.0,0.0,13.38,0.97,0.0
20201104:2110,0.0,0.0,0.0,13.26,0.9,0.0
20201104:2210,0.0,0.0,0.0,13.19,0.83,0.0
20201104:2310,0.0,0.0,0.0,13.38,0.9,0.0
20201105:0010,0.0,0.0,0.0,13.36,0.9,0.0
20201105:0110,0.0,0.0,0.0,13.46,0.9,0.0
20201105:0210,0.0,0.0,0.0,13.39,0.97,0.0
20201105:0310,0.0,0.0,0.0,13.21,0.97,0.0
20201105:0410,0.0,0.0,0.0,13.03,0.97,0.0
20201105:0510,0.0,0.0,0.0,13.01,0.97,0.0
20201105:0610,0.0,0.0,0.0,12.85,1.03,0.0
20201105:0710,2740.5,98.0,8.48,12.24,1.1,0.0
20201105:0810,6548.0,178.0,16.8,13.9,0.69,0.0
20201105:0910,10202.0,263.0,23.44,15.07,0.69,0.0
20201105:1010,14944.5,379.01,27.81,15.91,0.69,0.0
20201105:1110,19136.5,485.01,29.37,16.77,0.97,0.0
20201105:1210,17950.5,457.01,27.91,16.99,1.03,0.0
20201105:1310,14467.5,377.01,23.63,17.4,1.03,0.0
20201105:1410,9029.0,254.01,17.05,17.52,0.9,0.0
20201105:1510,2960.0,109.0,8.78,17.28,0.69,0.0
20201105:1610,0.0,0.0,0.0,16.13,0.83,0.0
20201105:1710,0.0,0.0,0.0,15.02,0.9,0.0
20201105:1810,0.0,0.0,0.0,15.2,0.76,0.0
20201105:1910,0.0,0.0,0.0,12.76,1.31,0.0
20201105:2010,0.0,0.0,0.0,12.18,1.24,0.0
20201105:2110,0.0,0.0,0.0,11.93,1.17,0.0
20201105:2210,0.0,0.0,0.0,11.81,1.1,0.0
20201105:2310,0.0,0.0,0.0,11.9,0.97,0.0
20201106:0010,0.0,0.0,0.0,11.74,0.97,0.0
20201106:0110,0.0,0.0,0.0,11.7,0.97,0.0
20201106:0210,0.0,0.0,0.0,11.46,1.03,0.0
20201106:0310,0.0,0.0,0.0,11.64,0.9,0.0
20201106:0410,0.0,0.0,0.0,11.77,0.9,0.0
20201106:0510,0.0,0.0,0.0,11.83,0.97,0.0
20201106:0610,0.0,0.0,0.0,11.8,0.9,0.0
20201106:0710,1603.5,55.0,8.23,12.02,0.69,0.0
20201106:0810,4632.0,128.0,16.53,13.3,0.9,0.0
20201106:0910,2829.0,84.0,23.15,14.24,0.97,0.0
20201106:1010,6545.0,173.0,27.51,15.16,1.03,0.0
20201106:1110,9984.5,255.0,29.07,15.66,1.31,0.0
20201106:1210,16557.0,418.01,27.62,16.28,1.59,0.0
20201106:1310,13188.0,340.01,23.35,16.44,1.72,0.0
20201106:1410,8468.0,235.01,16.8,16.3,1.59,0.0
20201106:1510,2864.0,106.0,8.55,15.97,1.17,0.0
20201106:1610,0.0,0.0,0.0,15.21,0.9,0.0
20201106:1710,0.0,0.0,0.0,14.11,0.97,0.0
20201106:1810,0.0,0.0,0.0,13.18,1.03,0.0
20201106:1910,0.0,0.0,0.0,13.88,0.62,0.0
20201106:2010,0.0,0.0,0.0,10.87,1.59,0.0
20201106:2110,0.0,0.0,0.0,9.93,1.66,0.0
20201106:2210,0.0,0.0,0.0,9.73,1.79,0.0
20201106:2310,0.0,0.0,0.0,9.4,1.79,0.0
20201107:0010,0.0,0.0,0.0,9.13,1.66,0.0
20201107:0110,0.0,0.0,0.0,8.77,1.38,0.0
20201107:0210,0.0,0.0,0.0,8.5,1.1,0.0
20201107:0310,0.0,0.0,0.0,8.63,1.03,0.0
20201107:0410,0.0,0.0,0.0,8.85,0.97,0.0
20201107:0510,0.0,0.0,0.0,8.73,1.03,0.0
20201107:0610,0.0,0.0,0.0,8.6,1.03,0.0
20201107:0710,2067.0,70.0,7.98,8.87,0.97,0.0
20201107:0810,6602.5,177.0,16.26,9.95,1.03,0.0
20201107:0910,10340.0,262.0,22.87,11.63,1.24,0.0
20201107:1010,17103.0,428.01,27.21,13.35,1.17,0.0
20201107:1110,18608.5,470.01,28.77,15.18,0.69,0.0
20201107:1210,17660.5,452.01,27.33,16.28,0.41,0.0
20201107:1310,13653.5,357.01,23.08,16.92,0.55,0.0
20201107:1410,6760.5,187.0,16.55,17.05,0.69,0.0
20201107:1510,1754.5,58.0,8.33,16.62,0.62,0.0
20201107:1610,0.0,0.0,0.0,15.47,0.76,0.0
20201107:1710,0.0,0.0,0.0,14.8,0.83,0.0
20201107:1810,0.0,0.0,0.0,14.47,0.48,0.0
20201107:1910,0.0,0.0,0.0,12.3,1.1,0.0
20201107:2010,0.0,0.0,0.0,11.21,1.24,0.0
20201107:2110,0.0,0.0,0.0,10.54,1.24,0.0
20201107:2210,0.0,0.0,0.0,10.22,1.17,0.0
20201107:2310,0.0,0.0,0.0,9.52,1.31,0.0
20201108:0010,0.0,0.0,0.0,9.34,1.31,0.0
20201108:0110,0.0,0.0,0.0,10.02,1.03,0.0
20201108:0210,0.0,0.0,0.0,10.35,0.97,0.0
20201108:0310,0.0,0.0,0.0,10.3,0.9,0.0
20201108:0410,0.0,0.0,0.0,9.98,0.83,0.0
20201108:0510,0.0,0.0,0.0,9.87,0.69,0.0
20201108:0610,0.0,0.0,0.0,10.38,0.48,0.0
20201108:0710,2313.0,84.0,7.74,10.17,0.62,0.0
20201108:0810,8315.0,232.01,16.0,11.5,0.34,0.0
20201108:0910,13652.0,354.01,22.59,14.0,0.48,0.0
20201108:1010,16660.5,424.01,26.92,15.54,0.62,0.0
20201108:1110,13739.0,350.01,28.48,16.65,0.48,0.0
20201108:1210,17149.0,441.01,27.05,17.28,0.48,0.0
20201108:1310,11848.0,310.01,22.82,17.44,0.55,0.0
20201108:1410,8450.0,241.01,16.31,17.53,0.83,0.0
20201108:1510,1288.5,46.0,8.11,17.2,0.76,0.0
20201108:1610,0.0,0.0,0.0,16.03,1.17,0.0
20201108:1710,0.0,0.0,0.0,14.28,1.17,0.0
20201108:1810,0.0,0.0,0.0,14.59,0.83,0.0
20201108:1910,0.0,0.0,0.0,13.73,0.62,0.0
20201108:2010,0.0,0.0,0.0,13.41,0.55,0.0
20201108:2110,0.0,0.0,0.0,13.06,0.69,0.0
20201108:2210,0.0,0.0,0.0,12.75,0.76,0.0
20201108:2310,0.0,0.0,0.0,12.37,0.83,0.0
20201109:0010,0.0,0.0,0.0,12.32,0.9,0.0
20201109:0110,0.0,0.0,0.0,11.85,0.97,0.0
20201109:0210,0.0,0.0,0.0,11.69,0.9,0.0
20201109:0310,0.0,0.0,0.0,10.98,1.03,0.0
20201109:0410,0.0,0.0,0.0,10.57,1.03,0.0
20201109:0510,0.0,0.0,0.0,10.26,0.97,0.0
20201109:0610,0.0,0.0,0.0,9.8,0.97,0.0
20201109:0710,2269.0,85.0,7.5,10.32,0.76,0.0
20201109:0810,8366.0,235.01,15.74,11.53,0.55,0.0
20201109:0910,13766.0,356.01,22.31,13.61,0.9,0.0
20201109:1010,17211.0,436.01,26.63,14.71,0.9,0.0
20201109:1110,18390.0,467.01,28.19,15.88,0.69,0.0
20201109:1210,17490.0,449.01,26.77,16.54,0.48,0.0
20201109:1310,13846.0,365.01,22.56,16.79,0.28,0.0
20201109:1410,8664.5,250.01,16.08,16.92,0.28,0.0
20201109:1510,1444.0,50.0,7.9,16.67,0.48,0.0
20201109:1610,0.0,0.0,0.0,15.59,0.62,0.0
20201109:1710,0.0,0.0,0.0,14.45,0.83,0.0
20201109:1810,0.0,0.0,0.0,13.17,1.03,0.0
20201109:1910,0.0,0.0,0.0,13.19,0.9,0.0
20201109:2010,0.0,0.0,0.0,12.75,0.69,0.0
20201109:2110,0.0,0.0,0.0,12.18,0.55,0.0
20201109:2210,0.0,0.0,0.0,11.65,0.41,0.0
20201109:2310,0.0,0.0,0.0,11.3,0.34,0.0
20201110:0010,0.0,0.0,0.0,10.66,0.28,0.0
20201110:0110,0.0,0.0,0.0,10.14,0.07,0.0
20201110:0210,0.0,0.0,0.0,10.04,0.07,0.0
20201110:0310,0.0,0.0,0.0,9.52,0.07,0.0
20201110:0410,0.0,0.0,0.0,9.03,0.21,0.0
20201110:0510,0.0,0.0,0.0,9.07,0.21,0.0
20201110:0610,0.0,0.0,0.0,8.75,0.28,0.0
20201110:0710,2124.0,79.0,7.25,8.36,0.07,0.0
20201110:0810,7048.0,193.0,15.48,9.54,0.0,0.0
20201110:0910,13113.5,338.01,22.04,11.5,0.07,0.0
20201110:1010,16564.5,420.01,26.35,13.38,0.21,0.0
20201110:1110,17865.0,453.01,27.9,14.73,0.34,0.0
20201110:1210,15300.0,390.01,26.49,15.6,0.48,0.0
20201110:1310,14207.0,374.01,22.31,16.0,0.55,0.0
20201110:1410,5388.0,150.0,15.85,16.02,0.69,0.0
20201110:1510,1530.0,52.0,7.69,15.61,0.83,0.0
20201110:1610,0.0,0.0,0.0,14.47,1.1,0.0
20201110:1710,0.0,0.0,0.0,13.17,0.97,0.0
20201110:1810,0.0,0.0,0.0,13.19,0.55,0.0
20201110:1910,0.0,0.0,0.0,12.36,0.48,0.0
20201110:2010,0.0,0.0,0.0,11.82,0.48,0.0
20201110:2110,0.0,0.0,0.0,11.05,0.69,0.0
20201110:2210,0.0,0.0,0.0,10.45,0.62,0.0
20201110:2310,0.0,0.0,0.0,9.88,0.48,0.0
20201111:0010,0.0,0.0,0.0,9.57,0.28,0.0
20201111:0110,0.0,0.0,0.0,8.91,0.21,0.0
20201111:0210,0.0,0.0,0.0,8.66,0.34,0.0
20201111:0310,0.0,0.0,0.0,8.43,0.41,0.0
20201111:0410,0.0,0.0,0.0,8.28,0.34,0.0
20201111:0510,0.0,0.0,0.0,8.17,0.34,0.0
20201111:0610,0.0,0.0,0.0,8.03,0.41,0.0
20201111:0710,1935.5,72.0,7.01,9.2,0.28,0.0
20201111:0810,7218.0,200.01,15.23,10.12,0.07,0.0
20201111:0910,11805.5,303.01,21.77,11.4,0.21,0.0
20201111:1010,16775.5,422.01,26.07,12.44,0.69,0.0
20201111:1110,18067.0,452.01,27.62,13.06,0.97,0.0
20201111:1210,14073.0,353.01,26.23,13.43,1.24,0.0
20201111:1310,13314.5,344.01,22.06,14.02,1.38,0.0
20201111:1410,8001.5,225.01,15.63,13.69,1.45,0.0
20201111:1510,1313.5,46.0,7.49,13.65,1.38,0.0
20201111:1610,0.0,0.0,0.0,13.11,1.03,0.0
20201111:1710,0.0,0.0,0.0,12.57,0.97,0.0
20201111:1810,0.0,0.0,0.0,11.67,1.03,0.0
20201111:1910,0.0,0.0,0.0,10.84,1.1,0.0
20201111:2010,0.0,0.0,0.0,10.81,1.03,0.0
20201111:2110,0.0,0.0,0.0,10.86,1.03,0.0
20201111:2210,0.0,0.0,0.0,10.8,1.1,0.0
20201111:2310,0.0,0.0,0.0,10.61,1.17,0.0
20201112:0010,0.0,0.0,0.0,10.49,1.03,0.0
20201112:0110,0.0,0.0,0.0,10.36,1.03,0.0
20201112:0210,0.0,0.0,0.0,10.23,1.17,0.0
20201112:0310,0.0,0.0,0.0,10.2,1.1,0.0
20201112:0410,0.0,0.0,0.0,10.12,1.03,0.0
20201112:0510,0.0,0.0,0.0,10.13,1.03,0.0
20201112:0610,0.0,0.0,0.0,10.11,1.03,0.0
20201112:0710,1564.0,57.0,6.78,9.88,1.24,0.0
20201112:0810,1692.5,55.0,14.97,10.25,1.1,0.0
20201112:0910,8234.5,211.0,21.5,10.59,0.83,0.0
20201112:1010,4177.5,115.0,25.79,11.34,0.83,0.0
20201112:1110,3648.5,103.0,27.35,12.26,0.48,0.0
20201112:1210,4648.5,127.0,25.96,12.89,0.41,0.0
20201112:1310,3628.5,103.0,21.82,13.35,0.41,0.0
20201112:1410,4159.0,117.0,15.41,13.55,0.48,0.0
20201112:1510,1390.5,48.0,7.3,13.58,0.97,0.0
20201112:1610,0.0,0.0,0.0,13.07,0.97,0.0
20201112:1710,0.0,0.0,0.0,12.03,1.03,0.0
20201112:1810,0.0,0.0,0.0,11.13,1.31,0.0
20201112:1910,0.0,0.0,0.0,10.36,0.97,0.0
20201112:2010,0.0,0.0,0.0,9.82,1.03,0.0
20201112:2110,0.0,0.0,0.0,9.46,1.03,0.0
20201112:2210,0.0,0.0,0.0,9.16,0.97,0.0
20201112:2310,0.0,0.0,0.0,9.4,0.83,0.0
20201113:0010,0.0,0.0,0.0,9.18,0.83,0.0
20201113:0110,0.0,0.0,0.0,8.98,0.9,0.0
20201113:0210,0.0,0.0,0.0,8.83,0.9,0.0
20201113:0310,0.0,0.0,0.0,8.95,0.97,0.0
20201113:0410,0.0,0.0,0.0,9.34,1.03,0.0
20201113:0510,0.0,0.0,0.0,9.55,1.1,0.0
20201113:0610,0.0,0.0,0.0,9.73,1.17,0.0
20201113:0710,868.0,34.0,6.54,9.01,0.9,0.0
20201113:0810,3092.5,89.0,14.72,9.5,0.76,0.0
20201113:0910,2674.5,79.0,21.24,10.27,0.69,0.0
20201113:1010,4697.0,127.0,25.52,10.92,0.69,0.0
20201113:1110,4648.5,126.0,27.08,11.13,0.62,0.0
20201113:1210,4722.0,128.0,25.71,11.71,0.69,0.0
20201113:1310,4926.0,133.0,21.59,12.0,0.83,0.0
20201113:1410,3177.0,92.0,15.2,12.32,0.97,0.0
20201113:1510,1207.5,43.0,7.11,12.23,0.9,0.0
20201113:1610,0.0,0.0,0.0,11.89,0.83,0.0
20201113:1710,0.0,0.0,0.0,11.25,0.9,0.0
20201113:1810,0.0,0.0,0.0,10.68,0.97,0.0
20201113:1910,0.0,0.0,0.0,9.96,1.1,0.0
20201113:2010,0.0,0.0,0.0,9.84,1.03,0.0
20201113:2110,0.0,0.0,0.0,9.73,0.9,0.0
20201113:2210,0.0,0.0,0.0,9.63,0.9,0.0
20201113:2310,0.0,0.0,0.0,9.55,0.83,0.0
20201114:0010,0.0,0.0,0.0,9.35,0.76,0.0
20201114:0110,0.0,0.0,0.0,9.25,0.62,0.0
20201114:0210,0.0,0.0,0.0,8.93,0.76,0.0
20201114:0310,0.0,0.0,0.0,8.54,0.97,0.0
20201114:0410,0.0,0.0,0.0,8.44,0.9,0.0
20201114:0510,0.0,0.0,0.0,8.21,0.9,0.0
20201114:0610,0.0,0.0,0.0,8.27,0.9,0.0
20201114:0710,894.0,35.0,6.31,7.55,0.62,0.0
20201114:0810,3378.0,96.0,14.48,9.21,0.55,0.0
20201114:0910,5125.5,137.0,20.98,10.47,0.62,0.0
20201114:1010,5751.5,152.0,25.25,11.6,0.83,0.0
20201114:1110,7865.5,202.0,26.81,12.3,0.83,0.0
20201114:1210,9509.0,242.0,25.46,12.9,0.76,0.0
20201114:1310,10490.5,271.01,21.36,13.24,0.76,0.0
20201114:1410,6443.0,180.0,14.99,13.31,0.9,0.0
20201114:1510,1278.0,45.0,6.93,13.17,1.1,0.0
20201114:1610,0.0,0.0,0.0,12.53,1.17,0.0
20201114:1710,0.0,0.0,0.0,11.7,0.9,0.0
20201114:1810,0.0,0.0,0.0,11.19,0.69,0.0
20201114:1910,0.0,0.0,0.0,10.4,1.24,0.0
20201114:2010,0.0,0.0,0.0,10.15,1.03,0.0
20201114:2110,0.0,0.0,0.0,10.09,0.97,0.0
20201114:2210,0.0,0.0,0.0,9.81,0.9,0.0
20201114:2310,0.0,0.0,0.0,9.39,1.03,0.0
20201115:0010,0.0,0.0,0.0,9.17,0.97,0.0
20201115:0110,0.0,0.0,0.0,8.93,0.97,0.0
20201115:0210,0.0,0.0,0.0,8.8,0.9,0.0
20201115:0310,0.0,0.0,0.0,8.8,0.9,0.0
20201115:0410,0.0,0.0,0.0,8.56,0.9,0.0
20201115:0510,0.0,0.0,0.0,8.16,0.97,0.0
20201115:0610,0.0,0.0,0.0,8.19,0.97,0.0
20201115:0710,853.5,34.0,6.08,8.17,1.03,0.0
20201115:0810,4134.5,115.0,14.23,9.22,0.9,0.0
20201115:0910,4635.5,125.0,20.72,9.7,0.83,0.0
20201115:1010,3346.5,95.0,24.99,10.28,0.69,0.0
20201115:1110,8628.0,219.0,26.56,11.03,0.62,0.0
20201115:1210,7549.5,194.0,25.21,11.31,0.69,0.0
20201115:1310,3199.5,92.0,21.13,11.53,0.62,0.0
20201115:1410,910.0,35.0,14.8,11.56,0.55,0.0
20201115:1510,1250.0,44.0,6.75,11.53,0.62,0.0
20201115:1610,0.0,0.0,0.0,11.36,0.41,0.0
20201115:1710,0.0,0.0,0.0,11.03,0.62,0.0
20201115:1810,0.0,0.0,0.0,10.8,1.1,0.0
20201115:1910,0.0,0.0,0.0,9.59,1.45,0.0
20201115:2010,0.0,0.0,0.0,9.57,1.1,0.0
20201115:2110,0.0,0.0,0.0,9.51,0.97,0.0
20201115:2210,0.0,0.0,0.0,9.48,1.1,0.0
20201115:2310,0.0,0.0,0.0,9.46,1.24,0.0
20201116:0010,0.0,0.0,0.0,9.37,1.31,0.0
20201116:0110,0.0,0.0,0.0,9.2,1.24,0.0
20201116:0210,0.0,0.0,0.0,8.87,1.1,0.0
20201116:0310,0.0,0.0,0.0,8.6,0.76,0.0
20201116:0410,0.0,0.0,0.0,8.36,1.17,0.0
20201116:0510,0.0,0.0,0.0,7.9,1.03,0.0
20201116:0610,0.0,0.0,0.0,7.61,0.97,0.0
20201116:0710,1505.5,66.0,5.85,6.75,0.97,0.0
20201116:0810,4878.5,134.0,13.99,7.58,1.03,0.0
20201116:0910,10194.0,259.01,20.47,8.89,1.24,0.0
20201116:1010,10493.0,262.0,24.73,10.08,1.31,0.0
20201116:1110,15499.0,384.01,26.3,11.11,1.38,0.0
20201116:1210,16409.5,412.01,24.97,12.1,1.45,0.0
20201116:1310,12940.0,337.01,20.92,12.69,1.17,0.0
20201116:1410,7492.5,217.01,14.6,13.08,0.97,0.0
20201116:1510,794.5,32.0,6.58,12.87,0.69,0.0
20201116:1610,0.0,0.0,0.0,11.82,0.69,0.0
20201116:1710,0.0,0.0,0.0,11.12,0.76,0.0
20201116:1810,0.0,0.0,0.0,10.26,0.62,0.0
20201116:1910,0.0,0.0,0.0,8.71,1.17,0.0
20201116:2010,0.0,0.0,0.0,7.83,1.38,0.0
20201116:2110,0.0,0.0,0.0,7.68,1.31,0.0
20201116:2210,0.0,0.0,0.0,9.23,0.48,0.0
20201116:2310,0.0,0.0,0.0,8.93,0.07,0.0
20201117:0010,0.0,0.0,0.0,8.48,0.21,0.0
20201117:0110,0.0,0.0,0.0,7.91,0.69,0.0
20201117:0210,0.0,0.0,0.0,7.41,0.76,0.0
20201117:0310,0.0,0.0,0.0,6.97,0.83,0.0
20201117:0410,0.0,0.0,0.0,6.72,0.69,0.0
20201117:0510,0.0,0.0,0.0,6.43,0.48,0.0
20201117:0610,0.0,0.0,0.0,6.11,0.34,0.0
20201117:0710,1123.5,50.64,5.62,6.44,0.48,0.0
20201117:0810,6575.0,188.01,13.75,7.64,0.28,0.0
20201117:0910,12156.0,316.01,20.22,9.82,0.34,0.0
20201117:1010,15424.0,391.01,24.48,12.04,0.48,0.0
20201117:1110,15418.5,389.01,26.05,13.46,0.69,0.0
20201117:1210,14208.0,361.01,24.74,14.33,1.03,0.0
20201117:1310,10502.5,274.01,20.71,14.76,1.31,0.0
20201117:1410,7129.5,208.01,14.41,14.67,1.38,0.0
20201117:1510,1083.5,40.0,6.41,14.05,1.24,0.0
20201117:1610,0.0,0.0,0.0,12.74,1.66,0.0
20201117:1710,0.0,0.0,0.0,10.89,1.79,0.0
20201117:1810,0.0,0.0,0.0,9.25,1.72,0.0
20201117:1910,0.0,0.0,0.0,8.99,1.24,0.0
20201117:2010,0.0,0.0,0.0,8.07,1.31,0.0
20201117:2110,0.0,0.0,0.0,7.05,1.45,0.0
20201117:2210,0.0,0.0,0.0,6.76,1.24,0.0
20201117:2310,0.0,0.0,0.0,7.56,0.9,0.0
20201118:0010,0.0,0.0,0.0,7.2,0.69,0.0
20201118:0110,0.0,0.0,0.0,6.51,0.48,0.0
20201118:0210,0.0,0.0,0.0,6.18,0.28,0.0
20201118:0310,0.0,0.0,0.0,5.36,0.21,0.0
20201118:0410,0.0,0.0,0.0,4.7,0.21,0.0
20201118:0510,0.0,0.0,0.0,3.68,0.14,0.0
20201118:0610,0.0,0.0,0.0,3.19,0.14,0.0
20201118:0710,1040.5,47.99,5.4,4.56,0.55,0.0
20201118:0810,6701.5,191.01,13.52,5.61,0.55,0.0
20201118:0910,12251.5,317.01,19.98,8.38,0.41,0.0
20201118:1010,16168.0,409.01,24.23,10.58,0.34,0.0
20201118:1110,17255.0,436.01,25.81,12.27,0.41,0.0
20201118:1210,16157.5,412.01,24.51,13.34,0.69,0.0
20201118:1310,12691.0,335.01,20.5,13.93,0.76,0.0
20201118:1410,7206.5,211.01,14.23,13.98,0.83,0.0
20201118:1510,974.5,37.0,6.25,13.42,0.83,0.0
20201118:1610,0.0,0.0,0.0,12.31,0.62,0.0
20201118:1710,0.0,0.0,0.0,11.67,0.07,0.0
20201118:1810,0.0,0.0,0.0,10.82,0.69,0.0
20201118:1910,0.0,0.0,0.0,6.54,1.1,0.0
20201118:2010,0.0,0.0,0.0,6.56,0.97,0.0
20201118:2110,0.0,0.0,0.0,6.15,0.97,0.0
20201118:2210,0.0,0.0,0.0,5.5,1.03,0.0
20201118:2310,0.0,0.0,0.0,5.3,1.03,0.0
20201119:0010,0.0,0.0,0.0,5.21,0.97,0.0
20201119:0110,0.0,0.0,0.0,5.61,0.83,0.0
20201119:0210,0.0,0.0,0.0,5.22,0.55,0.0
20201119:0310,0.0,0.0,0.0,4.42,0.41,0.0
20201119:0410,0.0,0.0,0.0,3.94,0.48,0.0
20201119:0510,0.0,0.0,0.0,3.66,0.48,0.0
20201119:0610,0.0,0.0,0.0,3.43,0.41,0.0
20201119:0710,956.0,47.54,5.18,3.24,0.21,0.0
20201119:0810,6632.0,192.01,13.28,4.54,0.0,0.0
20201119:0910,12180.0,316.01,19.74,7.58,0.21,0.0
20201119:1010,15762.5,399.01,23.99,9.98,0.14,0.0
20201119:1110,16870.0,427.01,25.57,12.13,0.28,0.0
20201119:1210,15650.5,401.01,24.29,13.48,0.34,0.0
20201119:1310,12234.5,325.01,20.3,14.34,0.41,0.0
20201119:1410,6967.0,206.01,14.06,14.48,0.55,0.0
20201119:1510,827.0,33.0,6.1,13.77,1.17,0.0
20201119:1610,0.0,0.0,0.0,11.9,1.86,0.0
20201119:1710,0.0,0.0,0.0,10.04,1.59,0.0
20201119:1810,0.0,0.0,0.0,8.63,1.1,0.0
20201119:1910,0.0,0.0,0.0,8.1,0.83,0.0
20201119:2010,0.0,0.0,0.0,7.69,0.41,0.0
20201119:2110,0.0,0.0,0.0,7.15,0.21,0.0
20201119:2210,0.0,0.0,0.0,6.44,0.21,0.0
20201119:2310,0.0,0.0,0.0,5.53,0.41,0.0
20201120:0010,0.0,0.0,0.0,5.08,0.69,0.0
20201120:0110,0.0,0.0,0.0,4.85,0.97,0.0
20201120:0210,0.0,0.0,0.0,3.93,1.45,0.0
20201120:0310,0.0,0.0,0.0,3.2,1.79,0.0
20201120:0410,0.0,0.0,0.0,3.79,1.31,0.0
20201120:0510,0.0,0.0,0.0,4.65,1.03,0.0
20201120:0610,0.0,0.0,0.0,4.07,0.97,0.0
20201120:0710,843.0,53.91,4.96,4.71,0.55,0.0
20201120:0810,6849.5,202.01,13.06,5.27,0.55,0.0
20201120:0910,12378.5,321.01,19.5,7.82,0.69,0.0
20201120:1010,4368.0,119.0,23.75,10.19,0.48,0.0
20201120:1110,14403.0,363.01,25.34,12.28,0.34,0.0
20201120:1210,15924.0,408.01,24.07,13.49,0.48,0.0
20201120:1310,12560.5,333.01,20.11,13.96,0.69,0.0
20201120:1410,7159.0,212.01,13.89,13.83,0.76,0.0
20201120:1510,904.0,35.0,5.95,12.8,0.83,0.0
20201120:1610,0.0,0.0,0.0,10.54,1.1,0.0
20201120:1710,0.0,0.0,0.0,9.59,1.1,0.0
20201120:1810,0.0,0.0,0.0,9.99,0.69,0.0
20201120:1910,0.0,0.0,0.0,9.11,1.03,0.0
20201120:2010,0.0,0.0,0.0,5.34,1.86,0.0
20201120:2110,0.0,0.0,0.0,4.24,1.93,0.0
20201120:2210,0.0,0.0,0.0,3.45,2.0,0.0
20201120:2310,0.0,0.0,0.0,2.97,1.93,0.0
20201121:0010,0.0,0.0,0.0,2.65,2.07,0.0
20201121:0110,0.0,0.0,0.0,2.61,2.07,0.0
20201121:0210,0.0,0.0,0.0,2.6,2.0,0.0
20201121:0310,0.0,0.0,0.0,2.98,1.79,0.0
20201121:0410,0.0,0.0,0.0,3.24,1.59,0.0
20201121:0510,0.0,0.0,0.0,3.44,1.38,0.0
20201121:0610,0.0,0.0,0.0,3.36,1.24,0.0
20201121:0710,832.5,38.15,4.74,3.37,1.24,0.0
20201121:0810,5587.0,157.0,12.83,5.15,0.76,0.0
20201121:0910,8202.5,209.0,19.27,7.1,0.83,0.0
20201121:1010,15031.0,374.01,23.52,8.94,1.52,0.0
20201121:1110,16330.0,403.01,25.11,9.66,1.86,0.0
20201121:1210,16149.0,403.01,23.86,9.94,1.79,0.0
20201121:1310,12677.5,328.01,19.92,9.9,1.79,0.0
20201121:1410,7121.5,206.01,13.73,9.63,1.66,0.0
20201121:1510,922.5,35.0,5.81,9.1,1.52,0.0
20201121:1610,0.0,0.0,0.0,7.67,1.72,0.0
20201121:1710,0.0,0.0,0.0,6.06,1.79,0.0
20201121:1810,0.0,0.0,0.0,4.67,1.79,0.0
20201121:1910,0.0,0.0,0.0,3.55,1.79,0.0
20201121:2010,0.0,0.0,0.0,2.96,1.52,0.0
20201121:2110,0.0,0.0,0.0,2.35,1.59,0.0
20201121:2210,0.0,0.0,0.0,1.45,1.72,0.0
20201121:2310,0.0,0.0,0.0,0.9,1.79,0.0
20201122:0010,0.0,0.0,0.0,0.6,1.72,0.0
20201122:0110,0.0,0.0,0.0,0.2,1.52,0.0
20201122:0210,0.0,0.0,0.0,0.19,1.24,0.0
20201122:0310,0.0,0.0,0.0,-0.05,1.17,0.0
20201122:0410,0.0,0.0,0.0,-0.4,1.1,0.0
20201122:0510,0.0,0.0,0.0,-0.71,1.03,0.0
20201122:0610,0.0,0.0,0.0,-0.96,0.97,0.0
20201122:0710,778.0,39.86,4.53,-1.23,1.03,0.0
20201122:0810,6450.0,186.01,12.61,0.36,0.83,0.0
20201122:0910,12139.5,310.01,19.04,3.48,0.9,0.0
20201122:1010,15928.5,393.01,23.29,5.18,0.9,0.0
20201122:1110,17204.5,423.01,24.89,6.43,0.83,0.0
20201122:1210,16022.5,398.01,23.66,7.34,0.97,0.0
20201122:1310,12422.5,320.01,19.74,7.84,1.17,0.0
20201122:1410,7051.0,204.01,13.57,7.88,1.17,0.0
20201122:1510,893.0,34.0,5.68,7.37,1.03,0.0
20201122:1610,0.0,0.0,0.0,5.9,0.83,0.0
20201122:1710,0.0,0.0,0.0,5.98,0.48,0.0
20201122:1810,0.0,0.0,0.0,5.19,0.48,0.0
20201122:1910,0.0,0.0,0.0,1.99,0.76,0.0
20201122:2010,0.0,0.0,0.0,1.37,0.28,0.0
20201122:2110,0.0,0.0,0.0,0.56,0.21,0.0
20201122:2210,0.0,0.0,0.0,-0.08,0.34,0.0
20201122:2310,0.0,0.0,0.0,-0.51,0.48,0.0
20201123:0010,0.0,0.0,0.0,-0.84,0.28,0.0
20201123:0110,0.0,0.0,0.0,-1.19,0.14,0.0
20201123:0210,0.0,0.0,0.0,-1.36,0.21,0.0
20201123:0310,0.0,0.0,0.0,-1.44,0.21,0.0
20201123:0410,0.0,0.0,0.0,-1.48,0.21,0.0
20201123:0510,0.0,0.0,0.0,-1.55,0.28,0.0
20201123:0610,0.0,0.0,0.0,-1.62,0.34,0.0
20201123:0710,717.0,37.31,4.32,-1.3,0.14,0.0
20201123:0810,6248.0,182.01,12.39,-0.02,0.07,0.0
20201123:0910,11796.5,303.01,18.82,3.11,0.14,0.0
20201123:1010,15526.5,387.01,23.07,5.4,0.07,0.0
20201123:1110,16854.0,418.01,24.68,6.9,0.28,0.0
20201123:1210,15783.0,395.01,23.46,7.96,0.62,0.0
20201123:1310,12327.5,320.01,19.57,8.55,0.97,0.0
20201123:1410,6857.0,200.01,13.42,8.58,1.24,0.0
20201123:1510,892.0,34.0,5.55,7.68,1.45,0.0
20201123:1610,0.0,0.0,0.0,5.98,1.79,0.0
20201123:1710,0.0,0.0,0.0,4.3,1.66,0.0
20201123:1810,0.0,0.0,0.0,2.76,1.38,0.0
20201123:1910,0.0,0.0,0.0,1.87,1.79,0.0
20201123:2010,0.0,0.0,0.0,1.51,1.38,0.0
20201123:2110,0.0,0.0,0.0,1.78,0.9,0.0
20201123:2210,0.0,0.0,0.0,1.3,0.9,0.0
20201123:2310,0.0,0.0,0.0,0.63,0.9,0.0
20201124:0010,0.0,0.0,0.0,0.35,0.83,0.0
20201124:0110,0.0,0.0,0.0,0.23,0.62,0.0
20201124:0210,0.0,0.0,0.0,0.07,0.41,0.0
20201124:0310,0.0,0.0,0.0,-0.25,0.34,0.0
20201124:0410,0.0,0.0,0.0,-0.57,0.62,0.0
20201124:0510,0.0,0.0,0.0,-0.86,0.9,0.0
20201124:0610,0.0,0.0,0.0,-1.09,1.03,0.0
20201124:0710,598.5,36.85,4.12,-0.46,1.03,0.0
20201124:0810,5774.5,167.01,12.18,1.05,0.76,0.0
20201124:0910,11358.5,293.01,18.6,4.48,0.69,0.0
20201124:1010,10085.5,251.0,22.85,7.19,0.76,0.0
20201124:1110,16427.5,410.01,24.47,9.25,0.9,0.0
20201124:1210,15163.0,384.01,23.27,10.71,0.83,0.0
20201124:1310,11845.5,312.01,19.4,11.3,0.97,0.0
20201124:1410,6585.0,196.01,13.28,11.26,0.9,0.0
20201124:1510,916.5,35.0,5.43,10.24,0.69,0.0
20201124:1610,0.0,0.0,0.0,10.06,0.14,0.0
20201124:1710,0.0,0.0,0.0,8.96,0.28,0.0
20201124:1810,0.0,0.0,0.0,8.08,0.62,0.0
20201124:1910,0.0,0.0,0.0,4.8,1.1,0.0
20201124:2010,0.0,0.0,0.0,4.55,0.9,0.0
20201124:2110,0.0,0.0,0.0,4.15,0.69,0.0
20201124:2210,0.0,0.0,0.0,3.21,0.76,0.0
20201124:2310,0.0,0.0,0.0,2.43,0.76,0.0
20201125:0010,0.0,0.0,0.0,1.78,0.62,0.0
20201125:0110,0.0,0.0,0.0,0.86,0.48,0.0
20201125:0210,0.0,0.0,0.0,0.21,0.34,0.0
20201125:0310,0.0,0.0,0.0,-0.63,0.34,0.0
20201125:0410,0.0,0.0,0.0,-1.16,0.34,0.0
20201125:0510,0.0,0.0,0.0,-0.97,0.34,0.0
20201125:0610,0.0,0.0,0.0,-0.92,0.34,0.0
20201125:0710,570.5,31.36,3.92,-0.4,0.28,0.0
20201125:0810,5596.5,163.01,11.97,1.24,0.34,0.0
20201125:0910,10479.0,269.01,18.39,4.09,0.41,0.0
20201125:1010,15030.0,377.01,22.64,6.93,0.48,0.0
20201125:1110,16258.5,407.01,24.27,8.84,0.48,0.0
20201125:1210,14471.5,367.01,23.09,10.02,0.21,0.0
20201125:1310,11813.0,313.01,19.24,10.63,0.14,0.0
20201125:1410,6445.5,192.01,13.14,10.67,0.28,0.0
20201125:1510,770.0,31.0,5.32,10.08,0.62,0.0
20201125:1610,0.0,0.0,0.0,8.92,0.83,0.0
20201125:1710,0.0,0.0,0.0,8.27,0.76,0.0
20201125:1810,0.0,0.0,0.0,7.58,0.69,0.0
20201125:1910,0.0,0.0,0.0,5.83,0.9,0.0
20201125:2010,0.0,0.0,0.0,4.17,1.03,0.0
20201125:2110,0.0,0.0,0.0,3.34,0.83,0.0
20201125:2210,0.0,0.0,0.0,2.87,0.62,0.0
20201125:2310,0.0,0.0,0.0,2.33,0.48,0.0
20201126:0010,0.0,0.0,0.0,1.86,0.34,0.0
20201126:0110,0.0,0.0,0.0,1.25,0.28,0.0
20201126:0210,0.0,0.0,0.0,0.8,0.28,0.0
20201126:0310,0.0,0.0,0.0,0.55,0.28,0.0
20201126:0410,0.0,0.0,0.0,0.33,0.14,0.0
20201126:0510,0.0,0.0,0.0,0.15,0.21,0.0
20201126:0610,0.0,0.0,0.0,0.06,0.21,0.0
20201126:0710,515.0,28.07,3.72,-0.08,0.41,0.0
20201126:0810,5580.5,165.01,11.77,1.09,0.34,0.0
20201126:0910,11155.0,289.01,18.18,3.78,0.48,0.0
20201126:1010,14862.0,372.01,22.43,6.2,0.48,0.0
20201126:1110,16188.5,405.01,24.08,8.02,0.28,0.0
20201126:1210,15389.5,392.01,22.91,9.44,0.07,0.0
20201126:1310,11575.5,306.01,19.09,10.12,0.14,0.0
20201126:1410,6455.0,193.01,13.01,10.18,0.41,0.0
20201126:1510,808.0,32.0,5.21,9.68,0.76,0.0
20201126:1610,0.0,0.0,0.0,7.77,1.03,0.0
20201126:1710,0.0,0.0,0.0,7.18,0.9,0.0
20201126:1810,0.0,0.0,0.0,6.63,0.69,0.0
20201126:1910,0.0,0.0,0.0,5.42,0.69,0.0
20201126:2010,0.0,0.0,0.0,4.85,0.48,0.0
20201126:2110,0.0,0.0,0.0,4.54,0.28,0.0
20201126:2210,0.0,0.0,0.0,4.31,0.14,0.0
20201126:2310,0.0,0.0,0.0,3.89,0.41,0.0
20201127:0010,0.0,0.0,0.0,3.36,0.41,0.0
20201127:0110,0.0,0.0,0.0,2.65,0.14,0.0
20201127:0210,0.0,0.0,0.0,1.82,0.21,0.0
20201127:0310,0.0,0.0,0.0,1.44,0.14,0.0
20201127:0410,0.0,0.0,0.0,1.39,0.14,0.0
20201127:0510,0.0,0.0,0.0,1.46,0.07,0.0
20201127:0610,0.0,0.0,0.0,1.7,0.0,0.0
20201127:0710,437.5,26.15,3.52,2.17,0.41,0.0
20201127:0810,3663.5,104.0,11.57,3.28,0.34,0.0
20201127:0910,8722.0,224.01,17.98,5.05,0.48,0.0
20201127:1010,13446.5,336.01,22.23,6.59,0.55,0.0
20201127:1110,13266.0,330.01,23.89,8.09,0.34,0.0
20201127:1210,7388.5,189.0,22.74,8.73,0.14,0.0
20201127:1310,4036.5,111.0,18.94,9.18,0.0,0.0
20201127:1410,5488.5,158.0,12.89,9.16,0.07,0.0
20201127:1510,848.0,33.0,5.1,8.91,0.21,0.0
20201127:1610,0.0,0.0,0.0,8.73,0.21,0.0
20201127:1710,0.0,0.0,0.0,8.54,0.14,0.0
20201127:1810,0.0,0.0,0.0,7.9,0.69,0.0
20201127:1910,0.0,0.0,0.0,5.62,0.62,0.0
20201127:2010,0.0,0.0,0.0,5.98,0.48,0.0
20201127:2110,0.0,0.0,0.0,5.4,0.62,0.0
20201127:2210,0.0,0.0,0.0,4.81,0.9,0.0
20201127:2310,0.0,0.0,0.0,4.81,1.1,0.0
20201128:0010,0.0,0.0,0.0,4.9,1.1,0.0
20201128:0110,0.0,0.0,0.0,4.9,0.97,0.0
20201128:0210,0.0,0.0,0.0,5.0,0.97,0.0
20201128:0310,0.0,0.0,0.0,4.8,1.24,0.0
20201128:0410,0.0,0.0,0.0,5.04,1.1,0.0
20201128:0510,0.0,0.0,0.0,5.13,1.24,0.0
20201128:0610,0.0,0.0,0.0,5.28,1.17,0.0
20201128:0710,245.0,15.82,3.33,5.04,0.48,0.0
20201128:0810,901.5,34.0,11.37,5.46,0.55,0.0
20201128:0910,569.5,25.0,17.78,6.13,0.69,0.0
20201128:1010,5962.0,154.0,22.04,6.62,0.55,0.0
20201128:1110,7923.5,200.0,23.71,7.51,0.41,0.0
20201128:1210,7088.5,181.0,22.58,7.91,0.62,0.0
20201128:1310,2870.5,83.0,18.8,8.22,0.69,0.0
20201128:1410,2439.0,73.0,12.77,8.44,0.69,0.0
20201128:1510,704.5,29.0,5.01,8.31,0.34,0.0
20201128:1610,0.0,0.0,0.0,8.16,0.07,0.0
20201128:1710,0.0,0.0,0.0,7.96,0.14,0.0
20201128:1810,0.0,0.0,0.0,7.67,0.28,0.0
20201128:1910,0.0,0.0,0.0,6.26,0.41,0.0
20201128:2010,0.0,0.0,0.0,6.15,0.41,0.0
20201128:2110,0.0,0.0,0.0,5.25,0.9,0.0
20201128:2210,0.0,0.0,0.0,4.98,0.83,0.0
20201128:2310,0.0,0.0,0.0,4.43,1.03,0.0
20201129:0010,0.0,0.0,0.0,4.3,1.45,0.0
20201129:0110,0.0,0.0,0.0,4.34,1.17,0.0
20201129:0210,0.0,0.0,0.0,4.65,0.97,0.0
20201129:0310,0.0,0.0,0.0,4.84,0.9,0.0
20201129:0410,0.0,0.0,0.0,4.64,1.03,0.0
20201129:0510,0.0,0.0,0.0,4.35,1.1,0.0
20201129:0610,0.0,0.0,0.0,4.13,1.03,0.0
20201129:0710,8.5,6.0,3.15,3.44,1.31,0.0
20201129:0810,1977.5,61.0,11.18,4.73,0.83,0.0
20201129:0910,4636.0,124.0,17.59,6.8,0.9,0.0
20201129:1010,7631.5,194.0,21.85,8.38,1.1,0.0
20201129:1110,12138.0,303.01,23.53,9.75,1.17,0.0
20201129:1210,13684.5,347.01,22.42,10.69,1.1,0.0
20201129:1310,11028.5,292.01,18.66,11.16,1.31,0.0
20201129:1410,4087.5,117.0,12.66,11.1,1.52,0.0
20201129:1510,591.0,26.0,4.92,10.5,1.31,0.0
20201129:1610,0.0,0.0,0.0,9.3,1.38,0.0
20201129:1710,0.0,0.0,0.0,7.47,1.24,0.0
20201129:1810,0.0,0.0,0.0,6.88,1.1,0.0
20201129:1910,0.0,0.0,0.0,4.46,1.52,0.0
20201129:2010,0.0,0.0,0.0,4.14,1.31,0.0
20201129:2110,0.0,0.0,0.0,3.72,1.17,0.0
20201129:2210,0.0,0.0,0.0,4.29,0.76,0.0
20201129:2310,0.0,0.0,0.0,3.64,0.34,0.0
20201130:0010,0.0,0.0,0.0,3.09,0.14,0.0
20201130:0110,0.0,0.0,0.0,2.52,0.28,0.0
20201130:0210,0.0,0.0,0.0,2.49,0.34,0.0
20201130:0310,0.0,0.0,0.0,2.45,0.41,0.0
20201130:0410,0.0,0.0,0.0,2.4,0.48,0.0
20201130:0510,0.0,0.0,0.0,2.35,0.48,0.0
20201130:0610,0.0,0.0,0.0,2.18,0.62,0.0
20201130:0710,52.0,8.0,2.96,2.07,0.48,0.0
20201130:0810,2513.0,74.0,11.0,2.86,0.48,0.0
20201130:0910,2501.0,73.0,17.4,4.03,0.62,0.0
20201130:1010,2911.0,83.0,21.67,5.4,0.83,0.0
20201130:1110,3282.5,92.0,23.36,6.51,1.1,0.0
20201130:1210,3181.5,90.0,22.27,7.5,1.17,0.0
20201130:1310,2454.5,73.0,18.54,8.04,1.24,0.0
20201130:1410,1392.0,47.0,12.56,8.0,1.24,0.0
20201130:1510,496.0,23.0,4.84,7.62,1.17,0.0
20201130:1610,0.0,0.0,0.0,6.83,1.38,0.0
20201130:1710,0.0,0.0,0.0,5.9,1.38,0.0
20201130:1810,0.0,0.0,0.0,4.91,1.24,0.0
20201130:1910,0.0,0.0,0.0,4.17,0.97,0.0
20201130:2010,0.0,0.0,0.0,3.64,1.03,0.0
20201130:2110,0.0,0.0,0.0,3.55,0.9,0.0
20201130:2210,0.0,0.0,0.0,3.25,0.83,0.0
20201130:2310,0.0,0.0,0.0,2.84,0.69,0.0
20201201:0010,0.0,0.0,0.0,3.0,0.62,0.0
20201201:0110,0.0,0.0,0.0,2.73,0.48,0.0
20201201:0210,0.0,0.0,0.0,2.49,0.48,0.0
20201201:0310,0.0,0.0,0.0,1.96,0.76,0.0
20201201:0410,0.0,0.0,0.0,2.03,0.69,0.0
20201201:0510,0.0,0.0,0.0,1.86,0.76,0.0
20201201:0610,0.0,0.0,0.0,2.07,0.55,0.0
20201201:0710,250.5,17.34,2.78,2.28,0.48,0.0
20201201:0810,2516.5,74.0,10.82,2.47,0.48,0.0
20201201:0910,8566.0,220.01,17.22,3.45,1.03,0.0
20201201:1010,2672.0,77.0,21.5,4.31,1.59,0.0
20201201:1110,1781.5,56.0,23.2,4.92,2.0,0.0
20201201:1210,1736.0,55.0,22.13,5.52,2.55,0.0
20201201:1310,715.0,29.0,18.42,5.84,2.97,0.0
20201201:1410,3670.5,103.0,12.46,5.77,2.97,0.0
20201201:1510,0.0,5.0,4.76,5.3,2.69,0.0
20201201:1610,0.0,0.0,0.0,4.77,2.48,0.0
20201201:1710,0.0,0.0,0.0,4.51,2.14,0.0
20201201:1810,0.0,0.0,0.0,4.13,1.93,0.0
20201201:1910,0.0,0.0,0.0,3.47,2.48,0.0
20201201:2010,0.0,0.0,0.0,3.17,2.14,0.0
20201201:2110,0.0,0.0,0.0,2.85,2.34,0.0
20201201:2210,0.0,0.0,0.0,2.71,2.69,0.0
20201201:2310,0.0,0.0,0.0,2.42,2.83,0.0
20201202:0010,0.0,0.0,0.0,2.48,2.48,0.0
20201202:0110,0.0,0.0,0.0,2.5,1.59,0.0
20201202:0210,0.0,0.0,0.0,2.35,1.24,0.0
20201202:0310,0.0,0.0,0.0,2.07,1.17,0.0
20201202:0410,0.0,0.0,0.0,1.71,1.17,0.0
20201202:0510,0.0,0.0,0.0,1.52,0.9,0.0
20201202:0610,0.0,0.0,0.0,1.44,0.69,0.0
20201202:0710,0.0,5.0,2.61,1.29,0.62,0.0
20201202:0810,216.0,14.0,10.64,1.26,0.07,0.0
20201202:0910,3394.0,93.0,17.05,1.55,0.14,0.0
20201202:1010,1558.0,50.0,21.33,1.79,0.41,0.0
20201202:1110,3175.0,88.0,23.04,2.15,0.76,0.0
20201202:1210,5873.0,149.0,22.0,2.2,0.76,0.0
20201202:1310,1472.5,48.0,18.31,2.26,0.62,0.0
20201202:1410,2511.5,73.0,12.37,2.44,0.69,0.0
20201202:1510,0.0,5.0,4.69,2.33,0.69,0.0
20201202:1610,0.0,0.0,0.0,2.23,0.62,0.0
20201202:1710,0.0,0.0,0.0,2.11,0.55,0.0
20201202:1810,0.0,0.0,0.0,2.2,0.55,0.0
20201202:1910,0.0,0.0,0.0,2.49,1.66,0.0
20201202:2010,0.0,0.0,0.0,2.56,1.03,0.0
20201202:2110,0.0,0.0,0.0,2.48,1.03,0.0
20201202:2210,0.0,0.0,0.0,2.4,1.24,0.0
20201202:2310,0.0,0.0,0.0,2.18,1.52,0.0
20201203:0010,0.0,0.0,0.0,1.65,1.52,0.0
20201203:0110,0.0,0.0,0.0,0.89,1.72,0.0
20201203:0210,0.0,0.0,0.0,-0.01,1.79,0.0
20201203:0310,0.0,0.0,0.0,-0.71,1.66,0.0
20201203:0410,0.0,0.0,0.0,-1.24,1.24,0.0
20201203:0510,0.0,0.0,0.0,-1.84,1.03,0.0
20201203:0610,0.0,0.0,0.0,-2.37,0.97,0.0
20201203:0710,104.5,10.0,2.44,-1.95,0.48,0.0
20201203:0810,3615.0,104.0,10.47,-0.57,0.34,0.0
20201203:0910,5547.5,143.0,16.88,1.48,0.34,0.0
20201203:1010,7505.0,188.0,21.16,3.87,0.48,0.0
20201203:1110,7366.0,185.0,22.9,5.26,0.83,0.0
20201203:1210,6256.5,160.0,21.87,6.05,1.38,0.0
20201203:1310,5473.5,143.0,18.2,6.49,1.72,0.0
20201203:1410,2627.5,77.0,12.29,6.39,1.93,0.0
20201203:1510,607.0,26.0,4.63,5.65,1.79,0.0
20201203:1610,0.0,0.0,0.0,4.35,2.14,0.0
20201203:1710,0.0,0.0,0.0,3.77,1.93,0.0
20201203:1810,0.0,0.0,0.0,3.53,1.59,0.0
20201203:1910,0.0,0.0,0.0,3.39,1.66,0.0
20201203:2010,0.0,0.0,0.0,3.25,1.52,0.0
20201203:2110,0.0,0.0,0.0,3.14,1.52,0.0
20201203:2210,0.0,0.0,0.0,3.04,1.31,0.0
20201203:2310,0.0,0.0,0.0,2.85,1.24,0.0
20201204:0010,0.0,0.0,0.0,2.54,1.31,0.0
20201204:0110,0.0,0.0,0.0,1.9,1.24,0.0
20201204:0210,0.0,0.0,0.0,1.65,1.1,0.0
20201204:0310,0.0,0.0,0.0,1.51,1.03,0.0
20201204:0410,0.0,0.0,0.0,1.28,0.97,0.0
20201204:0510,0.0,0.0,0.0,1.14,0.97,0.0
20201204:0610,0.0,0.0,0.0,1.06,1.03,0.0
20201204:0710,0.0,0.0,0.0,0.66,1.24,0.0
20201204:0810,1042.0,37.0,10.3,0.73,1.1,0.0
20201204:0910,2200.0,65.0,16.71,0.65,1.17,0.0
20201204:1010,2155.5,64.0,21.01,0.86,1.24,0.0
20201204:1110,1362.0,45.0,22.75,0.82,1.52,0.0
20201204:1210,4176.5,110.0,21.75,0.9,1.66,0.0
20201204:1310,1858.5,57.0,18.1,0.92,1.45,0.0
20201204:1410,3261.0,91.0,12.21,0.99,1.52,0.0
20201204:1510,696.5,28.0,4.57,0.87,1.45,0.0
20201204:1610,0.0,0.0,0.0,0.69,1.24,0.0
20201204:1710,0.0,0.0,0.0,0.56,1.17,0.0
20201204:1810,0.0,0.0,0.0,0.48,1.31,0.0
20201204:1910,0.0,0.0,0.0,0.08,1.24,0.0
20201204:2010,0.0,0.0,0.0,0.03,1.38,0.0
20201204:2110,0.0,0.0,0.0,-0.01,1.38,0.0
20201204:2210,0.0,0.0,0.0,-0.2,1.03,0.0
20201204:2310,0.0,0.0,0.0,-0.13,0.48,0.0
20201205:0010,0.0,0.0,0.0,-0.61,0.62,0.0
20201205:0110,0.0,0.0,0.0,-1.41,1.03,0.0
20201205:0210,0.0,0.0,0.0,-1.08,0.69,0.0
20201205:0310,0.0,0.0,0.0,-0.78,0.07,0.0
20201205:0410,0.0,0.0,0.0,-1.67,0.97,0.0
20201205:0510,0.0,0.0,0.0,-1.3,0.97,0.0
20201205:0610,0.0,0.0,0.0,-0.67,0.69,0.0
20201205:0710,0.0,0.0,0.0,-1.92,1.03,0.0
20201205:0810,450.0,21.0,10.14,-1.11,0.76,0.0
20201205:0910,588.5,25.0,16.56,0.21,0.55,0.0
20201205:1010,2116.0,63.0,20.86,0.59,1.45,0.0
20201205:1110,2496.5,72.0,22.62,1.25,1.93,0.0
20201205:1210,1769.0,55.0,21.63,1.61,1.86,0.0
20201205:1310,1935.0,59.0,18.01,1.76,1.66,0.0
20201205:1410,1560.0,50.0,12.14,1.69,1.38,0.0
20201205:1510,548.0,24.0,4.52,1.65,1.31,0.0
20201205:1610,0.0,0.0,0.0,1.49,1.38,0.0
20201205:1710,0.0,0.0,0.0,1.12,1.17,0.0
20201205:1810,0.0,0.0,0.0,0.97,1.17,0.0
20201205:1910,0.0,0.0,0.0,0.73,0.83,0.0
20201205:2010,0.0,0.0,0.0,0.69,0.9,0.0
20201205:2110,0.0,0.0,0.0,0.68,0.83,0.0
20201205:2210,0.0,0.0,0.0,0.48,0.97,0.0
20201205:2310,0.0,0.0,0.0,0.33,0.97,0.0
20201206:0010,0.0,0.0,0.0,0.47,0.9,0.0
20201206:0110,0.0,0.0,0.0,0.54,1.1,0.0
20201206:0210,0.0,0.0,0.0,0.61,1.1,0.0
20201206:0310,0.0,0.0,0.0,0.5,1.03,0.0
20201206:0410,0.0,0.0,0.0,1.2,0.55,0.0
20201206:0510,0.0,0.0,0.0,1.42,0.28,0.0
20201206:0610,0.0,0.0,0.0,1.36,0.41,0.0
20201206:0710,0.0,0.0,0.0,0.9,1.17,0.0
20201206:0810,3867.0,117.0,9.99,1.45,1.03,0.0
20201206:0910,8185.0,211.01,16.4,2.03,1.1,0.0
20201206:1010,6905.0,173.0,20.72,2.84,1.17,0.0
20201206:1110,7058.0,176.0,22.49,2.96,1.31,0.0
20201206:1210,5578.0,143.0,21.52,3.75,1.59,0.0
20201206:1310,7203.5,183.0,17.93,3.92,1.52,0.0
20201206:1410,5361.0,154.01,12.08,4.05,1.24,0.0
20201206:1510,439.0,21.0,4.48,3.23,1.31,0.0
20201206:1610,0.0,0.0,0.0,2.44,1.31,0.0
20201206:1710,0.0,0.0,0.0,3.99,0.83,0.0
20201206:1810,0.0,0.0,0.0,3.41,0.55,0.0
20201206:1910,0.0,0.0,0.0,0.36,1.59,0.0
20201206:2010,0.0,0.0,0.0,-0.72,1.66,0.0
20201206:2110,0.0,0.0,0.0,-0.04,1.24,0.0
20201206:2210,0.0,0.0,0.0,0.7,0.76,0.0
20201206:2310,0.0,0.0,0.0,0.39,0.48,0.0
20201207:0010,0.0,0.0,0.0,0.32,0.55,0.0
20201207:0110,0.0,0.0,0.0,0.63,0.48,0.0
20201207:0210,0.0,0.0,0.0,0.86,0.41,0.0
20201207:0310,0.0,0.0,0.0,1.24,0.21,0.0
20201207:0410,0.0,0.0,0.0,1.24,0.34,0.0
20201207:0510,0.0,0.0,0.0,1.19,0.55,0.0
20201207:0610,0.0,0.0,0.0,-0.32,1.31,0.0
20201207:0710,0.0,0.0,0.0,0.34,0.9,0.0
20201207:0810,2456.5,73.0,9.84,1.1,0.14,0.0
20201207:0910,2486.5,72.0,16.26,1.6,0.41,0.0
20201207:1010,6588.5,165.0,20.58,1.52,0.9,0.0
20201207:1110,7917.0,195.0,22.37,2.14,1.17,0.0
20201207:1210,1351.5,45.0,21.42,2.36,1.31,0.0
20201207:1310,1593.5,51.0,17.85,2.57,0.97,0.0
20201207:1410,1761.0,55.0,12.03,2.36,1.03,0.0
20201207:1510,652.0,27.0,4.44,2.89,0.83,0.0
20201207:1610,0.0,0.0,0.0,3.42,0.69,0.0
20201207:1710,0.0,0.0,0.0,3.23,0.62,0.0
20201207:1810,0.0,0.0,0.0,2.95,0.48,0.0
20201207:1910,0.0,0.0,0.0,2.12,0.9,0.0
20201207:2010,0.0,0.0,0.0,1.57,1.03,0.0
20201207:2110,0.0,0.0,0.0,1.27,1.24,0.0
20201207:2210,0.0,0.0,0.0,1.42,1.24,0.0
20201207:2310,0.0,0.0,0.0,1.43,1.03,0.0
20201208:0010,0.0,0.0,0.0,1.18,1.24,0.0
20201208:0110,0.0,0.0,0.0,1.4,1.59,0.0
20201208:0210,0.0,0.0,0.0,2.0,1.79,0.0
20201208:0310,0.0,0.0,0.0,1.98,1.93,0.0
20201208:0410,0.0,0.0,0.0,1.68,1.86,0.0
20201208:0510,0.0,0.0,0.0,1.57,1.79,0.0
20201208:0610,0.0,0.0,0.0,1.61,1.79,0.0
20201208:0710,0.0,0.0,0.0,1.69,1.52,0.0
20201208:0810,959.5,35.0,9.69,1.6,1.24,0.0
20201208:0910,5023.5,131.0,16.12,1.94,1.45,0.0
20201208:1010,1390.5,46.0,20.45,2.65,1.79,0.0
20201208:1110,6887.0,172.0,22.26,3.1,1.86,0.0
20201208:1210,3250.5,90.0,21.33,3.26,1.72,0.0
20201208:1310,4853.5,127.0,17.78,3.36,1.45,0.0
20201208:1410,1711.5,54.0,11.98,3.36,1.38,0.0
20201208:1510,51.0,8.0,4.41,3.15,1.31,0.0
20201208:1610,0.0,0.0,0.0,2.96,1.45,0.0
20201208:1710,0.0,0.0,0.0,3.1,1.45,0.0
20201208:1810,0.0,0.0,0.0,2.87,1.52,0.0
20201208:1910,0.0,0.0,0.0,4.04,0.9,0.0
20201208:2010,0.0,0.0,0.0,4.25,0.55,0.0
20201208:2110,0.0,0.0,0.0,3.42,1.03,0.0
20201208:2210,0.0,0.0,0.0,2.73,1.17,0.0
20201208:2310,0.0,0.0,0.0,2.4,1.24,0.0
20201209:0010,0.0,0.0,0.0,2.01,1.38,0.0
20201209:0110,0.0,0.0,0.0,2.06,1.66,0.0
20201209:0210,0.0,0.0,0.0,2.03,1.52,0.0
20201209:0310,0.0,0.0,0.0,1.95,1.52,0.0
20201209:0410,0.0,0.0,0.0,2.11,1.79,0.0
20201209:0510,0.0,0.0,0.0,2.07,2.0,0.0
20201209:0610,0.0,0.0,0.0,2.29,2.14,0.0
20201209:0710,0.0,0.0,0.0,3.07,2.48,0.0
20201209:0810,1427.0,47.0,9.55,3.3,2.34,0.0
20201209:0910,2682.0,77.0,15.99,3.63,1.93,0.0
20201209:1010,6199.5,158.0,20.33,4.55,1.45,0.0
20201209:1110,5334.0,139.0,22.15,6.21,1.17,0.0
20201209:1210,4597.5,123.0,21.25,7.76,1.03,0.0
20201209:1310,2331.0,70.0,17.72,7.78,0.97,0.0
20201209:1410,2199.5,67.0,11.94,7.55,1.03,0.0
20201209:1510,498.0,23.0,4.39,6.88,1.24,0.0
20201209:1610,0.0,0.0,0.0,5.99,1.24,0.0
20201209:1710,0.0,0.0,0.0,5.17,0.97,0.0
20201209:1810,0.0,0.0,0.0,5.62,0.62,0.0
20201209:1910,0.0,0.0,0.0,4.54,0.9,0.0
20201209:2010,0.0,0.0,0.0,4.46,0.76,0.0
20201209:2110,0.0,0.0,0.0,4.02,0.9,0.0
20201209:2210,0.0,0.0,0.0,4.15,0.69,0.0
20201209:2310,0.0,0.0,0.0,3.93,0.69,0.0
20201210:0010,0.0,0.0,0.0,3.51,0.76,0.0
20201210:0110,0.0,0.0,0.0,2.84,0.69,0.0
20201210:0210,0.0,0.0,0.0,2.33,0.55,0.0
20201210:0310,0.0,0.0,0.0,1.9,0.41,0.0
20201210:0410,0.0,0.0,0.0,1.26,0.55,0.0
20201210:0510,0.0,0.0,0.0,1.15,0.48,0.0
20201210:0610,0.0,0.0,0.0,1.06,0.55,0.0
20201210:0710,0.0,0.0,0.0,1.92,1.17,0.0
20201210:0810,2852.5,86.0,9.42,2.25,1.03,0.0
20201210:0910,4740.0,126.0,15.86,4.26,0.62,0.0
20201210:1010,8475.5,213.0,20.22,5.16,0.41,0.0
20201210:1110,9479.5,237.0,22.06,6.28,0.07,0.0
20201210:1210,11236.5,283.01,21.17,7.05,0.21,0.0
20201210:1310,5577.5,147.0,17.66,7.57,0.41,0.0
20201210:1410,2238.5,68.0,11.9,7.64,0.55,0.0
20201210:1510,531.0,24.0,4.37,7.35,0.83,0.0
20201210:1610,0.0,0.0,0.0,6.3,1.03,0.0
20201210:1710,0.0,0.0,0.0,6.52,0.69,0.0
20201210:1810,0.0,0.0,0.0,6.4,0.48,0.0
20201210:1910,0.0,0.0,0.0,5.16,0.48,0.0
20201210:2010,0.0,0.0,0.0,4.8,0.55,0.0
20201210:2110,0.0,0.0,0.0,4.47,0.48,0.0
20201210:2210,0.0,0.0,0.0,4.27,0.55,0.0
20201210:2310,0.0,0.0,0.0,4.03,0.69,0.0
20201211:0010,0.0,0.0,0.0,3.21,0.83,0.0
20201211:0110,0.0,0.0,0.0,2.46,0.83,0.0
20201211:0210,0.0,0.0,0.0,2.28,0.62,0.0
20201211:0310,0.0,0.0,0.0,1.65,0.55,0.0
20201211:0410,0.0,0.0,0.0,1.34,0.34,0.0
20201211:0510,0.0,0.0,0.0,0.72,0.48,0.0
20201211:0610,0.0,0.0,0.0,0.41,0.28,0.0
20201211:0710,0.0,0.0,0.0,1.89,0.48,0.0
20201211:0810,2043.0,63.0,9.29,2.02,0.21,0.0
20201211:0910,3802.0,103.0,15.74,2.62,0.21,0.0
20201211:1010,5348.0,138.0,20.11,3.17,0.48,0.0
20201211:1110,5123.0,133.0,21.96,3.67,0.55,0.0
20201211:1210,3623.0,99.0,21.1,4.17,0.83,0.0
20201211:1310,3879.0,105.0,17.61,4.32,0.97,0.0
20201211:1410,3722.0,105.0,11.87,4.35,1.03,0.0
20201211:1510,74.5,9.0,4.36,4.23,1.1,0.0
20201211:1610,0.0,0.0,0.0,3.87,0.97,0.0
20201211:1710,0.0,0.0,0.0,3.66,0.9,0.0
20201211:1810,0.0,0.0,0.0,3.34,1.03,0.0
20201211:1910,0.0,0.0,0.0,2.39,1.52,0.0
20201211:2010,0.0,0.0,0.0,2.42,1.24,0.0
20201211:2110,0.0,0.0,0.0,2.47,1.17,0.0
20201211:2210,0.0,0.0,0.0,2.44,1.24,0.0
20201211:2310,0.0,0.0,0.0,2.25,1.31,0.0
20201212:0010,0.0,0.0,0.0,2.11,1.45,0.0
20201212:0110,0.0,0.0,0.0,1.97,1.45,0.0
20201212:0210,0.0,0.0,0.0,1.7,1.31,0.0
20201212:0310,0.0,0.0,0.0,1.55,1.1,0.0
20201212:0410,0.0,0.0,0.0,1.3,1.17,0.0
20201212:0510,0.0,0.0,0.0,1.36,1.24,0.0
20201212:0610,0.0,0.0,0.0,1.12,1.24,0.0
20201212:0710,0.0,0.0,0.0,1.1,1.17,0.0
20201212:0810,1632.5,52.0,9.17,1.3,1.45,0.0
20201212:0910,3820.5,103.0,15.63,2.13,1.31,0.0
20201212:1010,6705.5,169.0,20.01,3.16,1.1,0.0
20201212:1110,9739.0,240.0,21.88,4.12,0.9,0.0
20201212:1210,11250.0,280.01,21.04,5.16,0.83,0.0
20201212:1310,6732.0,174.0,17.57,5.79,0.69,0.0
20201212:1410,4717.0,136.0,11.85,6.09,0.9,0.0
20201212:1510,432.5,21.0,4.36,5.9,0.69,0.0
20201212:1610,0.0,0.0,0.0,4.88,0.97,0.0
20201212:1710,0.0,0.0,0.0,3.67,0.9,0.0
20201212:1810,0.0,0.0,0.0,3.9,0.55,0.0
20201212:1910,0.0,0.0,0.0,3.16,1.1,0.0
20201212:2010,0.0,0.0,0.0,2.11,1.17,0.0
20201212:2110,0.0,0.0,0.0,2.38,0.97,0.0
20201212:2210,0.0,0.0,0.0,2.61,0.76,0.0
20201212:2310,0.0,0.0,0.0,2.31,0.69,0.0
20201213:0010,0.0,0.0,0.0,1.04,0.9,0.0
20201213:0110,0.0,0.0,0.0,0.7,0.62,0.0
20201213:0210,0.0,0.0,0.0,0.19,0.55,0.0
20201213:0310,0.0,0.0,0.0,-0.35,0.62,0.0
20201213:0410,0.0,0.0,0.0,-0.61,0.55,0.0
20201213:0510,0.0,0.0,0.0,-0.71,0.41,0.0
20201213:0610,0.0,0.0,0.0,-0.88,0.48,0.0
20201213:0710,0.0,0.0,0.0,-0.14,0.14,0.0
20201213:0810,3700.5,127.01,9.05,0.32,0.14,0.0
20201213:0910,9272.0,252.01,15.52,1.94,0.28,0.0
20201213:1010,13351.5,341.01,19.91,4.03,0.28,0.0
20201213:1110,14893.5,376.02,21.81,5.82,0.21,0.0
20201213:1210,14162.0,363.02,20.98,7.4,0.28,0.0
20201213:1310,10824.5,291.01,17.54,8.2,0.34,0.0
20201213:1410,5813.5,182.01,11.84,8.42,0.34,0.0
20201213:1510,529.5,24.0,4.36,7.87,0.83,0.0
20201213:1610,0.0,0.0,0.0,5.91,1.24,0.0
20201213:1710,0.0,0.0,0.0,4.18,1.17,0.0
20201213:1810,0.0,0.0,0.0,4.23,0.76,0.0
20201213:1910,0.0,0.0,0.0,4.24,0.21,0.0
20201213:2010,0.0,0.0,0.0,3.34,0.14,0.0
20201213:2110,0.0,0.0,0.0,2.51,0.21,0.0
20201213:2210,0.0,0.0,0.0,1.95,0.34,0.0
20201213:2310,0.0,0.0,0.0,1.81,0.55,0.0
20201214:0010,0.0,0.0,0.0,1.99,0.62,0.0
20201214:0110,0.0,0.0,0.0,1.8,0.69,0.0
20201214:0210,0.0,0.0,0.0,1.51,0.55,0.0
20201214:0310,0.0,0.0,0.0,1.28,0.41,0.0
20201214:0410,0.0,0.0,0.0,1.36,0.55,0.0
20201214:0510,0.0,0.0,0.0,1.62,0.62,0.0
20201214:0610,0.0,0.0,0.0,1.27,0.83,0.0
20201214:0710,0.0,0.0,0.0,0.89,0.76,0.0
20201214:0810,3328.5,109.01,8.94,1.07,0.83,0.0
20201214:0910,8808.5,240.01,15.42,3.11,0.76,0.0
20201214:1010,12687.5,324.01,19.82,5.11,0.69,0.0
20201214:1110,11441.5,286.01,21.74,6.87,0.55,0.0
20201214:1210,12951.0,330.01,20.94,7.94,0.62,0.0
20201214:1310,10377.0,278.01,17.51,8.62,0.76,0.0
20201214:1410,5243.5,158.01,11.83,8.65,0.55,0.0
20201214:1510,494.5,23.0,4.37,8.0,0.62,0.0
20201214:1610,0.0,0.0,0.0,5.96,1.17,0.0
20201214:1710,0.0,0.0,0.0,4.13,1.52,0.0
20201214:1810,0.0,0.0,0.0,3.15,1.45,0.0
20201214:1910,0.0,0.0,0.0,2.94,1.24,0.0
20201214:2010,0.0,0.0,0.0,2.85,1.24,0.0
20201214:2110,0.0,0.0,0.0,2.94,1.17,0.0
20201214:2210,0.0,0.0,0.0,2.84,1.24,0.0
20201214:2310,0.0,0.0,0.0,2.81,1.31,0.0
20201215:0010,0.0,0.0,0.0,2.78,1.59,0.0
20201215:0110,0.0,0.0,0.0,2.48,1.38,0.0
20201215:0210,0.0,0.0,0.0,1.9,1.52,0.0
20201215:0310,0.0,0.0,0.0,1.61,1.59,0.0
20201215:0410,0.0,0.0,0.0,1.33,1.52,0.0
20201215:0510,0.0,0.0,0.0,1.2,1.52,0.0
20201215:0610,0.0,0.0,0.0,1.39,1.45,0.0
20201215:0710,0.0,0.0,0.0,1.18,1.31,0.0
20201215:0810,2810.0,88.0,8.84,1.77,1.24,0.0
20201215:0910,6507.5,171.0,15.32,3.38,1.03,0.0
20201215:1010,9275.5,233.0,19.74,4.93,0.83,0.0
20201215:1110,8919.0,223.0,21.68,6.11,0.69,0.0
20201215:1210,7636.0,194.0,20.9,7.26,0.69,0.0
20201215:1310,8372.5,219.01,17.5,7.9,0.69,0.0
20201215:1410,2780.0,82.0,11.84,8.13,0.62,0.0
20201215:1510,564.0,25.0,4.39,7.88,0.55,0.0
20201215:1610,0.0,0.0,0.0,7.21,0.62,0.0
20201215:1710,0.0,0.0,0.0,6.63,0.76,0.0
20201215:1810,0.0,0.0,0.0,5.9,0.83,0.0
20201215:1910,0.0,0.0,0.0,4.25,1.17,0.0
20201215:2010,0.0,0.0,0.0,3.65,1.24,0.0
20201215:2110,0.0,0.0,0.0,3.76,1.1,0.0
20201215:2210,0.0,0.0,0.0,3.11,1.38,0.0
20201215:2310,0.0,0.0,0.0,2.95,1.59,0.0
20201216:0010,0.0,0.0,0.0,2.77,1.52,0.0
20201216:0110,0.0,0.0,0.0,2.53,1.72,0.0
20201216:0210,0.0,0.0,0.0,2.25,1.66,0.0
20201216:0310,0.0,0.0,0.0,2.28,1.59,0.0
20201216:0410,0.0,0.0,0.0,2.22,1.59,0.0
20201216:0510,0.0,0.0,0.0,2.58,1.24,0.0
20201216:0610,0.0,0.0,0.0,2.8,1.17,0.0
20201216:0710,0.0,0.0,0.0,2.93,0.76,0.0
20201216:0810,1893.0,60.0,8.74,4.19,0.48,0.0
20201216:0910,3001.5,85.0,15.24,4.52,0.55,0.0
20201216:1010,7101.0,181.0,19.67,5.92,0.55,0.0
20201216:1110,8087.5,204.0,21.62,6.92,0.55,0.0
20201216:1210,6708.5,172.0,20.86,7.25,0.62,0.0
20201216:1310,8421.0,220.01,17.49,7.55,0.48,0.0
20201216:1410,3412.5,98.0,11.84,7.39,0.62,0.0
20201216:1510,637.0,27.0,4.41,7.15,0.76,0.0
20201216:1610,0.0,0.0,0.0,6.62,1.1,0.0
20201216:1710,0.0,0.0,0.0,6.03,1.17,0.0
20201216:1810,0.0,0.0,0.0,5.78,1.17,0.0
20201216:1910,0.0,0.0,0.0,5.31,0.9,0.0
20201216:2010,0.0,0.0,0.0,5.16,1.17,0.0
20201216:2110,0.0,0.0,0.0,5.09,1.31,0.0
20201216:2210,0.0,0.0,0.0,5.12,1.38,0.0
20201216:2310,0.0,0.0,0.0,4.92,1.45,0.0
20201217:0010,0.0,0.0,0.0,4.99,1.38,0.0
20201217:0110,0.0,0.0,0.0,4.88,1.38,0.0
20201217:0210,0.0,0.0,0.0,4.73,1.38,0.0
20201217:0310,0.0,0.0,0.0,4.58,1.38,0.0
20201217:0410,0.0,0.0,0.0,4.57,1.38,0.0
20201217:0510,0.0,0.0,0.0,4.65,1.38,0.0
20201217:0610,0.0,0.0,0.0,4.57,1.38,0.0
20201217:0710,0.0,0.0,0.0,4.43,1.31,0.0
20201217:0810,3078.5,103.0,8.65,4.52,1.31,0.0
20201217:0910,8658.5,240.01,15.16,5.47,1.31,0.0
20201217:1010,12545.0,322.01,19.61,6.62,1.45,0.0
20201217:1110,13965.5,353.01,21.58,8.05,1.24,0.0
20201217:1210,13573.0,349.01,20.84,9.08,0.9,0.0
20201217:1310,10434.5,282.01,17.48,9.66,0.55,0.0
20201217:1410,5819.0,188.01,11.86,9.79,0.41,0.0
20201217:1510,423.5,21.0,4.44,9.42,0.62,0.0
20201217:1610,0.0,0.0,0.0,7.87,0.9,0.0
20201217:1710,0.0,0.0,0.0,6.36,1.1,0.0
20201217:1810,0.0,0.0,0.0,5.03,1.24,0.0
20201217:1910,0.0,0.0,0.0,4.65,1.17,0.0
20201217:2010,0.0,0.0,0.0,4.84,1.1,0.0
20201217:2110,0.0,0.0,0.0,4.28,1.17,0.0
20201217:2210,0.0,0.0,0.0,4.68,0.9,0.0
20201217:2310,0.0,0.0,0.0,4.18,0.76,0.0
20201218:0010,0.0,0.0,0.0,3.32,0.62,0.0
20201218:0110,0.0,0.0,0.0,2.28,0.48,0.0
20201218:0210,0.0,0.0,0.0,1.69,0.21,0.0
20201218:0310,0.0,0.0,0.0,1.58,0.07,0.0
20201218:0410,0.0,0.0,0.0,1.38,0.07,0.0
20201218:0510,0.0,0.0,0.0,1.27,0.07,0.0
20201218:0610,0.0,0.0,0.0,1.04,0.07,0.0
20201218:0710,0.0,0.0,0.0,2.79,0.28,0.0
20201218:0810,2650.5,84.0,8.56,3.0,0.48,0.0
20201218:0910,6246.0,165.0,15.08,3.78,0.55,0.0
20201218:1010,8487.5,214.0,19.55,5.11,0.62,0.0
20201218:1110,9510.5,238.0,21.54,6.75,0.69,0.0
20201218:1210,11598.0,294.01,20.82,8.05,0.62,0.0
20201218:1310,10320.0,277.01,17.49,8.84,0.55,0.0
20201218:1410,5691.0,178.01,11.88,9.11,0.48,0.0
20201218:1510,596.0,26.0,4.48,8.84,0.55,0.0
20201218:1610,0.0,0.0,0.0,8.2,0.48,0.0
20201218:1710,0.0,0.0,0.0,7.94,0.48,0.0
20201218:1810,0.0,0.0,0.0,6.98,0.76,0.0
20201218:1910,0.0,0.0,0.0,4.59,1.1,0.0
20201218:2010,0.0,0.0,0.0,4.07,1.38,0.0
20201218:2110,0.0,0.0,0.0,4.07,1.31,0.0
20201218:2210,0.0,0.0,0.0,4.2,1.03,0.0
20201218:2310,0.0,0.0,0.0,4.89,0.76,0.0
20201219:0010,0.0,0.0,0.0,4.42,0.9,0.0
20201219:0110,0.0,0.0,0.0,3.95,1.03,0.0
20201219:0210,0.0,0.0,0.0,4.03,0.97,0.0
20201219:0310,0.0,0.0,0.0,4.01,1.03,0.0
20201219:0410,0.0,0.0,0.0,4.07,1.1,0.0
20201219:0510,0.0,0.0,0.0,4.27,1.03,0.0
20201219:0610,0.0,0.0,0.0,4.43,0.97,0.0
20201219:0710,0.0,0.0,0.0,4.6,0.97,0.0
20201219:0810,2622.0,85.0,8.49,4.88,0.9,0.0
20201219:0910,5308.5,142.0,15.02,5.72,0.62,0.0
20201219:1010,2637.5,77.0,19.5,6.62,0.48,0.0
20201219:1110,4940.5,131.0,21.51,7.49,0.41,0.0
20201219:1210,2413.0,72.0,20.81,7.72,0.41,0.0
20201219:1310,3342.0,94.0,17.5,7.86,0.48,0.0
20201219:1410,2030.0,63.0,11.91,7.78,0.55,0.0
20201219:1510,672.0,28.0,4.52,7.43,0.83,0.0
20201219:1610,0.0,0.0,0.0,6.93,1.03,0.0
20201219:1710,0.0,0.0,0.0,6.51,1.03,0.0
20201219:1810,0.0,0.0,0.0,6.19,0.97,0.0
20201219:1910,0.0,0.0,0.0,6.16,0.69,0.0
20201219:2010,0.0,0.0,0.0,5.99,0.9,0.0
20201219:2110,0.0,0.0,0.0,5.98,0.97,0.0
20201219:2210,0.0,0.0,0.0,5.92,0.97,0.0
20201219:2310,0.0,0.0,0.0,5.9,1.1,0.0
20201220:0010,0.0,0.0,0.0,5.98,1.03,0.0
20201220:0110,0.0,0.0,0.0,5.9,1.03,0.0
20201220:0210,0.0,0.0,0.0,5.99,0.9,0.0
20201220:0310,0.0,0.0,0.0,6.09,0.76,0.0
20201220:0410,0.0,0.0,0.0,6.11,0.76,0.0
20201220:0510,0.0,0.0,0.0,6.09,0.76,0.0
20201220:0610,0.0,0.0,0.0,6.0,0.9,0.0
20201220:0710,0.0,0.0,0.0,6.28,0.21,0.0
20201220:0810,898.5,34.0,8.41,6.16,0.48,0.0
20201220:0910,1930.0,60.0,14.96,6.37,0.62,0.0
20201220:1010,2759.0,80.0,19.46,7.08,0.69,0.0
20201220:1110,2211.5,67.0,21.48,7.21,0.62,0.0
20201220:1210,3181.0,90.0,20.81,7.32,0.69,0.0
20201220:1310,1316.5,45.0,17.51,7.4,0.83,0.0
20201220:1410,2401.0,72.0,11.94,7.3,0.9,0.0
20201220:1510,429.0,21.0,4.57,7.27,0.9,0.0
20201220:1610,0.0,0.0,0.0,7.07,0.97,0.0
20201220:1710,0.0,0.0,0.0,6.87,1.1,0.0
20201220:1810,0.0,0.0,0.0,6.72,1.03,0.0
20201220:1910,0.0,0.0,0.0,6.37,0.55,0.0
20201220:2010,0.0,0.0,0.0,6.14,0.62,0.0
20201220:2110,0.0,0.0,0.0,5.72,0.97,0.0
20201220:2210,0.0,0.0,0.0,5.49,1.03,0.0
20201220:2310,0.0,0.0,0.0,5.25,1.24,0.0
20201221:0010,0.0,0.0,0.0,4.89,0.97,0.0
20201221:0110,0.0,0.0,0.0,4.44,1.03,0.0
20201221:0210,0.0,0.0,0.0,4.1,1.17,0.0
20201221:0310,0.0,0.0,0.0,4.29,0.83,0.0
20201221:0410,0.0,0.0,0.0,4.75,0.41,0.0
20201221:0510,0.0,0.0,0.0,4.36,0.69,0.0
20201221:0610,0.0,0.0,0.0,4.22,0.76,0.0
20201221:0710,0.0,0.0,0.0,4.99,0.62,0.0
20201221:0810,1356.5,46.0,8.35,5.14,0.34,0.0
20201221:0910,5345.0,143.0,14.9,5.42,0.69,0.0
20201221:1010,2556.5,75.0,19.42,6.34,0.55,0.0
20201221:1110,5984.5,155.0,21.47,7.18,0.48,0.0
20201221:1210,5796.0,151.0,20.82,7.71,0.62,0.0
20201221:1310,7367.0,192.0,17.54,7.85,0.62,0.0
20201221:1410,4041.0,116.0,11.99,7.94,0.55,0.0
20201221:1510,635.0,27.0,4.63,7.73,0.69,0.0
20201221:1610,0.0,0.0,0.0,7.27,0.9,0.0
20201221:1710,0.0,0.0,0.0,6.8,0.97,0.0
20201221:1810,0.0,0.0,0.0,6.48,0.83,0.0
20201221:1910,0.0,0.0,0.0,6.18,0.76,0.0
20201221:2010,0.0,0.0,0.0,6.13,1.1,0.0
20201221:2110,0.0,0.0,0.0,6.0,0.97,0.0
20201221:2210,0.0,0.0,0.0,5.73,0.76,0.0
20201221:2310,0.0,0.0,0.0,5.56,0.62,0.0
20201222:0010,0.0,0.0,0.0,5.42,0.62,0.0
20201222:0110,0.0,0.0,0.0,4.99,0.69,0.0
20201222:0210,0.0,0.0,0.0,5.05,0.83,0.0
20201222:0310,0.0,0.0,0.0,5.02,0.83,0.0
20201222:0410,0.0,0.0,0.0,4.93,0.76,0.0
20201222:0510,0.0,0.0,0.0,4.81,0.55,0.0
20201222:0610,0.0,0.0,0.0,4.7,0.62,0.0
20201222:0710,0.0,0.0,0.0,4.94,0.69,0.0
20201222:0810,1962.0,63.0,8.29,4.99,0.76,0.0
20201222:0910,3938.5,108.0,14.86,5.98,0.48,0.0
20201222:1010,2628.0,77.0,19.39,7.32,0.48,0.0
20201222:1110,7521.5,192.0,21.46,8.42,0.55,0.0
20201222:1210,4254.0,116.0,20.83,9.41,0.55,0.0
20201222:1310,4064.0,112.0,17.57,10.15,0.76,0.0
20201222:1410,4298.5,125.0,12.04,10.66,0.76,0.0
20201222:1510,661.0,28.0,4.69,10.43,0.83,0.0
20201222:1610,0.0,0.0,0.0,9.13,1.45,0.0
20201222:1710,0.0,0.0,0.0,8.0,1.38,0.0
20201222:1810,0.0,0.0,0.0,7.07,0.97,0.0
20201222:1910,0.0,0.0,0.0,7.32,0.83,0.0
20201222:2010,0.0,0.0,0.0,7.09,0.83,0.0
20201222:2110,0.0,0.0,0.0,7.06,0.62,0.0
20201222:2210,0.0,0.0,0.0,6.61,0.48,0.0
20201222:2310,0.0,0.0,0.0,5.98,0.48,0.0
20201223:0010,0.0,0.0,0.0,5.8,0.69,0.0
20201223:0110,0.0,0.0,0.0,5.61,0.9,0.0
20201223:0210,0.0,0.0,0.0,5.6,1.1,0.0
20201223:0310,0.0,0.0,0.0,5.52,1.1,0.0
20201223:0410,0.0,0.0,0.0,5.73,1.03,0.0
20201223:0510,0.0,0.0,0.0,5.77,0.97,0.0
20201223:0610,0.0,0.0,0.0,5.99,0.83,0.0
20201223:0710,0.0,0.0,0.0,5.58,0.83,0.0
20201223:0810,826.5,32.0,8.23,5.52,0.69,0.0
20201223:0910,2597.5,76.0,14.82,6.57,0.9,0.0
20201223:1010,4298.0,116.0,19.37,7.51,1.03,0.0
20201223:1110,9295.5,234.0,21.46,8.24,1.17,0.0
20201223:1210,2361.0,71.0,20.85,8.86,1.24,0.0
20201223:1310,958.5,36.0,17.61,9.37,1.45,0.0
20201223:1410,1111.0,40.0,12.09,9.31,1.66,0.0
20201223:1510,359.5,19.0,4.76,8.99,1.66,0.0
20201223:1610,0.0,0.0,0.0,8.44,1.59,0.0
20201223:1710,0.0,0.0,0.0,7.99,1.52,0.0
20201223:1810,0.0,0.0,0.0,7.87,1.38,0.0
20201223:1910,0.0,0.0,0.0,7.41,1.45,0.0
20201223:2010,0.0,0.0,0.0,7.26,1.17,0.0
20201223:2110,0.0,0.0,0.0,7.23,1.1,0.0
20201223:2210,0.0,0.0,0.0,7.13,1.1,0.0
20201223:2310,0.0,0.0,0.0,7.09,0.9,0.0
20201224:0010,0.0,0.0,0.0,7.02,0.83,0.0
20201224:0110,0.0,0.0,0.0,7.03,0.69,0.0
20201224:0210,0.0,0.0,0.0,6.97,0.69,0.0
20201224:0310,0.0,0.0,0.0,6.83,0.62,0.0
20201224:0410,0.0,0.0,0.0,6.83,0.62,0.0
20201224:0510,0.0,0.0,0.0,6.84,0.62,0.0
20201224:0610,0.0,0.0,0.0,6.68,0.55,0.0
20201224:0710,0.0,0.0,0.0,5.52,1.03,0.0
20201224:0810,1498.0,50.0,8.19,5.77,0.9,0.0
20201224:0910,2262.0,68.0,14.79,6.41,0.62,0.0
20201224:1010,8311.5,212.0,19.36,7.27,0.62,0.0
20201224:1110,3212.5,91.0,21.47,8.12,0.83,0.0
20201224:1210,9965.5,252.01,20.88,8.76,1.1,0.0
20201224:1310,2150.0,66.0,17.66,9.17,1.03,0.0
20201224:1410,1619.5,53.0,12.15,9.42,1.17,0.0
20201224:1510,701.5,29.0,4.83,9.22,1.31,0.0
20201224:1610,0.0,0.0,0.0,8.51,1.24,0.0
20201224:1710,0.0,0.0,0.0,7.69,1.24,0.0
20201224:1810,0.0,0.0,0.0,6.71,0.9,0.0
20201224:1910,0.0,0.0,0.0,6.98,0.41,0.0
20201224:2010,0.0,0.0,0.0,6.41,0.14,0.0
20201224:2110,0.0,0.0,0.0,5.78,0.21,0.0
20201224:2210,0.0,0.0,0.0,5.37,0.34,0.0
20201224:2310,0.0,0.0,0.0,4.99,0.41,0.0
20201225:0010,0.0,0.0,0.0,4.8,0.41,0.0
20201225:0110,0.0,0.0,0.0,4.48,0.62,0.0
20201225:0210,0.0,0.0,0.0,3.53,0.83,0.0
20201225:0310,0.0,0.0,0.0,3.13,0.9,0.0
20201225:0410,0.0,0.0,0.0,3.29,0.69,0.0
20201225:0510,0.0,0.0,0.0,3.36,0.69,0.0
20201225:0610,0.0,0.0,0.0,3.44,0.62,0.0
20201225:0710,0.0,0.0,0.0,3.51,0.69,0.0
20201225:0810,100.5,10.0,8.15,3.58,1.03,0.0
20201225:0910,5185.5,138.0,14.76,4.58,1.31,0.0
20201225:1010,900.5,34.0,19.35,5.85,1.38,0.0
20201225:1110,1438.0,48.0,21.48,7.09,1.31,0.0
20201225:1210,4545.0,122.0,20.92,8.06,0.83,0.0
20201225:1310,2822.5,82.0,17.72,8.82,1.24,0.0
20201225:1410,2479.5,74.0,12.22,8.21,2.41,0.0
20201225:1510,747.5,30.0,4.91,6.95,2.9,0.0
20201225:1610,0.0,0.0,0.0,5.27,2.48,0.0
20201225:1710,0.0,0.0,0.0,4.54,1.86,0.0
20201225:1810,0.0,0.0,0.0,4.18,0.97,0.0
20201225:1910,0.0,0.0,0.0,3.84,0.76,0.0
20201225:2010,0.0,0.0,0.0,3.79,0.76,0.0
20201225:2110,0.0,0.0,0.0,3.71,0.69,0.0
20201225:2210,0.0,0.0,0.0,3.66,0.55,0.0
20201225:2310,0.0,0.0,0.0,3.45,0.55,0.0
20201226:0010,0.0,0.0,0.0,2.88,0.9,0.0
20201226:0110,0.0,0.0,0.0,2.73,1.17,0.0
20201226:0210,0.0,0.0,0.0,2.64,1.31,0.0
20201226:0310,0.0,0.0,0.0,2.48,1.38,0.0
20201226:0410,0.0,0.0,0.0,1.59,1.45,0.0
20201226:0510,0.0,0.0,0.0,0.86,1.1,0.0
20201226:0610,0.0,0.0,0.0,1.26,0.76,0.0
20201226:0710,0.0,0.0,0.0,1.26,0.76,0.0
20201226:0810,3232.0,121.01,8.11,1.65,0.62,0.0
20201226:0910,8917.5,249.01,14.74,3.56,0.41,0.0
20201226:1010,13257.0,343.02,19.35,5.74,0.55,0.0
20201226:1110,15198.0,385.02,21.51,7.08,0.83,0.0
20201226:1210,14435.5,368.02,20.96,7.72,0.9,0.0
20201226:1310,11593.5,309.01,17.78,8.05,1.03,0.0
20201226:1410,6499.0,199.01,12.3,7.97,1.03,0.0
20201226:1510,363.0,19.0,5.0,7.28,1.03,0.0
20201226:1610,0.0,0.0,0.0,5.15,1.17,0.0
20201226:1710,0.0,0.0,0.0,4.57,0.97,0.0
20201226:1810,0.0,0.0,0.0,4.35,0.83,0.0
20201226:1910,0.0,0.0,0.0,4.93,1.1,0.0
20201226:2010,0.0,0.0,0.0,3.87,0.97,0.0
20201226:2110,0.0,0.0,0.0,2.83,0.69,0.0
20201226:2210,0.0,0.0,0.0,2.0,0.55,0.0
20201226:2310,0.0,0.0,0.0,1.41,0.28,0.0
20201227:0010,0.0,0.0,0.0,0.67,0.0,0.0
20201227:0110,0.0,0.0,0.0,-0.21,0.07,0.0
20201227:0210,0.0,0.0,0.0,-0.57,0.28,0.0
20201227:0310,0.0,0.0,0.0,-0.65,0.48,0.0
20201227:0410,0.0,0.0,0.0,-0.82,0.62,0.0
20201227:0510,0.0,0.0,0.0,-1.17,0.9,0.0
20201227:0610,0.0,0.0,0.0,-1.71,0.97,0.0
20201227:0710,0.0,0.0,0.0,-3.4,1.31,0.0
20201227:0810,2705.0,85.0,8.09,-3.0,1.24,0.0
20201227:0910,6105.5,158.0,14.73,-0.7,1.03,0.0
20201227:1010,8230.5,203.0,19.36,0.76,1.31,0.0
20201227:1110,6784.0,169.0,21.54,1.61,1.24,0.0
20201227:1210,9731.0,238.0,21.01,2.12,1.31,0.0
20201227:1310,7574.5,191.0,17.85,2.3,0.97,0.0
20201227:1410,5000.5,138.0,12.38,2.12,1.1,0.0
20201227:1510,959.0,35.0,5.09,1.61,0.83,0.0
20201227:1610,0.0,0.0,0.0,0.73,0.9,0.0
20201227:1710,0.0,0.0,0.0,-0.24,0.83,0.0
20201227:1810,0.0,0.0,0.0,-0.62,1.03,0.0
20201227:1910,0.0,0.0,0.0,-0.83,1.72,0.0
20201227:2010,0.0,0.0,0.0,-0.61,1.31,0.0
20201227:2110,0.0,0.0,0.0,-0.66,1.17,0.0
20201227:2210,0.0,0.0,0.0,-0.77,1.24,0.0
20201227:2310,0.0,0.0,0.0,-0.77,1.1,0.0
20201228:0010,0.0,0.0,0.0,-0.78,1.1,0.0
20201228:0110,0.0,0.0,0.0,-0.92,1.17,0.0
20201228:0210,0.0,0.0,0.0,-0.87,1.72,0.0
20201228:0310,0.0,0.0,0.0,-0.85,2.07,0.0
20201228:0410,0.0,0.0,0.0,-0.76,2.41,0.0
20201228:0510,0.0,0.0,0.0,-0.98,2.21,0.0
20201228:0610,0.0,0.0,0.0,-1.03,1.93,0.0
20201228:0710,0.0,0.0,0.0,-1.42,1.93,0.0
20201228:0810,1214.5,41.0,8.07,-1.38,2.21,0.0
20201228:0910,4174.5,110.0,14.73,-0.87,2.41,0.0
20201228:1010,5984.0,150.0,19.38,-0.11,2.28,0.0
20201228:1110,8465.5,206.0,21.58,0.57,1.86,0.0
20201228:1210,8806.5,215.0,21.07,1.03,1.31,0.0
20201228:1310,7946.0,199.0,17.93,1.12,1.03,0.0
20201228:1410,5908.0,166.01,12.47,1.12,1.31,0.0
20201228:1510,738.5,29.0,5.19,-0.35,1.24,0.0
20201228:1610,0.0,0.0,0.0,-2.49,1.24,0.0
20201228:1710,0.0,0.0,0.0,-3.32,1.24,0.0
20201228:1810,0.0,0.0,0.0,-3.24,1.03,0.0
20201228:1910,0.0,0.0,0.0,-3.44,0.34,0.0
20201228:2010,0.0,0.0,0.0,-4.16,0.21,0.0
20201228:2110,0.0,0.0,0.0,-4.43,0.83,0.0
20201228:2210,0.0,0.0,0.0,-4.03,0.41,0.0
20201228:2310,0.0,0.0,0.0,-4.02,0.14,0.0
20201229:0010,0.0,0.0,0.0,-5.14,0.14,0.0
20201229:0110,0.0,0.0,0.0,-5.74,0.41,0.0
20201229:0210,0.0,0.0,0.0,-6.21,0.21,0.0
20201229:0310,0.0,0.0,0.0,-6.82,0.07,0.0
20201229:0410,0.0,0.0,0.0,-7.76,0.14,0.0
20201229:0510,0.0,0.0,0.0,-7.39,0.28,0.0
20201229:0610,0.0,0.0,0.0,-7.0,0.28,0.0
20201229:0710,0.0,0.0,0.0,-5.41,0.34,0.0
20201229:0810,2303.5,71.0,8.05,-4.86,0.07,0.0
20201229:0910,8462.0,223.01,14.73,-4.56,0.83,0.0
20201229:1010,4362.0,113.0,19.4,-2.04,1.03,0.0
20201229:1110,3125.0,86.0,21.62,-0.2,1.17,0.0
20201229:1210,8025.0,197.0,21.14,0.9,1.1,0.0
20201229:1310,9904.5,250.01,18.01,1.36,0.69,0.0
20201229:1410,5197.5,143.0,12.57,1.78,0.62,0.0
20201229:1510,959.5,35.0,5.29,1.51,0.62,0.0
20201229:1610,0.0,0.0,0.0,-0.68,1.03,0.0
20201229:1710,0.0,0.0,0.0,-1.68,1.59,0.0
20201229:1810,0.0,0.0,0.0,-2.23,1.45,0.0
20201229:1910,0.0,0.0,0.0,-1.99,0.83,0.0
20201229:2010,0.0,0.0,0.0,-1.85,1.1,0.0
20201229:2110,0.0,0.0,0.0,-1.37,0.69,0.0
20201229:2210,0.0,0.0,0.0,-1.64,0.83,0.0
20201229:2310,0.0,0.0,0.0,-2.25,1.17,0.0
20201230:0010,0.0,0.0,0.0,-3.14,1.31,0.0
20201230:0110,0.0,0.0,0.0,-2.59,1.31,0.0
20201230:0210,0.0,0.0,0.0,-1.79,1.17,0.0
20201230:0310,0.0,0.0,0.0,-1.79,1.1,0.0
20201230:0410,0.0,0.0,0.0,-2.43,1.31,0.0
20201230:0510,0.0,0.0,0.0,-1.4,1.1,0.0
20201230:0610,0.0,0.0,0.0,-1.57,1.17,0.0
20201230:0710,0.0,0.0,0.0,-0.9,1.1,0.0
20201230:0810,485.0,22.0,8.05,-1.17,1.24,0.0
20201230:0910,1741.5,54.0,14.74,-0.18,1.1,0.0
20201230:1010,3538.0,96.0,19.44,1.56,1.1,0.0
20201230:1110,10128.5,247.0,21.68,2.19,1.03,0.0
20201230:1210,6240.0,158.0,21.21,3.12,0.76,0.0
20201230:1310,7526.5,192.0,18.1,4.79,0.34,0.0
20201230:1410,6578.5,195.01,12.67,5.02,0.41,0.0
20201230:1510,504.5,23.0,5.4,4.39,0.69,0.0
20201230:1610,0.0,0.0,0.0,3.63,0.83,0.0
20201230:1710,0.0,0.0,0.0,2.81,0.9,0.0
20201230:1810,0.0,0.0,0.0,2.24,0.83,0.0
20201230:1910,0.0,0.0,0.0,0.48,1.24,0.0
20201230:2010,0.0,0.0,0.0,0.13,1.03,0.0
20201230:2110,0.0,0.0,0.0,-0.89,0.83,0.0
20201230:2210,0.0,0.0,0.0,-1.19,0.69,0.0
20201230:2310,0.0,0.0,0.0,-1.4,0.69,0.0
20201231:0010,0.0,0.0,0.0,-1.29,0.55,0.0
20201231:0110,0.0,0.0,0.0,-1.46,0.28,0.0
20201231:0210,0.0,0.0,0.0,-2.07,0.14,0.0
20201231:0310,0.0,0.0,0.0,-2.42,0.21,0.0
20201231:0410,0.0,0.0,0.0,-2.49,0.14,0.0
20201231:0510,0.0,0.0,0.0,-2.54,0.14,0.0
20201231:0610,0.0,0.0,0.0,-2.8,0.28,0.0
20201231:0710,0.0,0.0,0.0,-2.5,0.69,0.0
20201231:0810,3000.0,104.01,8.05,-2.39,1.1,0.0
20201231:0910,8359.5,223.01,14.76,-1.99,1.03,0.0
20201231:1010,13788.0,345.02,19.48,-1.88,0.62,0.0
20201231:1110,12704.0,306.01,21.74,-0.74,0.83,0.0
20201231:1210,13284.0,323.01,21.29,-0.01,0.9,0.0
20201231:1310,7192.0,180.0,18.2,0.76,0.9,0.0
20201231:1410,5538.5,152.0,12.78,1.17,0.76,0.0
20201231:1510,1039.5,37.0,5.52,1.06,0.55,0.0
20201231:1610,0.0,0.0,0.0,0.59,0.55,0.0
20201231:1710,0.0,0.0,0.0,-0.39,0.9,0.0
20201231:1810,0.0,0.0,0.0,-0.63,1.1,0.0
20201231:1910,0.0,0.0,0.0,1.93,0.21,0.0
20201231:2010,0.0,0.0,0.0,1.88,0.55,0.0
20201231:2110,0.0,0.0,0.0,0.94,0.97,0.0
20201231:2210,0.0,0.0,0.0,0.92,0.83,0.0
20201231:2310,0.0,0.0,0.0,0.61,0.97,0.0

P: PV system power (W)
G(i): Global irradiance on the inclined plane (plane of the array) (W/m2)
H_sun: Sun height (degree)
T2m: 2-m air temperature (degree Celsius)
WS10m: 10-m total wind speed (m/s)
Int: 1 means solar radiation values are reconstructed



PVGIS (c) European Union, 2001-2026